#idx     perf      run   period           start             end          rel_st      slack c_duration   c_period     wu_lat
   0       14     1955     1957     16091455366     16091457322           31514     -23278       2000      10000          0
   0       14     1955     9960     16091457371     16091467331           33519       7996       2000      10000          8
   0       14     1955     9960     16091467369     16091477329           43517       7998       2000      10000          7
   0       14     1955     9963     16091477366     16091487329           53514       8001       2000      10000          6
   0       14     1955     9965     16091487365     16091497329           63512       8002       2000      10000          7
   0       14     1955     9964     16091497365     16091507329           73513       8002       2000      10000          6
   0       14     1955     9965     16091507364     16091517329           83512       8002       2000      10000          7
   0       14     1955     9964     16091517365     16091527329           93513       8002       2000      10000          7
   0       14     1955     9964     16091527365     16091537329          103513       8002       2000      10000          7
   0       14     1955     9964     16091537365     16091547329          113513       8002       2000      10000          6
   0       14     1955     9964     16091547365     16091557329          123513       8002       2000      10000          7
   0       14     1955     9965     16091557364     16091567329          133512       8003       2000      10000          7
   0       14     1955     9965     16091567364     16091577329          143512       8003       2000      10000          7
   0       14     1955     9963     16091577366     16091587329          153514       8001       2000      10000          7
   0       14     1955     9964     16091587365     16091597329          163513       8001       2000      10000          7
   0       14     1955     9964     16091597365     16091607329          173513       8002       2000      10000          6
   0       14     1955     9965     16091607364     16091617329          183512       8003       2000      10000          6
   0       14     1955     9965     16091617365     16091627329          193513       8002       2000      10000          7
   0       14     1955     9966     16091627363     16091637329          203511       8003       2000      10000          7
   0       14     1955     9964     16091637365     16091647329          213513       8002       2000      10000          7
   0       14     1955     9964     16091647365     16091657329          223513       8002       2000      10000          6
   0       14     1955     9965     16091657364     16091667329          233512       8002       2000      10000          6
   0       14     1955     9965     16091667364     16091677329          243512       8003       2000      10000          6
   0       14     1955     9965     16091677364     16091687329          253512       8003       2000      10000          7
   0       14     1931     9969     16091687365     16091697334          263513       8026       2000      10000         11
   0       14     1472     9957     16091697376     16091707333          273524       8474       2000      10000         11
   0       14     1345     9964     16091707372     16091717336          283520       8604       2000      10000         13
   0       14     1525     9948     16091717385     16091727332          293532       8412       2000      10000         10
   0       14     1955     9952     16091727377     16091737329          303525       7990       2000      10000          7
   0       14     1955     9962     16091737366     16091747329          313514       8000       2000      10000          6
   0       14     1955     9963     16091747365     16091757329          323513       8001       2000      10000          6
   0       14     1955     9964     16091757365     16091767329          333513       8002       2000      10000          7
   0       14     1955     9964     16091767365     16091777329          343513       8002       2000      10000          7
   0       14     1956     9924     16091777405     16091787329          353553       7961       2000      10000          7
   0       14     1955     9963     16091787366     16091797329          363514       8001       2000      10000          7
   0       14     1955     9965     16091797364     16091807329          373512       8002       2000      10000          7
   0       14     1955     9965     16091807364     16091817329          383512       8002       2000      10000          7
   0       14     1955     9964     16091817365     16091827329          393513       8002       2000      10000          7
   0       14     1955     9965     16091827364     16091837329          403512       8003       2000      10000          7
   0       14     1955     9965     16091837364     16091847329          413512       8002       2000      10000          7
   0       14     1955     9965     16091847364     16091857329          423512       8003       2000      10000          7
   0       14     1955     9965     16091857364     16091867329          433512       8003       2000      10000          7
   0       14     1955     9965     16091867364     16091877329          443512       8003       2000      10000          6
   0       14     1955     9965     16091877364     16091887329          453512       8003       2000      10000          7
   0       14     1955     9965     16091887364     16091897329          463512       8003       2000      10000          7
   0       14     1955     9966     16091897363     16091907329          473511       8003       2000      10000          7
   0       14     1955     9964     16091907365     16091917329          483513       8002       2000      10000          6
   0       14     1955     9966     16091917363     16091927329          493511       8003       2000      10000          7
   0       14     1955     9965     16091927364     16091937329          503512       8003       2000      10000          6
   0       14     1955     9965     16091937364     16091947329          513512       8003       2000      10000          7
   0       14     1955     9965     16091947364     16091957329          523512       8003       2000      10000          6
   0       14     1955     9965     16091957364     16091967329          533512       8003       2000      10000          7
   0       14     1955     9962     16091967367     16091977329          543515       8000       2000      10000          6
   0       14     1398     9967     16091977365     16091987332          553513       8559       2000      10000         10
   0       14     1370     9969     16091987367     16091997337          563515       8584       2000      10000         14
   0       14     1298     9952     16091997381     16092007333          573529       8643       2000      10000         10
   0       14     1957     9953     16092007377     16092017330          583525       7987       2000      10000          8
   0       14     1955     9959     16092017370     16092027329          593518       7996       2000      10000          7
   0       14     1955     9963     16092027366     16092037329          603514       8001       2000      10000          6
   0       14     1955     9964     16092037365     16092047329          613513       8002       2000      10000          7
   0       14     1955     9964     16092047365     16092057329          623513       8002       2000      10000          7
   0       14     1955     9965     16092057364     16092067329          633512       8002       2000      10000          7
   0       14     1955     9965     16092067364     16092077329          643512       8003       2000      10000          7
   0       14     1955     9965     16092077364     16092087329          653512       8003       2000      10000          7
   0       14     1955     9965     16092087364     16092097329          663512       8003       2000      10000          7
   0       14     1955     9964     16092097365     16092107329          673513       8002       2000      10000          6
   0       14     1955     9940     16092107390     16092117329          683537       7977       2000      10000          7
   0       14     1955     9962     16092117367     16092127329          693515       8000       2000      10000          6
   0       14     1955     9965     16092127364     16092137329          703512       8002       2000      10000          6
   0       14     1955     9963     16092137366     16092147329          713514       8001       2000      10000          7
   0       14     1955     9964     16092147365     16092157329          723513       8002       2000      10000          7
   0       14     1955     9965     16092157364     16092167329          733512       8003       2000      10000          6
   0       14     1955     9965     16092167364     16092177329          743512       8002       2000      10000          7
   0       14     1955     9964     16092177365     16092187329          753513       8002       2000      10000          7
   0       14     1955     9965     16092187364     16092197329          763512       8003       2000      10000          7
   0       14     1955     9965     16092197365     16092207329          773513       8002       2000      10000          7
   0       14     1955     9965     16092207364     16092217329          783512       8002       2000      10000          7
   0       14     1955     9965     16092217364     16092227329          793512       8002       2000      10000          7
   0       14     1955     9965     16092227364     16092237329          803512       8003       2000      10000          7
   0       14     1955     9965     16092237364     16092247329          813512       8003       2000      10000          7
   0       14     1955     9966     16092247363     16092257329          823511       8003       2000      10000          7
   0       14     1955     9968     16092257365     16092267333          833513       8002       2000      10000         10
   0       14     1344     9964     16092267368     16092277332          843516       8609       2000      10000          9
   0       14     1359     9967     16092277366     16092287333          853514       8597       2000      10000         10
   0       14     1955     9953     16092287377     16092297330          863525       7990       2000      10000          7
   0       14     1955     9962     16092297367     16092307329          873515       7999       2000      10000          7
   0       14     1955     9964     16092307365     16092317329          883513       8002       2000      10000          7
   0       14     1955     9965     16092317364     16092327329          893512       8002       2000      10000          7
   0       14     1955     9965     16092327365     16092337329          903513       8002       2000      10000          7
   0       14     1955     9964     16092337365     16092347329          913513       8002       2000      10000          7
   0       14     1955     9965     16092347364     16092357329          923512       8003       2000      10000          7
   0       14     1955     9964     16092357365     16092367329          933513       8002       2000      10000          7
   0       14     1955     9965     16092367364     16092377329          943512       8003       2000      10000          7
   0       14     1955     9964     16092377365     16092387329          953513       8002       2000      10000          7
   0       14     1955     9964     16092387365     16092397329          963513       8001       2000      10000          6
   0       14     1955     9965     16092397365     16092407329          973513       8002       2000      10000          7
   0       14     1955     9965     16092407364     16092417329          983512       8003       2000      10000          7
   0       14     1955     9965     16092417364     16092427329          993512       8002       2000      10000          7
   0       14     1955     9965     16092427364     16092437329         1003512       8003       2000      10000          7
   0       14     1956     9943     16092437386     16092447329         1013534       7980       2000      10000          7
   0       14     1955     9963     16092447366     16092457329         1023514       8001       2000      10000          7
   0       14     1955     9965     16092457364     16092467329         1033512       8002       2000      10000          7
   0       14     1955     9964     16092467365     16092477329         1043513       8002       2000      10000          7
   0       14     1955     9965     16092477364     16092487329         1053512       8003       2000      10000          7
   0       14     1955     9965     16092487364     16092497329         1063512       8003       2000      10000          6
   0       14     1955     9964     16092497366     16092507329         1073514       8001       2000      10000          7
   0       14     1955     9964     16092507365     16092517329         1083513       8002       2000      10000          6
   0       14     1955     9965     16092517364     16092527329         1093512       8002       2000      10000          7
   0       14     1955     9966     16092527363     16092537329         1103511       8004       2000      10000          7
   0       14     1955     9968     16092537364     16092547332         1113512       8003       2000      10000         10
   0       14     1342     9963     16092547368     16092557331         1123516       8612       2000      10000          9
   0       14     1345     9972     16092557363     16092567336         1133511       8614       2000      10000         13
   0       14     1404     9954     16092567378     16092577332         1143526       8540       2000      10000          9
   0       14     1955     9952     16092577377     16092587329         1153525       7990       2000      10000          7
   0       14     1955     9963     16092587366     16092597329         1163514       8001       2000      10000          7
   0       14     1955     9964     16092597365     16092607329         1173513       8002       2000      10000          6
   0       14     1955     9965     16092607364     16092617329         1183512       8003       2000      10000          6
   0       14     1955     9966     16092617364     16092627329         1193512       8003       2000      10000          7
   0       14     1955     9965     16092627364     16092637329         1203512       8003       2000      10000          6
   0       14     1955     9963     16092637366     16092647329         1213514       8001       2000      10000          7
   0       14     1955     9965     16092647364     16092657329         1223512       8003       2000      10000          7
   0       14     1955     9964     16092657365     16092667329         1233513       8002       2000      10000          6
   0       14     1955     9965     16092667364     16092677329         1243512       8003       2000      10000          7
   0       14     1955     9966     16092677363     16092687329         1253511       8003       2000      10000          7
   0       14     1955     9965     16092687364     16092697329         1263512       8003       2000      10000          6
   0       14     1955     9965     16092697364     16092707329         1273512       8002       2000      10000          7
   0       14     1955     9964     16092707365     16092717329         1283513       8002       2000      10000          7
   0       14     1955     9965     16092717364     16092727329         1293512       8003       2000      10000          7
   0       14     1955     9964     16092727365     16092737329         1303513       8002       2000      10000          7
   0       14     1955     9966     16092737363     16092747329         1313511       8003       2000      10000          7
   0       14     1955     9965     16092747364     16092757329         1323512       8002       2000      10000          7
   0       14     1955     9965     16092757364     16092767329         1333512       8003       2000      10000          7
   0       14     1956     9943     16092767386     16092777329         1343534       7980       2000      10000          7
   0       14     1955     9965     16092777364     16092787329         1353512       8002       2000      10000          7
   0       14     1955     9965     16092787364     16092797329         1363512       8003       2000      10000          6
   0       14     1955     9965     16092797364     16092807329         1373512       8003       2000      10000          6
   0       14     1955     9966     16092807364     16092817329         1383512       8003       2000      10000          7
   0       14     1955     9965     16092817364     16092827329         1393512       8003       2000      10000          7
   0       14     1330     9957     16092827375     16092837332         1403523       8617       2000      10000         10
   0       14     1368     9969     16092837367     16092847336         1413515       8586       2000      10000         14
   0       14     1295     9951     16092847381     16092857332         1423529       8646       2000      10000         10
   0       14     1955     9953     16092857377     16092867329         1433525       7990       2000      10000          7
   0       14     1955     9961     16092867368     16092877329         1443516       7998       2000      10000          7
   0       14     1955     9963     16092877366     16092887329         1453514       8001       2000      10000          7
   0       14     1955     9964     16092887365     16092897329         1463513       8002       2000      10000          7
   0       14     1955     9965     16092897364     16092907329         1473512       8003       2000      10000          7
   0       14     1955     9965     16092907364     16092917329         1483512       8003       2000      10000          7
   0       14     1955     9965     16092917364     16092927329         1493512       8003       2000      10000          7
   0       14     1955     9964     16092927365     16092937329         1503513       8002       2000      10000          7
   0       14     1955     9965     16092937365     16092947329         1513512       8002       2000      10000          7
   0       14     1955     9965     16092947364     16092957329         1523512       8002       2000      10000          7
   0       14     1955     9965     16092957364     16092967329         1533512       8003       2000      10000          7
   0       14     1955     9965     16092967364     16092977329         1543512       8003       2000      10000          6
   0       14     1955     9965     16092977364     16092987329         1553512       8003       2000      10000          7
   0       14     1955     9965     16092987364     16092997329         1563512       8002       2000      10000          7
   0       14     1955     9965     16092997364     16093007329         1573512       8003       2000      10000          7
   0       14     1956     9966     16093007364     16093017330         1583512       8001       2000      10000          8
   0       14     1955     9963     16093017367     16093027329         1593515       8000       2000      10000          7
   0       14     1955     9964     16093027365     16093037329         1603513       8002       2000      10000          7
   0       14     1955     9965     16093037364     16093047329         1613512       8002       2000      10000          7
   0       14     1955     9965     16093047365     16093057329         1623513       8002       2000      10000          7
   0       14     1955     9965     16093057364     16093067329         1633512       8002       2000      10000          7
   0       14     1955     9963     16093067366     16093077329         1643514       8001       2000      10000          7
   0       14     1955     9964     16093077365     16093087329         1653513       8002       2000      10000          7
   0       14     1955     9964     16093087365     16093097329         1663513       8002       2000      10000          7
   0       14     1955     9941     16093097388     16093107329         1673536       7979       2000      10000          7
   0       14     1955     9967     16093107366     16093117333         1683514       8001       2000      10000         10
   0       14     1338     9965     16093117368     16093127332         1693515       8616       2000      10000          9
   0       14     1348     9968     16093127365     16093137334         1703513       8608       2000      10000         11
   0       14     1955     9950     16093137379     16093147329         1713527       7988       2000      10000          7
   0       14     1955     9962     16093147367     16093157329         1723515       7999       2000      10000          6
   0       14     1955     9963     16093157366     16093167329         1733514       8001       2000      10000          6
   0       14     1955     9964     16093167365     16093177329         1743513       8002       2000      10000          6
   0       14     1955     9965     16093177364     16093187329         1753512       8003       2000      10000          6
   0       14     1955     9966     16093187363     16093197329         1763511       8003       2000      10000          6
   0       14     1955     9965     16093197364     16093207329         1773512       8002       2000      10000          7
   0       14     1955     9965     16093207364     16093217329         1783512       8003       2000      10000          6
   0       14     1955     9965     16093217364     16093227329         1793512       8003       2000      10000          7
   0       14     1955     9964     16093227365     16093237329         1803513       8002       2000      10000          7
   0       14     1955     9965     16093237364     16093247329         1813512       8002       2000      10000          7
   0       14     1955     9965     16093247364     16093257329         1823512       8002       2000      10000          6
   0       14     1955     9965     16093257364     16093267329         1833512       8003       2000      10000          7
   0       14     1955     9965     16093267364     16093277329         1843512       8003       2000      10000          7
   0       14     1955     9965     16093277364     16093287329         1853512       8002       2000      10000          6
   0       14     1955     9965     16093287364     16093297329         1863512       8002       2000      10000          7
   0       14     1955     9964     16093297365     16093307329         1873513       8002       2000      10000          7
   0       14     1955     9964     16093307365     16093317329         1883513       8002       2000      10000          7
   0       14     1955     9965     16093317364     16093327329         1893512       8002       2000      10000          7
   0       14     1955     9964     16093327365     16093337329         1903513       8001       2000      10000          7
   0       14     1955     9965     16093337364     16093347329         1913512       8003       2000      10000          7
   0       14     1955     9966     16093347364     16093357330         1923512       8003       2000      10000          7
   0       14     1955     9965     16093357364     16093367329         1933512       8003       2000      10000          7
   0       14     1955     9966     16093367363     16093377329         1943511       8003       2000      10000          7
   0       14     1955     9966     16093377364     16093387329         1953512       8003       2000      10000          7
   0       14     1955     9969     16093387364     16093397332         1963512       8003       2000      10000         10
   0       14     1341     9963     16093397369     16093407332         1973517       8612       2000      10000          9
   0       14     1342     9973     16093407364     16093417337         1983512       8616       2000      10000         14
   0       14     1344     9954     16093417378     16093427332         1993526       8599       2000      10000          9
   0       14     1955     9931     16093427398     16093437329         2003546       7969       2000      10000          7
   0       14     1955     9962     16093437367     16093447329         2013515       8000       2000      10000          7
   0       14     1955     9963     16093447366     16093457329         2023514       8001       2000      10000          7
   0       14     1955     9965     16093457364     16093467329         2033512       8002       2000      10000          7
   0       14     1955     9965     16093467364     16093477329         2043512       8003       2000      10000          6
   0       14     1955     9963     16093477366     16093487329         2053514       8001       2000      10000          7
   0       14     1955     9963     16093487366     16093497329         2063514       8001       2000      10000          7
   0       14     1955     9965     16093497364     16093507329         2073512       8003       2000      10000          7
   0       14     1955     9964     16093507365     16093517329         2083513       8002       2000      10000          7
   0       14     1955     9965     16093517364     16093527330         2093512       8003       2000      10000          7
   0       14     1955     9964     16093527365     16093537329         2103513       8002       2000      10000          7
   0       14     1955     9965     16093537365     16093547329         2113513       8002       2000      10000          7
   0       14     1955     9965     16093547364     16093557329         2123512       8003       2000      10000          6
   0       14     1955     9965     16093557364     16093567329         2133512       8003       2000      10000          7
   0       14     1955     9964     16093567365     16093577329         2143513       8001       2000      10000          7
   0       14     1955     9965     16093577365     16093587329         2153513       8002       2000      10000          7
   0       14     1955     9965     16093587364     16093597329         2163512       8003       2000      10000          7
   0       14     1955     9965     16093597364     16093607329         2173512       8003       2000      10000          7
   0       14     1955     9965     16093607364     16093617329         2183512       8003       2000      10000          7
   0       14     1955     9965     16093617364     16093627329         2193512       8003       2000      10000          7
   0       14     1955     9964     16093627364     16093637329         2203512       8002       2000      10000          6
   0       14     1955     9964     16093637365     16093647329         2213513       8002       2000      10000          7
   0       14     1955     9965     16093647364     16093657329         2223512       8003       2000      10000          7
   0       14     1955     9966     16093657363     16093667329         2233511       8003       2000      10000          7
   0       14     1955     9964     16093667365     16093677329         2243513       8002       2000      10000          7
   0       14     1544     9968     16093677364     16093687332         2253512       8413       2000      10000         10
   0       14     1369     9968     16093687368     16093697336         2263516       8585       2000      10000         13
   0       14     1296     9952     16093697380     16093707333         2273528       8646       2000      10000         10
   0       14     1955     9952     16093707378     16093717329         2283526       7989       2000      10000          7
   0       14     1955     9961     16093717368     16093727329         2293516       7999       2000      10000          7
   0       14     1955     9964     16093727365     16093737329         2303513       8001       2000      10000          7
   0       14     1955     9964     16093737365     16093747329         2313513       8002       2000      10000          7
   0       14     1955     9965     16093747364     16093757329         2323512       8003       2000      10000          6
   0       14     1956     9943     16093757387     16093767329         2333535       7980       2000      10000          7
   0       14     1955     9964     16093767365     16093777329         2343513       8002       2000      10000          7
   0       14     1955     9963     16093777366     16093787329         2353514       8001       2000      10000          6
   0       14     1955     9965     16093787364     16093797329         2363512       8003       2000      10000          7
   0       14     1955     9965     16093797364     16093807329         2373512       8003       2000      10000          7
   0       14     1955     9965     16093807364     16093817329         2383512       8002       2000      10000          7
   0       14     1955     9964     16093817365     16093827329         2393513       8002       2000      10000          7
   0       14     1955     9964     16093827365     16093837329         2403513       8002       2000      10000          7
   0       14     1955     9964     16093837365     16093847329         2413513       8002       2000      10000          7
   0       14     1955     9963     16093847366     16093857329         2423514       8001       2000      10000          6
   0       14     1955     9965     16093857364     16093867329         2433512       8003       2000      10000          7
   0       14     1955     9964     16093867365     16093877329         2443513       8002       2000      10000          7
   0       14     1955     9965     16093877364     16093887329         2453512       8003       2000      10000          7
   0       14     1955     9965     16093887364     16093897329         2463512       8003       2000      10000          7
   0       14     1955     9965     16093897364     16093907329         2473512       8003       2000      10000          6
   0       14     1955     9965     16093907364     16093917329         2483511       8003       2000      10000          6
   0       14     1955     9965     16093917364     16093927329         2493512       8003       2000      10000          7
   0       14     1955     9965     16093927364     16093937329         2503512       8003       2000      10000          7
   0       14     1955     9965     16093937364     16093947329         2513512       8003       2000      10000          7
   0       14     1955     9965     16093947364     16093957329         2523512       8003       2000      10000          6
   0       14     1955     9969     16093957364     16093967333         2533512       8003       2000      10000         10
   0       14     1342     9964     16093967368     16093977332         2543516       8612       2000      10000          9
   0       14     1341     9969     16093977367     16093987336         2553515       8614       2000      10000         13
   0       14     1783     9953     16093987377     16093997330         2563525       8162       2000      10000          8
   0       14     1955     9954     16093997375     16094007329         2573523       7991       2000      10000          7
   0       14     1956     9964     16094007367     16094017330         2583514       8000       2000      10000          8
   0       14     1955     9961     16094017368     16094027329         2593516       7998       2000      10000          7
   0       14     1955     9963     16094027366     16094037329         2603514       8000       2000      10000          7
   0       14     1955     9965     16094037364     16094047329         2613512       8002       2000      10000          7
   0       14     1955     9964     16094047365     16094057329         2623513       8002       2000      10000          7
   0       14     1955     9965     16094057365     16094067329         2633513       8002       2000      10000          7
   0       14     1955     9964     16094067365     16094077329         2643513       8002       2000      10000          7
   0       14     1955     9964     16094077365     16094087329         2653513       8001       2000      10000          7
   0       14     1956     9942     16094087387     16094097329         2663535       7979       2000      10000          7
   0       14     1955     9964     16094097365     16094107329         2673513       8002       2000      10000          7
   0       14     1955     9964     16094107365     16094117329         2683513       8002       2000      10000          7
   0       14     1955     9964     16094117365     16094127329         2693513       8001       2000      10000          7
   0       14     1955     9965     16094127364     16094137329         2703512       8003       2000      10000          7
   0       14     1955     9965     16094137364     16094147329         2713512       8003       2000      10000          7
   0       14     1955     9964     16094147365     16094157329         2723513       8002       2000      10000          6
   0       14     1955     9965     16094157364     16094167329         2733512       8002       2000      10000          7
   0       14     1955     9965     16094167364     16094177329         2743512       8003       2000      10000          7
   0       14     1955     9965     16094177364     16094187329         2753512       8003       2000      10000          7
   0       14     1955     9966     16094187364     16094197330         2763512       8003       2000      10000          7
   0       14     1955     9964     16094197365     16094207329         2773513       8001       2000      10000          7
   0       14     1955     9964     16094207365     16094217329         2783513       8002       2000      10000          7
   0       14     1955     9965     16094217364     16094227330         2793512       8003       2000      10000          7
   0       14     1955     9965     16094227364     16094237329         2803512       8003       2000      10000          7
   0       14     1955     9968     16094237364     16094247332         2813512       8002       2000      10000         10
   0       14     1329     9966     16094247367     16094257332         2823515       8626       2000      10000         10
   0       14     1344     9971     16094257365     16094267336         2833513       8613       2000      10000         13
   0       14     1265     9953     16094267380     16094277333         2843528       8676       2000      10000         10
   0       14     1955     9952     16094277377     16094287330         2853525       7989       2000      10000          7
   0       14     1955     9961     16094287369     16094297330         2863517       7998       2000      10000          7
   0       14     1955     9964     16094297366     16094307329         2873514       8001       2000      10000          7
   0       14     1955     9964     16094307366     16094317329         2883514       8001       2000      10000          7
   0       14     1955     9964     16094317365     16094327329         2893513       8002       2000      10000          7
   0       14     1955     9965     16094327364     16094337329         2903512       8002       2000      10000          7
   0       14     1955     9965     16094337364     16094347329         2913512       8002       2000      10000          6
   0       14     1955     9965     16094347364     16094357329         2923512       8003       2000      10000          7
   0       14     1955     9966     16094357363     16094367329         2933511       8003       2000      10000          6
   0       14     1955     9965     16094367364     16094377329         2943512       8003       2000      10000          7
   0       14     1955     9964     16094377365     16094387329         2953513       8002       2000      10000          7
   0       14     1955     9965     16094387364     16094397329         2963512       8003       2000      10000          7
   0       14     1955     9965     16094397364     16094407329         2973512       8003       2000      10000          7
   0       14     1955     9964     16094407365     16094417329         2983513       8001       2000      10000          7
   0       14     1956     9943     16094417386     16094427329         2993534       7980       2000      10000          7
   0       14     1955     9963     16094427366     16094437329         3003514       8001       2000      10000          7
   0       14     1955     9965     16094437364     16094447329         3013512       8002       2000      10000          7
   0       14     1955     9965     16094447364     16094457329         3023512       8003       2000      10000          7
   0       14     1955     9965     16094457364     16094467329         3033512       8003       2000      10000          7
   0       14     1955     9965     16094467364     16094477329         3043512       8003       2000      10000          7
   0       14     1955     9965     16094477364     16094487329         3053512       8003       2000      10000          7
   0       14     1955     9965     16094487364     16094497329         3063512       8003       2000      10000          6
   0       14     1955     9966     16094497363     16094507329         3073511       8003       2000      10000          7
   0       14     1955     9965     16094507364     16094517329         3083512       8003       2000      10000          7
   0       14     1955     9966     16094517364     16094527329         3093512       8003       2000      10000          7
   0       14     1955     9968     16094527364     16094537332         3103512       8002       2000      10000         10
   0       14     1343     9965     16094537368     16094547332         3113516       8611       2000      10000         10
   0       14     1363     9967     16094547366     16094557333         3123514       8593       2000      10000         10
   0       14     1955     9953     16094557377     16094567329         3133525       7990       2000      10000          7
   0       14     1955     9962     16094567368     16094577329         3143516       7999       2000      10000          7
   0       14     1955     9963     16094577366     16094587329         3153514       8000       2000      10000          7
   0       14     1955     9964     16094587365     16094597329         3163513       8002       2000      10000          7
   0       14     1955     9965     16094597364     16094607329         3173512       8002       2000      10000          7
   0       14     1955     9965     16094607364     16094617329         3183512       8002       2000      10000          7
   0       14     1955     9965     16094617365     16094627330         3193513       8002       2000      10000          7
   0       14     1955     9964     16094627365     16094637329         3203513       8002       2000      10000          7
   0       14     1955     9964     16094637366     16094647329         3213513       8001       2000      10000          7
   0       14     1955     9964     16094647365     16094657329         3223513       8002       2000      10000          7
   0       14     1955     9965     16094657364     16094667329         3233512       8002       2000      10000          7
   0       14     1955     9965     16094667364     16094677329         3243512       8003       2000      10000          7
   0       14     1955     9965     16094677364     16094687329         3253512       8003       2000      10000          7
   0       14     1955     9964     16094687365     16094697329         3263513       8002       2000      10000          7
   0       14     1955     9964     16094697365     16094707329         3273513       8002       2000      10000          6
   0       14     1955     9964     16094707365     16094717329         3283513       8002       2000      10000          6
   0       14     1955     9964     16094717365     16094727329         3293513       8002       2000      10000          7
   0       14     1955     9964     16094727365     16094737329         3303512       8002       2000      10000          6
   0       14     1955     9965     16094737364     16094747329         3313512       8003       2000      10000          7
   0       14     1956     9943     16094747387     16094757329         3323534       7980       2000      10000          7
   0       14     1955     9964     16094757365     16094767329         3333513       8002       2000      10000          7
   0       14     1955     9965     16094767366     16094777331         3343514       8001       2000      10000          8
   0       14     1955     9959     16094777371     16094787329         3353518       7996       2000      10000          7
   0       14     1955     9963     16094787366     16094797330         3363514       8000       2000      10000          7
   0       14     1955     9963     16094797366     16094807329         3373514       8000       2000      10000          7
   0       14     1955     9967     16094807366     16094817333         3383514       8001       2000      10000         10
   0       14     1353     9964     16094817368     16094827332         3393516       8601       2000      10000          9
   0       14     1334     9973     16094827364     16094837337         3403512       8624       2000      10000         14
   0       14     1309     9951     16094837382     16094847333         3413530       8630       2000      10000         10
   0       14     1955     9951     16094847378     16094857329         3423526       7988       2000      10000          7
   0       14     1955     9962     16094857367     16094867329         3433515       8000       2000      10000          7
   0       14     1955     9964     16094867365     16094877329         3443513       8001       2000      10000          7
   0       14     1955     9964     16094877365     16094887330         3453513       8001       2000      10000          7
   0       14     1955     9963     16094887366     16094897329         3463514       8001       2000      10000          7
   0       14     1955     9965     16094897364     16094907329         3473512       8003       2000      10000          7
   0       14     1955     9964     16094907365     16094917329         3483513       8001       2000      10000          7
   0       14     1955     9965     16094917364     16094927329         3493512       8002       2000      10000          6
   0       14     1955     9964     16094927365     16094937329         3503513       8001       2000      10000          7
   0       14     1955     9965     16094937365     16094947329         3513513       8002       2000      10000          7
   0       14     1955     9965     16094947365     16094957330         3523513       8002       2000      10000          7
   0       14     1956     9963     16094957367     16094967330         3533515       7999       2000      10000          7
   0       14     1956     9961     16094967369     16094977331         3543517       7996       2000      10000          8
   0       14     1955     9960     16094977369     16094987329         3553517       7998       2000      10000          7
   0       14     1955     9963     16094987366     16094997329         3563514       8001       2000      10000          7
   0       14     1955     9963     16094997366     16095007329         3573514       8001       2000      10000          7
   0       14     1956     9965     16095007366     16095017330         3583514       8001       2000      10000          8
   0       14     1955     9960     16095017370     16095027329         3593518       7997       2000      10000          7
   0       14     1955     9963     16095027367     16095037329         3603515       8000       2000      10000          7
   0       14     1955     9964     16095037365     16095047329         3613513       8002       2000      10000          7
   0       14     1955     9964     16095047365     16095057329         3623513       8002       2000      10000          7
   0       14     1956     9964     16095057365     16095067329         3633513       8001       2000      10000          7
   0       14     1955     9962     16095067366     16095077328         3643514       8001       2000      10000          6
   0       14     1955     9941     16095077389     16095087329         3653536       7978       2000      10000          7
   0       14     1955     9962     16095087367     16095097329         3663515       7999       2000      10000          7
   0       14     1955     9967     16095097366     16095107333         3673514       8001       2000      10000         10
   0       14     1338     9964     16095107369     16095117332         3683517       8615       2000      10000         10
   0       14     1348     9966     16095117367     16095127333         3693515       8607       2000      10000         10
   0       14     1955     9951     16095127378     16095137329         3703526       7988       2000      10000          7
   0       14     1955     9962     16095137368     16095147329         3713516       7999       2000      10000          7
   0       14     1955     9966     16095147365     16095157332         3723513       8002       2000      10000          9
   0       14     1957     9958     16095157372     16095167329         3733520       7993       2000      10000          7
   0       14     1955     9962     16095167367     16095177329         3743515       8000       2000      10000          7
   0       14     1955     9963     16095177366     16095187329         3753514       8001       2000      10000          7
   0       14     1955     9965     16095187365     16095197329         3763513       8002       2000      10000          7
   0       14     1955     9963     16095197366     16095207329         3773514       8000       2000      10000          7
   0       14     1955     9964     16095207365     16095217329         3783513       8001       2000      10000          7
   0       14     1955     9965     16095217364     16095227329         3793512       8003       2000      10000          7
   0       14     1955     9964     16095227365     16095237329         3803513       8002       2000      10000          7
   0       14     1955     9965     16095237364     16095247329         3813512       8002       2000      10000          7
   0       14     1955     9965     16095247365     16095257329         3823513       8002       2000      10000          7
   0       14     1955     9963     16095257366     16095267329         3833514       8001       2000      10000          7
   0       14     1955     9963     16095267366     16095277329         3843514       8001       2000      10000          7
   0       14     1955     9963     16095277366     16095287329         3853514       8000       2000      10000          7
   0       14     1955     9963     16095287367     16095297329         3863514       8000       2000      10000          7
   0       14     1955     9964     16095297365     16095307329         3873513       8002       2000      10000          7
   0       14     1955     9966     16095307364     16095317329         3883512       8003       2000      10000          7
   0       14     1955     9963     16095317366     16095327329         3893514       8001       2000      10000          7
   0       14     1955     9965     16095327364     16095337329         3903512       8003       2000      10000          7
   0       14     1955     9965     16095337364     16095347329         3913512       8003       2000      10000          7
   0       14     1955     9965     16095347365     16095357330         3923513       8002       2000      10000          7
   0       14     1955     9964     16095357365     16095367329         3933513       8002       2000      10000          7
   0       14     1955     9966     16095367363     16095377329         3943511       8004       2000      10000          7
   0       14     1955     9969     16095377364     16095387333         3953512       8003       2000      10000         10
   0       14     1336     9963     16095387369     16095397332         3963517       8617       2000      10000          9
   0       14     1359     9972     16095397364     16095407336         3973512       8599       2000      10000         14
   0       14     1240     9929     16095407403     16095417333         3983551       8678       2000      10000         10
   0       14     1955     9951     16095417378     16095427329         3993526       7989       2000      10000          7
   0       14     1955     9963     16095427366     16095437329         4003514       8001       2000      10000          7
   0       14     1955     9964     16095437365     16095447329         4013513       8002       2000      10000          7
   0       14     1955     9963     16095447366     16095457329         4023514       8001       2000      10000          7
   0       14     1955     9965     16095457364     16095467329         4033512       8002       2000      10000          7
   0       14     1955     9963     16095467366     16095477329         4043514       8001       2000      10000          7
   0       14     1955     9965     16095477364     16095487329         4053512       8003       2000      10000          7
   0       14     1955     9965     16095487365     16095497329         4063512       8002       2000      10000          7
   0       14     1955     9964     16095497365     16095507329         4073513       8002       2000      10000          7
   0       14     1955     9965     16095507364     16095517329         4083512       8003       2000      10000          6
   0       14     1955     9965     16095517364     16095527329         4093512       8003       2000      10000          7
   0       14     1955     9966     16095527363     16095537329         4103511       8003       2000      10000          7
   0       14     1955     9963     16095537366     16095547329         4113514       8001       2000      10000          7
   0       14     1955     9965     16095547364     16095557329         4123512       8002       2000      10000          7
   0       14     1955     9963     16095557366     16095567329         4133513       8001       2000      10000          7
   0       14     1955     9965     16095567364     16095577329         4143512       8003       2000      10000          7
   0       14     1955     9965     16095577364     16095587329         4153512       8002       2000      10000          7
   0       14     1955     9965     16095587364     16095597329         4163512       8003       2000      10000          6
   0       14     1955     9964     16095597365     16095607329         4173513       8002       2000      10000          7
   0       14     1955     9964     16095607365     16095617329         4183513       8002       2000      10000          7
   0       14     1955     9966     16095617364     16095627329         4193512       8003       2000      10000          7
   0       14     1955     9965     16095627365     16095637329         4203512       8002       2000      10000          7
   0       14     1955     9964     16095637365     16095647329         4213513       8002       2000      10000          7
   0       14     1955     9965     16095647364     16095657329         4223512       8002       2000      10000          7
   0       14     1955     9965     16095657365     16095667329         4233513       8002       2000      10000          7
   0       14     1955     9969     16095667364     16095677333         4243512       8002       2000      10000         10
   0       14     1343     9965     16095677367     16095687332         4253515       8612       2000      10000         10
   0       14     1342     9967     16095687366     16095697333         4263514       8614       2000      10000         10
   0       14     1955     9951     16095697378     16095707330         4273526       7988       2000      10000          7
   0       14     1955     9961     16095707368     16095717329         4283516       7999       2000      10000          7
   0       14     1955     9964     16095717365     16095727329         4293513       8002       2000      10000          7
   0       14     1955     9965     16095727365     16095737329         4303513       8002       2000      10000          7
   0       14     1955     9943     16095737388     16095747331         4313536       7979       2000      10000          9
   0       14     1955     9963     16095747366     16095757329         4323514       8001       2000      10000          7
   0       14     1955     9965     16095757364     16095767329         4333512       8003       2000      10000          7
   0       14     1955     9965     16095767364     16095777329         4343512       8003       2000      10000          7
   0       14     1955     9965     16095777364     16095787329         4353512       8003       2000      10000          7
   0       14     1955     9965     16095787364     16095797329         4363512       8003       2000      10000          7
   0       14     1955     9965     16095797364     16095807329         4373512       8003       2000      10000          7
   0       14     1955     9965     16095807365     16095817329         4383513       8002       2000      10000          7
   0       14     1955     9965     16095817364     16095827329         4393512       8002       2000      10000          7
   0       14     1955     9964     16095827365     16095837329         4403513       8002       2000      10000          6
   0       14     1955     9965     16095837364     16095847329         4413512       8003       2000      10000          7
   0       14     1955     9963     16095847366     16095857329         4423514       8001       2000      10000          7
   0       14     1955     9965     16095857365     16095867329         4433512       8002       2000      10000          7
   0       14     1955     9966     16095867364     16095877330         4443512       8003       2000      10000          7
   0       14     1955     9964     16095877365     16095887329         4453513       8002       2000      10000          7
   0       14     1955     9965     16095887364     16095897329         4463512       8002       2000      10000          7
   0       14     1955     9965     16095897364     16095907329         4473512       8003       2000      10000          6
   0       14     1955     9965     16095907364     16095917329         4483512       8002       2000      10000          7
   0       14     1955     9964     16095917365     16095927329         4493513       8002       2000      10000          6
   0       14     1955     9966     16095927364     16095937329         4503511       8003       2000      10000          7
   0       14     1955     9966     16095937363     16095947329         4513511       8004       2000      10000          7
   0       14     1955     9968     16095947364     16095957332         4523512       8003       2000      10000         10
   0       14     1363     9964     16095957368     16095967331         4533516       8592       2000      10000          9
   0       14     1340     9972     16095967364     16095977336         4543512       8618       2000      10000         13
   0       14     1328     9950     16095977383     16095987332         4553530       8611       2000      10000         10
   0       14     1955     9952     16095987378     16095997329         4563526       7989       2000      10000          7
   0       14     1955     9962     16095997367     16096007329         4573515       7999       2000      10000          7
   0       14     1955     9965     16096007365     16096017330         4583513       8002       2000      10000          8
   0       14     1955     9961     16096017368     16096027329         4593516       7998       2000      10000          7
   0       14     1955     9963     16096027366     16096037329         4603514       8001       2000      10000          7
   0       14     1955     9963     16096037366     16096047329         4613514       8000       2000      10000          7
   0       14     1955     9963     16096047366     16096057329         4623514       8001       2000      10000          6
   0       14     1955     9965     16096057364     16096067329         4633512       8002       2000      10000          7
   0       14     1956     9941     16096067388     16096077329         4643536       7978       2000      10000          7
   0       14     1955     9964     16096077365     16096087329         4653513       8001       2000      10000          7
   0       14     1955     9964     16096087365     16096097329         4663513       8001       2000      10000          7
   0       14     1955     9965     16096097364     16096107329         4673512       8003       2000      10000          6
   0       14     1955     9964     16096107365     16096117329         4683513       8002       2000      10000          7
   0       14     1955     9964     16096117365     16096127329         4693513       8002       2000      10000          7
   0       14     1955     9964     16096127365     16096137329         4703513       8002       2000      10000          7
   0       14     1955     9965     16096137364     16096147329         4713512       8002       2000      10000          6
   0       14     1955     9965     16096147364     16096157329         4723512       8003       2000      10000          7
   0       14     1955     9965     16096157364     16096167329         4733512       8003       2000      10000          6
   0       14     1955     9965     16096167365     16096177329         4743512       8002       2000      10000          7
   0       14     1955     9964     16096177365     16096187329         4753513       8002       2000      10000          7
   0       14     1955     9965     16096187364     16096197329         4763512       8003       2000      10000          7
   0       14     1955     9964     16096197365     16096207329         4773513       8002       2000      10000          6
   0       14     1955     9965     16096207364     16096217329         4783512       8003       2000      10000          7
   0       14     1955     9965     16096217364     16096227329         4793512       8003       2000      10000          6
   0       14     1955     9965     16096227364     16096237329         4803512       8002       2000      10000          7
   0       14     1880     9968     16096237364     16096247332         4813512       8077       2000      10000         10
   0       14     1367     9965     16096247368     16096257332         4823516       8588       2000      10000         10
   0       14     1357     9966     16096257366     16096267333         4833514       8599       2000      10000         10
   0       14     1955     9951     16096267378     16096277329         4843526       7988       2000      10000          7
   0       14     1955     9961     16096277368     16096287329         4853516       7999       2000      10000          7
   0       14     1955     9963     16096287366     16096297329         4863514       8001       2000      10000          7
   0       14     1955     9964     16096297365     16096307329         4873513       8001       2000      10000          7
   0       14     1955     9964     16096307365     16096317329         4883513       8002       2000      10000          7
   0       14     1955     9965     16096317364     16096327329         4893512       8003       2000      10000          7
   0       14     1955     9965     16096327364     16096337329         4903512       8002       2000      10000          7
   0       14     1955     9965     16096337364     16096347329         4913512       8003       2000      10000          7
   0       14     1955     9965     16096347364     16096357329         4923512       8003       2000      10000          7
   0       14     1955     9965     16096357364     16096367329         4933512       8002       2000      10000          7
   0       14     1955     9965     16096367364     16096377329         4943512       8003       2000      10000          7
   0       14     1955     9965     16096377364     16096387329         4953512       8002       2000      10000          7
   0       14     1955     9964     16096387365     16096397329         4963513       8002       2000      10000          7
   0       14     1956     9943     16096397387     16096407329         4973534       7980       2000      10000          7
   0       14     1955     9963     16096407366     16096417329         4983514       8001       2000      10000          6
   0       14     1955     9965     16096417364     16096427329         4993512       8002       2000      10000          7
   0       14     1955     9965     16096427364     16096437329         5003512       8003       2000      10000          7
   0       14     1955     9964     16096437365     16096447329         5013513       8001       2000      10000          7
   0       14     1955     9965     16096447364     16096457329         5023512       8003       2000      10000          6
   0       14     1955     9964     16096457365     16096467329         5033513       8002       2000      10000          7
   0       14     1955     9965     16096467364     16096477329         5043512       8003       2000      10000          7
   0       14     1955     9964     16096477365     16096487329         5053513       8002       2000      10000          7
   0       14     1955     9965     16096487364     16096497329         5063512       8003       2000      10000          7
   0       14     1955     9966     16096497364     16096507329         5073512       8003       2000      10000          7
   0       14     1955     9964     16096507365     16096517329         5083513       8002       2000      10000          7
   0       14     1955     9970     16096517363     16096527333         5093511       8003       2000      10000         11
   0       14     1340     9962     16096527369     16096537332         5103517       8613       2000      10000          9
   0       14     1365     9971     16096537365     16096547336         5113513       8591       2000      10000         13
   0       14     1400     9954     16096547378     16096557332         5123526       8543       2000      10000          9
   0       14     1955     9952     16096557377     16096567329         5133525       7989       2000      10000          7
   0       14     1955     9962     16096567367     16096577329         5143515       8000       2000      10000          7
   0       14     1955     9963     16096577366     16096587329         5153514       8001       2000      10000          6
   0       14     1955     9965     16096587364     16096597329         5163512       8002       2000      10000          7
   0       14     1955     9965     16096597364     16096607329         5173512       8003       2000      10000          7
   0       14     1955     9965     16096607364     16096617329         5183512       8003       2000      10000          7
   0       14     1955     9965     16096617364     16096627329         5193512       8002       2000      10000          7
   0       14     1955     9965     16096627364     16096637329         5203512       8003       2000      10000          7
   0       14     1955     9965     16096637364     16096647329         5213512       8003       2000      10000          7
   0       14     1955     9962     16096647367     16096657329         5223515       8000       2000      10000          7
   0       14     1955     9965     16096657364     16096667329         5233512       8003       2000      10000          7
   0       14     1955     9965     16096667364     16096677329         5243512       8003       2000      10000          6
   0       14     1955     9966     16096677363     16096687329         5253511       8003       2000      10000          7
   0       14     1955     9965     16096687364     16096697329         5263512       8003       2000      10000          7
   0       14     1955     9964     16096697364     16096707329         5273512       8002       2000      10000          6
   0       14     1955     9965     16096707364     16096717329         5283512       8002       2000      10000          7
   0       14     1955     9965     16096717364     16096727329         5293512       8003       2000      10000          6
   0       14     1956     9943     16096727386     16096737329         5303534       7980       2000      10000          7
   0       14     1955     9964     16096737365     16096747329         5313513       8002       2000      10000          7
   0       14     1955     9966     16096747363     16096757329         5323511       8003       2000      10000          7
   0       14     1955     9964     16096757365     16096767329         5333513       8002       2000      10000          7
   0       14     1955     9965     16096767364     16096777329         5343512       8002       2000      10000          7
   0       14     1955     9965     16096777364     16096787329         5353512       8003       2000      10000          6
   0       14     1955     9965     16096787364     16096797329         5363512       8003       2000      10000          7
   0       14     1955     9964     16096797365     16096807329         5373513       8002       2000      10000          7
   0       14     1584     9967     16096807366     16096817332         5383514       8373       2000      10000         10
   0       14     1366     9968     16096817367     16096827336         5393515       8588       2000      10000         13
   0       14     1326     9956     16096827377     16096837333         5403525       8619       2000      10000         10
   0       14     1955     9951     16096837378     16096847329         5413526       7989       2000      10000          7
   0       14     1955     9962     16096847367     16096857329         5423515       7999       2000      10000          7
   0       14     1955     9964     16096857365     16096867329         5433513       8002       2000      10000          7
   0       14     1955     9964     16096867365     16096877329         5443513       8001       2000      10000          7
   0       14     1955     9964     16096877365     16096887329         5453513       8002       2000      10000          7
   0       14     1955     9965     16096887364     16096897329         5463512       8003       2000      10000          7
   0       14     1955     9965     16096897364     16096907329         5473512       8003       2000      10000          6
   0       14     1955     9964     16096907365     16096917329         5483513       8002       2000      10000          6
   0       14     1955     9966     16096917364     16096927329         5493511       8003       2000      10000          7
   0       14     1955     9965     16096927364     16096937329         5503512       8002       2000      10000          7
   0       14     1955     9966     16096937364     16096947330         5513512       8003       2000      10000          8
   0       14     1955     9962     16096947367     16096957329         5523515       8000       2000      10000          7
   0       14     1955     9965     16096957364     16096967329         5533512       8003       2000      10000          7
   0       14     1955     9964     16096967365     16096977329         5543513       8002       2000      10000          6
   0       14     1955     9965     16096977364     16096987329         5553512       8003       2000      10000          6
   0       14     1955     9965     16096987364     16096997329         5563512       8003       2000      10000          7
   0       14     1955     9965     16096997364     16097007329         5573512       8002       2000      10000          7
   0       14     1956     9967     16097007364     16097017330         5583512       8002       2000      10000          8
   0       14     1955     9962     16097017368     16097027329         5593516       7999       2000      10000          7
   0       14     1955     9961     16097027368     16097037329         5603516       7999       2000      10000          7
   0       14     1955     9963     16097037366     16097047329         5613514       8001       2000      10000          7
   0       14     1955     9963     16097047366     16097057329         5623514       8001       2000      10000          7
   0       14     1956     9941     16097057389     16097067330         5633537       7978       2000      10000          7
   0       14     1955     9963     16097067366     16097077329         5643514       8000       2000      10000          7
   0       14     1955     9964     16097077365     16097087329         5653513       8002       2000      10000          7
   0       14     1955     9967     16097087366     16097097332         5663513       8001       2000      10000         10
   0       14     1338     9963     16097097369     16097107331         5673517       8615       2000      10000          9
   0       14     1354     9970     16097107366     16097117336         5683513       8602       2000      10000         13
   0       14     1526     9953     16097117379     16097127332         5693527       8417       2000      10000          9
   0       14     1955     9953     16097127376     16097137329         5703524       7991       2000      10000          7
   0       14     1955     9962     16097137367     16097147329         5713515       8000       2000      10000          7
   0       14     1955     9964     16097147365     16097157329         5723513       8002       2000      10000          7
   0       14     1955     9964     16097157365     16097167329         5733513       8002       2000      10000          7
   0       14     1955     9963     16097167365     16097177328         5743513       8002       2000      10000          6
   0       14     1955     9966     16097177364     16097187329         5753512       8003       2000      10000          7
   0       14     1955     9964     16097187365     16097197329         5763513       8002       2000      10000          7
   0       14     1955     9965     16097197364     16097207329         5773512       8003       2000      10000          7
   0       14     1955     9964     16097207365     16097217329         5783513       8002       2000      10000          7
   0       14     1955     9965     16097217364     16097227329         5793512       8002       2000      10000          7
   0       14     1955     9964     16097227365     16097237329         5803513       8002       2000      10000          7
   0       14     1955     9965     16097237364     16097247329         5813512       8003       2000      10000          7
   0       14     1955     9965     16097247364     16097257329         5823512       8003       2000      10000          7
   0       14     1955     9965     16097257364     16097267329         5833512       8003       2000      10000          7
   0       14     1955     9965     16097267364     16097277329         5843512       8003       2000      10000          7
   0       14     1955     9965     16097277364     16097287329         5853512       8003       2000      10000          7
   0       14     1955     9965     16097287364     16097297329         5863512       8002       2000      10000          7
   0       14     1955     9965     16097297364     16097307329         5873512       8003       2000      10000          7
   0       14     1955     9965     16097307365     16097317329         5883512       8002       2000      10000          7
   0       14     1955     9964     16097317365     16097327329         5893513       8002       2000      10000          7
   0       14     1955     9964     16097327365     16097337329         5903513       8002       2000      10000          6
   0       14     1955     9965     16097337364     16097347329         5913512       8003       2000      10000          7
   0       14     1955     9965     16097347364     16097357329         5923512       8003       2000      10000          7
   0       14     1955     9965     16097357364     16097367329         5933512       8003       2000      10000          7
   0       14     1955     9965     16097367364     16097377329         5943512       8003       2000      10000          7
   0       14     1387     9967     16097377365     16097387332         5953513       8569       2000      10000         10
   0       14     1343     9943     16097387394     16097397336         5963542       8585       2000      10000         14
   0       14     1317     9951     16097397382     16097407333         5973530       8623       2000      10000         10
   0       14     1955     9952     16097407377     16097417329         5983525       7989       2000      10000          7
   0       14     1955     9962     16097417367     16097427329         5993515       7999       2000      10000          7
   0       14     1955     9964     16097427365     16097437329         6003513       8002       2000      10000          7
   0       14     1955     9964     16097437365     16097447329         6013513       8002       2000      10000          7
   0       14     1955     9964     16097447365     16097457329         6023513       8002       2000      10000          7
   0       14     1955     9965     16097457364     16097467329         6033512       8002       2000      10000          7
   0       14     1955     9964     16097467365     16097477329         6043513       8002       2000      10000          7
   0       14     1955     9965     16097477364     16097487329         6053512       8003       2000      10000          7
   0       14     1955     9965     16097487364     16097497329         6063512       8003       2000      10000          6
   0       14     1955     9965     16097497364     16097507329         6073512       8003       2000      10000          6
   0       14     1955     9965     16097507364     16097517329         6083512       8002       2000      10000          7
   0       14     1955     9965     16097517364     16097527329         6093512       8002       2000      10000          7
   0       14     1955     9965     16097527364     16097537329         6103512       8003       2000      10000          7
   0       14     1955     9964     16097537364     16097547329         6113512       8002       2000      10000          7
   0       14     1955     9965     16097547364     16097557329         6123512       8003       2000      10000          6
   0       14     1955     9965     16097557364     16097567329         6133512       8003       2000      10000          7
   0       14     1955     9965     16097567365     16097577329         6143513       8002       2000      10000          7
   0       14     1955     9965     16097577364     16097587329         6153512       8002       2000      10000          7
   0       14     1955     9965     16097587365     16097597329         6163513       8002       2000      10000          7
   0       14     1955     9964     16097597365     16097607329         6173513       8002       2000      10000          7
   0       14     1955     9965     16097607364     16097617329         6183512       8003       2000      10000          7
   0       14     1955     9965     16097617365     16097627329         6193512       8002       2000      10000          7
   0       14     1955     9965     16097627364     16097637329         6203512       8002       2000      10000          7
   0       14     1955     9965     16097637364     16097647329         6213512       8003       2000      10000          7
   0       14     1955     9965     16097647364     16097657329         6223512       8003       2000      10000          7
   0       14     1955     9968     16097657365     16097667333         6233513       8002       2000      10000         10
   0       14     1341     9963     16097667369     16097677331         6243517       8613       2000      10000          9
   0       14     1332     9968     16097677365     16097687333         6253513       8625       2000      10000         10
   0       14     1955     9952     16097687377     16097697329         6263525       7989       2000      10000          7
   0       14     1955     9962     16097697367     16097707329         6273515       8000       2000      10000          7
   0       14     1955     9964     16097707365     16097717329         6283513       8002       2000      10000          7
   0       14     1956     9943     16097717386     16097727329         6293534       7980       2000      10000          7
   0       14     1955     9964     16097727365     16097737329         6303513       8001       2000      10000          7
   0       14     1955     9965     16097737364     16097747329         6313512       8003       2000      10000          7
   0       14     1955     9965     16097747364     16097757329         6323512       8003       2000      10000          6
   0       14     1955     9965     16097757364     16097767329         6333512       8003       2000      10000          7
   0       14     1955     9965     16097767364     16097777329         6343512       8003       2000      10000          7
   0       14     1955     9964     16097777365     16097787329         6353513       8002       2000      10000          7
   0       14     1955     9963     16097787366     16097797329         6363514       8001       2000      10000          7
   0       14     1955     9966     16097797364     16097807329         6373512       8003       2000      10000          7
   0       14     1955     9965     16097807364     16097817329         6383512       8003       2000      10000          7
   0       14     1955     9964     16097817364     16097827329         6393512       8002       2000      10000          6
   0       14     1955     9966     16097827364     16097837329         6403511       8003       2000      10000          7
   0       14     1955     9966     16097837363     16097847329         6413511       8003       2000      10000          7
   0       14     1955     9964     16097847365     16097857329         6423513       8002       2000      10000          7
   0       14     1955     9964     16097857365     16097867329         6433513       8002       2000      10000          6
   0       14     1955     9965     16097867364     16097877329         6443512       8003       2000      10000          6
   0       14     1955     9966     16097877363     16097887329         6453511       8003       2000      10000          7
   0       14     1955     9965     16097887364     16097897329         6463512       8003       2000      10000          7
   0       14     1955     9965     16097897364     16097907329         6473512       8003       2000      10000          7
   0       14     1955     9965     16097907364     16097917329         6483512       8002       2000      10000          7
   0       14     1955     9965     16097917365     16097927329         6493513       8002       2000      10000          7
   0       14     1955     9965     16097927364     16097937329         6503512       8003       2000      10000          6
   0       14     1955     9969     16097937364     16097947333         6513512       8003       2000      10000         10
   0       14     1331     9963     16097947368     16097957332         6523516       8623       2000      10000          9
   0       14     1371     9972     16097957364     16097967336         6533512       8588       2000      10000         13
   0       14     1274     9953     16097967379     16097977333         6543527       8668       2000      10000         10
   0       14     1955     9951     16097977378     16097987329         6553526       7989       2000      10000          7
   0       14     1955     9962     16097987367     16097997329         6563515       7999       2000      10000          7
   0       14     1955     9963     16097997366     16098007329         6573514       8001       2000      10000          7
   0       14     1955     9964     16098007366     16098017331         6583514       8000       2000      10000          8
   0       14     1955     9961     16098017369     16098027329         6593517       7998       2000      10000          7
   0       14     1955     9963     16098027366     16098037329         6603514       8001       2000      10000          7
   0       14     1955     9963     16098037366     16098047329         6613514       8001       2000      10000          7
   0       14     1955     9940     16098047389     16098057329         6623537       7977       2000      10000          7
   0       14     1955     9963     16098057366     16098067329         6633514       8001       2000      10000          7
   0       14     1955     9964     16098067365     16098077329         6643513       8002       2000      10000          7
   0       14     1955     9962     16098077367     16098087329         6653515       8000       2000      10000          7
   0       14     1955     9964     16098087365     16098097329         6663513       8002       2000      10000          7
   0       14     1955     9964     16098097365     16098107329         6673513       8002       2000      10000          7
   0       14     1955     9964     16098107365     16098117329         6683513       8002       2000      10000          7
   0       14     1955     9964     16098117365     16098127329         6693513       8002       2000      10000          7
   0       14     1955     9964     16098127365     16098137329         6703513       8002       2000      10000          6
   0       14     1955     9965     16098137364     16098147329         6713512       8003       2000      10000          7
   0       14     1955     9965     16098147364     16098157329         6723512       8002       2000      10000          7
   0       14     1955     9965     16098157364     16098167329         6733512       8002       2000      10000          7
   0       14     1955     9965     16098167364     16098177329         6743512       8003       2000      10000          7
   0       14     1955     9964     16098177366     16098187329         6753514       8001       2000      10000          7
   0       14     1955     9965     16098187364     16098197329         6763512       8002       2000      10000          7
   0       14     1955     9965     16098197364     16098207329         6773512       8003       2000      10000          7
   0       14     1955     9965     16098207364     16098217329         6783512       8003       2000      10000          7
   0       14     1955     9966     16098217364     16098227329         6793512       8003       2000      10000          7
   0       14     1955     9968     16098227365     16098237333         6803513       8002       2000      10000         10
   0       14     1341     9963     16098237369     16098247332         6813517       8611       2000      10000          9
   0       14     1315     9968     16098247366     16098257333         6823514       8641       2000      10000         11
   0       14     1955     9951     16098257378     16098267329         6833526       7989       2000      10000          7
   0       14     1955     9961     16098267369     16098277329         6843516       7998       2000      10000          7
   0       14     1955     9964     16098277365     16098287329         6853513       8002       2000      10000          7
   0       14     1955     9964     16098287365     16098297329         6863513       8002       2000      10000          7
   0       14     1955     9965     16098297364     16098307329         6873512       8003       2000      10000          7
   0       14     1955     9965     16098307364     16098317329         6883512       8003       2000      10000          7
   0       14     1955     9964     16098317365     16098327329         6893512       8002       2000      10000          6
   0       14     1955     9964     16098327365     16098337329         6903513       8002       2000      10000          7
   0       14     1955     9965     16098337365     16098347329         6913513       8002       2000      10000          7
   0       14     1955     9965     16098347364     16098357329         6923512       8002       2000      10000          7
   0       14     1955     9965     16098357364     16098367329         6933512       8003       2000      10000          7
   0       14     1955     9963     16098367365     16098377329         6943513       8002       2000      10000          6
   0       14     1955     9942     16098377387     16098387329         6953535       7979       2000      10000          7
   0       14     1955     9963     16098387366     16098397329         6963514       8001       2000      10000          7
   0       14     1955     9965     16098397365     16098407329         6973512       8002       2000      10000          7
   0       14     1955     9965     16098407364     16098417329         6983512       8002       2000      10000          7
   0       14     1955     9964     16098417365     16098427329         6993513       8002       2000      10000          7
   0       14     1955     9965     16098427364     16098437329         7003512       8002       2000      10000          6
   0       14     1955     9965     16098437364     16098447329         7013512       8003       2000      10000          7
   0       14     1955     9965     16098447364     16098457329         7023512       8003       2000      10000          7
   0       14     1955     9964     16098457365     16098467329         7033513       8002       2000      10000          7
   0       14     1955     9965     16098467364     16098477329         7043512       8002       2000      10000          7
   0       14     1955     9965     16098477364     16098487329         7053512       8003       2000      10000          7
   0       14     1955     9965     16098487364     16098497329         7063512       8003       2000      10000          7
   0       14     1955     9964     16098497365     16098507329         7073513       8002       2000      10000          7
   0       14     1955     9969     16098507364     16098517333         7083512       8003       2000      10000         10
   0       14     1360     9965     16098517368     16098527332         7093516       8594       2000      10000         10
   0       14     1363     9972     16098527365     16098537336         7103513       8594       2000      10000         14
   0       14     1321     9952     16098537382     16098547333         7113529       8619       2000      10000         10
   0       14     1955     9950     16098547379     16098557329         7123527       7987       2000      10000          7
   0       14     1955     9963     16098557367     16098567329         7133515       8000       2000      10000          7
   0       14     1955     9964     16098567365     16098577329         7143513       8002       2000      10000          7
   0       14     1955     9964     16098577365     16098587329         7153513       8001       2000      10000          6
   0       14     1955     9965     16098587364     16098597329         7163512       8003       2000      10000          7
   0       14     1955     9965     16098597364     16098607329         7173512       8003       2000      10000          7
   0       14     1955     9964     16098607365     16098617329         7183513       8001       2000      10000          7
   0       14     1955     9965     16098617364     16098627329         7193512       8003       2000      10000          7
   0       14     1955     9966     16098627363     16098637329         7203511       8004       2000      10000          6
   0       14     1955     9965     16098637364     16098647329         7213512       8003       2000      10000          7
   0       14     1955     9965     16098647364     16098657329         7223512       8003       2000      10000          7
   0       14     1955     9964     16098657365     16098667329         7233513       8002       2000      10000          7
   0       14     1955     9965     16098667364     16098677329         7243512       8002       2000      10000          7
   0       14     1955     9965     16098677364     16098687329         7253512       8003       2000      10000          7
   0       14     1955     9964     16098687365     16098697329         7263513       8002       2000      10000          7
   0       14     1955     9965     16098697364     16098707329         7273512       8002       2000      10000          7
   0       14     1956     9943     16098707386     16098717329         7283534       7980       2000      10000          7
   0       14     1955     9964     16098717365     16098727329         7293513       8002       2000      10000          7
   0       14     1955     9965     16098727364     16098737329         7303512       8002       2000      10000          7
   0       14     1955     9964     16098737365     16098747329         7313513       8002       2000      10000          7
   0       14     1955     9965     16098747364     16098757329         7323512       8003       2000      10000          7
   0       14     1955     9965     16098757364     16098767329         7333512       8003       2000      10000          7
   0       14     1955     9965     16098767364     16098777329         7343512       8003       2000      10000          7
   0       14     1955     9966     16098777363     16098787329         7353511       8003       2000      10000          7
   0       14     1955     9965     16098787364     16098797329         7363512       8003       2000      10000          7
   0       14     1955     9968     16098797365     16098807332         7373512       8002       2000      10000         10
   0       14     1343     9962     16098807370     16098817332         7383518       8609       2000      10000          9
   0       14     1396     9966     16098817367     16098827333         7393515       8559       2000      10000         10
   0       14     1955     9951     16098827378     16098837329         7403526       7988       2000      10000          7
   0       14     1955     9962     16098837367     16098847329         7413515       8000       2000      10000          7
   0       14     1955     9963     16098847366     16098857329         7423514       8001       2000      10000          7
   0       14     1955     9964     16098857365     16098867329         7433513       8002       2000      10000          7
   0       14     1955     9965     16098867364     16098877329         7443512       8002       2000      10000          7
   0       14     1955     9965     16098877364     16098887329         7453512       8002       2000      10000          7
   0       14     1955     9965     16098887364     16098897329         7463512       8003       2000      10000          7
   0       14     1955     9965     16098897364     16098907329         7473512       8002       2000      10000          7
   0       14     1955     9965     16098907364     16098917329         7483512       8003       2000      10000          6
   0       14     1955     9966     16098917363     16098927329         7493511       8003       2000      10000          7
   0       14     1955     9965     16098927364     16098937329         7503512       8003       2000      10000          7
   0       14     1955     9965     16098937364     16098947329         7513512       8002       2000      10000          7
   0       14     1955     9965     16098947364     16098957329         7523512       8003       2000      10000          7
   0       14     1955     9964     16098957365     16098967329         7533513       8002       2000      10000          7
   0       14     1955     9965     16098967364     16098977329         7543512       8003       2000      10000          6
   0       14     1955     9965     16098977364     16098987329         7553512       8003       2000      10000          7
   0       14     1955     9964     16098987365     16098997329         7563513       8002       2000      10000          7
   0       14     1955     9965     16098997364     16099007329         7573512       8003       2000      10000          7
   0       14     1955     9966     16099007364     16099017330         7583512       8003       2000      10000          8
   0       14     1955     9962     16099017367     16099027329         7593515       7999       2000      10000          7
   0       14     1955     9963     16099027366     16099037329         7603514       8001       2000      10000          7
   0       14     1956     9941     16099037388     16099047329         7613536       7978       2000      10000          7
   0       14     1955     9962     16099047367     16099057329         7623515       8000       2000      10000          7
   0       14     1955     9963     16099057366     16099067329         7633514       8001       2000      10000          7
   0       14     1955     9965     16099067364     16099077329         7643512       8003       2000      10000          7
   0       14     1955     9967     16099077365     16099087332         7653513       8002       2000      10000         10
   0       14     1333     9963     16099087368     16099097332         7663516       8621       2000      10000          9
   0       14     1339     9973     16099097364     16099107337         7673511       8619       2000      10000         14
   0       14     1338     9954     16099107378     16099117332         7683526       8605       2000      10000          9
   0       14     1955     9952     16099117377     16099127329         7693525       7989       2000      10000          7
   0       14     1955     9962     16099127367     16099137329         7703514       8000       2000      10000          7
   0       14     1955     9964     16099137365     16099147329         7713513       8001       2000      10000          7
   0       14     1955     9964     16099147365     16099157329         7723513       8002       2000      10000          7
   0       14     1955     9965     16099157365     16099167329         7733513       8002       2000      10000          7
   0       14     1955     9964     16099167365     16099177329         7743513       8002       2000      10000          7
   0       14     1955     9965     16099177364     16099187329         7753512       8002       2000      10000          7
   0       14     1955     9965     16099187364     16099197329         7763512       8003       2000      10000          6
   0       14     1955     9965     16099197364     16099207329         7773512       8003       2000      10000          7
   0       14     1955     9964     16099207365     16099217329         7783513       8002       2000      10000          7
   0       14     1955     9965     16099217364     16099227329         7793512       8003       2000      10000          7
   0       14     1955     9965     16099227364     16099237329         7803512       8003       2000      10000          7
   0       14     1955     9964     16099237365     16099247329         7813513       8002       2000      10000          7
   0       14     1955     9965     16099247364     16099257329         7823512       8003       2000      10000          6
   0       14     1955     9965     16099257364     16099267329         7833512       8003       2000      10000          7
   0       14     1955     9965     16099267364     16099277329         7843512       8002       2000      10000          7
   0       14     1955     9965     16099277364     16099287329         7853512       8003       2000      10000          7
   0       14     1955     9965     16099287364     16099297329         7863511       8003       2000      10000          6
   0       14     1955     9965     16099297364     16099307329         7873512       8002       2000      10000          7
   0       14     1955     9965     16099307364     16099317329         7883512       8003       2000      10000          6
   0       14     1955     9964     16099317365     16099327329         7893513       8002       2000      10000          6
   0       14     1955     9964     16099327365     16099337329         7903513       8002       2000      10000          7
   0       14     1955     9966     16099337364     16099347329         7913512       8003       2000      10000          7
   0       14     1955     9966     16099347363     16099357329         7923511       8004       2000      10000          6
   0       14     1955     9965     16099357364     16099367329         7933512       8002       2000      10000          7
   0       14     1944     9945     16099367387     16099377332         7943535       7991       2000      10000         10
   0       14     1342     9964     16099377368     16099387332         7953516       8612       2000      10000         10
   0       14     1395     9966     16099387366     16099397333         7963514       8560       2000      10000         10
   0       14     1955     9951     16099397378     16099407329         7973526       7988       2000      10000          7
   0       14     1955     9962     16099407368     16099417329         7983516       7999       2000      10000          7
   0       14     1955     9964     16099417366     16099427329         7993514       8001       2000      10000          7
   0       14     1955     9965     16099427364     16099437329         8003512       8002       2000      10000          7
   0       14     1955     9964     16099437365     16099447329         8013513       8002       2000      10000          7
   0       14     1955     9965     16099447364     16099457329         8023512       8003       2000      10000          7
   0       14     1955     9966     16099457363     16099467329         8033511       8003       2000      10000          7
   0       14     1955     9965     16099467364     16099477329         8043512       8003       2000      10000          7
   0       14     1955     9965     16099477364     16099487329         8053512       8003       2000      10000          6
   0       14     1955     9964     16099487365     16099497329         8063513       8002       2000      10000          7
   0       14     1955     9965     16099497364     16099507329         8073512       8003       2000      10000          7
   0       14     1955     9965     16099507364     16099517329         8083512       8003       2000      10000          7
   0       14     1955     9965     16099517364     16099527330         8093512       8003       2000      10000          7
   0       14     1955     9965     16099527364     16099537329         8103512       8003       2000      10000          7
   0       14     1955     9964     16099537365     16099547329         8113513       8002       2000      10000          7
   0       14     1955     9965     16099547364     16099557329         8123512       8003       2000      10000          7
   0       14     1955     9965     16099557364     16099567329         8133512       8003       2000      10000          7
   0       14     1955     9965     16099567365     16099577329         8143512       8002       2000      10000          7
   0       14     1955     9965     16099577364     16099587329         8153512       8003       2000      10000          7
   0       14     1955     9964     16099587365     16099597329         8163513       8002       2000      10000          7
   0       14     1955     9964     16099597365     16099607329         8173513       8002       2000      10000          7
   0       14     1955     9966     16099607363     16099617329         8183511       8003       2000      10000          7
   0       14     1955     9964     16099617365     16099627329         8193513       8002       2000      10000          7
   0       14     1955     9964     16099627365     16099637329         8203513       8002       2000      10000          7
   0       14     1955     9965     16099637364     16099647329         8213512       8003       2000      10000          6
   0       14     1955     9968     16099647364     16099657333         8223512       8003       2000      10000         10
   0       14     1348     9963     16099657368     16099667332         8233516       8606       2000      10000          9
   0       14     1341     9971     16099667366     16099677336         8243514       8615       2000      10000         14
   0       14     1406     9955     16099677377     16099687332         8253525       8538       2000      10000          9
   0       14     1955     9952     16099687377     16099697329         8263525       7990       2000      10000          7
   0       14     1955     9941     16099697389     16099707329         8273537       7978       2000      10000          7
   0       14     1955     9963     16099707366     16099717329         8283514       8000       2000      10000          7
   0       14     1955     9964     16099717365     16099727329         8293513       8001       2000      10000          7
   0       14     1955     9964     16099727365     16099737329         8303513       8002       2000      10000          7
   0       14     1955     9964     16099737365     16099747329         8313513       8002       2000      10000          7
   0       14     1955     9965     16099747364     16099757329         8323512       8003       2000      10000          7
   0       14     1955     9964     16099757365     16099767329         8333513       8002       2000      10000          7
   0       14     1955     9965     16099767364     16099777329         8343512       8003       2000      10000          7
   0       14     1955     9966     16099777364     16099787329         8353511       8003       2000      10000          7
   0       14     1955     9964     16099787365     16099797329         8363512       8002       2000      10000          6
   0       14     1955     9966     16099797363     16099807329         8373511       8004       2000      10000          7
   0       14     1955     9964     16099807365     16099817329         8383513       8002       2000      10000          7
   0       14     1955     9965     16099817364     16099827329         8393512       8003       2000      10000          7
   0       14     1955     9965     16099827364     16099837329         8403512       8003       2000      10000          7
   0       14     1955     9965     16099837364     16099847329         8413512       8003       2000      10000          7
   0       14     1955     9965     16099847365     16099857329         8423513       8002       2000      10000          7
   0       14     1955     9965     16099857364     16099867329         8433512       8003       2000      10000          7
   0       14     1955     9965     16099867364     16099877329         8443512       8003       2000      10000          7
   0       14     1955     9965     16099877364     16099887329         8453512       8003       2000      10000          7
   0       14     1955     9965     16099887364     16099897329         8463512       8003       2000      10000          7
   0       14     1955     9965     16099897364     16099907329         8473512       8003       2000      10000          6
   0       14     1955     9965     16099907364     16099917329         8483512       8003       2000      10000          7
   0       14     1955     9965     16099917364     16099927329         8493512       8003       2000      10000          7
   0       14     1955     9965     16099927364     16099937329         8503512       8003       2000      10000          6
   0       14     1686     9968     16099937364     16099947332         8513512       8271       2000      10000         10
   0       14     1343     9968     16099947367     16099957335         8523515       8611       2000      10000         12
   0       14     1299     9956     16099957377     16099967333         8533525       8646       2000      10000         10
   0       14     1955     9951     16099967378     16099977329         8543526       7989       2000      10000          7
   0       14     1955     9961     16099977368     16099987329         8553516       7999       2000      10000          7
   0       14     1955     9964     16099987366     16099997329         8563513       8001       2000      10000          7
   0       14     1955     9964     16099997365     16100007329         8573513       8002       2000      10000          6
   0       14     1955     9965     16100007365     16100017330         8583513       8002       2000      10000          8
   0       14     1955     9963     16100017367     16100027329         8593515       8000       2000      10000          7
   0       14     1955     9937     16100027392     16100037329         8603540       7974       2000      10000          7
   0       14     1955     9962     16100037367     16100047329         8613515       8000       2000      10000          7
   0       14     1955     9965     16100047365     16100057329         8623513       8002       2000      10000          7
   0       14     1955     9964     16100057365     16100067329         8633513       8002       2000      10000          7
   0       14     1955     9965     16100067364     16100077329         8643512       8003       2000      10000          7
   0       14     1955     9964     16100077365     16100087329         8653513       8002       2000      10000          6
   0       14     1955     9965     16100087364     16100097329         8663512       8003       2000      10000          7
   0       14     1955     9964     16100097365     16100107329         8673513       8001       2000      10000          6
   0       14     1955     9965     16100107364     16100117329         8683512       8003       2000      10000          7
   0       14     1955     9964     16100117365     16100127329         8693513       8002       2000      10000          7
   0       14     1955     9964     16100127365     16100137329         8703513       8002       2000      10000          7
   0       14     1955     9963     16100137366     16100147329         8713514       8001       2000      10000          7
   0       14     1955     9965     16100147364     16100157329         8723512       8003       2000      10000          7
   0       14     1955     9965     16100157364     16100167329         8733512       8003       2000      10000          7
   0       14     1955     9965     16100167364     16100177329         8743512       8003       2000      10000          7
   0       14     1955     9965     16100177364     16100187329         8753512       8003       2000      10000          7
   0       14     1955     9964     16100187366     16100197329         8763514       8001       2000      10000          7
   0       14     1955     9965     16100197364     16100207329         8773512       8003       2000      10000          7
   0       14     1955     9965     16100207364     16100217329         8783512       8003       2000      10000          7
   0       14     1955     9968     16100217364     16100227333         8793512       8002       2000      10000         10
   0       14     1365     9964     16100227368     16100237332         8803516       8589       2000      10000          9
   0       14     1324     9970     16100237366     16100247336         8813514       8631       2000      10000         14
   0       14     1408     9953     16100247378     16100257332         8823526       8535       2000      10000          9
   0       14     1955     9952     16100257377     16100267329         8833525       7990       2000      10000          7
   0       14     1955     9963     16100267367     16100277329         8843515       8000       2000      10000          7
   0       14     1955     9963     16100277366     16100287329         8853514       8001       2000      10000          7
   0       14     1955     9964     16100287365     16100297329         8863513       8002       2000      10000          7
   0       14     1955     9965     16100297364     16100307329         8873512       8003       2000      10000          7
   0       14     1955     9965     16100307364     16100317329         8883512       8002       2000      10000          7
   0       14     1955     9964     16100317365     16100327329         8893513       8002       2000      10000          7
   0       14     1955     9964     16100327365     16100337329         8903513       8002       2000      10000          7
   0       14     1955     9965     16100337364     16100347329         8913512       8003       2000      10000          7
   0       14     1955     9965     16100347364     16100357329         8923512       8003       2000      10000          7
   0       14     1956     9942     16100357388     16100367329         8933536       7979       2000      10000          7
   0       14     1955     9964     16100367365     16100377329         8943513       8002       2000      10000          6
   0       14     1955     9965     16100377364     16100387329         8953512       8003       2000      10000          7
   0       14     1955     9964     16100387365     16100397329         8963513       8002       2000      10000          7
   0       14     1955     9964     16100397365     16100407329         8973513       8002       2000      10000          7
   0       14     1955     9965     16100407365     16100417329         8983513       8002       2000      10000          7
   0       14     1955     9965     16100417364     16100427329         8993512       8003       2000      10000          7
   0       14     1955     9964     16100427365     16100437329         9003513       8001       2000      10000          7
   0       14     1955     9965     16100437364     16100447329         9013512       8002       2000      10000          7
   0       14     1955     9965     16100447364     16100457329         9023512       8003       2000      10000          7
   0       14     1955     9965     16100457364     16100467329         9033512       8003       2000      10000          7
   0       14     1955     9965     16100467364     16100477329         9043512       8003       2000      10000          7
   0       14     1955     9965     16100477364     16100487329         9053512       8003       2000      10000          6
   0       14     1955     9965     16100487364     16100497329         9063512       8002       2000      10000          7
   0       14     1955     9965     16100497364     16100507329         9073512       8003       2000      10000          7
   0       14     1710     9967     16100507365     16100517332         9083513       8247       2000      10000          9
   0       14     1343     9968     16100517367     16100527335         9093515       8611       2000      10000         12
   0       14     1298     9956     16100527376     16100537333         9103524       8647       2000      10000         10
   0       14     1955     9952     16100537378     16100547329         9113526       7989       2000      10000          7
   0       14     1955     9961     16100547368     16100557329         9123516       7999       2000      10000          7
   0       14     1955     9963     16100557366     16100567329         9133514       8001       2000      10000          7
   0       14     1955     9964     16100567365     16100577329         9143513       8002       2000      10000          7
   0       14     1955     9964     16100577365     16100587329         9153513       8002       2000      10000          6
   0       14     1955     9964     16100587365     16100597329         9163513       8002       2000      10000          7
   0       14     1955     9965     16100597364     16100607329         9173512       8003       2000      10000          6
   0       14     1955     9965     16100607364     16100617329         9183512       8002       2000      10000          7
   0       14     1955     9966     16100617364     16100627329         9193512       8003       2000      10000          7
   0       14     1955     9964     16100627365     16100637329         9203513       8002       2000      10000          7
   0       14     1955     9964     16100637365     16100647329         9213513       8002       2000      10000          7
   0       14     1955     9965     16100647364     16100657329         9223512       8002       2000      10000          7
   0       14     1955     9965     16100657364     16100667329         9233512       8003       2000      10000          6
   0       14     1955     9965     16100667364     16100677329         9243512       8002       2000      10000          7
   0       14     1955     9965     16100677364     16100687329         9253512       8003       2000      10000          6
   0       14     1955     9939     16100687390     16100697329         9263538       7976       2000      10000          7
   0       14     1955     9964     16100697365     16100707329         9273513       8002       2000      10000          7
   0       14     1955     9965     16100707364     16100717329         9283512       8003       2000      10000          7
   0       14     1955     9965     16100717364     16100727329         9293512       8003       2000      10000          7
   0       14     1955     9964     16100727365     16100737329         9303513       8002       2000      10000          7
   0       14     1955     9965     16100737364     16100747329         9313512       8002       2000      10000          7
   0       14     1955     9965     16100747364     16100757329         9323512       8002       2000      10000          6
   0       14     1955     9966     16100757363     16100767329         9333511       8003       2000      10000          7
   0       14     1955     9965     16100767364     16100777329         9343512       8003       2000      10000          7
   0       14     1955     9966     16100777363     16100787329         9353511       8004       2000      10000          7
   0       14     1955     9968     16100787364     16100797333         9363512       8003       2000      10000         10
   0       14     1365     9962     16100797370     16100807332         9373518       8587       2000      10000          9
   0       14     1337     9969     16100807366     16100817335         9383514       8618       2000      10000         13
   0       14     1470     9955     16100817377     16100827332         9393525       8475       2000      10000          9
   0       14     1955     9952     16100827377     16100837329         9403525       7990       2000      10000          7
   0       14     1955     9962     16100837367     16100847329         9413515       7999       2000      10000          7
   0       14     1955     9964     16100847365     16100857329         9423513       8002       2000      10000          7
   0       14     1955     9964     16100857365     16100867329         9433513       8002       2000      10000          7
   0       14     1955     9963     16100867366     16100877329         9443514       8001       2000      10000          7
   0       14     1955     9965     16100877364     16100887329         9453512       8003       2000      10000          7
   0       14     1955     9964     16100887366     16100897329         9463513       8001       2000      10000          7
   0       14     1955     9963     16100897366     16100907329         9473514       8000       2000      10000          7
   0       14     1955     9963     16100907366     16100917329         9483514       8001       2000      10000          7
   0       14     1955     9965     16100917364     16100927329         9493512       8003       2000      10000          7
   0       14     1955     9965     16100927364     16100937329         9503512       8003       2000      10000          7
   0       14     1955     9965     16100937364     16100947329         9513512       8003       2000      10000          7
   0       14     1955     9965     16100947364     16100957329         9523512       8003       2000      10000          7
   0       14     1955     9965     16100957364     16100967329         9533512       8003       2000      10000          6
   0       14     1955     9964     16100967365     16100977329         9543513       8002       2000      10000          6
   0       14     1955     9965     16100977364     16100987329         9553512       8003       2000      10000          7
   0       14     1955     9963     16100987366     16100997329         9563514       8001       2000      10000          6
   0       14     1955     9966     16100997364     16101007329         9573512       8003       2000      10000          7
   0       14     1955     9965     16101007365     16101017330         9583513       8001       2000      10000          8
   0       14     1956     9936     16101017393     16101027329         9593541       7974       2000      10000          7
   0       14     1955     9963     16101027366     16101037329         9603514       8000       2000      10000          7
   0       14     1955     9964     16101037365     16101047329         9613513       8002       2000      10000          7
   0       14     1955     9964     16101047365     16101057329         9623513       8002       2000      10000          7
   0       14     1955     9965     16101057364     16101067329         9633512       8002       2000      10000          7
   0       14     1955     9964     16101067365     16101077329         9643513       8002       2000      10000          7
   0       14     1388     9968     16101077366     16101087333         9653514       8568       2000      10000         11
   0       14     1368     9968     16101087368     16101097336         9663516       8586       2000      10000         13
   0       14     1299     9952     16101097380     16101107332         9673528       8643       2000      10000          9
   0       14     1955     9953     16101107376     16101117329         9683524       7990       2000      10000          7
   0       14     1955     9961     16101117368     16101127329         9693516       7998       2000      10000          7
   0       14     1955     9964     16101127365     16101137329         9703513       8002       2000      10000          7
   0       14     1955     9964     16101137365     16101147329         9713513       8002       2000      10000          7
   0       14     1955     9964     16101147365     16101157329         9723513       8002       2000      10000          6
   0       14     1955     9965     16101157364     16101167329         9733512       8003       2000      10000          6
   0       14     1955     9965     16101167364     16101177329         9743512       8002       2000      10000          7
   0       14     1955     9964     16101177365     16101187329         9753513       8002       2000      10000          7
   0       14     1955     9964     16101187365     16101197329         9763513       8002       2000      10000          7
   0       14     1955     9964     16101197365     16101207329         9773513       8001       2000      10000          7
   0       14     1955     9964     16101207365     16101217329         9783513       8002       2000      10000          7
   0       14     1955     9965     16101217364     16101227329         9793512       8003       2000      10000          7
   0       14     1955     9965     16101227364     16101237329         9803512       8003       2000      10000          7
   0       14     1955     9965     16101237364     16101247329         9813512       8003       2000      10000          6
   0       14     1955     9966     16101247363     16101257329         9823511       8003       2000      10000          7
   0       14     1955     9964     16101257365     16101267329         9833513       8002       2000      10000          6
   0       14     1955     9965     16101267364     16101277329         9843512       8003       2000      10000          7
   0       14     1955     9965     16101277364     16101287329         9853512       8003       2000      10000          6
   0       14     1955     9966     16101287363     16101297329         9863511       8003       2000      10000          6
   0       14     1955     9964     16101297365     16101307329         9873513       8002       2000      10000          7
   0       14     1955     9964     16101307365     16101317329         9883513       8002       2000      10000          7
   0       14     1955     9965     16101317364     16101327329         9893512       8003       2000      10000          7
   0       14     1955     9965     16101327364     16101337329         9903512       8002       2000      10000          7
   0       14     1955     9964     16101337365     16101347329         9913513       8002       2000      10000          7
   0       14     1956     9943     16101347387     16101357329         9923535       7980       2000      10000          7
   0       14     1955     9966     16101357366     16101367333         9933514       8001       2000      10000         10
   0       14     1339     9965     16101367367     16101377332         9943515       8616       2000      10000          9
   0       14     1361     9969     16101377367     16101387336         9953515       8594       2000      10000         13
   0       14     1463     9954     16101387378     16101397332         9963526       8481       2000      10000          9
   0       14     1955     9953     16101397377     16101407330         9973525       7990       2000      10000          7
   0       14     1955     9962     16101407367     16101417329         9983515       8000       2000      10000          7
   0       14     1955     9963     16101417366     16101427329         9993514       8001       2000      10000          7
   0       14     1955     9964     16101427365     16101437329        10003513       8002       2000      10000          7
   0       14     1955     9965     16101437364     16101447329        10013512       8003       2000      10000          6
   0       14     1955     9964     16101447366     16101457329        10023514       8001       2000      10000          7
   0       14     1955     9964     16101457365     16101467329        10033513       8002       2000      10000          7
   0       14     1955     9963     16101467366     16101477329        10043514       8001       2000      10000          7
   0       14     1955     9965     16101477364     16101487329        10053512       8002       2000      10000          7
   0       14     1955     9965     16101487364     16101497329        10063512       8002       2000      10000          7
   0       14     1955     9964     16101497365     16101507329        10073513       8001       2000      10000          7
   0       14     1955     9964     16101507365     16101517329        10083513       8002       2000      10000          7
   0       14     1955     9965     16101517365     16101527329        10093513       8002       2000      10000          7
   0       14     1955     9965     16101527364     16101537329        10103512       8002       2000      10000          7
   0       14     1955     9965     16101537364     16101547329        10113512       8003       2000      10000          6
   0       14     1955     9965     16101547364     16101557329        10123512       8002       2000      10000          6
   0       14     1955     9965     16101557364     16101567329        10133512       8003       2000      10000          6
   0       14     1955     9965     16101567364     16101577329        10143512       8003       2000      10000          7
   0       14     1955     9965     16101577364     16101587329        10153512       8003       2000      10000          7
   0       14     1955     9965     16101587365     16101597329        10163512       8002       2000      10000          7
   0       14     1955     9965     16101597364     16101607329        10173512       8003       2000      10000          7
   0       14     1955     9964     16101607365     16101617329        10183513       8002       2000      10000          7
   0       14     1955     9965     16101617364     16101627329        10193512       8003       2000      10000          7
   0       14     1955     9964     16101627365     16101637329        10203513       8002       2000      10000          7
   0       14     1955     9961     16101637368     16101647329        10213516       7999       2000      10000          6
   0       14     1544     9967     16101647365     16101657332        10223513       8412       2000      10000          9
   0       14     1370     9969     16101657367     16101667336        10233515       8585       2000      10000         14
   0       14     1324     9956     16101667377     16101677333        10243525       8621       2000      10000         10
   0       14     1955     9952     16101677378     16101687329        10253526       7989       2000      10000          7
   0       14     1955     9940     16101687390     16101697329        10263538       7977       2000      10000          7
   0       14     1955     9962     16101697367     16101707329        10273515       8000       2000      10000          7
   0       14     1955     9964     16101707365     16101717329        10283513       8002       2000      10000          7
   0       14     1955     9964     16101717365     16101727329        10293513       8002       2000      10000          7
   0       14     1955     9964     16101727365     16101737329        10303513       8002       2000      10000          7
   0       14     1955     9965     16101737365     16101747329        10313513       8002       2000      10000          7
   0       14     1955     9964     16101747365     16101757329        10323513       8002       2000      10000          7
   0       14     1955     9965     16101757364     16101767329        10333512       8002       2000      10000          7
   0       14     1955     9965     16101767365     16101777329        10343512       8002       2000      10000          7
   0       14     1955     9965     16101777364     16101787329        10353512       8003       2000      10000          7
   0       14     1955     9965     16101787364     16101797329        10363512       8002       2000      10000          7
   0       14     1955     9965     16101797364     16101807329        10373512       8003       2000      10000          7
   0       14     1955     9965     16101807365     16101817329        10383512       8002       2000      10000          7
   0       14     1955     9964     16101817365     16101827329        10393513       8002       2000      10000          7
   0       14     1955     9965     16101827364     16101837329        10403512       8002       2000      10000          7
   0       14     1955     9965     16101837365     16101847330        10413512       8002       2000      10000          7
   0       14     1955     9963     16101847366     16101857329        10423514       8001       2000      10000          7
   0       14     1955     9965     16101857364     16101867329        10433512       8002       2000      10000          7
   0       14     1955     9965     16101867364     16101877329        10443512       8003       2000      10000          6
   0       14     1955     9965     16101877364     16101887329        10453512       8003       2000      10000          7
   0       14     1955     9964     16101887365     16101897329        10463512       8002       2000      10000          6
   0       14     1955     9965     16101897364     16101907329        10473512       8002       2000      10000          7
   0       14     1955     9965     16101907364     16101917329        10483512       8002       2000      10000          6
   0       14     1955     9965     16101917364     16101927329        10493512       8002       2000      10000          6
   0       14     1955     9966     16101927367     16101937332        10503514       8000       2000      10000         10
   0       14     1341     9964     16101937368     16101947332        10513516       8613       2000      10000          9
   0       14     1342     9970     16101947366     16101957336        10523514       8614       2000      10000         13
   0       14     1667     9940     16101957391     16101967331        10533539       8264       2000      10000          8
   0       14     1955     9954     16101967375     16101977329        10543523       7992       2000      10000          7
   0       14     1955     9962     16101977367     16101987329        10553515       8000       2000      10000          6
   0       14     1955     9963     16101987366     16101997329        10563514       8001       2000      10000          7
   0       14     1955     9963     16101997366     16102007329        10573514       8001       2000      10000          7
   0       14     1955     9965     16102007365     16102017330        10583513       8001       2000      10000          7
   0       14     1955     9929     16102017400     16102027329        10593548       7966       2000      10000          7
   0       14     1955     9962     16102027367     16102037329        10603515       8000       2000      10000          7
   0       14     1955     9963     16102037366     16102047329        10613514       8001       2000      10000          7
   0       14     1955     9962     16102047367     16102057329        10623515       8000       2000      10000          7
   0       14     1955     9963     16102057366     16102067329        10633514       8000       2000      10000          7
   0       14     1955     9964     16102067365     16102077329        10643513       8002       2000      10000          7
   0       14     1955     9964     16102077365     16102087329        10653513       8002       2000      10000          7
   0       14     1955     9964     16102087365     16102097329        10663513       8002       2000      10000          7
   0       14     1955     9964     16102097365     16102107329        10673513       8002       2000      10000          7
   0       14     1955     9965     16102107364     16102117329        10683512       8002       2000      10000          7
   0       14     1955     9963     16102117367     16102127329        10693515       8000       2000      10000          7
   0       14     1955     9964     16102127365     16102137329        10703513       8002       2000      10000          7
   0       14     1955     9965     16102137364     16102147329        10713512       8002       2000      10000          7
   0       14     1955     9965     16102147364     16102157329        10723512       8003       2000      10000          7
   0       14     1955     9964     16102157365     16102167329        10733513       8002       2000      10000          7
   0       14     1955     9964     16102167365     16102177329        10743513       8002       2000      10000          7
   0       14     1955     9964     16102177365     16102187329        10753513       8002       2000      10000          7
   0       14     1955     9965     16102187364     16102197329        10763512       8002       2000      10000          7
   0       14     1955     9963     16102197366     16102207329        10773514       8001       2000      10000          6
   0       14     1955     9965     16102207364     16102217329        10783512       8002       2000      10000          7
   0       14     1368     9967     16102217365     16102227332        10793513       8589       2000      10000          9
   0       14     1346     9970     16102227366     16102237336        10803514       8610       2000      10000         13
   0       14     1294     9953     16102237379     16102247333        10813527       8649       2000      10000         10
   0       14     1955     9951     16102247378     16102257329        10823526       7989       2000      10000          7
   0       14     1955     9961     16102257368     16102267329        10833516       7999       2000      10000          7
   0       14     1955     9964     16102267365     16102277329        10843513       8002       2000      10000          7
   0       14     1955     9964     16102277365     16102287329        10853513       8002       2000      10000          7
   0       14     1955     9964     16102287365     16102297329        10863513       8002       2000      10000          7
   0       14     1955     9964     16102297365     16102307329        10873513       8001       2000      10000          7
   0       14     1955     9965     16102307364     16102317329        10883512       8003       2000      10000          7
   0       14     1955     9964     16102317365     16102327329        10893513       8002       2000      10000          7
   0       14     1955     9964     16102327365     16102337329        10903513       8002       2000      10000          7
   0       14     1955     9964     16102337365     16102347329        10913513       8002       2000      10000          7
   0       14     1956     9942     16102347387     16102357329        10923535       7979       2000      10000          7
   0       14     1955     9963     16102357366     16102367329        10933514       8001       2000      10000          7
   0       14     1955     9964     16102367365     16102377329        10943513       8002       2000      10000          7
   0       14     1955     9964     16102377365     16102387329        10953513       8002       2000      10000          7
   0       14     1955     9965     16102387364     16102397329        10963512       8003       2000      10000          7
   0       14     1955     9965     16102397364     16102407329        10973512       8002       2000      10000          7
   0       14     1955     9964     16102407365     16102417329        10983513       8001       2000      10000          7
   0       14     1955     9963     16102417366     16102427329        10993514       8001       2000      10000          6
   0       14     1955     9965     16102427364     16102437329        11003512       8002       2000      10000          7
   0       14     1955     9965     16102437365     16102447329        11013513       8002       2000      10000          7
   0       14     1955     9962     16102447367     16102457329        11023515       8000       2000      10000          7
   0       14     1955     9964     16102457365     16102467329        11033512       8002       2000      10000          7
   0       14     1955     9965     16102467364     16102477329        11043512       8003       2000      10000          7
   0       14     1955     9964     16102477365     16102487329        11053513       8002       2000      10000          7
   0       14     1955     9965     16102487364     16102497329        11063512       8003       2000      10000          7
   0       14     1955     9968     16102497365     16102507333        11073513       8002       2000      10000         10
   0       14     1366     9963     16102507368     16102517332        11083516       8588       2000      10000          9
   0       14     1339     9969     16102517366     16102527336        11093514       8617       2000      10000         13
   0       14     1846     9945     16102527385     16102537331        11103533       8091       2000      10000          8
   0       14     1955     9954     16102537375     16102547329        11113523       7992       2000      10000          7
   0       14     1955     9961     16102547368     16102557329        11123516       7999       2000      10000          7
   0       14     1955     9963     16102557366     16102567329        11133514       8001       2000      10000          7
   0       14     1955     9963     16102567366     16102577329        11143514       8001       2000      10000          7
   0       14     1955     9964     16102577365     16102587329        11153513       8002       2000      10000          7
   0       14     1955     9964     16102587366     16102597330        11163514       8001       2000      10000          7
   0       14     1955     9963     16102597365     16102607329        11173513       8001       2000      10000          6
   0       14     1955     9964     16102607365     16102617329        11183513       8002       2000      10000          7
   0       14     1955     9964     16102617365     16102627329        11193513       8002       2000      10000          7
   0       14     1955     9965     16102627365     16102637330        11203513       8002       2000      10000          7
   0       14     1955     9964     16102637365     16102647329        11213513       8001       2000      10000          7
   0       14     1955     9964     16102647366     16102657330        11223514       8001       2000      10000          7
   0       14     1955     9963     16102657366     16102667329        11233514       8001       2000      10000          7
   0       14     1955     9964     16102667366     16102677329        11243513       8001       2000      10000          7
   0       14     1956     9941     16102677388     16102687329        11253536       7978       2000      10000          7
   0       14     1955     9963     16102687366     16102697329        11263514       8001       2000      10000          7
   0       14     1955     9964     16102697365     16102707329        11273513       8001       2000      10000          7
   0       14     1955     9964     16102707366     16102717329        11283514       8001       2000      10000          7
   0       14     1955     9964     16102717365     16102727329        11293513       8002       2000      10000          7
   0       14     1955     9964     16102727365     16102737329        11303513       8002       2000      10000          7
   0       14     1955     9964     16102737365     16102747329        11313513       8002       2000      10000          7
   0       14     1955     9964     16102747365     16102757329        11323513       8002       2000      10000          7
   0       14     1955     9964     16102757365     16102767329        11333513       8002       2000      10000          7
   0       14     1955     9964     16102767365     16102777329        11343513       8002       2000      10000          7
   0       14     1955     9968     16102777364     16102787332        11353512       8003       2000      10000          9
   0       14     1317     9966     16102787366     16102797332        11363514       8639       2000      10000          9
   0       14     1345     9972     16102797365     16102807337        11373513       8611       2000      10000         14
   0       14     1275     9954     16102807378     16102817333        11383526       8669       2000      10000         10
   0       14     1955     9951     16102817378     16102827329        11393526       7988       2000      10000          7
   0       14     1955     9962     16102827367     16102837329        11403515       8000       2000      10000          6
   0       14     1955     9964     16102837365     16102847329        11413513       8002       2000      10000          7
   0       14     1955     9964     16102847365     16102857329        11423513       8002       2000      10000          7
   0       14     1955     9964     16102857365     16102867329        11433513       8002       2000      10000          7
   0       14     1955     9963     16102867366     16102877329        11443514       8001       2000      10000          7
   0       14     1955     9963     16102877365     16102887329        11453513       8001       2000      10000          6
   0       14     1955     9964     16102887365     16102897329        11463513       8002       2000      10000          7
   0       14     1955     9964     16102897365     16102907329        11473513       8002       2000      10000          7
   0       14     1955     9965     16102907365     16102917329        11483513       8002       2000      10000          7
   0       14     1955     9964     16102917365     16102927329        11493513       8002       2000      10000          6
   0       14     1955     9965     16102927364     16102937329        11503512       8003       2000      10000          7
   0       14     1955     9965     16102937364     16102947329        11513512       8003       2000      10000          7
   0       14     1955     9964     16102947365     16102957329        11523512       8002       2000      10000          7
   0       14     1955     9965     16102957364     16102967329        11533512       8003       2000      10000          7
   0       14     1955     9964     16102967365     16102977329        11543513       8002       2000      10000          7
   0       14     1955     9965     16102977364     16102987329        11553512       8003       2000      10000          7
   0       14     1955     9964     16102987365     16102997329        11563513       8002       2000      10000          7
   0       14     1955     9966     16102997365     16103007331        11573513       8002       2000      10000          8
   0       14     1956     9935     16103007395     16103017330        11583543       7970       2000      10000          8
   0       14     1955     9959     16103017370     16103027329        11593518       7996       2000      10000          6
   0       14     1955     9962     16103027367     16103037329        11603515       8000       2000      10000          6
   0       14     1955     9964     16103037366     16103047329        11613513       8001       2000      10000          7
   0       14     1955     9961     16103047368     16103057329        11623516       7999       2000      10000          6
   0       14     1955     9964     16103057365     16103067329        11633513       8002       2000      10000          7
   0       14     1955     9967     16103067367     16103077333        11643515       8000       2000      10000         11
   0       14     1336     9964     16103077369     16103087332        11653516       8617       2000      10000         10
   0       14     1323     9970     16103087367     16103097337        11663515       8632       2000      10000         14
   0       14     1780     9938     16103097393     16103107331        11673541       8149       2000      10000          8
   0       14     1955     9953     16103107376     16103117329        11683524       7991       2000      10000          7
   0       14     1955     9962     16103117367     16103127329        11693515       8000       2000      10000          7
   0       14     1955     9963     16103127366     16103137329        11703514       8001       2000      10000          6
   0       14     1955     9964     16103137365     16103147329        11713513       8002       2000      10000          7
   0       14     1955     9963     16103147366     16103157329        11723514       8001       2000      10000          7
   0       14     1955     9964     16103157365     16103167329        11733513       8002       2000      10000          7
   0       14     1955     9964     16103167365     16103177329        11743513       8002       2000      10000          7
   0       14     1955     9963     16103177366     16103187329        11753514       8001       2000      10000          7
   0       14     1955     9965     16103187364     16103197329        11763512       8003       2000      10000          7
   0       14     1955     9964     16103197365     16103207329        11773513       8002       2000      10000          7
   0       14     1955     9964     16103207365     16103217329        11783513       8002       2000      10000          7
   0       14     1955     9964     16103217365     16103227329        11793513       8002       2000      10000          7
   0       14     1955     9965     16103227364     16103237329        11803512       8003       2000      10000          7
   0       14     1955     9964     16103237365     16103247329        11813513       8001       2000      10000          7
   0       14     1955     9965     16103247364     16103257329        11823512       8003       2000      10000          7
   0       14     1955     9964     16103257365     16103267329        11833513       8002       2000      10000          7
   0       14     1955     9964     16103267365     16103277329        11843513       8002       2000      10000          7
   0       14     1955     9964     16103277365     16103287329        11853513       8002       2000      10000          7
   0       14     1955     9964     16103287365     16103297329        11863513       8002       2000      10000          7
   0       14     1955     9964     16103297365     16103307329        11873513       8002       2000      10000          7
   0       14     1955     9964     16103307365     16103317329        11883513       8002       2000      10000          7
   0       14     1955     9963     16103317366     16103327329        11893514       8001       2000      10000          7
   0       14     1955     9965     16103327364     16103337329        11903512       8002       2000      10000          7
   0       14     1955     9941     16103337388     16103347329        11913536       7979       2000      10000          7
   0       14     1955     9965     16103347366     16103357331        11923514       8001       2000      10000          9
   0       14     1317     9969     16103357363     16103367332        11933511       8642       2000      10000          9
   0       14     1344     9970     16103367365     16103377336        11943513       8612       2000      10000         13
   0       14     1314     9952     16103377380     16103387332        11953528       8627       2000      10000         10
   0       14     1955     9952     16103387377     16103397329        11963525       7989       2000      10000          7
   0       14     1955     9961     16103397368     16103407329        11973516       7999       2000      10000          7
   0       14     1955     9963     16103407366     16103417329        11983514       8001       2000      10000          7
   0       14     1955     9963     16103417366     16103427329        11993514       8001       2000      10000          7
   0       14     1955     9964     16103427365     16103437329        12003513       8002       2000      10000          7
   0       14     1955     9965     16103437364     16103447329        12013512       8003       2000      10000          7
   0       14     1955     9964     16103447365     16103457329        12023513       8002       2000      10000          6
   0       14     1955     9965     16103457364     16103467329        12033512       8002       2000      10000          6
   0       14     1955     9965     16103467364     16103477329        12043512       8003       2000      10000          6
   0       14     1955     9965     16103477364     16103487329        12053512       8002       2000      10000          7
   0       14     1955     9964     16103487365     16103497329        12063513       8002       2000      10000          7
   0       14     1955     9965     16103497364     16103507329        12073512       8003       2000      10000          6
   0       14     1955     9965     16103507364     16103517329        12083512       8002       2000      10000          7
   0       14     1955     9965     16103517364     16103527329        12093512       8003       2000      10000          7
   0       14     1955     9965     16103527365     16103537329        12103512       8002       2000      10000          7
   0       14     1955     9964     16103537366     16103547329        12113513       8001       2000      10000          7
   0       14     1955     9965     16103547364     16103557329        12123512       8003       2000      10000          6
   0       14     1955     9964     16103557365     16103567329        12133513       8002       2000      10000          7
   0       14     1955     9965     16103567364     16103577329        12143512       8003       2000      10000          7
   0       14     1955     9964     16103577365     16103587329        12153513       8002       2000      10000          7
   0       14     1955     9962     16103587367     16103597329        12163514       8000       2000      10000          6
   0       14     1955     9964     16103597365     16103607329        12173512       8002       2000      10000          7
   0       14     1955     9965     16103607364     16103617329        12183511       8003       2000      10000          6
   0       14     1955     9965     16103617364     16103627329        12193512       8003       2000      10000          6
   0       14     1955     9964     16103627365     16103637329        12203513       8002       2000      10000          7
   0       14     1955     9968     16103637365     16103647333        12213513       8002       2000      10000         10
   0       14     1351     9964     16103647368     16103657332        12223516       8603       2000      10000         10
   0       14     1363     9970     16103657366     16103667336        12233514       8593       2000      10000         13
   0       14     1830     9918     16103667413     16103677331        12243561       8079       2000      10000          8
   0       14     1955     9954     16103677375     16103687329        12253523       7992       2000      10000          7
   0       14     1955     9962     16103687367     16103697329        12263515       8000       2000      10000          7
   0       14     1955     9963     16103697366     16103707329        12273514       8001       2000      10000          7
   0       14     1955     9965     16103707365     16103717329        12283513       8002       2000      10000          7
   0       14     1955     9963     16103717366     16103727329        12293514       8001       2000      10000          7
   0       14     1955     9964     16103727365     16103737329        12303513       8001       2000      10000          7
   0       14     1955     9963     16103737366     16103747329        12313514       8001       2000      10000          7
   0       14     1955     9963     16103747366     16103757329        12323514       8001       2000      10000          6
   0       14     1955     9965     16103757364     16103767329        12333512       8003       2000      10000          6
   0       14     1955     9964     16103767365     16103777329        12343513       8002       2000      10000          7
   0       14     1955     9965     16103777365     16103787329        12353513       8002       2000      10000          7
   0       14     1955     9964     16103787365     16103797329        12363513       8002       2000      10000          6
   0       14     1955     9964     16103797365     16103807329        12373513       8002       2000      10000          7
   0       14     1955     9964     16103807365     16103817329        12383513       8002       2000      10000          7
   0       14     1955     9964     16103817365     16103827329        12393513       8002       2000      10000          6
   0       14     1955     9964     16103827365     16103837329        12403513       8001       2000      10000          7
   0       14     1955     9965     16103837364     16103847329        12413512       8003       2000      10000          7
   0       14     1955     9965     16103847365     16103857329        12423513       8002       2000      10000          7
   0       14     1955     9964     16103857365     16103867329        12433513       8002       2000      10000          7
   0       14     1955     9965     16103867364     16103877329        12443512       8003       2000      10000          7
   0       14     1955     9965     16103877364     16103887329        12453512       8002       2000      10000          7
   0       14     1955     9964     16103887365     16103897329        12463513       8002       2000      10000          7
   0       14     1955     9963     16103897366     16103907329        12473514       8001       2000      10000          7
   0       14     1955     9964     16103907365     16103917329        12483513       8001       2000      10000          7
   0       14     1955     9969     16103917364     16103927332        12493512       8003       2000      10000         10
   0       14     1320     9964     16103927367     16103937332        12503515       8634       2000      10000          9
   0       14     1341     9971     16103937365     16103947336        12513513       8616       2000      10000         13
   0       14     1290     9950     16103947383     16103957333        12523531       8649       2000      10000         10
   0       14     1955     9952     16103957378     16103967329        12533526       7989       2000      10000          7
   0       14     1955     9962     16103967368     16103977329        12543515       7999       2000      10000          7
   0       14     1955     9963     16103977366     16103987329        12553514       8001       2000      10000          7
   0       14     1955     9964     16103987365     16103997329        12563513       8002       2000      10000          7
   0       14     1956     9942     16103997388     16104007330        12573536       7979       2000      10000          7
   0       14     1955     9964     16104007367     16104017330        12583514       8000       2000      10000          8
   0       14     1955     9962     16104017367     16104027329        12593515       8000       2000      10000          7
   0       14     1955     9963     16104027366     16104037329        12603514       8000       2000      10000          7
   0       14     1955     9964     16104037366     16104047329        12613514       8001       2000      10000          7
   0       14     1955     9963     16104047367     16104057329        12623515       8000       2000      10000          7
   0       14     1955     9963     16104057366     16104067329        12633514       8001       2000      10000          7
   0       14     1955     9964     16104067365     16104077329        12643513       8002       2000      10000          7
   0       14     1955     9964     16104077365     16104087329        12653513       8002       2000      10000          7
   0       14     1955     9964     16104087366     16104097329        12663514       8001       2000      10000          7
   0       14     1955     9964     16104097366     16104107329        12673514       8001       2000      10000          7
   0       14     1955     9964     16104107365     16104117329        12683513       8001       2000      10000          7
   0       14     1955     9964     16104117366     16104127329        12693514       8001       2000      10000          7
   0       14     1955     9964     16104127365     16104137329        12703513       8002       2000      10000          7
   0       14     1955     9965     16104137364     16104147329        12713512       8002       2000      10000          7
   0       14     1955     9963     16104147366     16104157329        12723514       8001       2000      10000          7
   0       14     1955     9964     16104157365     16104167329        12733513       8001       2000      10000          7
   0       14     1955     9963     16104167366     16104177329        12743514       8001       2000      10000          7
   0       14     1955     9965     16104177364     16104187329        12753512       8003       2000      10000          7
   0       14     1955     9965     16104187366     16104197331        12763513       8001       2000      10000          8
   0       14     1955     9964     16104197365     16104207329        12773513       8001       2000      10000          7
   0       14     1955     9969     16104207365     16104217334        12783513       8002       2000      10000         11
   0       14     1342     9963     16104217369     16104227332        12793517       8611       2000      10000         10
   0       14     1339     9966     16104227367     16104237333        12803515       8616       2000      10000         11
   0       14     1955     9951     16104237378     16104247329        12813526       7989       2000      10000          7
   0       14     1955     9962     16104247367     16104257329        12823515       8000       2000      10000          7
   0       14     1955     9963     16104257366     16104267329        12833514       8001       2000      10000          7
   0       14     1955     9964     16104267365     16104277329        12843513       8002       2000      10000          7
   0       14     1955     9964     16104277365     16104287329        12853513       8001       2000      10000          7
   0       14     1955     9965     16104287364     16104297329        12863512       8002       2000      10000          7
   0       14     1955     9965     16104297364     16104307329        12873512       8003       2000      10000          7
   0       14     1955     9964     16104307365     16104317329        12883513       8002       2000      10000          7
   0       14     1955     9963     16104317366     16104327329        12893514       8001       2000      10000          7
   0       14     1956     9942     16104327387     16104337329        12903535       7979       2000      10000          7
   0       14     1955     9963     16104337366     16104347329        12913514       8001       2000      10000          6
   0       14     1955     9965     16104347364     16104357329        12923512       8002       2000      10000          7
   0       14     1955     9965     16104357364     16104367329        12933512       8002       2000      10000          6
   0       14     1955     9966     16104367364     16104377329        12943511       8003       2000      10000          7
   0       14     1955     9965     16104377364     16104387329        12953512       8003       2000      10000          7
   0       14     1955     9965     16104387365     16104397329        12963512       8002       2000      10000          7
   0       14     1955     9964     16104397365     16104407329        12973513       8002       2000      10000          6
   0       14     1955     9965     16104407365     16104417329        12983512       8002       2000      10000          7
   0       14     1955     9964     16104417365     16104427329        12993513       8002       2000      10000          7
   0       14     1955     9965     16104427364     16104437329        13003512       8003       2000      10000          6
   0       14     1955     9965     16104437364     16104447329        13013512       8003       2000      10000          7
   0       14     1955     9964     16104447365     16104457329        13023513       8002       2000      10000          7
   0       14     1955     9965     16104457364     16104467329        13033512       8003       2000      10000          6
   0       14     1955     9964     16104467365     16104477329        13043513       8002       2000      10000          7
   0       14     1955     9963     16104477366     16104487329        13053514       8001       2000      10000          7
   0       14     1955     9968     16104487364     16104497332        13063512       8003       2000      10000         10
   0       14     1332     9964     16104497367     16104507331        13073515       8623       2000      10000          9
   0       14     1343     9973     16104507363     16104517336        13083511       8615       2000      10000         13
   0       14     1328     9951     16104517381     16104527332        13093529       8613       2000      10000          9
   0       14     1955     9953     16104527377     16104537329        13103525       7990       2000      10000          7
   0       14     1955     9962     16104537367     16104547329        13113515       8000       2000      10000          7
   0       14     1955     9963     16104547366     16104557329        13123514       8001       2000      10000          7
   0       14     1955     9963     16104557366     16104567329        13133514       8001       2000      10000          7
   0       14     1955     9964     16104567365     16104577329        13143513       8002       2000      10000          7
   0       14     1955     9964     16104577365     16104587329        13153513       8002       2000      10000          7
   0       14     1955     9965     16104587364     16104597329        13163512       8002       2000      10000          7
   0       14     1955     9965     16104597364     16104607329        13173512       8002       2000      10000          7
   0       14     1955     9964     16104607365     16104617329        13183513       8002       2000      10000          7
   0       14     1955     9965     16104617364     16104627329        13193512       8003       2000      10000          6
   0       14     1955     9964     16104627365     16104637329        13203513       8001       2000      10000          7
   0       14     1955     9964     16104637365     16104647329        13213513       8002       2000      10000          7
   0       14     1955     9965     16104647365     16104657329        13223512       8002       2000      10000          7
   0       14     1956     9942     16104657387     16104667329        13233535       7979       2000      10000          7
   0       14     1955     9964     16104667365     16104677329        13243513       8001       2000      10000          6
   0       14     1955     9965     16104677364     16104687329        13253512       8002       2000      10000          7
   0       14     1955     9963     16104687366     16104697329        13263514       8001       2000      10000          7
   0       14     1955     9965     16104697364     16104707329        13273512       8003       2000      10000          7
   0       14     1955     9965     16104707364     16104717329        13283512       8002       2000      10000          7
   0       14     1955     9965     16104717364     16104727329        13293512       8003       2000      10000          6
   0       14     1955     9965     16104727364     16104737329        13303512       8003       2000      10000          7
   0       14     1955     9964     16104737365     16104747329        13313513       8001       2000      10000          7
   0       14     1955     9965     16104747364     16104757329        13323512       8002       2000      10000          7
   0       14     1955     9964     16104757365     16104767329        13333513       8002       2000      10000          7
   0       14     1955     9965     16104767364     16104777329        13343512       8003       2000      10000          7
   0       14     1823     9968     16104777364     16104787332        13353512       8135       2000      10000         10
   0       14     1343     9965     16104787367     16104797332        13363515       8612       2000      10000          9
   0       14     1373     9967     16104797366     16104807333        13373514       8583       2000      10000         10
   0       14     1955     9951     16104807378     16104817329        13383526       7988       2000      10000          7
   0       14     1955     9961     16104817368     16104827329        13393516       7999       2000      10000          7
   0       14     1955     9962     16104827367     16104837329        13403515       8000       2000      10000          7
   0       14     1955     9965     16104837365     16104847330        13413513       8002       2000      10000          7
   0       14     1955     9964     16104847365     16104857329        13423513       8001       2000      10000          7
   0       14     1955     9964     16104857365     16104867329        13433512       8002       2000      10000          7
   0       14     1955     9964     16104867365     16104877329        13443513       8001       2000      10000          7
   0       14     1955     9965     16104877364     16104887329        13453512       8003       2000      10000          7
   0       14     1955     9965     16104887364     16104897329        13463512       8003       2000      10000          6
   0       14     1955     9964     16104897365     16104907329        13473513       8002       2000      10000          6
   0       14     1955     9964     16104907366     16104917329        13483514       8001       2000      10000          7
   0       14     1955     9965     16104917364     16104927329        13493512       8002       2000      10000          7
   0       14     1955     9965     16104927364     16104937329        13503512       8002       2000      10000          7
   0       14     1955     9965     16104937364     16104947329        13513512       8003       2000      10000          6
   0       14     1955     9966     16104947363     16104957329        13523511       8003       2000      10000          6
   0       14     1955     9965     16104957364     16104967329        13533512       8003       2000      10000          7
   0       14     1955     9964     16104967365     16104977329        13543513       8002       2000      10000          7
   0       14     1955     9965     16104977364     16104987329        13553512       8003       2000      10000          7
   0       14     1956     9942     16104987387     16104997329        13563535       7979       2000      10000          7
   0       14     1955     9964     16104997365     16105007329        13573513       8001       2000      10000          7
   0       14     1955     9965     16105007365     16105017330        13583513       8002       2000      10000          7
   0       14     1955     9962     16105017367     16105027329        13593515       7999       2000      10000          7
   0       14     1955     9962     16105027367     16105037329        13603515       7999       2000      10000          7
   0       14     1955     9964     16105037365     16105047329        13613513       8002       2000      10000          6
   0       14     1955     9964     16105047365     16105057329        13623513       8002       2000      10000          7
   0       14     1955     9968     16105057365     16105067333        13633513       8002       2000      10000         10
   0       14     1333     9963     16105067369     16105077332        13643517       8620       2000      10000          9
   0       14     1345     9971     16105077365     16105087336        13653513       8612       2000      10000         14
   0       14     1402     9952     16105087380     16105097332        13663528       8539       2000      10000         10
   0       14     1955     9952     16105097377     16105107329        13673525       7989       2000      10000          7
   0       14     1955     9962     16105107367     16105117329        13683515       7999       2000      10000          7
   0       14     1955     9963     16105117367     16105127329        13693515       8000       2000      10000          7
   0       14     1955     9963     16105127366     16105137329        13703514       8001       2000      10000          7
   0       14     1955     9964     16105137365     16105147329        13713513       8001       2000      10000          7
   0       14     1955     9964     16105147365     16105157329        13723513       8002       2000      10000          7
   0       14     1955     9964     16105157365     16105167329        13733513       8002       2000      10000          7
   0       14     1955     9964     16105167365     16105177329        13743513       8002       2000      10000          7
   0       14     1955     9965     16105177364     16105187329        13753512       8003       2000      10000          7
   0       14     1955     9964     16105187365     16105197329        13763513       8002       2000      10000          7
   0       14     1955     9965     16105197364     16105207329        13773512       8002       2000      10000          7
   0       14     1955     9964     16105207365     16105217329        13783513       8002       2000      10000          7
   0       14     1955     9963     16105217366     16105227329        13793514       8001       2000      10000          7
   0       14     1955     9965     16105227364     16105237329        13803512       8002       2000      10000          7
   0       14     1955     9965     16105237364     16105247329        13813512       8003       2000      10000          7
   0       14     1955     9965     16105247364     16105257329        13823512       8002       2000      10000          7
   0       14     1955     9965     16105257365     16105267329        13833513       8002       2000      10000          7
   0       14     1955     9964     16105267365     16105277329        13843513       8002       2000      10000          7
   0       14     1955     9965     16105277364     16105287329        13853512       8002       2000      10000          7
   0       14     1955     9964     16105287365     16105297329        13863513       8002       2000      10000          7
   0       14     1955     9964     16105297365     16105307329        13873513       8002       2000      10000          7
   0       14     1955     9964     16105307365     16105317329        13883513       8002       2000      10000          7
   0       14     1955     9942     16105317387     16105327329        13893535       7979       2000      10000          7
   0       14     1955     9964     16105327365     16105337329        13903513       8002       2000      10000          7
   0       14     1955     9964     16105337365     16105347329        13913513       8002       2000      10000          7
   0       14     1645     9967     16105347365     16105357332        13923513       8312       2000      10000         10
   0       14     1343     9967     16105357368     16105367335        13933516       8611       2000      10000         12
   0       14     1283     9956     16105367376     16105377333        13943524       8663       2000      10000         10
   0       14     1955     9950     16105377379     16105387329        13953527       7988       2000      10000          7
   0       14     1955     9960     16105387369     16105397329        13963517       7998       2000      10000          7
   0       14     1955     9963     16105397366     16105407329        13973514       8001       2000      10000          7
   0       14     1955     9962     16105407367     16105417329        13983515       8000       2000      10000          7
   0       14     1955     9964     16105417365     16105427329        13993513       8002       2000      10000          7
   0       14     1955     9963     16105427366     16105437329        14003514       8000       2000      10000          7
   0       14     1955     9964     16105437365     16105447329        14013513       8002       2000      10000          7
   0       14     1955     9965     16105447364     16105457329        14023512       8002       2000      10000          7
   0       14     1955     9965     16105457365     16105467330        14033513       8002       2000      10000          7
   0       14     1955     9965     16105467365     16105477329        14043512       8002       2000      10000          7
   0       14     1955     9964     16105477366     16105487329        14053514       8001       2000      10000          7
   0       14     1955     9964     16105487365     16105497329        14063513       8001       2000      10000          7
   0       14     1955     9965     16105497364     16105507329        14073512       8003       2000      10000          7
   0       14     1955     9965     16105507364     16105517329        14083512       8003       2000      10000          7
   0       14     1955     9964     16105517365     16105527329        14093513       8002       2000      10000          7
   0       14     1955     9965     16105527365     16105537329        14103513       8002       2000      10000          7
   0       14     1955     9964     16105537366     16105547329        14113514       8001       2000      10000          7
   0       14     1955     9965     16105547365     16105557329        14123513       8002       2000      10000          7
   0       14     1955     9965     16105557364     16105567330        14133512       8003       2000      10000          7
   0       14     1955     9965     16105567365     16105577330        14143513       8002       2000      10000          7
   0       14     1955     9963     16105577366     16105587329        14153514       8001       2000      10000          7
   0       14     1955     9964     16105587365     16105597329        14163513       8002       2000      10000          7
   0       14     1955     9964     16105597365     16105607329        14173513       8002       2000      10000          7
   0       14     1955     9965     16105607364     16105617329        14183512       8002       2000      10000          7
   0       14     1955     9964     16105617365     16105627329        14193513       8002       2000      10000          6
   0       14     1955     9968     16105627364     16105637332        14203512       8003       2000      10000         10
   0       14     1341     9963     16105637368     16105647332        14213516       8613       2000      10000          9
   0       14     1337     9944     16105647393     16105657337        14223541       8591       2000      10000         14
   0       14     1657     9951     16105657380     16105667331        14233528       8285       2000      10000          8
   0       14     1955     9954     16105667375     16105677329        14243523       7991       2000      10000          7
   0       14     1955     9962     16105677367     16105687329        14253515       7999       2000      10000          7
   0       14     1955     9963     16105687366     16105697329        14263514       8001       2000      10000          7
   0       14     1955     9964     16105697365     16105707329        14273513       8001       2000      10000          7
   0       14     1955     9964     16105707364     16105717329        14283512       8002       2000      10000          6
   0       14     1955     9964     16105717365     16105727329        14293513       8002       2000      10000          7
   0       14     1955     9963     16105727366     16105737329        14303514       8001       2000      10000          7
   0       14     1955     9964     16105737365     16105747329        14313513       8002       2000      10000          7
   0       14     1955     9964     16105747365     16105757329        14323513       8002       2000      10000          7
   0       14     1955     9965     16105757364     16105767329        14333512       8002       2000      10000          7
   0       14     1955     9965     16105767364     16105777329        14343512       8002       2000      10000          7
   0       14     1955     9964     16105777365     16105787329        14353513       8002       2000      10000          7
   0       14     1955     9965     16105787364     16105797329        14363512       8003       2000      10000          7
   0       14     1955     9965     16105797365     16105807329        14373513       8002       2000      10000          7
   0       14     1955     9964     16105807365     16105817329        14383513       8002       2000      10000          7
   0       14     1955     9964     16105817365     16105827329        14393513       8002       2000      10000          6
   0       14     1955     9965     16105827364     16105837329        14403512       8003       2000      10000          7
   0       14     1955     9965     16105837364     16105847329        14413512       8002       2000      10000          7
   0       14     1955     9964     16105847365     16105857329        14423513       8002       2000      10000          7
   0       14     1955     9964     16105857365     16105867329        14433513       8002       2000      10000          7
   0       14     1955     9965     16105867364     16105877329        14443512       8002       2000      10000          7
   0       14     1955     9964     16105877365     16105887329        14453513       8002       2000      10000          7
   0       14     1955     9965     16105887364     16105897329        14463512       8003       2000      10000          7
   0       14     1955     9964     16105897365     16105907329        14473513       8002       2000      10000          7
   0       14     1955     9967     16105907365     16105917332        14483513       8002       2000      10000         10
   0       14     1322     9965     16105917367     16105927332        14493515       8633       2000      10000         10
   0       14     1344     9970     16105927366     16105937336        14503514       8612       2000      10000         13
   0       14     1312     9950     16105937382     16105947332        14513530       8627       2000      10000          9
   0       14     1955     9952     16105947378     16105957329        14523525       7989       2000      10000          7
   0       14     1955     9963     16105957367     16105967329        14533515       8000       2000      10000          7
   0       14     1955     9964     16105967366     16105977329        14543514       8001       2000      10000          7
   0       14     1955     9941     16105977388     16105987329        14553536       7979       2000      10000          7
   0       14     1955     9964     16105987365     16105997329        14563513       8001       2000      10000          7
   0       14     1955     9964     16105997365     16106007329        14573513       8001       2000      10000          7
   0       14     1955     9965     16106007365     16106017330        14583513       8002       2000      10000          7
   0       14     1955     9962     16106017367     16106027329        14593515       7999       2000      10000          7
   0       14     1955     9963     16106027366     16106037329        14603514       8001       2000      10000          7
   0       14     1955     9963     16106037366     16106047329        14613514       8000       2000      10000          7
   0       14     1955     9962     16106047367     16106057329        14623515       8000       2000      10000          7
   0       14     1955     9963     16106057366     16106067329        14633513       8001       2000      10000          6
   0       14     1955     9964     16106067365     16106077329        14643513       8002       2000      10000          7
   0       14     1955     9964     16106077365     16106087329        14653513       8001       2000      10000          7
   0       14     1955     9965     16106087364     16106097329        14663512       8002       2000      10000          7
   0       14     1955     9964     16106097366     16106107329        14673513       8001       2000      10000          7
   0       14     1955     9963     16106107366     16106117329        14683514       8001       2000      10000          7
   0       14     1955     9964     16106117365     16106127329        14693513       8002       2000      10000          7
   0       14     1955     9964     16106127365     16106137329        14703513       8001       2000      10000          7
   0       14     1955     9965     16106137364     16106147329        14713512       8002       2000      10000          7
   0       14     1955     9964     16106147365     16106157329        14723513       8002       2000      10000          7
   0       14     1955     9965     16106157364     16106167329        14733512       8002       2000      10000          7
   0       14     1955     9964     16106167365     16106177329        14743513       8002       2000      10000          7
   0       14     1955     9964     16106177365     16106187329        14753513       8002       2000      10000          6
   0       14     1955     9965     16106187364     16106197329        14763512       8003       2000      10000          7
   0       14     1955     9968     16106197365     16106207333        14773513       8002       2000      10000         10
   0       14     1340     9964     16106207368     16106217332        14783516       8614       2000      10000          9
   0       14     1314     9971     16106217366     16106227337        14793514       8642       2000      10000         14
   0       14     1802     9942     16106227389     16106237331        14803537       8131       2000      10000          8
   0       14     1955     9954     16106237375     16106247329        14813523       7992       2000      10000          7
   0       14     1955     9962     16106247367     16106257329        14823515       7999       2000      10000          7
   0       14     1955     9963     16106257366     16106267329        14833514       8000       2000      10000          7
   0       14     1955     9963     16106267366     16106277329        14843514       8001       2000      10000          7
   0       14     1955     9964     16106277365     16106287329        14853513       8002       2000      10000          7
   0       14     1955     9964     16106287365     16106297329        14863513       8002       2000      10000          7
   0       14     1955     9965     16106297364     16106307329        14873512       8003       2000      10000          7
   0       14     1956     9942     16106307388     16106317329        14883536       7979       2000      10000          7
   0       14     1955     9963     16106317366     16106327329        14893514       8001       2000      10000          7
   0       14     1955     9964     16106327365     16106337329        14903513       8002       2000      10000          7
   0       14     1955     9965     16106337364     16106347329        14913512       8003       2000      10000          7
   0       14     1955     9964     16106347365     16106357329        14923513       8002       2000      10000          6
   0       14     1955     9965     16106357364     16106367329        14933512       8003       2000      10000          7
   0       14     1955     9964     16106367365     16106377329        14943513       8002       2000      10000          7
   0       14     1955     9964     16106377364     16106387329        14953512       8002       2000      10000          6
   0       14     1955     9965     16106387364     16106397329        14963512       8002       2000      10000          7
   0       14     1955     9964     16106397365     16106407329        14973513       8002       2000      10000          7
   0       14     1955     9964     16106407365     16106417329        14983512       8002       2000      10000          7
   0       14     1955     9965     16106417364     16106427329        14993512       8002       2000      10000          7
   0       14     1955     9965     16106427364     16106437329        15003512       8002       2000      10000          7
   0       14     1955     9964     16106437364     16106447329        15013512       8002       2000      10000          6
   0       14     1955     9964     16106447365     16106457329        15023513       8002       2000      10000          7
   0       14     1955     9965     16106457364     16106467329        15033512       8002       2000      10000          7
   0       14     1955     9965     16106467364     16106477329        15043512       8003       2000      10000          6
   0       14     1955     9968     16106477365     16106487332        15053513       8002       2000      10000         10
   0       14     1324     9965     16106487367     16106497331        15063514       8632       2000      10000          9
   0       14     1345     9972     16106497363     16106507336        15073511       8613       2000      10000         13
   0       14     1268     9951     16106507382     16106517333        15083530       8672       2000      10000         10
   0       14     1955     9951     16106517378     16106527329        15093526       7988       2000      10000          7
   0       14     1955     9961     16106527369     16106537329        15103517       7998       2000      10000          7
   0       14     1955     9963     16106537366     16106547329        15113514       8001       2000      10000          7
   0       14     1955     9963     16106547366     16106557329        15123514       8001       2000      10000          7
   0       14     1955     9965     16106557364     16106567329        15133512       8002       2000      10000          7
   0       14     1955     9965     16106567364     16106577329        15143512       8002       2000      10000          7
   0       14     1955     9965     16106577365     16106587329        15153512       8002       2000      10000          7
   0       14     1955     9964     16106587365     16106597329        15163513       8002       2000      10000          7
   0       14     1955     9964     16106597364     16106607329        15173512       8002       2000      10000          6
   0       14     1955     9963     16106607366     16106617329        15183514       8001       2000      10000          7
   0       14     1955     9965     16106617364     16106627329        15193512       8002       2000      10000          7
   0       14     1955     9963     16106627366     16106637329        15203514       8001       2000      10000          7
   0       14     1955     9943     16106637387     16106647330        15213535       7980       2000      10000          7
   0       14     1955     9964     16106647365     16106657329        15223513       8002       2000      10000          7
   0       14     1955     9964     16106657365     16106667329        15233513       8002       2000      10000          6
   0       14     1955     9964     16106667365     16106677329        15243513       8002       2000      10000          7
   0       14     1955     9964     16106677365     16106687329        15253513       8002       2000      10000          7
   0       14     1955     9964     16106687366     16106697329        15263514       8001       2000      10000          7
   0       14     1955     9965     16106697365     16106707329        15273512       8002       2000      10000          7
   0       14     1955     9965     16106707364     16106717329        15283512       8002       2000      10000          7
   0       14     1955     9965     16106717364     16106727329        15293512       8003       2000      10000          7
   0       14     1955     9965     16106727364     16106737329        15303512       8002       2000      10000          7
   0       14     1955     9964     16106737365     16106747329        15313513       8002       2000      10000          6
   0       14     1955     9964     16106747365     16106757329        15323513       8002       2000      10000          7
   0       14     1955     9964     16106757365     16106767329        15333513       8002       2000      10000          7
   0       14     1955     9967     16106767365     16106777333        15343513       8001       2000      10000         10
   0       14     1368     9965     16106777367     16106787332        15353515       8586       2000      10000         10
   0       14     1359     9967     16106787367     16106797334        15363515       8596       2000      10000         11
   0       14     1955     9950     16106797380     16106807329        15373528       7987       2000      10000          7
   0       14     1955     9962     16106807367     16106817329        15383515       7999       2000      10000          7
   0       14     1955     9963     16106817366     16106827329        15393514       8000       2000      10000          7
   0       14     1955     9963     16106827366     16106837329        15403514       8001       2000      10000          7
   0       14     1955     9964     16106837365     16106847329        15413513       8002       2000      10000          7
   0       14     1955     9965     16106847364     16106857329        15423512       8002       2000      10000          7
   0       14     1955     9963     16106857366     16106867329        15433514       8001       2000      10000          6
   0       14     1955     9965     16106867364     16106877329        15443512       8002       2000      10000          7
   0       14     1955     9964     16106877365     16106887329        15453513       8002       2000      10000          7
   0       14     1955     9964     16106887365     16106897329        15463513       8002       2000      10000          7
   0       14     1955     9964     16106897365     16106907329        15473513       8002       2000      10000          7
   0       14     1955     9964     16106907365     16106917329        15483513       8002       2000      10000          7
   0       14     1955     9965     16106917365     16106927329        15493513       8002       2000      10000          7
   0       14     1955     9965     16106927364     16106937329        15503512       8002       2000      10000          7
   0       14     1955     9964     16106937365     16106947329        15513513       8001       2000      10000          7
   0       14     1955     9964     16106947365     16106957329        15523513       8002       2000      10000          7
   0       14     1955     9964     16106957365     16106967329        15533513       8002       2000      10000          7
   0       14     1956     9943     16106967387     16106977330        15543535       7980       2000      10000          7
   0       14     1955     9963     16106977366     16106987329        15553514       8001       2000      10000          7
   0       14     1955     9963     16106987366     16106997329        15563513       8001       2000      10000          6
   0       14     1955     9965     16106997365     16107007329        15573513       8002       2000      10000          7
   0       14     1955     9965     16107007365     16107017330        15583513       8001       2000      10000          7
   0       14     1955     9962     16107017367     16107027329        15593515       8000       2000      10000          7
   0       14     1955     9964     16107027365     16107037329        15603513       8002       2000      10000          7
   0       14     1955     9963     16107037366     16107047329        15613514       8001       2000      10000          7
   0       14     1955     9966     16107047366     16107057333        15623514       8000       2000      10000         10
   0       14     1347     9963     16107057368     16107067331        15633516       8607       2000      10000          9
   0       14     1340     9973     16107067364     16107077336        15643512       8619       2000      10000         13
   0       14     1316     9951     16107077382     16107087333        15653530       8623       2000      10000         10
   0       14     1955     9950     16107087379     16107097329        15663527       7987       2000      10000          7
   0       14     1955     9961     16107097368     16107107329        15673516       7999       2000      10000          7
   0       14     1955     9964     16107107365     16107117329        15683513       8001       2000      10000          7
   0       14     1955     9963     16107117366     16107127329        15693514       8001       2000      10000          7
   0       14     1955     9964     16107127365     16107137329        15703513       8002       2000      10000          7
   0       14     1955     9964     16107137365     16107147329        15713513       8001       2000      10000          7
   0       14     1955     9964     16107147365     16107157329        15723513       8002       2000      10000          7
   0       14     1955     9964     16107157365     16107167329        15733513       8002       2000      10000          6
   0       14     1955     9965     16107167364     16107177329        15743512       8002       2000      10000          7
   0       14     1955     9964     16107177365     16107187329        15753513       8002       2000      10000          7
   0       14     1955     9965     16107187364     16107197329        15763512       8002       2000      10000          7
   0       14     1955     9964     16107197365     16107207329        15773513       8002       2000      10000          7
   0       14     1955     9965     16107207364     16107217329        15783512       8003       2000      10000          7
   0       14     1955     9964     16107217365     16107227329        15793513       8001       2000      10000          6
   0       14     1955     9964     16107227365     16107237329        15803513       8002       2000      10000          7
   0       14     1955     9964     16107237365     16107247329        15813513       8002       2000      10000          7
   0       14     1955     9965     16107247364     16107257329        15823512       8002       2000      10000          6
   0       14     1955     9965     16107257364     16107267329        15833512       8002       2000      10000          7
   0       14     1955     9964     16107267365     16107277329        15843513       8002       2000      10000          7
   0       14     1955     9964     16107277365     16107287329        15853513       8002       2000      10000          7
   0       14     1955     9965     16107287365     16107297329        15863513       8002       2000      10000          7
   0       14     1955     9942     16107297387     16107307329        15873535       7979       2000      10000          7
   0       14     1955     9963     16107307366     16107317329        15883514       8001       2000      10000          7
   0       14     1955     9964     16107317365     16107327329        15893513       8001       2000      10000          7
   0       14     1955     9965     16107327364     16107337329        15903512       8003       2000      10000          7
   0       14     1916     9967     16107337364     16107347332        15913512       8042       2000      10000          9
   0       14     1349     9966     16107347367     16107357333        15923515       8606       2000      10000         10
   0       14     1390     9966     16107357367     16107367333        15933515       8565       2000      10000         11
   0       14     1955     9950     16107367379     16107377329        15943527       7988       2000      10000          7
   0       14     1955     9962     16107377367     16107387329        15953515       8000       2000      10000          7
   0       14     1955     9962     16107387367     16107397329        15963515       8000       2000      10000          7
   0       14     1955     9963     16107397366     16107407329        15973514       8001       2000      10000          7
   0       14     1955     9964     16107407366     16107417329        15983514       8001       2000      10000          7
   0       14     1955     9965     16107417364     16107427329        15993512       8002       2000      10000          6
   0       14     1955     9964     16107427365     16107437329        16003513       8002       2000      10000          7
   0       14     1955     9964     16107437364     16107447328        16013512       8002       2000      10000          6
   0       14     1955     9965     16107447364     16107457329        16023512       8003       2000      10000          7
   0       14     1955     9965     16107457364     16107467329        16033512       8003       2000      10000          7
   0       14     1955     9965     16107467364     16107477329        16043512       8002       2000      10000          7
   0       14     1955     9965     16107477364     16107487329        16053512       8002       2000      10000          6
   0       14     1955     9965     16107487364     16107497329        16063512       8002       2000      10000          7
   0       14     1955     9964     16107497365     16107507329        16073513       8002       2000      10000          7
   0       14     1955     9964     16107507365     16107517329        16083513       8002       2000      10000          7
   0       14     1955     9965     16107517364     16107527329        16093512       8002       2000      10000          7
   0       14     1955     9965     16107527364     16107537329        16103512       8003       2000      10000          7
   0       14     1955     9965     16107537364     16107547329        16113512       8003       2000      10000          6
   0       14     1955     9965     16107547364     16107557329        16123512       8002       2000      10000          7
   0       14     1955     9965     16107557364     16107567329        16133512       8003       2000      10000          7
   0       14     1955     9964     16107567365     16107577329        16143513       8002       2000      10000          7
   0       14     1955     9964     16107577365     16107587329        16153513       8002       2000      10000          7
   0       14     1955     9965     16107587364     16107597329        16163512       8003       2000      10000          7
   0       14     1955     9965     16107597364     16107607329        16173512       8002       2000      10000          7
   0       14     1955     9964     16107607365     16107617329        16183513       8002       2000      10000          7
   0       14     1955     9968     16107617364     16107627332        16193512       8002       2000      10000         10
   0       14     1338     9937     16107627395     16107637332        16203543       8589       2000      10000         10
   0       14     1345     9969     16107637367     16107647336        16213515       8610       2000      10000         13
   0       14     1403     9954     16107647378     16107657332        16223526       8540       2000      10000          9
   0       14     1955     9952     16107657377     16107667329        16233525       7989       2000      10000          7
   0       14     1955     9962     16107667367     16107677329        16243515       7999       2000      10000          7
   0       14     1955     9963     16107677366     16107687329        16253514       8001       2000      10000          6
   0       14     1955     9963     16107687366     16107697329        16263514       8001       2000      10000          7
   0       14     1955     9964     16107697365     16107707329        16273513       8002       2000      10000          7
   0       14     1955     9963     16107707366     16107717329        16283514       8001       2000      10000          7
   0       14     1955     9965     16107717364     16107727329        16293512       8002       2000      10000          7
   0       14     1955     9963     16107727366     16107737329        16303514       8001       2000      10000          7
   0       14     1955     9964     16107737365     16107747329        16313513       8002       2000      10000          7
   0       14     1955     9965     16107747365     16107757329        16323513       8002       2000      10000          7
   0       14     1955     9964     16107757365     16107767329        16333513       8002       2000      10000          7
   0       14     1955     9964     16107767365     16107777329        16343513       8002       2000      10000          7
   0       14     1955     9965     16107777364     16107787329        16353512       8003       2000      10000          7
   0       14     1955     9965     16107787364     16107797329        16363512       8003       2000      10000          7
   0       14     1955     9965     16107797364     16107807329        16373512       8003       2000      10000          6
   0       14     1955     9964     16107807365     16107817329        16383513       8002       2000      10000          7
   0       14     1955     9964     16107817365     16107827329        16393513       8001       2000      10000          7
   0       14     1955     9964     16107827365     16107837329        16403513       8002       2000      10000          7
   0       14     1955     9965     16107837364     16107847329        16413512       8002       2000      10000          7
   0       14     1955     9965     16107847364     16107857329        16423512       8003       2000      10000          7
   0       14     1955     9965     16107857364     16107867329        16433512       8002       2000      10000          7
   0       14     1955     9964     16107867365     16107877329        16443513       8002       2000      10000          7
   0       14     1955     9964     16107877365     16107887329        16453513       8002       2000      10000          7
   0       14     1955     9964     16107887365     16107897329        16463513       8001       2000      10000          7
   0       14     1955     9964     16107897365     16107907329        16473513       8002       2000      10000          6
   0       14     1462     9967     16107907364     16107917332        16483512       8496       2000      10000          9
   0       14     1342     9968     16107917367     16107927336        16493515       8613       2000      10000         13
   0       14     1295     9949     16107927383     16107937333        16503531       8643       2000      10000         10
   0       14     1955     9951     16107937378     16107947330        16513526       7988       2000      10000          7
   0       14     1955     9961     16107947368     16107957329        16523516       7999       2000      10000          7
   0       14     1955     9942     16107957388     16107967329        16533536       7979       2000      10000          7
   0       14     1955     9962     16107967367     16107977329        16543515       8000       2000      10000          7
   0       14     1955     9963     16107977366     16107987329        16553514       8001       2000      10000          7
   0       14     1955     9964     16107987365     16107997329        16563513       8002       2000      10000          6
   0       14     1955     9964     16107997365     16108007329        16573513       8002       2000      10000          7
   0       14     1955     9965     16108007365     16108017330        16583513       8002       2000      10000          7
   0       14     1955     9963     16108017366     16108027329        16593514       8001       2000      10000          7
   0       14     1955     9963     16108027366     16108037329        16603514       8001       2000      10000          7
   0       14     1955     9963     16108037366     16108047329        16613514       8001       2000      10000          7
   0       14     1955     9963     16108047366     16108057329        16623514       8001       2000      10000          7
   0       14     1955     9964     16108057366     16108067329        16633513       8001       2000      10000          7
   0       14     1955     9964     16108067365     16108077329        16643513       8002       2000      10000          7
   0       14     1955     9964     16108077365     16108087329        16653513       8002       2000      10000          7
   0       14     1955     9965     16108087365     16108097330        16663513       8002       2000      10000          7
   0       14     1955     9965     16108097364     16108107329        16673512       8003       2000      10000          7
   0       14     1955     9963     16108107366     16108117329        16683514       8001       2000      10000          7
   0       14     1955     9964     16108117365     16108127329        16693513       8002       2000      10000          7
   0       14     1955     9965     16108127364     16108137329        16703512       8003       2000      10000          7
   0       14     1955     9964     16108137365     16108147329        16713513       8002       2000      10000          7
   0       14     1955     9963     16108147366     16108157329        16723514       8001       2000      10000          7
   0       14     1955     9965     16108157365     16108167329        16733513       8002       2000      10000          7
   0       14     1955     9963     16108167366     16108177329        16743514       8001       2000      10000          7
   0       14     1955     9965     16108177365     16108187329        16753512       8002       2000      10000          7
   0       14     1955     9967     16108187366     16108197333        16763514       8001       2000      10000         10
   0       14     1340     9963     16108197369     16108207332        16773517       8612       2000      10000         10
   0       14     1326     9970     16108207367     16108217336        16783515       8629       2000      10000         14
   0       14     1723     9937     16108217394     16108227331        16793542       8205       2000      10000          8
   0       14     1955     9955     16108227375     16108237330        16803523       7992       2000      10000          7
   0       14     1955     9961     16108237368     16108247329        16813516       7999       2000      10000          7
   0       14     1955     9964     16108247366     16108257329        16823514       8001       2000      10000          7
   0       14     1955     9963     16108257366     16108267329        16833514       8001       2000      10000          7
   0       14     1955     9963     16108267366     16108277329        16843514       8001       2000      10000          7
   0       14     1955     9963     16108277366     16108287329        16853514       8001       2000      10000          7
   0       14     1956     9941     16108287389     16108297329        16863537       7978       2000      10000          7
   0       14     1955     9963     16108297367     16108307329        16873515       8000       2000      10000          7
   0       14     1955     9965     16108307365     16108317329        16883513       8002       2000      10000          7
   0       14     1955     9964     16108317365     16108327329        16893513       8001       2000      10000          7
   0       14     1955     9964     16108327365     16108337329        16903513       8001       2000      10000          7
   0       14     1955     9963     16108337366     16108347329        16913514       8001       2000      10000          7
   0       14     1955     9964     16108347365     16108357329        16923513       8002       2000      10000          7
   0       14     1955     9965     16108357365     16108367329        16933513       8002       2000      10000          7
   0       14     1955     9965     16108367364     16108377329        16943512       8002       2000      10000          7
   0       14     1955     9964     16108377366     16108387329        16953514       8001       2000      10000          7
   0       14     1955     9965     16108387365     16108397329        16963513       8002       2000      10000          7
   0       14     1955     9965     16108397365     16108407329        16973513       8002       2000      10000          7
   0       14     1955     9966     16108407365     16108417330        16983513       8002       2000      10000          8
   0       14     1955     9964     16108417366     16108427329        16993514       8001       2000      10000          7
   0       14     1955     9965     16108427364     16108437329        17003512       8003       2000      10000          6
   0       14     1955     9964     16108437365     16108447329        17013513       8002       2000      10000          7
   0       14     1955     9964     16108447365     16108457329        17023513       8002       2000      10000          6
   0       14     1955     9965     16108457365     16108467329        17033513       8002       2000      10000          7
   0       14     1955     9965     16108467364     16108477329        17043512       8002       2000      10000          7
   0       14     1314     9956     16108477376     16108487332        17053524       8632       2000      10000          9
   0       14     1346     9969     16108487367     16108497336        17063515       8609       2000      10000         13
   0       14     1303     9953     16108497379     16108507333        17073527       8640       2000      10000         10
   0       14     1955     9951     16108507378     16108517329        17083526       7988       2000      10000          7
   0       14     1955     9962     16108517367     16108527329        17093515       7999       2000      10000          7
   0       14     1955     9963     16108527367     16108537329        17103515       8000       2000      10000          7
   0       14     1955     9963     16108537366     16108547329        17113514       8001       2000      10000          7
   0       14     1955     9963     16108547366     16108557329        17123514       8001       2000      10000          6
   0       14     1955     9964     16108557365     16108567329        17133513       8002       2000      10000          7
   0       14     1955     9964     16108567365     16108577329        17143513       8002       2000      10000          7
   0       14     1955     9964     16108577365     16108587329        17153513       8002       2000      10000          7
   0       14     1955     9965     16108587364     16108597329        17163512       8003       2000      10000          7
   0       14     1955     9965     16108597364     16108607329        17173512       8002       2000      10000          7
   0       14     1955     9965     16108607364     16108617329        17183512       8003       2000      10000          7
   0       14     1956     9942     16108617387     16108627329        17193535       7979       2000      10000          7
   0       14     1955     9964     16108627365     16108637329        17203513       8002       2000      10000          7
   0       14     1955     9964     16108637365     16108647329        17213513       8002       2000      10000          7
   0       14     1955     9964     16108647365     16108657329        17223513       8002       2000      10000          7
   0       14     1955     9965     16108657364     16108667329        17233512       8002       2000      10000          7
   0       14     1955     9964     16108667365     16108677329        17243513       8002       2000      10000          7
   0       14     1955     9965     16108677364     16108687329        17253512       8003       2000      10000          7
   0       14     1955     9965     16108687364     16108697329        17263512       8003       2000      10000          7
   0       14     1955     9964     16108697365     16108707329        17273513       8002       2000      10000          7
   0       14     1955     9965     16108707364     16108717329        17283512       8003       2000      10000          7
   0       14     1955     9964     16108717365     16108727329        17293513       8002       2000      10000          7
   0       14     1955     9965     16108727365     16108737329        17303513       8002       2000      10000          7
   0       14     1955     9964     16108737365     16108747329        17313513       8002       2000      10000          7
   0       14     1955     9965     16108747364     16108757329        17323512       8002       2000      10000          6
   0       14     1955     9968     16108757365     16108767332        17333513       8002       2000      10000         10
   0       14     1341     9964     16108767368     16108777332        17343516       8612       2000      10000         10
   0       14     1365     9966     16108777367     16108787333        17353514       8590       2000      10000         10
   0       14     1955     9953     16108787377     16108797329        17363525       7990       2000      10000          7
   0       14     1955     9962     16108797367     16108807329        17373515       7999       2000      10000          7
   0       14     1955     9963     16108807366     16108817329        17383514       8001       2000      10000          7
   0       14     1955     9964     16108817365     16108827329        17393513       8001       2000      10000          7
   0       14     1955     9964     16108827365     16108837329        17403513       8002       2000      10000          7
   0       14     1955     9963     16108837366     16108847329        17413514       8001       2000      10000          7
   0       14     1955     9964     16108847365     16108857329        17423513       8002       2000      10000          7
   0       14     1955     9964     16108857365     16108867329        17433513       8002       2000      10000          7
   0       14     1955     9965     16108867364     16108877329        17443512       8002       2000      10000          7
   0       14     1955     9963     16108877366     16108887329        17453514       8001       2000      10000          6
   0       14     1955     9964     16108887365     16108897329        17463513       8001       2000      10000          7
   0       14     1955     9964     16108897365     16108907329        17473513       8002       2000      10000          7
   0       14     1955     9964     16108907365     16108917329        17483513       8002       2000      10000          7
   0       14     1955     9965     16108917364     16108927329        17493512       8003       2000      10000          6
   0       14     1955     9964     16108927365     16108937329        17503513       8002       2000      10000          7
   0       14     1955     9965     16108937365     16108947329        17513513       8002       2000      10000          7
   0       14     1955     9942     16108947387     16108957329        17523535       7979       2000      10000          7
   0       14     1955     9964     16108957365     16108967329        17533513       8001       2000      10000          7
   0       14     1955     9964     16108967365     16108977329        17543513       8002       2000      10000          6
   0       14     1955     9965     16108977364     16108987329        17553512       8002       2000      10000          7
   0       14     1955     9964     16108987364     16108997329        17563512       8002       2000      10000          6
   0       14     1955     9964     16108997365     16109007329        17573513       8002       2000      10000          7
   0       14     1957     9966     16109007365     16109017331        17583513       8001       2000      10000          8
   0       14     1955     9960     16109017370     16109027329        17593518       7997       2000      10000          7
   0       14     1955     9962     16109027367     16109037329        17603515       8000       2000      10000          7
   0       14     1955     9967     16109037366     16109047332        17613514       8001       2000      10000         10
   0       14     1313     9963     16109047368     16109057332        17623516       8640       2000      10000          9
   0       14     1361     9973     16109057364     16109067336        17633512       8597       2000      10000         14
   0       14     1284     9950     16109067382     16109077332        17643530       8656       2000      10000         10
   0       14     1955     9952     16109077377     16109087329        17653525       7990       2000      10000          7
   0       14     1955     9962     16109087368     16109097329        17663516       7999       2000      10000          7
   0       14     1955     9964     16109097366     16109107329        17673514       8001       2000      10000          7
   0       14     1955     9964     16109107366     16109117329        17683514       8001       2000      10000          7
   0       14     1955     9963     16109117366     16109127329        17693514       8001       2000      10000          7
   0       14     1955     9964     16109127365     16109137329        17703513       8002       2000      10000          7
   0       14     1955     9964     16109137365     16109147329        17713513       8002       2000      10000          7
   0       14     1955     9964     16109147365     16109157329        17723513       8002       2000      10000          6
   0       14     1955     9965     16109157365     16109167329        17733513       8002       2000      10000          7
   0       14     1955     9964     16109167365     16109177329        17743513       8002       2000      10000          6
   0       14     1955     9965     16109177364     16109187329        17753512       8003       2000      10000          7
   0       14     1955     9965     16109187365     16109197329        17763513       8002       2000      10000          7
   0       14     1955     9965     16109197364     16109207329        17773512       8002       2000      10000          7
   0       14     1955     9965     16109207364     16109217329        17783512       8003       2000      10000          7
   0       14     1955     9965     16109217364     16109227329        17793512       8003       2000      10000          7
   0       14     1955     9965     16109227364     16109237329        17803512       8003       2000      10000          7
   0       14     1955     9964     16109237365     16109247330        17813513       8002       2000      10000          7
   0       14     1955     9965     16109247365     16109257329        17823512       8002       2000      10000          7
   0       14     1955     9965     16109257364     16109267329        17833512       8003       2000      10000          7
   0       14     1955     9965     16109267364     16109277329        17843512       8002       2000      10000          7
   0       14     1956     9942     16109277388     16109287330        17853536       7979       2000      10000          7
   0       14     1955     9963     16109287366     16109297329        17863514       8001       2000      10000          7
   0       14     1955     9964     16109297365     16109307329        17873513       8001       2000      10000          7
   0       14     1955     9965     16109307364     16109317329        17883512       8003       2000      10000          7
   0       14     1955     9965     16109317365     16109327329        17893512       8002       2000      10000          7
   0       14     1955     9968     16109327365     16109337333        17903513       8002       2000      10000         10
   0       14     1341     9964     16109337369     16109347332        17913516       8612       2000      10000         10
   0       14     1421     9966     16109347367     16109357333        17923515       8534       2000      10000         10
   0       14     1955     9950     16109357379     16109367329        17933527       7987       2000      10000          7
   0       14     1955     9964     16109367368     16109377332        17943516       7999       2000      10000          9
   0       14     1955     9955     16109377374     16109387329        17953522       7993       2000      10000          7
   0       14     1955     9962     16109387368     16109397329        17963516       7999       2000      10000          7
   0       14     1955     9962     16109397368     16109407329        17973515       7999       2000      10000          7
   0       14     1955     9962     16109407367     16109417329        17983515       7999       2000      10000          7
   0       14     1955     9962     16109417368     16109427329        17993516       7999       2000      10000          7
   0       14     1955     9963     16109427366     16109437329        18003514       8001       2000      10000          7
   0       14     1955     9963     16109437366     16109447329        18013514       8001       2000      10000          7
   0       14     1955     9963     16109447365     16109457329        18023513       8001       2000      10000          7
   0       14     1955     9964     16109457365     16109467329        18033513       8002       2000      10000          7
   0       14     1955     9963     16109467366     16109477329        18043514       8001       2000      10000          7
   0       14     1955     9964     16109477366     16109487329        18053514       8001       2000      10000          7
   0       14     1955     9962     16109487367     16109497329        18063515       8000       2000      10000          7
   0       14     1955     9964     16109497365     16109507329        18073513       8001       2000      10000          7
   0       14     1955     9963     16109507366     16109517329        18083514       8001       2000      10000          6
   0       14     1955     9964     16109517366     16109527329        18093514       8001       2000      10000          7
   0       14     1955     9964     16109527366     16109537329        18103514       8001       2000      10000          7
   0       14     1955     9963     16109537366     16109547329        18113514       8000       2000      10000          7
   0       14     1955     9964     16109547365     16109557329        18123513       8002       2000      10000          7
   0       14     1955     9964     16109557365     16109567329        18133513       8001       2000      10000          7
   0       14     1955     9965     16109567364     16109577329        18143512       8003       2000      10000          7
   0       14     1955     9965     16109577364     16109587329        18153512       8002       2000      10000          7
   0       14     1955     9965     16109587364     16109597329        18163512       8003       2000      10000          6
   0       14     1955     9965     16109597364     16109607329        18173512       8003       2000      10000          7
   0       14     1956     9944     16109607389     16109617332        18183537       7977       2000      10000         10
   0       14     1357     9963     16109617369     16109627332        18193517       8596       2000      10000          9
   0       14     1361     9972     16109627364     16109637336        18203512       8597       2000      10000         13
   0       14     1202     9953     16109637379     16109647332        18213527       8741       2000      10000         10
   0       14     1955     9953     16109647377     16109657330        18223525       7989       2000      10000          7
   0       14     1955     9962     16109657367     16109667329        18233515       7999       2000      10000          7
   0       14     1955     9963     16109667366     16109677329        18243514       8001       2000      10000          7
   0       14     1955     9964     16109677365     16109687329        18253513       8002       2000      10000          7
   0       14     1955     9964     16109687366     16109697329        18263513       8001       2000      10000          7
   0       14     1955     9963     16109697366     16109707329        18273514       8001       2000      10000          7
   0       14     1955     9964     16109707365     16109717329        18283513       8002       2000      10000          7
   0       14     1955     9963     16109717366     16109727329        18293514       8001       2000      10000          7
   0       14     1955     9965     16109727364     16109737329        18303512       8002       2000      10000          7
   0       14     1955     9965     16109737364     16109747329        18313512       8003       2000      10000          7
   0       14     1955     9964     16109747365     16109757329        18323513       8002       2000      10000          7
   0       14     1955     9965     16109757364     16109767329        18333512       8002       2000      10000          7
   0       14     1955     9965     16109767364     16109777329        18343512       8002       2000      10000          7
   0       14     1955     9964     16109777365     16109787329        18353513       8002       2000      10000          7
   0       14     1955     9965     16109787364     16109797329        18363512       8003       2000      10000          7
   0       14     1955     9965     16109797365     16109807329        18373513       8002       2000      10000          7
   0       14     1955     9965     16109807364     16109817329        18383512       8002       2000      10000          7
   0       14     1955     9966     16109817365     16109827331        18393513       8001       2000      10000          9
   0       14     1955     9963     16109827366     16109837329        18403514       8001       2000      10000          7
   0       14     1955     9966     16109837364     16109847330        18413512       8003       2000      10000          7
   0       14     1955     9963     16109847366     16109857329        18423514       8001       2000      10000          7
   0       14     1955     9965     16109857364     16109867329        18433512       8003       2000      10000          7
   0       14     1955     9965     16109867364     16109877329        18443512       8002       2000      10000          7
   0       14     1955     9964     16109877365     16109887329        18453513       8001       2000      10000          7
   0       14     1955     9965     16109887364     16109897329        18463512       8002       2000      10000          7
   0       14     1955     9968     16109897365     16109907333        18473513       8002       2000      10000         10
   0       14     1368     9963     16109907369     16109917332        18483517       8585       2000      10000          9
   0       14     1397     9967     16109917366     16109927333        18493514       8558       2000      10000         10
   0       14     1955     9951     16109927379     16109937329        18503527       7988       2000      10000          7
   0       14     1956     9939     16109937390     16109947330        18513538       7976       2000      10000          7
   0       14     1955     9961     16109947368     16109957329        18523516       7999       2000      10000          7
   0       14     1955     9963     16109957366     16109967329        18533514       8001       2000      10000          7
   0       14     1955     9964     16109967365     16109977329        18543513       8002       2000      10000          7
   0       14     1955     9964     16109977365     16109987329        18553513       8001       2000      10000          6
   0       14     1955     9964     16109987365     16109997329        18563513       8001       2000      10000          6
   0       14     1955     9964     16109997365     16110007329        18573513       8001       2000      10000          7
   0       14     1955     9967     16110007364     16110017331        18583512       8002       2000      10000          8
   0       14     1955     9962     16110017367     16110027329        18593515       7999       2000      10000          7
   0       14     1955     9963     16110027366     16110037329        18603514       8001       2000      10000          7
   0       14     1955     9963     16110037366     16110047329        18613514       8001       2000      10000          7
   0       14     1955     9963     16110047366     16110057329        18623514       8001       2000      10000          7
   0       14     1955     9964     16110057365     16110067329        18633513       8002       2000      10000          7
   0       14     1955     9964     16110067365     16110077329        18643513       8001       2000      10000          7
   0       14     1955     9965     16110077364     16110087329        18653512       8003       2000      10000          7
   0       14     1955     9963     16110087366     16110097329        18663514       8001       2000      10000          7
   0       14     1955     9965     16110097364     16110107329        18673512       8002       2000      10000          7
   0       14     1955     9963     16110107366     16110117329        18683514       8001       2000      10000          7
   0       14     1955     9965     16110117365     16110127329        18693513       8002       2000      10000          7
   0       14     1955     9964     16110127365     16110137329        18703513       8002       2000      10000          6
   0       14     1955     9965     16110137364     16110147329        18713512       8003       2000      10000          7
   0       14     1955     9964     16110147365     16110157329        18723513       8002       2000      10000          7
   0       14     1955     9964     16110157365     16110167329        18733513       8002       2000      10000          7
   0       14     1955     9965     16110167364     16110177329        18743512       8003       2000      10000          7
   0       14     1955     9968     16110177364     16110187333        18753512       8002       2000      10000         10
   0       14     1332     9963     16110187369     16110197331        18763517       8621       2000      10000          9
   0       14     1338     9974     16110197363     16110207336        18773511       8621       2000      10000         13
   0       14     1331     9950     16110207382     16110217333        18783530       8608       2000      10000         10
   0       14     1955     9952     16110217378     16110227329        18793526       7989       2000      10000          7
   0       14     1955     9962     16110227368     16110237329        18803516       7999       2000      10000          7
   0       14     1955     9963     16110237366     16110247329        18813514       8001       2000      10000          7
   0       14     1955     9964     16110247365     16110257329        18823513       8002       2000      10000          7
   0       14     1955     9964     16110257365     16110267329        18833513       8002       2000      10000          7
   0       14     1955     9942     16110267388     16110277329        18843536       7979       2000      10000          7
   0       14     1955     9964     16110277365     16110287329        18853513       8002       2000      10000          7
   0       14     1955     9963     16110287366     16110297329        18863514       8000       2000      10000          7
   0       14     1955     9964     16110297365     16110307329        18873513       8002       2000      10000          6
   0       14     1955     9964     16110307365     16110317329        18883513       8002       2000      10000          7
   0       14     1955     9964     16110317365     16110327329        18893513       8002       2000      10000          7
   0       14     1955     9965     16110327365     16110337329        18903512       8002       2000      10000          7
   0       14     1955     9965     16110337364     16110347329        18913512       8003       2000      10000          7
   0       14     1955     9964     16110347365     16110357329        18923513       8002       2000      10000          7
   0       14     1955     9964     16110357365     16110367329        18933512       8002       2000      10000          6
   0       14     1955     9965     16110367364     16110377329        18943512       8003       2000      10000          7
   0       14     1955     9964     16110377365     16110387329        18953513       8002       2000      10000          7
   0       14     1955     9964     16110387365     16110397329        18963513       8002       2000      10000          6
   0       14     1955     9965     16110397364     16110407329        18973512       8003       2000      10000          7
   0       14     1955     9965     16110407365     16110417329        18983513       8002       2000      10000          7
   0       14     1955     9964     16110417365     16110427329        18993513       8002       2000      10000          7
   0       14     1955     9964     16110427365     16110437329        19003513       8002       2000      10000          7
   0       14     1955     9964     16110437365     16110447329        19013513       8002       2000      10000          7
   0       14     1955     9964     16110447365     16110457329        19023513       8002       2000      10000          7
   0       14     1955     9965     16110457364     16110467329        19033512       8002       2000      10000          7
   0       14     1744     9967     16110467365     16110477332        19043513       8213       2000      10000          9
   0       14     1343     9967     16110477368     16110487335        19053516       8611       2000      10000         12
   0       14     1313     9945     16110487389     16110497334        19063537       8620       2000      10000         11
   0       14     1955     9949     16110497381     16110507329        19073529       7986       2000      10000          7
   0       14     1955     9963     16110507367     16110517329        19083515       8000       2000      10000          7
   0       14     1955     9962     16110517367     16110527329        19093515       8000       2000      10000          7
   0       14     1955     9963     16110527366     16110537329        19103514       8000       2000      10000          7
   0       14     1955     9963     16110537366     16110547329        19113514       8001       2000      10000          7
   0       14     1955     9963     16110547366     16110557329        19123514       8000       2000      10000          7
   0       14     1955     9964     16110557365     16110567329        19133513       8001       2000      10000          7
   0       14     1955     9964     16110567365     16110577329        19143513       8002       2000      10000          7
   0       14     1955     9964     16110577365     16110587329        19153513       8002       2000      10000          7
   0       14     1955     9965     16110587364     16110597329        19163512       8002       2000      10000          7
   0       14     1956     9937     16110597392     16110607329        19173540       7975       2000      10000          7
   0       14     1955     9963     16110607366     16110617329        19183514       8000       2000      10000          7
   0       14     1955     9963     16110617366     16110627329        19193514       8001       2000      10000          7
   0       14     1955     9964     16110627365     16110637329        19203513       8002       2000      10000          7
   0       14     1955     9964     16110637365     16110647329        19213513       8001       2000      10000          7
   0       14     1955     9964     16110647365     16110657329        19223513       8002       2000      10000          6
   0       14     1955     9965     16110657364     16110667329        19233512       8003       2000      10000          7
   0       14     1955     9964     16110667365     16110677329        19243513       8002       2000      10000          7
   0       14     1955     9964     16110677365     16110687329        19253513       8002       2000      10000          6
   0       14     1955     9966     16110687364     16110697329        19263512       8003       2000      10000          7
   0       14     1955     9964     16110697365     16110707329        19273513       8002       2000      10000          7
   0       14     1955     9965     16110707364     16110717329        19283512       8003       2000      10000          7
   0       14     1955     9965     16110717364     16110727329        19293512       8003       2000      10000          7
   0       14     1955     9965     16110727364     16110737329        19303512       8003       2000      10000          7
   0       14     1955     9966     16110737364     16110747329        19313511       8003       2000      10000          7
   0       14     1955     9969     16110747364     16110757333        19323512       8003       2000      10000         10
   0       14     1338     9963     16110757368     16110767332        19333516       8615       2000      10000          9
   0       14     1325     9970     16110767366     16110777336        19343514       8631       2000      10000         13
   0       14     1523     9953     16110777379     16110787332        19353527       8420       2000      10000          9
   0       14     1955     9953     16110787376     16110797329        19363524       7990       2000      10000          7
   0       14     1955     9962     16110797367     16110807329        19373515       7999       2000      10000          7
   0       14     1955     9963     16110807366     16110817329        19383514       8001       2000      10000          7
   0       14     1955     9963     16110817366     16110827329        19393514       8001       2000      10000          7
   0       14     1955     9965     16110827364     16110837329        19403512       8003       2000      10000          7
   0       14     1955     9964     16110837366     16110847329        19413514       8001       2000      10000          7
   0       14     1955     9965     16110847364     16110857329        19423512       8003       2000      10000          7
   0       14     1955     9965     16110857364     16110867329        19433512       8002       2000      10000          6
   0       14     1955     9965     16110867364     16110877329        19443512       8002       2000      10000          7
   0       14     1955     9963     16110877365     16110887329        19453513       8001       2000      10000          6
   0       14     1955     9965     16110887364     16110897329        19463512       8002       2000      10000          7
   0       14     1955     9964     16110897366     16110907329        19473514       8001       2000      10000          7
   0       14     1955     9965     16110907365     16110917329        19483513       8002       2000      10000          7
   0       14     1955     9964     16110917365     16110927329        19493513       8001       2000      10000          7
   0       14     1956     9942     16110927387     16110937329        19503535       7979       2000      10000          7
   0       14     1955     9963     16110937366     16110947329        19513514       8001       2000      10000          7
   0       14     1955     9963     16110947366     16110957329        19523514       8001       2000      10000          7
   0       14     1955     9964     16110957365     16110967329        19533513       8002       2000      10000          7
   0       14     1955     9964     16110967365     16110977329        19543513       8002       2000      10000          7
   0       14     1955     9964     16110977365     16110987329        19553513       8002       2000      10000          7
   0       14     1955     9965     16110987364     16110997329        19563512       8003       2000      10000          7
   0       14     1955     9965     16110997365     16111007329        19573513       8002       2000      10000          7
   0       14     1955     9966     16111007365     16111017331        19583513       8002       2000      10000          8
   0       14     1956     9960     16111017369     16111027330        19593517       7997       2000      10000          7
   0       14     1955     9961     16111027368     16111037329        19603516       7999       2000      10000          7
   0       14     1283     9955     16111037378     16111047333        19613526       8661       2000      10000         10
   0       14     1342     9969     16111047368     16111057337        19623516       8612       2000      10000         14
   0       14     1286     9952     16111057381     16111067333        19633529       8655       2000      10000         10
   0       14     1955     9951     16111067378     16111077329        19643526       7988       2000      10000          7
   0       14     1955     9962     16111077367     16111087329        19653515       7999       2000      10000          7
   0       14     1955     9964     16111087365     16111097329        19663513       8002       2000      10000          7
   0       14     1955     9964     16111097365     16111107329        19673513       8001       2000      10000          6
   0       14     1955     9964     16111107365     16111117329        19683513       8002       2000      10000          7
   0       14     1955     9964     16111117365     16111127329        19693513       8002       2000      10000          7
   0       14     1955     9964     16111127366     16111137329        19703514       8001       2000      10000          7
   0       14     1955     9963     16111137366     16111147329        19713514       8001       2000      10000          7
   0       14     1955     9965     16111147365     16111157329        19723513       8002       2000      10000          7
   0       14     1955     9964     16111157365     16111167329        19733513       8002       2000      10000          7
   0       14     1955     9964     16111167365     16111177329        19743513       8001       2000      10000          7
   0       14     1955     9964     16111177365     16111187329        19753513       8002       2000      10000          7
   0       14     1955     9964     16111187365     16111197329        19763513       8002       2000      10000          7
   0       14     1955     9965     16111197365     16111207329        19773513       8002       2000      10000          7
   0       14     1955     9965     16111207365     16111217329        19783513       8002       2000      10000          7
   0       14     1955     9964     16111217365     16111227329        19793513       8001       2000      10000          7
   0       14     1955     9965     16111227365     16111237329        19803513       8002       2000      10000          7
   0       14     1955     9964     16111237365     16111247329        19813513       8001       2000      10000          7
   0       14     1955     9965     16111247364     16111257329        19823512       8003       2000      10000          7
   0       14     1956     9941     16111257389     16111267330        19833537       7977       2000      10000          7
   0       14     1955     9963     16111267366     16111277329        19843514       8000       2000      10000          7
   0       14     1955     9965     16111277365     16111287330        19853513       8002       2000      10000          7
   0       14     1955     9964     16111287365     16111297329        19863513       8002       2000      10000          7
   0       14     1955     9965     16111297365     16111307329        19873513       8002       2000      10000          7
   0       14     1955     9965     16111307364     16111317329        19883512       8003       2000      10000          7
   0       14     1955     9967     16111317365     16111327332        19893513       8002       2000      10000         10
   0       14     1340     9964     16111327368     16111337332        19903516       8613       2000      10000         10
   0       14     1339     9972     16111337365     16111347337        19913513       8618       2000      10000         14
   0       14     1731     9949     16111347382     16111357331        19923530       8209       2000      10000          8
   0       14     1955     9954     16111357375     16111367329        19933523       7992       2000      10000          7
   0       14     1955     9962     16111367367     16111377329        19943515       7999       2000      10000          7
   0       14     1955     9963     16111377366     16111387329        19953514       8001       2000      10000          7
   0       14     1955     9965     16111387365     16111397329        19963513       8002       2000      10000          7
   0       14     1955     9964     16111397365     16111407329        19973513       8002       2000      10000          6
   0       14     1955     9964     16111407365     16111417329        19983513       8001       2000      10000          7
