#idx     perf      run   period           start             end          rel_st      slack c_duration   c_period     wu_lat
   0       14     1963     1965      9166916469      9166918434           31257     -22689       2000      10000          0
   0       14     1963    10004      9166918440      9166928444           33228       8031       2000      10000         10
   0       14     1963     9992      9166928448      9166938441           43236       8022       2000      10000          7
   0       14     1963     9996      9166938444      9166948440           53232       8026       2000      10000          7
   0       14     1963     9996      9166948444      9166958440           63232       8026       2000      10000          7
   0       14     1963     9996      9166958444      9166968440           73232       8026       2000      10000          6
   0       14     1963     9996      9166968444      9166978440           83232       8026       2000      10000          7
   0       14     1963     9997      9166978444      9166988441           93232       8026       2000      10000          7
   0       14     1963     9996      9166988444      9166998440          103232       8026       2000      10000          7
   0       14     1963     9996      9166998444      9167008440          113232       8026       2000      10000          7
   0       14     1963     9997      9167008444      9167018441          123232       8026       2000      10000          7
   0       14     1963     9996      9167018445      9167028441          133232       8026       2000      10000          7
   0       14     1963     9996      9167028445      9167038441          143233       8026       2000      10000          7
   0       14     1963     9996      9167038444      9167048441          153232       8026       2000      10000          7
   0       14     1963     9996      9167048444      9167058440          163232       8026       2000      10000          7
   0       14     1963     9996      9167058444      9167068440          173232       8026       2000      10000          6
   0       14     1963     9996      9167068444      9167078440          183232       8026       2000      10000          6
   0       14     1963     9997      9167078444      9167088441          193232       8026       2000      10000          7
   0       14     1963     9996      9167088445      9167098440          203233       8025       2000      10000          7
   0       14     1963     9996      9167098444      9167108440          213232       8026       2000      10000          6
   0       14     1963     9996      9167108444      9167118440          223232       8026       2000      10000          6
   0       14     1963     9997      9167118444      9167128441          233232       8026       2000      10000          7
   0       14     1963     9996      9167128445      9167138441          243233       8025       2000      10000          7
   0       14     1963     9996      9167138444      9167148440          253232       8026       2000      10000          7
   0       14     1963     9996      9167148444      9167158440          263232       8026       2000      10000          6
   0       14     1963     9996      9167158444      9167168440          273232       8026       2000      10000          7
   0       14     1963     9996      9167168444      9167178440          283232       8026       2000      10000          6
   0       14     1963     9996      9167178444      9167188440          293232       8026       2000      10000          7
   0       14     1963     9996      9167188444      9167198440          303232       8026       2000      10000          6
   0       14     1963     9996      9167198444      9167208440          313232       8026       2000      10000          6
   0       14     1963     9996      9167208444      9167218440          323232       8026       2000      10000          6
   0       14     1963     9996      9167218444      9167228440          333232       8026       2000      10000          6
   0       14     1963     9996      9167228444      9167238440          343232       8026       2000      10000          6
   0       14     1963     9964      9167238477      9167248441          353264       7994       2000      10000          7
   0       14     1963     9996      9167248444      9167258440          363232       8026       2000      10000          6
   0       14     1963     9996      9167258444      9167268440          373232       8026       2000      10000          6
   0       14     1963     9996      9167268444      9167278440          383232       8026       2000      10000          6
   0       14     1963     9996      9167278444      9167288440          393232       8026       2000      10000          6
   0       14     1963     9996      9167288444      9167298440          403232       8026       2000      10000          6
   0       14     1963     9996      9167298444      9167308440          413232       8026       2000      10000          6
   0       14     1963     9996      9167308444      9167318440          423232       8026       2000      10000          6
   0       14     1963     9996      9167318444      9167328440          433232       8026       2000      10000          6
   0       14     1963     9997      9167328444      9167338440          443232       8026       2000      10000          7
   0       14     1963     9996      9167338444      9167348440          453232       8026       2000      10000          6
   0       14     1963     9996      9167348444      9167358440          463232       8026       2000      10000          7
   0       14     1963     9996      9167358444      9167368440          473232       8026       2000      10000          6
   0       14     1963     9996      9167368444      9167378440          483232       8026       2000      10000          7
   0       14     1963     9996      9167378444      9167388440          493232       8026       2000      10000          6
   0       14     1963     9996      9167388444      9167398440          503232       8026       2000      10000          6
   0       14     1963     9996      9167398444      9167408440          513232       8026       2000      10000          6
   0       14     1963     9996      9167408444      9167418440          523232       8026       2000      10000          6
   0       14     1963     9996      9167418444      9167428440          533232       8026       2000      10000          6
   0       14     1963     9997      9167428444      9167438440          543232       8026       2000      10000          7
   0       14     1963     9996      9167438444      9167448440          553232       8026       2000      10000          6
   0       14     1963     9996      9167448444      9167458440          563232       8026       2000      10000          6
   0       14     1963     9996      9167458444      9167468440          573232       8026       2000      10000          7
   0       14     1963     9996      9167468444      9167478440          583232       8026       2000      10000          7
   0       14     1963     9996      9167478444      9167488440          593232       8026       2000      10000          6
   0       14     1963     9996      9167488444      9167498440          603232       8026       2000      10000          7
   0       14     1963     9996      9167498444      9167508440          613232       8026       2000      10000          7
   0       14     1963     9996      9167508444      9167518440          623232       8026       2000      10000          6
   0       14     1963     9996      9167518444      9167528440          633232       8026       2000      10000          6
   0       14     1963     9996      9167528444      9167538440          643232       8026       2000      10000          7
   0       14     1963     9996      9167538444      9167548440          653232       8026       2000      10000          6
   0       14     1963     9996      9167548444      9167558440          663232       8026       2000      10000          6
   0       14     1963     9996      9167558444      9167568440          673232       8026       2000      10000          6
   0       14     1963     9982      9167568459      9167578441          683246       8012       2000      10000          7
   0       14     1963     9996      9167578444      9167588440          693232       8026       2000      10000          6
   0       14     1963     9996      9167588444      9167598440          703232       8026       2000      10000          6
   0       14     1963     9996      9167598444      9167608440          713232       8026       2000      10000          6
   0       14     1963     9996      9167608444      9167618440          723232       8026       2000      10000          6
   0       14     1963     9996      9167618444      9167628440          733232       8026       2000      10000          6
   0       14     1963     9996      9167628444      9167638440          743232       8026       2000      10000          6
   0       14     1963     9996      9167638444      9167648440          753232       8026       2000      10000          6
   0       14     1963     9996      9167648444      9167658440          763232       8026       2000      10000          7
   0       14     1963     9996      9167658444      9167668440          773232       8026       2000      10000          7
   0       14     1963     9996      9167668444      9167678440          783232       8026       2000      10000          6
   0       14     1963     9996      9167678444      9167688440          793232       8026       2000      10000          6
   0       14     1963     9996      9167688444      9167698440          803232       8026       2000      10000          7
   0       14     1963     9996      9167698444      9167708440          813232       8026       2000      10000          6
   0       14     1963     9997      9167708444      9167718440          823232       8026       2000      10000          7
   0       14     1963     9996      9167718444      9167728440          833232       8026       2000      10000          6
   0       14     1963     9996      9167728444      9167738440          843232       8026       2000      10000          7
   0       14     1963     9996      9167738444      9167748440          853232       8026       2000      10000          7
   0       14     1963     9996      9167748444      9167758440          863232       8026       2000      10000          6
   0       14     1963     9996      9167758444      9167768440          873232       8026       2000      10000          6
   0       14     1963     9998      9167768444      9167778442          883232       8026       2000      10000          8
   0       14     1963     9995      9167778445      9167788440          893233       8025       2000      10000          7
   0       14     1963     9997      9167788444      9167798441          903232       8026       2000      10000          7
   0       14     1963     9996      9167798444      9167808440          913232       8026       2000      10000          6
   0       14     1963     9996      9167808444      9167818440          923232       8026       2000      10000          7
   0       14     1963     9996      9167818444      9167828440          933232       8026       2000      10000          6
   0       14     1963     9996      9167828444      9167838440          943232       8026       2000      10000          7
   0       14     1963     9996      9167838444      9167848440          953232       8026       2000      10000          6
   0       14     1963     9996      9167848444      9167858440          963232       8026       2000      10000          6
   0       14     1963     9996      9167858444      9167868440          973232       8026       2000      10000          6
   0       14     1963     9996      9167868444      9167878440          983232       8026       2000      10000          6
   0       14     1963     9996      9167878444      9167888440          993232       8026       2000      10000          6
   0       14     1963     9996      9167888444      9167898440         1003232       8026       2000      10000          6
   0       14     1963     9985      9167898456      9167908441         1013244       8014       2000      10000          7
   0       14     1963     9996      9167908445      9167918440         1023233       8026       2000      10000          7
   0       14     1963     9996      9167918444      9167928440         1033232       8026       2000      10000          7
   0       14     1963     9996      9167928444      9167938440         1043232       8026       2000      10000          7
   0       14     1963     9997      9167938444      9167948441         1053232       8026       2000      10000          7
   0       14     1963     9995      9167948445      9167958440         1063233       8025       2000      10000          6
   0       14     1963     9996      9167958444      9167968440         1073232       8026       2000      10000          6
   0       14     1963     9996      9167968444      9167978440         1083232       8026       2000      10000          6
   0       14     1963     9996      9167978444      9167988440         1093232       8026       2000      10000          6
   0       14     1963     9996      9167988444      9167998440         1103232       8026       2000      10000          6
   0       14     1963     9996      9167998444      9168008440         1113232       8026       2000      10000          6
   0       14     1963     9996      9168008444      9168018440         1123232       8026       2000      10000          6
   0       14     1963     9998      9168018444      9168028442         1133232       8026       2000      10000          9
   0       14     1963     9994      9168028446      9168038440         1143234       8024       2000      10000          6
   0       14     1963     9996      9168038444      9168048440         1153232       8026       2000      10000          6
   0       14     1963     9996      9168048444      9168058440         1163232       8026       2000      10000          6
   0       14     1963     9996      9168058444      9168068440         1173232       8026       2000      10000          7
   0       14     1963     9996      9168068444      9168078440         1183232       8026       2000      10000          6
   0       14     1963     9996      9168078444      9168088440         1193232       8026       2000      10000          6
   0       14     1963     9996      9168088444      9168098440         1203232       8026       2000      10000          6
   0       14     1963     9996      9168098444      9168108440         1213232       8026       2000      10000          7
   0       14     1963     9996      9168108444      9168118440         1223232       8026       2000      10000          7
   0       14     1963     9996      9168118444      9168128440         1233232       8026       2000      10000          6
   0       14     1963     9996      9168128444      9168138440         1243232       8026       2000      10000          6
   0       14     1963     9996      9168138444      9168148440         1253232       8026       2000      10000          6
   0       14     1963     9996      9168148444      9168158440         1263232       8026       2000      10000          6
   0       14     1963     9996      9168158444      9168168440         1273232       8026       2000      10000          7
   0       14     1963     9996      9168168444      9168178440         1283232       8026       2000      10000          7
   0       14     1963     9996      9168178444      9168188440         1293232       8026       2000      10000          7
   0       14     1963     9996      9168188444      9168198440         1303232       8026       2000      10000          6
   0       14     1963     9996      9168198444      9168208440         1313232       8026       2000      10000          6
   0       14     1963     9996      9168208444      9168218440         1323232       8026       2000      10000          6
   0       14     1963     9996      9168218444      9168228440         1333232       8026       2000      10000          7
   0       14     1963     9986      9168228455      9168238440         1343243       8015       2000      10000          7
   0       14     1963     9996      9168238444      9168248440         1353232       8026       2000      10000          6
   0       14     1963     9996      9168248444      9168258440         1363232       8026       2000      10000          7
   0       14     1963     9996      9168258444      9168268440         1373232       8026       2000      10000          6
   0       14     1963     9996      9168268444      9168278440         1383232       8026       2000      10000          6
   0       14     1963     9996      9168278444      9168288440         1393232       8026       2000      10000          6
   0       14     1963     9996      9168288444      9168298440         1403232       8026       2000      10000          6
   0       14     1963     9996      9168298444      9168308440         1413232       8026       2000      10000          7
   0       14     1963     9996      9168308444      9168318440         1423232       8026       2000      10000          6
   0       14     1963     9996      9168318444      9168328440         1433232       8026       2000      10000          6
   0       14     1963     9996      9168328444      9168338440         1443232       8026       2000      10000          7
   0       14     1963     9996      9168338444      9168348440         1453232       8026       2000      10000          7
   0       14     1963     9996      9168348444      9168358440         1463232       8026       2000      10000          6
   0       14     1963     9996      9168358444      9168368440         1473232       8026       2000      10000          6
   0       14     1963     9996      9168368444      9168378440         1483232       8026       2000      10000          6
   0       14     1963     9996      9168378444      9168388440         1493232       8026       2000      10000          6
   0       14     1963     9996      9168388444      9168398440         1503232       8026       2000      10000          6
   0       14     1963     9996      9168398444      9168408440         1513232       8026       2000      10000          6
   0       14     1963     9996      9168408444      9168418440         1523232       8026       2000      10000          6
   0       14     1963     9996      9168418444      9168428440         1533232       8026       2000      10000          6
   0       14     1963     9996      9168428444      9168438440         1543232       8026       2000      10000          6
   0       14     1963     9996      9168438444      9168448440         1553232       8026       2000      10000          6
   0       14     1963     9996      9168448444      9168458440         1563232       8026       2000      10000          6
   0       14     1963     9996      9168458444      9168468440         1573232       8026       2000      10000          6
   0       14     1963     9996      9168468444      9168478440         1583232       8026       2000      10000          6
   0       14     1963     9996      9168478444      9168488440         1593232       8026       2000      10000          6
   0       14     1963     9996      9168488444      9168498440         1603232       8026       2000      10000          6
   0       14     1963     9996      9168498444      9168508440         1613232       8026       2000      10000          6
   0       14     1963     9996      9168508444      9168518440         1623232       8026       2000      10000          6
   0       14     1963     9996      9168518444      9168528440         1633232       8026       2000      10000          6
   0       14     1963     9996      9168528444      9168538440         1643232       8026       2000      10000          6
   0       14     1963     9996      9168538444      9168548440         1653232       8026       2000      10000          6
   0       14     1963     9996      9168548444      9168558440         1663232       8026       2000      10000          6
   0       14     1963     9987      9168558454      9168568440         1673242       8016       2000      10000          7
   0       14     1963     9996      9168568444      9168578440         1683232       8026       2000      10000          6
   0       14     1963     9996      9168578444      9168588440         1693232       8026       2000      10000          6
   0       14     1963     9996      9168588444      9168598440         1703232       8026       2000      10000          6
   0       14     1963     9996      9168598444      9168608440         1713232       8026       2000      10000          6
   0       14     1963     9996      9168608444      9168618440         1723232       8026       2000      10000          7
   0       14     1963     9996      9168618444      9168628440         1733232       8026       2000      10000          6
   0       14     1963     9997      9168628444      9168638440         1743232       8026       2000      10000          7
   0       14     1963     9996      9168638444      9168648440         1753232       8026       2000      10000          7
   0       14     1963     9996      9168648444      9168658440         1763232       8026       2000      10000          6
   0       14     1963     9996      9168658444      9168668440         1773232       8026       2000      10000          6
   0       14     1963     9996      9168668444      9168678440         1783232       8026       2000      10000          7
   0       14     1963     9997      9168678444      9168688441         1793232       8026       2000      10000          7
   0       14     1963     9996      9168688445      9168698440         1803233       8026       2000      10000          7
   0       14     1963     9996      9168698444      9168708440         1813232       8026       2000      10000          7
   0       14     1963     9996      9168708444      9168718440         1823232       8026       2000      10000          6
   0       14     1963     9996      9168718444      9168728440         1833232       8026       2000      10000          7
   0       14     1963     9996      9168728444      9168738440         1843232       8026       2000      10000          6
   0       14     1963     9996      9168738444      9168748440         1853232       8026       2000      10000          6
   0       14     1963     9996      9168748444      9168758440         1863232       8026       2000      10000          6
   0       14     1963     9996      9168758444      9168768440         1873232       8026       2000      10000          6
   0       14     1963     9997      9168768444      9168778441         1883232       8026       2000      10000          7
   0       14     1963     9996      9168778445      9168788440         1893233       8025       2000      10000          6
   0       14     1963     9996      9168788444      9168798440         1903232       8026       2000      10000          7
   0       14     1963     9996      9168798444      9168808441         1913232       8026       2000      10000          7
   0       14     1963     9996      9168808444      9168818440         1923232       8026       2000      10000          6
   0       14     1963     9996      9168818444      9168828440         1933232       8026       2000      10000          6
   0       14     1963     9996      9168828444      9168838440         1943232       8026       2000      10000          6
   0       14     1963     9996      9168838444      9168848440         1953232       8026       2000      10000          6
   0       14     1963     9996      9168848444      9168858440         1963232       8026       2000      10000          7
   0       14     1963     9996      9168858444      9168868440         1973232       8026       2000      10000          6
   0       14     1963     9996      9168868444      9168878440         1983232       8026       2000      10000          7
   0       14     1963     9996      9168878444      9168888440         1993232       8026       2000      10000          6
   0       14     1963     9985      9168888456      9168898440         2003243       8015       2000      10000          7
   0       14     1963     9996      9168898444      9168908440         2013232       8026       2000      10000          6
   0       14     1963     9997      9168908444      9168918441         2023232       8026       2000      10000          8
   0       14     1963     9995      9168918445      9168928440         2033233       8025       2000      10000          6
   0       14     1963     9997      9168928444      9168938440         2043232       8026       2000      10000          7
   0       14     1963     9996      9168938444      9168948440         2053232       8026       2000      10000          7
   0       14     1963     9996      9168948444      9168958440         2063232       8026       2000      10000          6
   0       14     1963     9998      9168958444      9168968441         2073232       8026       2000      10000          8
   0       14     1963     9995      9168968445      9168978440         2083233       8025       2000      10000          6
   0       14     1963     9996      9168978444      9168988440         2093232       8026       2000      10000          6
   0       14     1963     9996      9168988444      9168998440         2103232       8026       2000      10000          7
   0       14     1963     9997      9168998444      9169008441         2113232       8026       2000      10000          7
   0       14     1963     9996      9169008445      9169018440         2123232       8026       2000      10000          7
   0       14     1963     9996      9169018444      9169028440         2133232       8026       2000      10000          7
   0       14     1963     9996      9169028444      9169038440         2143232       8026       2000      10000          7
   0       14     1963     9996      9169038444      9169048440         2153232       8026       2000      10000          7
   0       14     1963     9996      9169048444      9169058440         2163232       8026       2000      10000          7
   0       14     1963     9996      9169058444      9169068440         2173232       8026       2000      10000          6
   0       14     1963     9996      9169068444      9169078440         2183232       8026       2000      10000          6
   0       14     1963     9997      9169078444      9169088440         2193232       8027       2000      10000          6
   0       14     1963     9996      9169088444      9169098440         2203232       8026       2000      10000          6
   0       14     1963     9996      9169098444      9169108440         2213232       8026       2000      10000          6
   0       14     1963     9996      9169108444      9169118440         2223232       8026       2000      10000          6
   0       14     1963     9996      9169118444      9169128440         2233232       8026       2000      10000          7
   0       14     1963     9996      9169128444      9169138440         2243232       8026       2000      10000          7
   0       14     1963     9996      9169138444      9169148440         2253232       8026       2000      10000          7
   0       14     1963     9996      9169148444      9169158440         2263232       8026       2000      10000          6
   0       14     1963     9996      9169158444      9169168440         2273232       8026       2000      10000          7
   0       14     1963     9996      9169168444      9169178440         2283232       8026       2000      10000          6
   0       14     1963     9996      9169178444      9169188440         2293232       8026       2000      10000          7
   0       14     1963     9997      9169188444      9169198441         2303232       8026       2000      10000          7
   0       14     1963     9996      9169198444      9169208440         2313232       8026       2000      10000          6
   0       14     1963     9996      9169208444      9169218440         2323232       8026       2000      10000          6
   0       14     1963     9983      9169218458      9169228440         2333245       8013       2000      10000          7
   0       14     1963     9996      9169228444      9169238440         2343232       8026       2000      10000          6
   0       14     1963     9996      9169238444      9169248440         2353232       8026       2000      10000          6
   0       14     1963     9996      9169248444      9169258440         2363232       8026       2000      10000          6
   0       14     1963     9996      9169258444      9169268440         2373232       8026       2000      10000          6
   0       14     1963     9996      9169268444      9169278440         2383232       8026       2000      10000          6
   0       14     1963     9996      9169278444      9169288440         2393232       8026       2000      10000          6
   0       14     1963     9996      9169288444      9169298440         2403232       8026       2000      10000          6
   0       14     1963     9996      9169298444      9169308440         2413232       8026       2000      10000          7
   0       14     1963     9996      9169308444      9169318440         2423232       8026       2000      10000          7
   0       14     1963     9996      9169318444      9169328440         2433232       8026       2000      10000          7
   0       14     1963     9996      9169328444      9169338441         2443232       8026       2000      10000          7
   0       14     1963     9996      9169338444      9169348440         2453232       8026       2000      10000          6
   0       14     1963     9996      9169348444      9169358440         2463232       8026       2000      10000          7
   0       14     1963     9997      9169358444      9169368441         2473232       8026       2000      10000          7
   0       14     1963     9996      9169368445      9169378440         2483233       8026       2000      10000          7
   0       14     1963     9996      9169378444      9169388440         2493232       8026       2000      10000          6
   0       14     1963     9996      9169388444      9169398440         2503232       8026       2000      10000          6
   0       14     1963     9996      9169398444      9169408440         2513232       8026       2000      10000          6
   0       14     1963     9996      9169408444      9169418440         2523232       8026       2000      10000          6
   0       14     1963     9996      9169418444      9169428440         2533232       8026       2000      10000          7
   0       14     1963     9996      9169428444      9169438440         2543232       8026       2000      10000          6
   0       14     1963     9997      9169438444      9169448441         2553232       8026       2000      10000          7
   0       14     1963     9996      9169448444      9169458440         2563232       8026       2000      10000          6
   0       14     1963     9996      9169458444      9169468440         2573232       8026       2000      10000          7
   0       14     1963     9996      9169468444      9169478440         2583232       8026       2000      10000          6
   0       14     1963     9996      9169478444      9169488440         2593232       8026       2000      10000          6
   0       14     1963     9996      9169488444      9169498440         2603232       8026       2000      10000          7
   0       14     1963     9996      9169498444      9169508440         2613232       8026       2000      10000          6
   0       14     1963     9996      9169508444      9169518440         2623232       8026       2000      10000          7
   0       14     1963     9997      9169518444      9169528441         2633232       8026       2000      10000          8
   0       14     1963     9995      9169528445      9169538440         2643233       8025       2000      10000          6
   0       14     1963     9996      9169538444      9169548440         2653232       8026       2000      10000          7
   0       14     1963     9986      9169548455      9169558440         2663243       8015       2000      10000          7
   0       14     1963     9996      9169558444      9169568440         2673232       8026       2000      10000          6
   0       14     1963     9996      9169568444      9169578440         2683232       8026       2000      10000          7
   0       14     1963     9996      9169578444      9169588440         2693232       8026       2000      10000          6
   0       14     1963     9996      9169588444      9169598440         2703232       8026       2000      10000          6
   0       14     1963     9996      9169598444      9169608440         2713232       8026       2000      10000          7
   0       14     1963     9996      9169608444      9169618440         2723232       8026       2000      10000          6
   0       14     1963     9996      9169618444      9169628440         2733232       8026       2000      10000          6
   0       14     1963     9996      9169628444      9169638440         2743232       8026       2000      10000          6
   0       14     1963     9996      9169638444      9169648440         2753232       8026       2000      10000          7
   0       14     1963     9996      9169648444      9169658440         2763232       8026       2000      10000          6
   0       14     1963     9996      9169658444      9169668440         2773232       8026       2000      10000          7
   0       14     1963     9996      9169668444      9169678440         2783232       8026       2000      10000          6
   0       14     1963     9996      9169678444      9169688440         2793232       8026       2000      10000          7
   0       14     1963     9996      9169688444      9169698440         2803232       8026       2000      10000          6
   0       14     1963     9996      9169698444      9169708440         2813232       8026       2000      10000          6
   0       14     1963     9996      9169708444      9169718440         2823232       8026       2000      10000          6
   0       14     1963     9996      9169718444      9169728440         2833232       8026       2000      10000          6
   0       14     1963     9996      9169728444      9169738440         2843232       8026       2000      10000          6
   0       14     1963     9996      9169738444      9169748440         2853232       8026       2000      10000          6
   0       14     1963     9996      9169748444      9169758440         2863232       8027       2000      10000          6
   0       14     1963     9996      9169758444      9169768440         2873232       8026       2000      10000          6
   0       14     1963     9997      9169768444      9169778441         2883232       8026       2000      10000          8
   0       14     1963     9995      9169778445      9169788440         2893233       8025       2000      10000          6
   0       14     1963     9996      9169788444      9169798440         2903232       8026       2000      10000          6
   0       14     1963     9996      9169798444      9169808440         2913232       8026       2000      10000          7
   0       14     1963     9996      9169808444      9169818440         2923232       8026       2000      10000          6
   0       14     1963     9996      9169818444      9169828440         2933232       8026       2000      10000          6
   0       14     1963     9996      9169828444      9169838440         2943232       8026       2000      10000          6
   0       14     1963     9996      9169838444      9169848440         2953232       8026       2000      10000          6
   0       14     1963     9997      9169848444      9169858441         2963232       8026       2000      10000          7
   0       14     1963     9996      9169858444      9169868440         2973232       8026       2000      10000          7
   0       14     1963     9996      9169868444      9169878440         2983232       8026       2000      10000          7
   0       14     1963     9985      9169878456      9169888441         2993244       8014       2000      10000          7
   0       14     1963     9996      9169888444      9169898440         3003232       8026       2000      10000          7
   0       14     1963     9996      9169898444      9169908440         3013232       8026       2000      10000          6
   0       14     1963     9996      9169908444      9169918440         3023232       8026       2000      10000          6
   0       14     1963     9996      9169918444      9169928440         3033232       8026       2000      10000          6
   0       14     1963     9996      9169928444      9169938440         3043232       8026       2000      10000          6
   0       14     1963     9997      9169938444      9169948440         3053232       8026       2000      10000          7
   0       14     1963     9996      9169948444      9169958440         3063232       8026       2000      10000          7
   0       14     1963     9996      9169958444      9169968440         3073232       8026       2000      10000          6
   0       14     1963     9996      9169968444      9169978440         3083232       8026       2000      10000          7
   0       14     1963     9996      9169978444      9169988440         3093232       8026       2000      10000          6
   0       14     1963     9996      9169988444      9169998440         3103232       8026       2000      10000          6
   0       14     1963     9997      9169998444      9170008441         3113232       8026       2000      10000          7
   0       14     1963     9996      9170008445      9170018440         3123232       8026       2000      10000          7
   0       14     1963     9996      9170018444      9170028440         3133232       8026       2000      10000          7
   0       14     1963     9996      9170028444      9170038440         3143232       8026       2000      10000          7
   0       14     1963     9996      9170038444      9170048440         3153232       8026       2000      10000          7
   0       14     1963     9996      9170048444      9170058440         3163232       8026       2000      10000          6
   0       14     1963     9996      9170058444      9170068440         3173232       8026       2000      10000          6
   0       14     1963     9996      9170068444      9170078440         3183232       8026       2000      10000          7
   0       14     1963     9996      9170078444      9170088440         3193232       8026       2000      10000          7
   0       14     1963     9996      9170088444      9170098440         3203232       8026       2000      10000          6
   0       14     1963     9996      9170098444      9170108441         3213232       8026       2000      10000          7
   0       14     1963     9996      9170108444      9170118440         3223232       8026       2000      10000          6
   0       14     1963     9997      9170118444      9170128441         3233232       8026       2000      10000          7
   0       14     1963     9996      9170128444      9170138440         3243232       8026       2000      10000          6
   0       14     1963     9996      9170138444      9170148440         3253232       8026       2000      10000          7
   0       14     1963     9996      9170148444      9170158440         3263232       8026       2000      10000          7
   0       14     1963     9996      9170158444      9170168440         3273232       8026       2000      10000          7
   0       14     1963     9996      9170168444      9170178440         3283232       8026       2000      10000          7
   0       14     1963     9996      9170178444      9170188440         3293232       8026       2000      10000          6
   0       14     1963     9996      9170188444      9170198440         3303232       8026       2000      10000          6
   0       14     1963     9997      9170198444      9170208440         3313232       8026       2000      10000          7
   0       14     1963     9986      9170208455      9170218441         3323243       8015       2000      10000          7
   0       14     1963     9996      9170218444      9170228440         3333232       8026       2000      10000          6
   0       14     1963     9996      9170228444      9170238440         3343232       8026       2000      10000          6
   0       14     1963     9996      9170238444      9170248440         3353232       8026       2000      10000          6
   0       14     1963     9996      9170248444      9170258440         3363232       8026       2000      10000          7
   0       14     1963     9996      9170258444      9170268440         3373232       8026       2000      10000          6
   0       14     1963     9996      9170268444      9170278440         3383232       8026       2000      10000          7
   0       14     1963     9996      9170278444      9170288440         3393232       8026       2000      10000          6
   0       14     1963     9996      9170288444      9170298440         3403232       8026       2000      10000          7
   0       14     1963     9996      9170298444      9170308440         3413232       8026       2000      10000          6
   0       14     1963     9997      9170308444      9170318441         3423232       8026       2000      10000          7
   0       14     1963     9996      9170318444      9170328440         3433232       8026       2000      10000          6
   0       14     1963     9996      9170328444      9170338440         3443232       8026       2000      10000          7
   0       14     1963     9996      9170338444      9170348440         3453232       8026       2000      10000          6
   0       14     1963     9996      9170348444      9170358440         3463232       8026       2000      10000          6
   0       14     1963     9996      9170358444      9170368440         3473232       8026       2000      10000          7
   0       14     1963     9996      9170368444      9170378440         3483232       8026       2000      10000          6
   0       14     1963     9996      9170378444      9170388440         3493232       8026       2000      10000          6
   0       14     1963     9996      9170388444      9170398440         3503232       8026       2000      10000          7
   0       14     1963     9996      9170398444      9170408440         3513232       8026       2000      10000          7
   0       14     1963     9995      9170408444      9170418439         3523232       8026       2000      10000          5
   0       14     1963     9997      9170418443      9170428440         3533231       8027       2000      10000          6
   0       14     1963     9996      9170428444      9170438440         3543232       8026       2000      10000          7
   0       14     1963     9996      9170438444      9170448440         3553232       8026       2000      10000          7
   0       14     1963     9996      9170448444      9170458440         3563232       8026       2000      10000          7
   0       14     1963     9996      9170458444      9170468440         3573232       8026       2000      10000          7
   0       14     1963     9996      9170468444      9170478440         3583232       8026       2000      10000          7
   0       14     1963     9996      9170478444      9170488440         3593232       8026       2000      10000          7
   0       14     1963     9996      9170488444      9170498440         3603232       8026       2000      10000          7
   0       14     1963     9996      9170498444      9170508440         3613232       8026       2000      10000          7
   0       14     1963     9996      9170508444      9170518440         3623232       8026       2000      10000          6
   0       14     1963     9996      9170518444      9170528440         3633232       8026       2000      10000          7
   0       14     1963     9996      9170528444      9170538440         3643232       8026       2000      10000          6
   0       14     1963     9986      9170538454      9170548440         3653242       8016       2000      10000          7
   0       14     1963     9996      9170548444      9170558440         3663232       8026       2000      10000          6
   0       14     1963     9996      9170558444      9170568440         3673232       8026       2000      10000          6
   0       14     1963     9996      9170568444      9170578440         3683232       8026       2000      10000          6
   0       14     1963     9996      9170578444      9170588440         3693232       8026       2000      10000          6
   0       14     1963     9996      9170588444      9170598440         3703232       8026       2000      10000          6
   0       14     1963     9996      9170598444      9170608440         3713232       8026       2000      10000          6
   0       14     1963     9996      9170608444      9170618440         3723232       8026       2000      10000          6
   0       14     1963     9996      9170618444      9170628440         3733232       8026       2000      10000          6
   0       14     1963     9996      9170628444      9170638440         3743232       8026       2000      10000          6
   0       14     1963     9996      9170638444      9170648440         3753232       8026       2000      10000          6
   0       14     1963     9996      9170648444      9170658440         3763232       8026       2000      10000          7
   0       14     1963     9996      9170658444      9170668440         3773232       8026       2000      10000          7
   0       14     1963     9996      9170668444      9170678440         3783232       8026       2000      10000          7
   0       14     1963     9996      9170678444      9170688440         3793232       8026       2000      10000          6
   0       14     1963     9996      9170688444      9170698440         3803232       8026       2000      10000          6
   0       14     1963     9996      9170698444      9170708440         3813232       8026       2000      10000          6
   0       14     1963     9996      9170708444      9170718440         3823232       8026       2000      10000          7
   0       14     1963     9996      9170718444      9170728440         3833232       8026       2000      10000          7
   0       14     1963     9996      9170728444      9170738440         3843232       8026       2000      10000          7
   0       14     1963     9996      9170738444      9170748440         3853232       8026       2000      10000          6
   0       14     1963     9996      9170748444      9170758440         3863232       8026       2000      10000          6
   0       14     1963     9996      9170758444      9170768440         3873232       8026       2000      10000          6
   0       14     1963     9998      9170768444      9170778442         3883232       8026       2000      10000          8
   0       14     1963     9994      9170778446      9170788440         3893234       8024       2000      10000          6
   0       14     1963     9996      9170788444      9170798440         3903232       8026       2000      10000          6
   0       14     1963     9996      9170798444      9170808440         3913232       8026       2000      10000          6
   0       14     1963     9997      9170808444      9170818440         3923232       8027       2000      10000          7
   0       14     1963     9996      9170818444      9170828440         3933232       8026       2000      10000          7
   0       14     1963     9996      9170828444      9170838440         3943232       8026       2000      10000          6
   0       14     1963     9996      9170838444      9170848440         3953232       8026       2000      10000          6
   0       14     1963     9996      9170848444      9170858440         3963232       8026       2000      10000          6
   0       14     1963     9996      9170858444      9170868440         3973232       8026       2000      10000          6
   0       14     1963     9986      9170868455      9170878441         3983243       8015       2000      10000          7
   0       14     1963     9996      9170878445      9170888440         3993232       8026       2000      10000          7
   0       14     1963     9996      9170888444      9170898440         4003232       8026       2000      10000          7
   0       14     1963     9996      9170898444      9170908440         4013232       8026       2000      10000          6
   0       14     1963     9996      9170908444      9170918440         4023232       8026       2000      10000          6
   0       14     1963     9996      9170918444      9170928440         4033232       8026       2000      10000          6
   0       14     1963     9996      9170928444      9170938440         4043232       8026       2000      10000          7
   0       14     1963     9996      9170938444      9170948440         4053232       8026       2000      10000          6
   0       14     1963     9996      9170948444      9170958440         4063232       8026       2000      10000          6
   0       14     1963     9996      9170958444      9170968440         4073232       8026       2000      10000          7
   0       14     1963     9996      9170968444      9170978440         4083232       8026       2000      10000          6
   0       14     1963     9996      9170978444      9170988440         4093232       8026       2000      10000          6
   0       14     1963     9996      9170988444      9170998440         4103232       8026       2000      10000          6
   0       14     1963     9996      9170998444      9171008440         4113232       8026       2000      10000          6
   0       14     1963     9996      9171008444      9171018440         4123232       8026       2000      10000          7
   0       14     1963     9996      9171018444      9171028440         4133232       8026       2000      10000          6
   0       14     1963     9996      9171028444      9171038440         4143232       8026       2000      10000          6
   0       14     1963     9996      9171038444      9171048440         4153232       8026       2000      10000          7
   0       14     1963     9996      9171048444      9171058440         4163232       8026       2000      10000          6
   0       14     1963     9996      9171058444      9171068440         4173232       8026       2000      10000          6
   0       14     1963     9996      9171068444      9171078440         4183232       8026       2000      10000          7
   0       14     1963     9996      9171078444      9171088440         4193232       8026       2000      10000          6
   0       14     1963     9996      9171088444      9171098440         4203232       8026       2000      10000          6
   0       14     1963     9996      9171098444      9171108440         4213232       8026       2000      10000          7
   0       14     1963     9996      9171108444      9171118440         4223232       8026       2000      10000          6
   0       14     1963     9996      9171118444      9171128440         4233232       8026       2000      10000          7
   0       14     1963     9996      9171128444      9171138440         4243232       8026       2000      10000          7
   0       14     1963     9996      9171138444      9171148440         4253232       8026       2000      10000          6
   0       14     1963     9996      9171148444      9171158440         4263232       8026       2000      10000          6
   0       14     1963     9996      9171158444      9171168440         4273232       8026       2000      10000          6
   0       14     1963     9996      9171168444      9171178440         4283232       8026       2000      10000          6
   0       14     1963     9996      9171178444      9171188440         4293232       8026       2000      10000          6
   0       14     1963     9996      9171188444      9171198440         4303232       8026       2000      10000          6
   0       14     1963     9986      9171198454      9171208440         4313242       8016       2000      10000          7
   0       14     1963     9996      9171208444      9171218440         4323232       8026       2000      10000          6
   0       14     1963     9996      9171218444      9171228440         4333232       8026       2000      10000          6
   0       14     1963     9996      9171228444      9171238440         4343232       8026       2000      10000          6
   0       14     1963     9996      9171238444      9171248440         4353232       8026       2000      10000          6
   0       14     1963     9996      9171248444      9171258440         4363232       8026       2000      10000          7
   0       14     1963     9996      9171258444      9171268440         4373232       8026       2000      10000          7
   0       14     1963     9996      9171268444      9171278440         4383232       8026       2000      10000          6
   0       14     1963     9996      9171278444      9171288440         4393232       8026       2000      10000          6
   0       14     1963     9996      9171288444      9171298440         4403232       8026       2000      10000          6
   0       14     1963     9996      9171298444      9171308440         4413232       8026       2000      10000          6
   0       14     1963     9996      9171308444      9171318440         4423232       8026       2000      10000          6
   0       14     1963     9996      9171318444      9171328440         4433232       8026       2000      10000          6
   0       14     1963     9996      9171328444      9171338440         4443232       8026       2000      10000          6
   0       14     1963     9996      9171338444      9171348440         4453232       8026       2000      10000          6
   0       14     1963     9996      9171348444      9171358440         4463232       8026       2000      10000          7
   0       14     1963     9996      9171358444      9171368440         4473232       8026       2000      10000          6
   0       14     1963     9997      9171368444      9171378441         4483232       8026       2000      10000          7
   0       14     1963     9996      9171378444      9171388440         4493232       8026       2000      10000          6
   0       14     1963     9996      9171388444      9171398440         4503232       8026       2000      10000          6
   0       14     1963     9997      9171398444      9171408440         4513232       8026       2000      10000          7
   0       14     1963     9996      9171408444      9171418440         4523232       8026       2000      10000          6
   0       14     1963     9996      9171418444      9171428440         4533232       8026       2000      10000          7
   0       14     1963     9996      9171428444      9171438440         4543232       8026       2000      10000          6
   0       14     1963     9996      9171438444      9171448440         4553232       8026       2000      10000          6
   0       14     1963     9996      9171448444      9171458440         4563232       8026       2000      10000          6
   0       14     1963     9996      9171458444      9171468440         4573232       8026       2000      10000          6
   0       14     1963     9996      9171468444      9171478440         4583232       8026       2000      10000          6
   0       14     1963     9996      9171478444      9171488440         4593232       8026       2000      10000          6
   0       14     1963     9996      9171488444      9171498440         4603232       8026       2000      10000          6
   0       14     1963     9997      9171498444      9171508441         4613232       8027       2000      10000          7
   0       14     1963     9996      9171508444      9171518440         4623232       8026       2000      10000          7
   0       14     1963     9996      9171518444      9171528440         4633232       8026       2000      10000          6
   0       14     1963     9986      9171528454      9171538440         4643242       8016       2000      10000          7
   0       14     1963     9996      9171538444      9171548440         4653232       8026       2000      10000          7
   0       14     1963     9996      9171548444      9171558440         4663232       8026       2000      10000          6
   0       14     1963     9996      9171558444      9171568440         4673232       8026       2000      10000          6
   0       14     1963     9996      9171568444      9171578440         4683232       8026       2000      10000          6
   0       14     1963     9996      9171578444      9171588440         4693232       8026       2000      10000          6
   0       14     1963     9997      9171588444      9171598441         4703232       8026       2000      10000          7
   0       14     1963     9996      9171598445      9171608440         4713233       8026       2000      10000          6
   0       14     1963     9996      9171608444      9171618440         4723232       8026       2000      10000          6
   0       14     1963     9996      9171618444      9171628440         4733232       8026       2000      10000          6
   0       14     1963     9996      9171628444      9171638440         4743232       8026       2000      10000          6
   0       14     1963     9996      9171638444      9171648440         4753232       8026       2000      10000          6
   0       14     1963     9996      9171648444      9171658440         4763232       8026       2000      10000          6
   0       14     1963     9996      9171658444      9171668440         4773232       8026       2000      10000          6
   0       14     1963     9996      9171668444      9171678440         4783232       8026       2000      10000          6
   0       14     1963     9996      9171678444      9171688440         4793232       8026       2000      10000          6
   0       14     1963     9996      9171688444      9171698440         4803232       8026       2000      10000          6
   0       14     1963     9996      9171698444      9171708440         4813232       8026       2000      10000          6
   0       14     1963     9996      9171708444      9171718440         4823232       8026       2000      10000          6
   0       14     1963     9996      9171718444      9171728440         4833232       8026       2000      10000          6
   0       14     1963     9996      9171728444      9171738440         4843232       8026       2000      10000          6
   0       14     1963     9996      9171738444      9171748440         4853232       8026       2000      10000          6
   0       14     1963     9996      9171748444      9171758440         4863232       8026       2000      10000          6
   0       14     1963     9996      9171758444      9171768440         4873232       8026       2000      10000          6
   0       14     1963     9998      9171768444      9171778442         4883232       8026       2000      10000          8
   0       14     1963     9995      9171778446      9171788440         4893234       8024       2000      10000          7
   0       14     1963     9996      9171788444      9171798440         4903232       8026       2000      10000          6
   0       14     1963     9996      9171798444      9171808440         4913232       8026       2000      10000          7
   0       14     1963     9996      9171808444      9171818440         4923232       8026       2000      10000          6
   0       14     1963     9996      9171818444      9171828440         4933232       8026       2000      10000          6
   0       14     1963     9996      9171828444      9171838440         4943232       8026       2000      10000          7
   0       14     1963     9996      9171838444      9171848440         4953232       8026       2000      10000          6
   0       14     1963     9996      9171848444      9171858440         4963232       8026       2000      10000          7
   0       14     1963     9986      9171858455      9171868440         4973243       8015       2000      10000          7
   0       14     1963     9996      9171868444      9171878440         4983232       8026       2000      10000          6
   0       14     1963     9998      9171878444      9171888442         4993232       8026       2000      10000          8
   0       14     1963     9994      9171888447      9171898441         5003235       8023       2000      10000          7
   0       14     1963     9996      9171898444      9171908440         5013232       8026       2000      10000          7
   0       14     1963     9996      9171908444      9171918440         5023232       8026       2000      10000          6
   0       14     1963     9996      9171918444      9171928440         5033232       8026       2000      10000          7
   0       14     1963     9996      9171928444      9171938440         5043232       8026       2000      10000          7
   0       14     1963     9996      9171938444      9171948440         5053232       8026       2000      10000          6
   0       14     1963     9996      9171948444      9171958440         5063232       8026       2000      10000          6
   0       14     1963     9996      9171958444      9171968440         5073232       8026       2000      10000          7
   0       14     1963     9996      9171968444      9171978440         5083232       8026       2000      10000          7
   0       14     1963     9996      9171978444      9171988441         5093232       8026       2000      10000          7
   0       14     1963     9996      9171988444      9171998440         5103232       8026       2000      10000          6
   0       14     1963     9996      9171998444      9172008440         5113232       8026       2000      10000          7
   0       14     1963     9996      9172008444      9172018440         5123232       8026       2000      10000          7
   0       14     1963     9996      9172018444      9172028440         5133232       8026       2000      10000          7
   0       14     1963     9996      9172028444      9172038440         5143232       8026       2000      10000          7
   0       14     1963     9996      9172038444      9172048440         5153232       8026       2000      10000          6
   0       14     1963     9996      9172048444      9172058440         5163232       8026       2000      10000          7
   0       14     1963     9996      9172058444      9172068440         5173232       8026       2000      10000          6
   0       14     1963     9996      9172068444      9172078440         5183232       8026       2000      10000          7
   0       14     1963     9996      9172078444      9172088440         5193232       8026       2000      10000          6
   0       14     1963     9997      9172088444      9172098441         5203232       8026       2000      10000          7
   0       14     1963     9996      9172098445      9172108440         5213232       8026       2000      10000          7
   0       14     1963     9996      9172108444      9172118440         5223232       8026       2000      10000          6
   0       14     1963     9996      9172118444      9172128440         5233232       8026       2000      10000          6
   0       14     1963     9996      9172128444      9172138440         5243232       8026       2000      10000          6
   0       14     1963     9996      9172138444      9172148440         5253232       8026       2000      10000          7
   0       14     1963     9996      9172148444      9172158440         5263232       8026       2000      10000          7
   0       14     1963     9996      9172158444      9172168440         5273232       8026       2000      10000          7
   0       14     1963     9996      9172168444      9172178440         5283232       8026       2000      10000          6
   0       14     1963     9997      9172178444      9172188441         5293232       8026       2000      10000          7
   0       14     1963     9980      9172188461      9172198441         5303249       8009       2000      10000          7
   0       14     1963     9995      9172198445      9172208440         5313233       8025       2000      10000          6
   0       14     1963     9996      9172208444      9172218440         5323232       8026       2000      10000          6
   0       14     1963     9996      9172218444      9172228440         5333232       8026       2000      10000          6
   0       14     1963     9996      9172228444      9172238440         5343232       8026       2000      10000          6
   0       14     1963     9996      9172238444      9172248440         5353232       8026       2000      10000          7
   0       14     1963     9996      9172248444      9172258440         5363232       8026       2000      10000          6
   0       14     1963     9996      9172258444      9172268440         5373232       8026       2000      10000          7
   0       14     1963     9996      9172268444      9172278440         5383232       8026       2000      10000          6
   0       14     1963     9996      9172278444      9172288440         5393232       8026       2000      10000          6
   0       14     1963     9996      9172288444      9172298440         5403232       8026       2000      10000          6
   0       14     1963     9996      9172298444      9172308440         5413232       8026       2000      10000          6
   0       14     1963     9996      9172308444      9172318440         5423232       8026       2000      10000          6
   0       14     1963     9996      9172318444      9172328440         5433232       8026       2000      10000          6
   0       14     1963     9996      9172328444      9172338440         5443232       8026       2000      10000          6
   0       14     1963     9996      9172338444      9172348440         5453232       8026       2000      10000          6
   0       14     1963     9996      9172348444      9172358440         5463232       8026       2000      10000          6
   0       14     1963     9996      9172358444      9172368440         5473232       8026       2000      10000          6
   0       14     1963     9996      9172368444      9172378440         5483232       8026       2000      10000          6
   0       14     1963     9996      9172378444      9172388440         5493232       8026       2000      10000          7
   0       14     1963     9996      9172388444      9172398440         5503232       8026       2000      10000          6
   0       14     1963     9996      9172398444      9172408440         5513232       8026       2000      10000          6
   0       14     1963     9996      9172408444      9172418440         5523232       8026       2000      10000          7
   0       14     1963     9996      9172418444      9172428440         5533232       8026       2000      10000          6
   0       14     1963     9996      9172428444      9172438440         5543232       8026       2000      10000          7
   0       14     1963     9996      9172438444      9172448440         5553232       8026       2000      10000          7
   0       14     1963     9996      9172448444      9172458440         5563232       8026       2000      10000          7
   0       14     1963     9996      9172458444      9172468440         5573232       8026       2000      10000          7
   0       14     1963     9996      9172468444      9172478440         5583232       8026       2000      10000          7
   0       14     1963     9996      9172478444      9172488440         5593232       8026       2000      10000          6
   0       14     1963     9996      9172488444      9172498440         5603232       8026       2000      10000          7
   0       14     1963     9996      9172498444      9172508440         5613232       8026       2000      10000          7
   0       14     1963     9996      9172508444      9172518440         5623232       8026       2000      10000          7
   0       14     1963     9986      9172518454      9172528440         5633242       8016       2000      10000          6
   0       14     1963     9996      9172528444      9172538440         5643232       8026       2000      10000          6
   0       14     1963     9996      9172538444      9172548440         5653232       8026       2000      10000          6
   0       14     1963     9996      9172548444      9172558440         5663232       8026       2000      10000          6
   0       14     1963     9996      9172558444      9172568440         5673232       8026       2000      10000          6
   0       14     1963     9996      9172568444      9172578440         5683232       8026       2000      10000          7
   0       14     1963     9996      9172578444      9172588440         5693232       8026       2000      10000          6
   0       14     1963     9996      9172588444      9172598440         5703232       8026       2000      10000          7
   0       14     1963     9996      9172598444      9172608440         5713232       8026       2000      10000          6
   0       14     1963     9996      9172608444      9172618440         5723232       8026       2000      10000          7
   0       14     1963     9996      9172618444      9172628440         5733232       8026       2000      10000          6
   0       14     1963     9996      9172628444      9172638440         5743232       8026       2000      10000          6
   0       14     1963     9996      9172638444      9172648440         5753232       8026       2000      10000          6
   0       14     1963     9996      9172648444      9172658440         5763232       8026       2000      10000          6
   0       14     1963     9996      9172658444      9172668440         5773232       8026       2000      10000          6
   0       14     1963     9996      9172668444      9172678440         5783232       8026       2000      10000          6
   0       14     1963     9996      9172678444      9172688440         5793232       8026       2000      10000          6
   0       14     1963     9996      9172688444      9172698440         5803232       8026       2000      10000          6
   0       14     1963     9996      9172698444      9172708440         5813232       8026       2000      10000          7
   0       14     1963     9996      9172708444      9172718440         5823232       8026       2000      10000          6
   0       14     1963     9996      9172718444      9172728440         5833232       8026       2000      10000          6
   0       14     1963     9996      9172728444      9172738440         5843232       8026       2000      10000          6
   0       14     1963     9996      9172738444      9172748440         5853232       8026       2000      10000          6
   0       14     1963     9996      9172748444      9172758440         5863232       8026       2000      10000          6
   0       14     1963     9996      9172758444      9172768440         5873232       8026       2000      10000          6
   0       14     1963     9997      9172768444      9172778441         5883232       8026       2000      10000          7
   0       14     1963     9995      9172778445      9172788440         5893233       8025       2000      10000          7
   0       14     1963     9996      9172788444      9172798440         5903232       8026       2000      10000          6
   0       14     1963     9996      9172798444      9172808440         5913232       8026       2000      10000          6
   0       14     1963     9996      9172808444      9172818440         5923232       8026       2000      10000          6
   0       14     1963     9996      9172818444      9172828440         5933232       8026       2000      10000          6
   0       14     1963     9996      9172828444      9172838440         5943232       8026       2000      10000          7
   0       14     1963     9996      9172838444      9172848440         5953232       8026       2000      10000          7
   0       14     1963     9985      9172848455      9172858440         5963243       8015       2000      10000          7
   0       14     1963     9996      9172858444      9172868440         5973232       8026       2000      10000          7
   0       14     1963     9996      9172868444      9172878440         5983232       8026       2000      10000          7
   0       14     1963     9996      9172878444      9172888440         5993232       8026       2000      10000          6
   0       14     1963     9996      9172888444      9172898440         6003232       8026       2000      10000          7
   0       14     1963     9996      9172898444      9172908440         6013232       8026       2000      10000          6
   0       14     1963     9996      9172908444      9172918440         6023232       8026       2000      10000          7
   0       14     1963     9996      9172918444      9172928440         6033232       8026       2000      10000          6
   0       14     1963     9996      9172928444      9172938440         6043232       8026       2000      10000          6
   0       14     1963     9996      9172938444      9172948440         6053232       8026       2000      10000          6
   0       14     1963     9996      9172948444      9172958440         6063232       8026       2000      10000          7
   0       14     1963     9996      9172958444      9172968440         6073232       8026       2000      10000          7
   0       14     1963     9996      9172968444      9172978440         6083232       8026       2000      10000          6
   0       14     1963     9996      9172978444      9172988440         6093232       8026       2000      10000          6
   0       14     1963     9996      9172988444      9172998440         6103232       8026       2000      10000          6
   0       14     1963     9997      9172998444      9173008441         6113232       8026       2000      10000          7
   0       14     1963     9996      9173008445      9173018441         6123233       8025       2000      10000          7
   0       14     1963     9996      9173018444      9173028440         6133232       8026       2000      10000          6
   0       14     1963     9996      9173028444      9173038440         6143232       8026       2000      10000          6
   0       14     1963     9996      9173038444      9173048440         6153232       8026       2000      10000          6
   0       14     1963     9996      9173048444      9173058440         6163232       8026       2000      10000          6
   0       14     1963     9996      9173058444      9173068440         6173232       8026       2000      10000          6
   0       14     1963     9996      9173068444      9173078440         6183232       8026       2000      10000          6
   0       14     1963     9996      9173078444      9173088440         6193232       8026       2000      10000          6
   0       14     1963     9996      9173088444      9173098440         6203232       8026       2000      10000          6
   0       14     1963     9996      9173098444      9173108440         6213232       8026       2000      10000          6
   0       14     1963     9996      9173108444      9173118440         6223232       8026       2000      10000          6
   0       14     1963     9996      9173118444      9173128440         6233232       8026       2000      10000          6
   0       14     1963     9996      9173128444      9173138440         6243232       8026       2000      10000          6
   0       14     1963     9996      9173138444      9173148440         6253232       8026       2000      10000          6
   0       14     1963     9996      9173148444      9173158440         6263232       8026       2000      10000          6
   0       14     1963     9996      9173158444      9173168440         6273232       8026       2000      10000          6
   0       14     1963     9996      9173168444      9173178440         6283232       8026       2000      10000          7
   0       14     1963     9985      9173178456      9173188440         6293244       8014       2000      10000          7
   0       14     1963     9996      9173188444      9173198440         6303232       8026       2000      10000          6
   0       14     1963     9996      9173198444      9173208440         6313232       8026       2000      10000          7
   0       14     1963     9996      9173208444      9173218440         6323232       8026       2000      10000          6
   0       14     1963     9996      9173218444      9173228440         6333232       8026       2000      10000          6
   0       14     1963     9996      9173228444      9173238440         6343232       8026       2000      10000          6
   0       14     1963     9996      9173238444      9173248440         6353232       8026       2000      10000          6
   0       14     1963     9996      9173248444      9173258440         6363232       8026       2000      10000          7
   0       14     1963     9996      9173258444      9173268440         6373232       8026       2000      10000          7
   0       14     1963     9996      9173268444      9173278440         6383232       8026       2000      10000          6
   0       14     1963     9996      9173278444      9173288440         6393232       8026       2000      10000          6
   0       14     1963     9996      9173288444      9173298440         6403232       8026       2000      10000          6
   0       14     1963     9996      9173298444      9173308440         6413232       8026       2000      10000          6
   0       14     1963     9996      9173308444      9173318440         6423232       8026       2000      10000          6
   0       14     1963     9997      9173318444      9173328440         6433232       8026       2000      10000          7
   0       14     1963     9996      9173328444      9173338440         6443232       8026       2000      10000          6
   0       14     1963     9996      9173338444      9173348440         6453232       8026       2000      10000          6
   0       14     1963     9996      9173348444      9173358440         6463232       8026       2000      10000          6
   0       14     1963     9996      9173358444      9173368440         6473232       8026       2000      10000          6
   0       14     1963     9996      9173368444      9173378440         6483232       8026       2000      10000          6
   0       14     1963     9996      9173378444      9173388440         6493232       8026       2000      10000          6
   0       14     1963     9996      9173388444      9173398440         6503232       8026       2000      10000          6
   0       14     1963     9996      9173398444      9173408440         6513232       8026       2000      10000          6
   0       14     1963     9996      9173408444      9173418440         6523232       8026       2000      10000          7
   0       14     1963     9996      9173418444      9173428440         6533232       8026       2000      10000          7
   0       14     1963     9996      9173428444      9173438440         6543232       8026       2000      10000          6
   0       14     1963     9996      9173438444      9173448440         6553232       8026       2000      10000          7
   0       14     1963     9996      9173448444      9173458440         6563232       8026       2000      10000          7
   0       14     1963     9996      9173458444      9173468440         6573232       8026       2000      10000          6
   0       14     1963     9996      9173468444      9173478440         6583232       8026       2000      10000          7
   0       14     1963     9996      9173478444      9173488440         6593232       8026       2000      10000          6
   0       14     1963     9996      9173488444      9173498440         6603232       8026       2000      10000          7
   0       14     1963     9996      9173498444      9173508440         6613232       8026       2000      10000          6
   0       14     1963     9986      9173508454      9173518440         6623242       8016       2000      10000          7
   0       14     1963     9996      9173518444      9173528440         6633232       8026       2000      10000          6
   0       14     1963     9996      9173528444      9173538440         6643232       8026       2000      10000          6
   0       14     1963     9996      9173538444      9173548440         6653232       8026       2000      10000          6
   0       14     1963     9996      9173548444      9173558440         6663232       8026       2000      10000          6
   0       14     1963     9996      9173558444      9173568440         6673232       8026       2000      10000          7
   0       14     1963     9996      9173568444      9173578440         6683232       8026       2000      10000          7
   0       14     1963     9996      9173578444      9173588441         6693232       8026       2000      10000          7
   0       14     1963     9996      9173588444      9173598440         6703232       8026       2000      10000          7
   0       14     1963     9996      9173598444      9173608441         6713232       8026       2000      10000          7
   0       14     1963     9996      9173608444      9173618441         6723232       8026       2000      10000          7
   0       14     1963     9997      9173618444      9173628441         6733232       8026       2000      10000          7
   0       14     1963     9995      9173628445      9173638440         6743233       8025       2000      10000          7
   0       14     1963     9996      9173638444      9173648440         6753232       8026       2000      10000          6
   0       14     1963     9996      9173648444      9173658440         6763232       8026       2000      10000          7
   0       14     1963     9996      9173658444      9173668440         6773232       8026       2000      10000          7
   0       14     1963     9996      9173668444      9173678440         6783232       8026       2000      10000          6
   0       14     1963     9996      9173678444      9173688440         6793232       8026       2000      10000          7
   0       14     1963     9996      9173688444      9173698440         6803232       8026       2000      10000          6
   0       14     1963     9996      9173698444      9173708440         6813232       8026       2000      10000          6
   0       14     1963     9996      9173708444      9173718440         6823232       8026       2000      10000          7
   0       14     1963     9996      9173718444      9173728440         6833232       8026       2000      10000          6
   0       14     1963     9996      9173728444      9173738440         6843232       8026       2000      10000          6
   0       14     1963     9996      9173738444      9173748440         6853232       8026       2000      10000          6
   0       14     1963     9996      9173748444      9173758440         6863232       8026       2000      10000          7
   0       14     1963     9996      9173758444      9173768440         6873232       8026       2000      10000          6
   0       14     1963     9998      9173768444      9173778442         6883232       8026       2000      10000          8
   0       14     1963     9995      9173778446      9173788440         6893234       8025       2000      10000          6
   0       14     1963     9996      9173788444      9173798440         6903232       8026       2000      10000          6
   0       14     1963     9996      9173798444      9173808440         6913232       8026       2000      10000          7
   0       14     1963     9996      9173808444      9173818440         6923232       8026       2000      10000          6
   0       14     1963     9996      9173818444      9173828440         6933232       8026       2000      10000          7
   0       14     1963     9996      9173828444      9173838440         6943232       8026       2000      10000          6
   0       14     1963     9986      9173838455      9173848441         6953243       8015       2000      10000          7
   0       14     1963     9996      9173848444      9173858440         6963232       8026       2000      10000          6
   0       14     1963     9996      9173858444      9173868440         6973232       8026       2000      10000          6
   0       14     1963     9996      9173868444      9173878440         6983232       8026       2000      10000          7
   0       14     1963     9996      9173878444      9173888440         6993232       8026       2000      10000          6
   0       14     1963     9996      9173888444      9173898440         7003232       8026       2000      10000          7
   0       14     1963     9996      9173898444      9173908440         7013232       8026       2000      10000          6
   0       14     1963     9996      9173908444      9173918440         7023232       8026       2000      10000          7
   0       14     1963     9997      9173918444      9173928441         7033232       8026       2000      10000          7
   0       14     1963     9996      9173928444      9173938440         7043232       8026       2000      10000          6
   0       14     1963     9996      9173938444      9173948440         7053232       8026       2000      10000          6
   0       14     1963     9996      9173948444      9173958440         7063232       8026       2000      10000          6
   0       14     1963     9997      9173958444      9173968441         7073232       8026       2000      10000          7
   0       14     1963     9996      9173968444      9173978440         7083232       8026       2000      10000          7
   0       14     1963     9996      9173978444      9173988440         7093232       8026       2000      10000          7
   0       14     1963     9996      9173988444      9173998440         7103232       8026       2000      10000          7
   0       14     1963     9996      9173998444      9174008440         7113232       8026       2000      10000          7
   0       14     1963     9996      9174008444      9174018441         7123232       8026       2000      10000          7
   0       14     1963     9996      9174018444      9174028440         7133232       8026       2000      10000          6
   0       14     1963     9996      9174028444      9174038440         7143232       8026       2000      10000          6
   0       14     1963     9996      9174038444      9174048440         7153232       8026       2000      10000          6
   0       14     1963     9996      9174048444      9174058440         7163232       8026       2000      10000          7
   0       14     1963     9996      9174058444      9174068440         7173232       8026       2000      10000          6
   0       14     1963     9996      9174068444      9174078440         7183232       8026       2000      10000          7
   0       14     1963     9996      9174078444      9174088440         7193232       8026       2000      10000          6
   0       14     1963     9996      9174088444      9174098440         7203232       8026       2000      10000          6
   0       14     1963     9996      9174098444      9174108440         7213232       8026       2000      10000          6
   0       14     1963     9996      9174108444      9174118440         7223232       8026       2000      10000          6
   0       14     1963     9996      9174118444      9174128440         7233232       8026       2000      10000          6
   0       14     1963     9996      9174128444      9174138440         7243232       8026       2000      10000          7
   0       14     1963     9996      9174138444      9174148440         7253232       8026       2000      10000          7
   0       14     1963     9996      9174148444      9174158440         7263232       8026       2000      10000          6
   0       14     1963     9996      9174158444      9174168440         7273232       8026       2000      10000          6
   0       14     1963     9986      9174168454      9174178441         7283242       8016       2000      10000          7
   0       14     1963     9996      9174178444      9174188440         7293232       8026       2000      10000          7
   0       14     1963     9996      9174188444      9174198440         7303232       8026       2000      10000          6
   0       14     1963     9996      9174198444      9174208440         7313232       8026       2000      10000          6
   0       14     1963     9997      9174208444      9174218441         7323232       8026       2000      10000          7
   0       14     1963     9996      9174218444      9174228440         7333232       8026       2000      10000          6
   0       14     1963     9996      9174228444      9174238440         7343232       8026       2000      10000          6
   0       14     1963     9996      9174238444      9174248440         7353232       8026       2000      10000          7
   0       14     1963     9996      9174248444      9174258440         7363232       8026       2000      10000          6
   0       14     1963     9996      9174258444      9174268440         7373232       8026       2000      10000          6
   0       14     1963     9996      9174268444      9174278440         7383232       8026       2000      10000          7
   0       14     1963     9996      9174278444      9174288440         7393232       8026       2000      10000          6
   0       14     1963     9996      9174288444      9174298440         7403232       8026       2000      10000          6
   0       14     1963     9996      9174298444      9174308440         7413232       8026       2000      10000          6
   0       14     1963     9996      9174308444      9174318440         7423232       8026       2000      10000          7
   0       14     1963     9996      9174318444      9174328440         7433232       8026       2000      10000          6
   0       14     1963     9996      9174328444      9174338440         7443232       8026       2000      10000          6
   0       14     1963     9996      9174338444      9174348440         7453232       8026       2000      10000          6
   0       14     1963     9996      9174348444      9174358440         7463232       8026       2000      10000          6
   0       14     1963     9996      9174358444      9174368440         7473232       8026       2000      10000          6
   0       14     1963     9996      9174368444      9174378440         7483232       8026       2000      10000          6
   0       14     1963     9996      9174378444      9174388440         7493232       8026       2000      10000          6
   0       14     1963     9996      9174388444      9174398440         7503232       8026       2000      10000          7
   0       14     1963     9996      9174398444      9174408440         7513232       8026       2000      10000          6
   0       14     1963     9997      9174408444      9174418441         7523232       8026       2000      10000          7
   0       14     1963     9996      9174418445      9174428440         7533232       8026       2000      10000          7
   0       14     1963     9996      9174428444      9174438440         7543232       8026       2000      10000          6
   0       14     1963     9996      9174438444      9174448440         7553232       8026       2000      10000          6
   0       14     1963     9996      9174448444      9174458440         7563232       8026       2000      10000          6
   0       14     1963     9996      9174458444      9174468440         7573232       8026       2000      10000          6
   0       14     1963     9996      9174468444      9174478440         7583232       8026       2000      10000          6
   0       14     1963     9996      9174478444      9174488440         7593232       8026       2000      10000          6
   0       14     1963     9996      9174488444      9174498440         7603232       8026       2000      10000          6
   0       14     1963     9986      9174498454      9174508440         7613242       8016       2000      10000          6
   0       14     1963     9996      9174508444      9174518440         7623232       8026       2000      10000          6
   0       14     1963     9996      9174518444      9174528440         7633232       8026       2000      10000          6
   0       14     1963     9996      9174528444      9174538440         7643232       8026       2000      10000          6
   0       14     1963     9996      9174538444      9174548440         7653232       8026       2000      10000          6
   0       14     1963     9996      9174548444      9174558440         7663232       8026       2000      10000          6
   0       14     1963     9996      9174558444      9174568440         7673232       8026       2000      10000          6
   0       14     1963     9997      9174568444      9174578441         7683232       8026       2000      10000          7
   0       14     1963     9996      9174578444      9174588440         7693232       8026       2000      10000          7
   0       14     1963     9996      9174588444      9174598440         7703232       8026       2000      10000          6
   0       14     1963     9996      9174598444      9174608440         7713232       8026       2000      10000          6
   0       14     1963     9996      9174608444      9174618440         7723232       8026       2000      10000          6
   0       14     1963     9996      9174618444      9174628440         7733232       8026       2000      10000          6
   0       14     1963     9996      9174628444      9174638440         7743232       8026       2000      10000          6
   0       14     1963     9996      9174638444      9174648440         7753232       8026       2000      10000          6
   0       14     1963     9996      9174648444      9174658440         7763232       8026       2000      10000          6
   0       14     1963     9996      9174658444      9174668440         7773232       8026       2000      10000          6
   0       14     1963     9996      9174668444      9174678440         7783232       8026       2000      10000          6
   0       14     1963     9996      9174678444      9174688440         7793232       8026       2000      10000          6
   0       14     1963     9996      9174688444      9174698440         7803232       8026       2000      10000          6
   0       14     1963     9996      9174698444      9174708440         7813232       8026       2000      10000          7
   0       14     1963     9996      9174708444      9174718440         7823232       8026       2000      10000          6
   0       14     1963     9996      9174718444      9174728440         7833232       8026       2000      10000          6
   0       14     1963     9996      9174728444      9174738440         7843232       8026       2000      10000          6
   0       14     1963     9996      9174738444      9174748440         7853232       8026       2000      10000          6
   0       14     1963     9996      9174748444      9174758440         7863232       8026       2000      10000          6
   0       14     1963     9996      9174758444      9174768440         7873232       8026       2000      10000          6
   0       14     1963     9997      9174768444      9174778441         7883232       8026       2000      10000          7
   0       14     1963     9995      9174778445      9174788440         7893233       8025       2000      10000          6
   0       14     1963     9996      9174788444      9174798440         7903232       8026       2000      10000          7
   0       14     1963     9996      9174798444      9174808440         7913232       8026       2000      10000          7
   0       14     1963     9996      9174808444      9174818441         7923232       8026       2000      10000          7
   0       14     1963     9996      9174818444      9174828440         7933232       8026       2000      10000          6
   0       14     1963     9986      9174828455      9174838441         7943243       8015       2000      10000          7
   0       14     1963     9996      9174838444      9174848440         7953232       8026       2000      10000          6
   0       14     1963     9996      9174848444      9174858440         7963232       8026       2000      10000          6
   0       14     1963     9996      9174858444      9174868440         7973232       8026       2000      10000          7
   0       14     1963     9996      9174868444      9174878440         7983232       8026       2000      10000          6
   0       14     1963     9996      9174878444      9174888440         7993232       8026       2000      10000          6
   0       14     1963     9996      9174888444      9174898440         8003232       8026       2000      10000          6
   0       14     1963     9996      9174898444      9174908440         8013232       8026       2000      10000          6
   0       14     1963     9996      9174908444      9174918440         8023232       8026       2000      10000          6
   0       14     1963     9996      9174918444      9174928440         8033232       8026       2000      10000          6
   0       14     1963     9996      9174928444      9174938440         8043232       8026       2000      10000          6
   0       14     1963     9996      9174938444      9174948440         8053232       8026       2000      10000          7
   0       14     1963     9996      9174948444      9174958440         8063232       8026       2000      10000          6
   0       14     1963     9996      9174958444      9174968440         8073232       8026       2000      10000          6
   0       14     1963     9996      9174968444      9174978440         8083232       8026       2000      10000          6
   0       14     1963     9996      9174978444      9174988440         8093232       8026       2000      10000          7
   0       14     1963     9996      9174988444      9174998440         8103232       8026       2000      10000          6
   0       14     1963     9996      9174998444      9175008440         8113232       8026       2000      10000          7
   0       14     1963     9996      9175008444      9175018441         8123232       8026       2000      10000          7
   0       14     1963     9996      9175018444      9175028440         8133232       8026       2000      10000          7
   0       14     1963     9996      9175028444      9175038441         8143232       8026       2000      10000          7
   0       14     1963     9996      9175038444      9175048440         8153232       8026       2000      10000          7
   0       14     1963     9996      9175048444      9175058440         8163232       8026       2000      10000          7
   0       14     1963     9996      9175058444      9175068440         8173232       8026       2000      10000          6
   0       14     1963     9996      9175068444      9175078440         8183232       8026       2000      10000          6
   0       14     1963     9996      9175078444      9175088440         8193232       8026       2000      10000          6
   0       14     1963     9997      9175088444      9175098441         8203232       8026       2000      10000          7
   0       14     1963     9996      9175098444      9175108440         8213232       8026       2000      10000          7
   0       14     1963     9996      9175108444      9175118440         8223232       8026       2000      10000          7
   0       14     1963     9996      9175118444      9175128440         8233232       8026       2000      10000          6
   0       14     1963     9996      9175128444      9175138441         8243232       8026       2000      10000          7
   0       14     1963     9996      9175138444      9175148440         8253232       8026       2000      10000          7
   0       14     1963     9996      9175148444      9175158440         8263232       8026       2000      10000          6
   0       14     1963     9986      9175158454      9175168440         8273242       8016       2000      10000          7
   0       14     1963     9996      9175168444      9175178440         8283232       8026       2000      10000          6
   0       14     1963     9996      9175178444      9175188440         8293232       8026       2000      10000          7
   0       14     1963     9996      9175188444      9175198440         8303232       8026       2000      10000          6
   0       14     1963     9996      9175198444      9175208440         8313232       8026       2000      10000          7
   0       14     1963     9996      9175208444      9175218440         8323232       8026       2000      10000          7
   0       14     1963     9996      9175218444      9175228440         8333232       8026       2000      10000          6
   0       14     1963     9996      9175228444      9175238440         8343232       8026       2000      10000          7
   0       14     1963     9996      9175238444      9175248440         8353232       8026       2000      10000          6
   0       14     1963     9996      9175248444      9175258440         8363232       8026       2000      10000          6
   0       14     1963     9996      9175258444      9175268440         8373232       8026       2000      10000          6
   0       14     1963     9996      9175268444      9175278440         8383232       8026       2000      10000          6
   0       14     1963     9996      9175278444      9175288440         8393232       8026       2000      10000          7
   0       14     1963     9996      9175288444      9175298440         8403232       8026       2000      10000          6
   0       14     1963     9996      9175298444      9175308440         8413232       8026       2000      10000          6
   0       14     1963     9996      9175308444      9175318440         8423232       8026       2000      10000          6
   0       14     1963     9996      9175318444      9175328440         8433232       8026       2000      10000          6
   0       14     1963     9997      9175328444      9175338441         8443232       8026       2000      10000          7
   0       14     1963     9996      9175338444      9175348440         8453232       8026       2000      10000          7
   0       14     1963     9996      9175348444      9175358440         8463232       8026       2000      10000          6
   0       14     1963     9997      9175358444      9175368440         8473232       8026       2000      10000          7
   0       14     1963     9996      9175368444      9175378440         8483232       8026       2000      10000          6
   0       14     1963     9996      9175378444      9175388440         8493232       8026       2000      10000          6
   0       14     1963     9996      9175388444      9175398440         8503232       8026       2000      10000          7
   0       14     1963     9996      9175398444      9175408440         8513232       8026       2000      10000          6
   0       14     1963     9996      9175408444      9175418440         8523232       8026       2000      10000          7
   0       14     1963     9996      9175418444      9175428440         8533232       8026       2000      10000          7
   0       14     1963     9996      9175428444      9175438440         8543232       8026       2000      10000          6
   0       14     1963     9996      9175438444      9175448440         8553232       8026       2000      10000          7
   0       14     1963     9996      9175448444      9175458440         8563232       8026       2000      10000          6
   0       14     1963     9996      9175458444      9175468440         8573232       8026       2000      10000          7
   0       14     1963     9996      9175468444      9175478440         8583232       8026       2000      10000          7
   0       14     1963     9996      9175478444      9175488440         8593232       8026       2000      10000          6
   0       14     1963     9986      9175488454      9175498440         8603242       8016       2000      10000          7
   0       14     1963     9996      9175498444      9175508440         8613232       8026       2000      10000          6
   0       14     1963     9996      9175508444      9175518440         8623232       8026       2000      10000          7
   0       14     1963     9996      9175518444      9175528440         8633232       8026       2000      10000          6
   0       14     1963     9996      9175528444      9175538440         8643232       8026       2000      10000          7
   0       14     1963     9996      9175538444      9175548440         8653232       8026       2000      10000          6
   0       14     1963     9996      9175548444      9175558440         8663232       8026       2000      10000          7
   0       14     1963     9996      9175558444      9175568440         8673232       8026       2000      10000          7
   0       14     1963     9996      9175568444      9175578440         8683232       8026       2000      10000          6
   0       14     1963     9996      9175578444      9175588440         8693232       8026       2000      10000          6
   0       14     1963     9996      9175588444      9175598440         8703232       8026       2000      10000          7
   0       14     1963     9996      9175598444      9175608440         8713232       8026       2000      10000          6
   0       14     1963     9996      9175608444      9175618440         8723232       8026       2000      10000          6
   0       14     1963     9996      9175618444      9175628440         8733232       8026       2000      10000          6
   0       14     1963     9996      9175628444      9175638440         8743232       8026       2000      10000          7
   0       14     1963     9996      9175638444      9175648440         8753232       8026       2000      10000          7
   0       14     1963     9996      9175648444      9175658440         8763232       8026       2000      10000          6
   0       14     1963     9996      9175658444      9175668440         8773232       8026       2000      10000          7
   0       14     1963     9996      9175668444      9175678440         8783232       8026       2000      10000          6
   0       14     1963     9996      9175678444      9175688440         8793232       8026       2000      10000          6
   0       14     1963     9996      9175688444      9175698440         8803232       8026       2000      10000          6
   0       14     1963     9996      9175698444      9175708440         8813232       8026       2000      10000          6
   0       14     1963     9996      9175708444      9175718440         8823232       8026       2000      10000          6
   0       14     1963     9996      9175718444      9175728440         8833232       8026       2000      10000          7
   0       14     1963     9996      9175728444      9175738440         8843232       8026       2000      10000          7
   0       14     1963     9996      9175738444      9175748440         8853232       8026       2000      10000          7
   0       14     1963     9996      9175748444      9175758440         8863232       8026       2000      10000          6
   0       14     1963     9996      9175758444      9175768440         8873232       8026       2000      10000          6
   0       14     1963     9998      9175768444      9175778442         8883232       8026       2000      10000          8
   0       14     1963     9994      9175778446      9175788440         8893234       8024       2000      10000          6
   0       14     1963     9996      9175788444      9175798440         8903232       8026       2000      10000          7
   0       14     1963     9996      9175798444      9175808440         8913232       8026       2000      10000          7
   0       14     1963     9996      9175808444      9175818440         8923232       8026       2000      10000          6
   0       14     1963     9985      9175818455      9175828441         8933243       8015       2000      10000          7
   0       14     1963     9996      9175828444      9175838440         8943232       8026       2000      10000          7
   0       14     1963     9996      9175838444      9175848440         8953232       8026       2000      10000          6
   0       14     1963     9996      9175848444      9175858440         8963232       8026       2000      10000          7
   0       14     1963     9996      9175858444      9175868440         8973232       8026       2000      10000          6
   0       14     1963     9996      9175868444      9175878440         8983232       8026       2000      10000          7
   0       14     1963     9996      9175878444      9175888440         8993232       8026       2000      10000          7
   0       14     1963     9996      9175888444      9175898440         9003232       8026       2000      10000          7
   0       14     1963     9996      9175898444      9175908440         9013232       8026       2000      10000          6
   0       14     1963     9996      9175908444      9175918440         9023232       8026       2000      10000          6
   0       14     1963     9996      9175918444      9175928440         9033232       8026       2000      10000          7
   0       14     1963     9996      9175928444      9175938440         9043232       8026       2000      10000          7
   0       14     1963     9996      9175938444      9175948440         9053232       8026       2000      10000          7
   0       14     1963     9996      9175948444      9175958440         9063232       8026       2000      10000          7
   0       14     1963     9996      9175958444      9175968440         9073232       8026       2000      10000          7
   0       14     1963     9996      9175968444      9175978440         9083232       8026       2000      10000          7
   0       14     1963     9996      9175978444      9175988440         9093232       8026       2000      10000          7
   0       14     1963     9996      9175988444      9175998440         9103232       8026       2000      10000          6
   0       14     1963     9997      9175998444      9176008441         9113232       8026       2000      10000          7
   0       14     1963     9996      9176008444      9176018440         9123232       8026       2000      10000          7
   0       14     1963     9996      9176018444      9176028440         9133232       8026       2000      10000          7
   0       14     1963     9996      9176028444      9176038440         9143232       8026       2000      10000          6
   0       14     1963     9996      9176038444      9176048440         9153232       8026       2000      10000          7
   0       14     1963     9996      9176048444      9176058440         9163232       8026       2000      10000          7
   0       14     1963     9996      9176058444      9176068440         9173232       8026       2000      10000          6
   0       14     1963     9996      9176068444      9176078440         9183232       8026       2000      10000          6
   0       14     1963     9997      9176078444      9176088440         9193232       8026       2000      10000          7
   0       14     1963     9996      9176088444      9176098440         9203232       8026       2000      10000          7
   0       14     1963     9996      9176098444      9176108440         9213232       8026       2000      10000          7
   0       14     1963     9996      9176108444      9176118440         9223232       8026       2000      10000          6
   0       14     1963     9996      9176118444      9176128440         9233232       8026       2000      10000          6
   0       14     1963     9996      9176128444      9176138440         9243232       8026       2000      10000          6
   0       14     1963     9996      9176138444      9176148440         9253232       8026       2000      10000          6
   0       14     1963     9987      9176148454      9176158440         9263242       8016       2000      10000          7
   0       14     1963     9996      9176158444      9176168440         9273232       8026       2000      10000          6
   0       14     1963     9996      9176168444      9176178440         9283232       8026       2000      10000          6
   0       14     1963     9997      9176178444      9176188441         9293232       8026       2000      10000          7
   0       14     1963     9996      9176188445      9176198440         9303232       8026       2000      10000          6
   0       14     1963     9996      9176198444      9176208440         9313232       8026       2000      10000          7
   0       14     1963     9996      9176208444      9176218440         9323232       8026       2000      10000          6
   0       14     1963     9997      9176218443      9176228441         9333231       8027       2000      10000          7
   0       14     1963     9996      9176228444      9176238441         9343232       8026       2000      10000          7
   0       14     1963     9996      9176238444      9176248441         9353232       8026       2000      10000          7
   0       14     1963     9996      9176248444      9176258440         9363232       8026       2000      10000          7
   0       14     1963     9996      9176258444      9176268441         9373232       8026       2000      10000          7
   0       14     1963     9996      9176268444      9176278440         9383232       8026       2000      10000          7
   0       14     1963     9996      9176278444      9176288440         9393232       8026       2000      10000          7
   0       14     1963     9996      9176288444      9176298440         9403232       8026       2000      10000          6
   0       14     1963     9996      9176298444      9176308440         9413232       8026       2000      10000          7
   0       14     1963     9996      9176308444      9176318440         9423232       8026       2000      10000          6
   0       14     1963     9996      9176318444      9176328440         9433232       8026       2000      10000          7
   0       14     1963     9996      9176328444      9176338440         9443232       8026       2000      10000          6
   0       14     1963     9996      9176338444      9176348440         9453232       8026       2000      10000          6
   0       14     1963     9997      9176348444      9176358441         9463232       8026       2000      10000          7
   0       14     1963     9996      9176358444      9176368440         9473232       8026       2000      10000          7
   0       14     1963     9996      9176368444      9176378440         9483232       8026       2000      10000          7
   0       14     1963     9996      9176378444      9176388440         9493232       8026       2000      10000          6
   0       14     1963     9996      9176388444      9176398440         9503232       8026       2000      10000          7
   0       14     1963     9996      9176398444      9176408440         9513232       8026       2000      10000          7
   0       14     1963     9996      9176408444      9176418441         9523232       8026       2000      10000          7
   0       14     1963     9996      9176418444      9176428441         9533232       8026       2000      10000          7
   0       14     1963     9996      9176428444      9176438441         9543232       8026       2000      10000          7
   0       14     1963     9996      9176438444      9176448441         9553232       8026       2000      10000          7
   0       14     1963     9996      9176448444      9176458441         9563232       8026       2000      10000          7
   0       14     1963     9996      9176458444      9176468440         9573232       8026       2000      10000          6
   0       14     1963     9996      9176468444      9176478440         9583232       8026       2000      10000          6
   0       14     1963     9986      9176478454      9176488441         9593242       8016       2000      10000          7
   0       14     1963     9996      9176488444      9176498440         9603232       8026       2000      10000          6
   0       14     1963     9996      9176498444      9176508440         9613232       8026       2000      10000          6
   0       14     1963     9996      9176508444      9176518440         9623232       8026       2000      10000          6
   0       14     1963     9996      9176518444      9176528440         9633232       8026       2000      10000          7
   0       14     1963     9996      9176528444      9176538440         9643232       8026       2000      10000          6
   0       14     1963     9996      9176538444      9176548440         9653232       8026       2000      10000          6
   0       14     1963     9996      9176548444      9176558440         9663232       8026       2000      10000          6
   0       14     1963     9996      9176558444      9176568440         9673232       8026       2000      10000          6
   0       14     1963     9996      9176568444      9176578440         9683232       8026       2000      10000          6
   0       14     1963     9996      9176578444      9176588440         9693232       8026       2000      10000          6
   0       14     1963     9996      9176588444      9176598440         9703232       8026       2000      10000          7
   0       14     1963     9996      9176598444      9176608440         9713232       8026       2000      10000          7
   0       14     1963     9996      9176608444      9176618441         9723232       8026       2000      10000          7
   0       14     1963     9997      9176618444      9176628441         9733232       8026       2000      10000          7
   0       14     1963     9996      9176628445      9176638440         9743232       8026       2000      10000          6
   0       14     1963     9996      9176638444      9176648440         9753232       8026       2000      10000          6
   0       14     1963     9996      9176648444      9176658440         9763232       8026       2000      10000          7
   0       14     1963     9996      9176658444      9176668440         9773232       8026       2000      10000          7
   0       14     1963     9996      9176668444      9176678440         9783232       8026       2000      10000          6
   0       14     1963     9996      9176678444      9176688440         9793232       8026       2000      10000          7
   0       14     1963     9996      9176688444      9176698440         9803232       8026       2000      10000          6
   0       14     1963     9996      9176698444      9176708440         9813232       8026       2000      10000          6
   0       14     1963     9996      9176708444      9176718440         9823232       8026       2000      10000          6
   0       14     1963     9996      9176718444      9176728440         9833232       8026       2000      10000          7
   0       14     1963     9996      9176728444      9176738440         9843232       8026       2000      10000          7
   0       14     1963     9996      9176738444      9176748440         9853232       8026       2000      10000          6
   0       14     1963     9996      9176748444      9176758440         9863232       8026       2000      10000          7
   0       14     1963     9996      9176758444      9176768440         9873232       8026       2000      10000          7
   0       14     1963     9997      9176768444      9176778442         9883232       8026       2000      10000          8
   0       14     1963     9995      9176778445      9176788441         9893233       8025       2000      10000          7
   0       14     1963     9996      9176788444      9176798440         9903232       8026       2000      10000          7
   0       14     1963     9996      9176798444      9176808441         9913232       8026       2000      10000          7
   0       14     1963     9985      9176808455      9176818441         9923243       8015       2000      10000          7
   0       14     1963     9996      9176818444      9176828440         9933232       8026       2000      10000          6
   0       14     1963     9996      9176828444      9176838440         9943232       8026       2000      10000          6
   0       14     1963     9996      9176838444      9176848440         9953232       8026       2000      10000          7
   0       14     1963     9996      9176848444      9176858440         9963232       8026       2000      10000          6
   0       14     1963     9996      9176858444      9176868440         9973232       8026       2000      10000          6
   0       14     1963     9996      9176868444      9176878440         9983232       8026       2000      10000          6
   0       14     1963     9997      9176878444      9176888441         9993232       8026       2000      10000          7
   0       14     1963     9996      9176888445      9176898440        10003232       8026       2000      10000          6
   0       14     1963     9996      9176898444      9176908440        10013232       8026       2000      10000          6
   0       14     1963     9996      9176908444      9176918440        10023232       8026       2000      10000          6
   0       14     1963     9996      9176918444      9176928440        10033232       8026       2000      10000          6
   0       14     1963     9996      9176928444      9176938440        10043232       8026       2000      10000          6
   0       14     1963     9996      9176938444      9176948440        10053232       8026       2000      10000          7
   0       14     1963     9996      9176948444      9176958440        10063232       8026       2000      10000          6
   0       14     1963     9996      9176958444      9176968440        10073232       8026       2000      10000          6
   0       14     1963     9996      9176968444      9176978440        10083232       8026       2000      10000          6
   0       14     1963     9997      9176978444      9176988441        10093232       8026       2000      10000          7
   0       14     1963     9996      9176988444      9176998440        10103232       8026       2000      10000          6
   0       14     1963     9996      9176998444      9177008440        10113232       8026       2000      10000          6
   0       14     1963     9996      9177008444      9177018440        10123232       8026       2000      10000          6
   0       14     1963     9996      9177018444      9177028440        10133232       8026       2000      10000          7
   0       14     1963     9996      9177028444      9177038440        10143232       8026       2000      10000          6
   0       14     1963     9996      9177038444      9177048440        10153232       8026       2000      10000          7
   0       14     1963     9996      9177048444      9177058440        10163232       8026       2000      10000          7
   0       14     1963     9996      9177058444      9177068440        10173232       8026       2000      10000          6
   0       14     1963     9996      9177068444      9177078440        10183232       8026       2000      10000          6
   0       14     1963     9997      9177078444      9177088440        10193232       8026       2000      10000          7
   0       14     1963     9996      9177088444      9177098440        10203232       8026       2000      10000          6
   0       14     1963     9996      9177098444      9177108440        10213232       8026       2000      10000          6
   0       14     1963     9996      9177108444      9177118440        10223232       8026       2000      10000          6
   0       14     1963     9996      9177118444      9177128440        10233232       8026       2000      10000          6
   0       14     1963     9996      9177128444      9177138440        10243232       8026       2000      10000          7
   0       14     1963     9996      9177138444      9177148440        10253232       8026       2000      10000          6
   0       14     1963     9985      9177148456      9177158440        10263243       8015       2000      10000          7
   0       14     1963     9996      9177158444      9177168440        10273232       8026       2000      10000          6
   0       14     1963     9996      9177168444      9177178440        10283232       8026       2000      10000          6
   0       14     1963     9996      9177178444      9177188440        10293232       8026       2000      10000          6
   0       14     1963     9996      9177188444      9177198440        10303232       8026       2000      10000          6
   0       14     1963     9996      9177198444      9177208440        10313232       8026       2000      10000          6
   0       14     1963     9996      9177208444      9177218440        10323232       8026       2000      10000          6
   0       14     1963     9996      9177218444      9177228440        10333232       8026       2000      10000          7
   0       14     1963     9996      9177228444      9177238440        10343232       8026       2000      10000          6
   0       14     1963     9996      9177238444      9177248440        10353232       8026       2000      10000          6
   0       14     1963     9996      9177248444      9177258440        10363232       8026       2000      10000          6
   0       14     1963     9996      9177258444      9177268440        10373232       8026       2000      10000          6
   0       14     1963     9996      9177268444      9177278440        10383232       8026       2000      10000          6
   0       14     1963     9996      9177278444      9177288440        10393232       8026       2000      10000          7
   0       14     1963     9996      9177288444      9177298440        10403232       8026       2000      10000          7
   0       14     1963     9996      9177298444      9177308440        10413232       8026       2000      10000          6
   0       14     1963     9996      9177308444      9177318440        10423232       8026       2000      10000          6
   0       14     1963     9996      9177318444      9177328440        10433232       8026       2000      10000          6
   0       14     1963     9996      9177328444      9177338440        10443232       8026       2000      10000          6
   0       14     1963     9996      9177338444      9177348440        10453232       8026       2000      10000          6
   0       14     1963     9996      9177348444      9177358440        10463232       8026       2000      10000          6
   0       14     1963     9996      9177358444      9177368440        10473232       8026       2000      10000          6
   0       14     1963     9996      9177368444      9177378440        10483232       8026       2000      10000          6
   0       14     1963     9996      9177378444      9177388440        10493232       8026       2000      10000          6
   0       14     1963     9996      9177388444      9177398440        10503232       8026       2000      10000          6
   0       14     1963     9996      9177398444      9177408440        10513232       8026       2000      10000          6
   0       14     1963     9996      9177408444      9177418440        10523232       8026       2000      10000          6
   0       14     1963     9996      9177418444      9177428440        10533232       8026       2000      10000          6
   0       14     1963     9996      9177428444      9177438440        10543232       8026       2000      10000          6
   0       14     1963     9996      9177438444      9177448440        10553232       8026       2000      10000          6
   0       14     1963     9996      9177448444      9177458440        10563232       8026       2000      10000          6
   0       14     1963     9996      9177458444      9177468440        10573232       8026       2000      10000          6
   0       14     1963     9996      9177468444      9177478440        10583232       8026       2000      10000          6
   0       14     1963     9987      9177478454      9177488441        10593242       8016       2000      10000          7
   0       14     1963     9996      9177488444      9177498440        10603232       8026       2000      10000          7
   0       14     1963     9996      9177498444      9177508440        10613232       8026       2000      10000          6
   0       14     1963     9996      9177508444      9177518440        10623232       8026       2000      10000          7
   0       14     1963     9996      9177518444      9177528440        10633232       8026       2000      10000          7
   0       14     1963     9996      9177528444      9177538440        10643232       8026       2000      10000          6
   0       14     1963     9996      9177538444      9177548440        10653232       8026       2000      10000          7
   0       14     1963     9996      9177548444      9177558440        10663232       8026       2000      10000          6
   0       14     1963     9996      9177558444      9177568440        10673232       8026       2000      10000          6
   0       14     1963     9997      9177568444      9177578441        10683232       8026       2000      10000          7
   0       14     1963     9996      9177578444      9177588440        10693232       8026       2000      10000          7
   0       14     1963     9996      9177588444      9177598440        10703232       8026       2000      10000          7
   0       14     1963     9996      9177598444      9177608440        10713232       8026       2000      10000          7
   0       14     1963     9996      9177608444      9177618440        10723232       8026       2000      10000          6
   0       14     1963     9996      9177618444      9177628440        10733232       8026       2000      10000          7
   0       14     1963     9996      9177628444      9177638440        10743232       8026       2000      10000          7
   0       14     1963     9996      9177638444      9177648440        10753232       8026       2000      10000          7
   0       14     1963     9996      9177648444      9177658440        10763232       8026       2000      10000          6
   0       14     1963     9996      9177658444      9177668440        10773232       8026       2000      10000          6
   0       14     1963     9996      9177668444      9177678440        10783232       8026       2000      10000          6
   0       14     1963     9996      9177678444      9177688440        10793232       8026       2000      10000          6
   0       14     1963     9996      9177688444      9177698440        10803232       8026       2000      10000          7
   0       14     1963     9996      9177698444      9177708440        10813232       8026       2000      10000          6
   0       14     1963     9996      9177708444      9177718440        10823232       8026       2000      10000          7
   0       14     1963     9996      9177718444      9177728440        10833232       8026       2000      10000          6
   0       14     1963     9996      9177728444      9177738440        10843232       8026       2000      10000          7
   0       14     1963     9996      9177738444      9177748440        10853232       8026       2000      10000          7
   0       14     1963     9996      9177748444      9177758440        10863232       8026       2000      10000          7
   0       14     1963     9996      9177758444      9177768440        10873232       8026       2000      10000          7
   0       14     1963     9998      9177768444      9177778442        10883232       8026       2000      10000          8
   0       14     1963     9995      9177778446      9177788441        10893233       8024       2000      10000          7
   0       14     1963     9996      9177788444      9177798440        10903232       8026       2000      10000          6
   0       14     1963     9996      9177798444      9177808440        10913232       8026       2000      10000          6
   0       14     1963     9984      9177808457      9177818440        10923245       8013       2000      10000          7
   0       14     1963     9996      9177818444      9177828440        10933232       8026       2000      10000          6
   0       14     1963     9996      9177828444      9177838440        10943232       8026       2000      10000          6
   0       14     1963     9996      9177838444      9177848440        10953232       8026       2000      10000          7
   0       14     1963     9996      9177848444      9177858440        10963232       8026       2000      10000          6
   0       14     1963     9996      9177858444      9177868440        10973232       8026       2000      10000          6
   0       14     1963     9996      9177868444      9177878440        10983232       8026       2000      10000          6
   0       14     1963     9996      9177878444      9177888440        10993232       8026       2000      10000          7
   0       14     1963     9996      9177888444      9177898440        11003232       8026       2000      10000          7
   0       14     1963     9996      9177898444      9177908440        11013232       8026       2000      10000          6
   0       14     1963     9996      9177908444      9177918440        11023232       8026       2000      10000          6
   0       14     1963     9996      9177918444      9177928440        11033232       8026       2000      10000          7
   0       14     1963     9996      9177928444      9177938440        11043232       8026       2000      10000          6
   0       14     1963     9996      9177938444      9177948440        11053232       8026       2000      10000          6
   0       14     1963     9996      9177948444      9177958440        11063232       8026       2000      10000          6
   0       14     1963     9996      9177958444      9177968440        11073232       8026       2000      10000          6
   0       14     1963     9996      9177968444      9177978440        11083232       8026       2000      10000          6
   0       14     1963     9996      9177978444      9177988440        11093232       8026       2000      10000          6
   0       14     1963     9996      9177988444      9177998440        11103232       8026       2000      10000          6
   0       14     1963     9997      9177998443      9178008440        11113231       8027       2000      10000          6
   0       14     1963     9996      9178008444      9178018440        11123232       8026       2000      10000          6
   0       14     1963     9996      9178018444      9178028440        11133232       8026       2000      10000          6
   0       14     1963     9996      9178028444      9178038441        11143232       8026       2000      10000          7
   0       14     1963     9996      9178038444      9178048440        11153232       8026       2000      10000          7
   0       14     1963     9996      9178048444      9178058440        11163232       8026       2000      10000          7
   0       14     1963     9996      9178058444      9178068440        11173232       8026       2000      10000          6
   0       14     1963     9996      9178068444      9178078440        11183232       8026       2000      10000          7
   0       14     1963     9996      9178078444      9178088440        11193232       8026       2000      10000          7
   0       14     1963     9996      9178088444      9178098441        11203232       8026       2000      10000          7
   0       14     1963     9996      9178098444      9178108440        11213232       8026       2000      10000          6
   0       14     1963     9996      9178108444      9178118440        11223232       8026       2000      10000          6
   0       14     1963     9996      9178118444      9178128440        11233232       8026       2000      10000          6
   0       14     1963     9996      9178128444      9178138440        11243232       8026       2000      10000          6
   0       14     1963     9986      9178138454      9178148440        11253242       8016       2000      10000          7
   0       14     1963     9996      9178148444      9178158440        11263232       8026       2000      10000          6
   0       14     1963     9996      9178158444      9178168440        11273232       8026       2000      10000          6
   0       14     1963     9996      9178168444      9178178440        11283232       8026       2000      10000          6
   0       14     1963     9996      9178178444      9178188440        11293232       8026       2000      10000          6
   0       14     1963     9996      9178188444      9178198440        11303232       8026       2000      10000          6
   0       14     1963     9996      9178198444      9178208440        11313232       8026       2000      10000          6
   0       14     1963     9996      9178208444      9178218440        11323232       8026       2000      10000          6
   0       14     1963     9996      9178218444      9178228440        11333232       8026       2000      10000          6
   0       14     1963     9996      9178228444      9178238440        11343232       8026       2000      10000          7
   0       14     1963     9996      9178238444      9178248440        11353232       8026       2000      10000          6
   0       14     1963     9996      9178248444      9178258440        11363232       8026       2000      10000          6
   0       14     1963     9996      9178258444      9178268440        11373232       8026       2000      10000          7
   0       14     1963     9996      9178268444      9178278440        11383232       8026       2000      10000          6
   0       14     1963     9996      9178278444      9178288440        11393232       8026       2000      10000          7
   0       14     1963     9996      9178288444      9178298440        11403232       8026       2000      10000          6
   0       14     1963     9996      9178298444      9178308440        11413232       8026       2000      10000          6
   0       14     1963     9996      9178308444      9178318440        11423232       8026       2000      10000          6
   0       14     1963     9996      9178318444      9178328440        11433232       8026       2000      10000          7
   0       14     1963     9996      9178328444      9178338440        11443232       8026       2000      10000          7
   0       14     1963     9996      9178338444      9178348440        11453232       8026       2000      10000          6
   0       14     1963     9996      9178348444      9178358440        11463232       8026       2000      10000          6
   0       14     1963     9996      9178358444      9178368440        11473232       8026       2000      10000          6
   0       14     1963     9996      9178368444      9178378440        11483232       8026       2000      10000          6
   0       14     1963     9996      9178378444      9178388440        11493232       8026       2000      10000          6
   0       14     1963     9996      9178388444      9178398440        11503232       8026       2000      10000          6
   0       14     1963     9996      9178398444      9178408440        11513232       8026       2000      10000          6
   0       14     1963     9996      9178408444      9178418440        11523232       8026       2000      10000          6
   0       14     1963     9996      9178418444      9178428440        11533232       8026       2000      10000          7
   0       14     1963     9996      9178428444      9178438440        11543232       8026       2000      10000          7
   0       14     1963     9996      9178438444      9178448440        11553232       8026       2000      10000          6
   0       14     1963     9996      9178448444      9178458440        11563232       8026       2000      10000          6
   0       14     1963     9996      9178458444      9178468440        11573232       8026       2000      10000          7
   0       14     1963     9986      9178468454      9178478440        11583242       8016       2000      10000          6
   0       14     1963     9996      9178478444      9178488440        11593232       8026       2000      10000          6
   0       14     1963     9996      9178488444      9178498440        11603232       8026       2000      10000          6
   0       14     1963     9996      9178498444      9178508440        11613232       8026       2000      10000          6
   0       14     1963     9996      9178508444      9178518440        11623232       8026       2000      10000          6
   0       14     1963     9996      9178518444      9178528440        11633232       8026       2000      10000          6
   0       14     1963     9996      9178528444      9178538440        11643232       8026       2000      10000          6
   0       14     1963     9996      9178538444      9178548440        11653232       8026       2000      10000          6
   0       14     1963     9996      9178548444      9178558440        11663232       8026       2000      10000          7
   0       14     1963     9996      9178558444      9178568440        11673232       8026       2000      10000          6
   0       14     1963     9996      9178568444      9178578440        11683232       8026       2000      10000          6
   0       14     1963     9996      9178578444      9178588440        11693232       8026       2000      10000          6
   0       14     1963     9996      9178588444      9178598440        11703232       8026       2000      10000          6
   0       14     1963     9996      9178598444      9178608440        11713232       8026       2000      10000          7
   0       14     1963     9996      9178608444      9178618440        11723232       8026       2000      10000          7
   0       14     1963     9996      9178618444      9178628440        11733232       8026       2000      10000          7
   0       14     1963     9996      9178628444      9178638440        11743232       8026       2000      10000          7
   0       14     1963     9996      9178638444      9178648440        11753232       8026       2000      10000          6
   0       14     1963     9996      9178648444      9178658440        11763232       8026       2000      10000          6
   0       14     1963     9996      9178658444      9178668440        11773232       8026       2000      10000          6
   0       14     1963     9996      9178668444      9178678440        11783232       8026       2000      10000          7
   0       14     1963     9996      9178678444      9178688440        11793232       8026       2000      10000          6
   0       14     1963     9996      9178688444      9178698440        11803232       8026       2000      10000          6
   0       14     1963     9996      9178698444      9178708440        11813232       8026       2000      10000          6
   0       14     1963     9996      9178708444      9178718440        11823232       8026       2000      10000          6
   0       14     1963     9996      9178718444      9178728440        11833232       8026       2000      10000          6
   0       14     1963     9996      9178728444      9178738440        11843232       8026       2000      10000          6
   0       14     1963     9996      9178738444      9178748440        11853232       8026       2000      10000          7
   0       14     1963     9996      9178748444      9178758440        11863232       8026       2000      10000          6
   0       14     1963     9996      9178758444      9178768440        11873232       8026       2000      10000          6
   0       14     1963     9997      9178768444      9178778441        11883232       8026       2000      10000          7
   0       14     1963     9995      9178778445      9178788440        11893233       8025       2000      10000          6
   0       14     1963     9996      9178788444      9178798440        11903232       8026       2000      10000          6
   0       14     1963     9985      9178798455      9178808440        11913243       8015       2000      10000          6
   0       14     1963     9996      9178808444      9178818440        11923232       8026       2000      10000          6
   0       14     1963     9996      9178818444      9178828440        11933232       8026       2000      10000          6
   0       14     1963     9996      9178828444      9178838440        11943232       8026       2000      10000          6
   0       14     1963     9996      9178838444      9178848440        11953232       8026       2000      10000          7
   0       14     1963     9996      9178848444      9178858440        11963232       8026       2000      10000          6
   0       14     1963     9996      9178858444      9178868440        11973232       8026       2000      10000          6
   0       14     1963     9996      9178868444      9178878440        11983232       8026       2000      10000          6
   0       14     1963     9996      9178878444      9178888440        11993232       8026       2000      10000          6
   0       14     1963     9996      9178888444      9178898440        12003232       8026       2000      10000          6
   0       14     1963     9996      9178898444      9178908440        12013232       8026       2000      10000          6
   0       14     1963     9996      9178908444      9178918440        12023232       8026       2000      10000          6
   0       14     1963     9996      9178918444      9178928440        12033232       8026       2000      10000          7
   0       14     1963     9996      9178928444      9178938440        12043232       8026       2000      10000          6
   0       14     1963     9997      9178938444      9178948441        12053232       8026       2000      10000          7
   0       14     1963     9996      9178948444      9178958440        12063232       8026       2000      10000          6
   0       14     1963     9996      9178958444      9178968440        12073232       8026       2000      10000          6
   0       14     1963     9996      9178968444      9178978440        12083232       8026       2000      10000          6
   0       14     1963     9996      9178978444      9178988440        12093232       8026       2000      10000          6
   0       14     1963     9996      9178988444      9178998440        12103232       8026       2000      10000          7
   0       14     1963     9997      9178998444      9179008441        12113232       8026       2000      10000          7
   0       14     1963     9996      9179008444      9179018440        12123232       8026       2000      10000          6
   0       14     1963     9996      9179018444      9179028440        12133232       8026       2000      10000          6
   0       14     1963     9996      9179028444      9179038440        12143232       8026       2000      10000          6
   0       14     1963     9996      9179038444      9179048440        12153232       8026       2000      10000          6
   0       14     1963     9996      9179048444      9179058440        12163232       8026       2000      10000          6
   0       14     1963     9996      9179058444      9179068440        12173232       8026       2000      10000          6
   0       14     1963     9996      9179068444      9179078440        12183232       8026       2000      10000          6
   0       14     1963     9996      9179078444      9179088440        12193232       8026       2000      10000          6
   0       14     1963     9996      9179088444      9179098440        12203232       8026       2000      10000          6
   0       14     1963     9996      9179098444      9179108440        12213232       8026       2000      10000          6
   0       14     1963     9996      9179108444      9179118440        12223232       8026       2000      10000          6
   0       14     1963     9996      9179118444      9179128440        12233232       8026       2000      10000          6
   0       14     1963     9983      9179128458      9179138440        12243245       8013       2000      10000          7
   0       14     1963     9996      9179138444      9179148440        12253232       8026       2000      10000          6
   0       14     1963     9996      9179148444      9179158440        12263232       8026       2000      10000          6
   0       14     1963     9997      9179158443      9179168440        12273231       8027       2000      10000          6
   0       14     1963     9996      9179168444      9179178440        12283232       8026       2000      10000          6
   0       14     1963     9996      9179178444      9179188440        12293232       8026       2000      10000          7
   0       14     1963     9996      9179188444      9179198440        12303232       8026       2000      10000          6
   0       14     1963     9997      9179198444      9179208441        12313232       8026       2000      10000          7
   0       14     1963     9996      9179208444      9179218440        12323232       8026       2000      10000          6
   0       14     1963     9996      9179218444      9179228440        12333232       8026       2000      10000          6
   0       14     1963     9996      9179228444      9179238440        12343232       8026       2000      10000          6
   0       14     1963     9996      9179238444      9179248440        12353232       8026       2000      10000          6
   0       14     1963     9996      9179248444      9179258440        12363231       8027       2000      10000          6
   0       14     1963     9997      9179258443      9179268440        12373231       8027       2000      10000          6
   0       14     1963     9996      9179268444      9179278440        12383232       8026       2000      10000          6
   0       14     1963     9996      9179278444      9179288440        12393232       8026       2000      10000          6
   0       14     1963     9996      9179288444      9179298440        12403232       8026       2000      10000          6
   0       14     1963     9996      9179298444      9179308440        12413232       8026       2000      10000          6
   0       14     1963     9996      9179308444      9179318440        12423232       8026       2000      10000          6
   0       14     1963     9996      9179318444      9179328440        12433232       8026       2000      10000          6
   0       14     1963     9996      9179328444      9179338440        12443232       8026       2000      10000          6
   0       14     1963     9996      9179338444      9179348440        12453232       8026       2000      10000          7
   0       14     1963     9996      9179348444      9179358440        12463232       8026       2000      10000          6
   0       14     1963     9996      9179358444      9179368440        12473232       8026       2000      10000          6
   0       14     1963     9996      9179368444      9179378440        12483232       8026       2000      10000          6
   0       14     1963     9996      9179378444      9179388440        12493232       8026       2000      10000          6
   0       14     1963     9996      9179388444      9179398440        12503232       8026       2000      10000          6
   0       14     1963     9997      9179398444      9179408440        12513232       8027       2000      10000          6
   0       14     1963     9996      9179408444      9179418440        12523232       8026       2000      10000          7
   0       14     1963     9996      9179418444      9179428440        12533232       8026       2000      10000          6
   0       14     1963     9996      9179428444      9179438440        12543232       8026       2000      10000          6
   0       14     1963     9996      9179438444      9179448440        12553232       8026       2000      10000          6
   0       14     1963     9996      9179448444      9179458440        12563232       8026       2000      10000          7
   0       14     1963     9986      9179458454      9179468440        12573242       8016       2000      10000          7
   0       14     1963     9996      9179468444      9179478440        12583232       8026       2000      10000          6
   0       14     1963     9996      9179478444      9179488440        12593232       8026       2000      10000          6
   0       14     1963     9996      9179488444      9179498440        12603232       8026       2000      10000          6
   0       14     1963     9996      9179498444      9179508440        12613232       8026       2000      10000          6
   0       14     1963     9996      9179508444      9179518440        12623232       8026       2000      10000          6
   0       14     1963     9996      9179518444      9179528440        12633232       8026       2000      10000          6
   0       14     1963     9996      9179528444      9179538440        12643232       8026       2000      10000          6
   0       14     1963     9996      9179538444      9179548440        12653232       8026       2000      10000          6
   0       14     1963     9996      9179548444      9179558440        12663232       8026       2000      10000          6
   0       14     1963     9996      9179558444      9179568440        12673232       8026       2000      10000          6
   0       14     1963     9996      9179568444      9179578440        12683232       8026       2000      10000          6
   0       14     1963     9996      9179578444      9179588440        12693232       8026       2000      10000          7
   0       14     1963     9996      9179588444      9179598440        12703232       8026       2000      10000          6
   0       14     1963     9996      9179598444      9179608440        12713232       8026       2000      10000          6
   0       14     1963     9996      9179608444      9179618440        12723232       8026       2000      10000          6
   0       14     1963     9996      9179618444      9179628440        12733232       8026       2000      10000          6
   0       14     1963     9996      9179628444      9179638440        12743232       8026       2000      10000          6
   0       14     1963     9996      9179638444      9179648440        12753232       8026       2000      10000          6
   0       14     1963     9996      9179648444      9179658440        12763232       8026       2000      10000          6
   0       14     1963     9996      9179658444      9179668440        12773232       8026       2000      10000          6
   0       14     1963     9996      9179668444      9179678440        12783232       8026       2000      10000          6
   0       14     1963     9996      9179678444      9179688440        12793232       8026       2000      10000          6
   0       14     1963     9996      9179688444      9179698440        12803232       8026       2000      10000          6
   0       14     1963     9996      9179698444      9179708440        12813232       8026       2000      10000          6
   0       14     1963     9996      9179708444      9179718440        12823232       8026       2000      10000          6
   0       14     1963     9996      9179718444      9179728440        12833232       8026       2000      10000          6
   0       14     1963     9996      9179728444      9179738440        12843232       8026       2000      10000          6
   0       14     1963     9996      9179738444      9179748440        12853232       8026       2000      10000          6
   0       14     1963     9996      9179748444      9179758440        12863232       8026       2000      10000          6
   0       14     1963     9996      9179758444      9179768440        12873232       8026       2000      10000          6
   0       14     1963     9998      9179768444      9179778442        12883232       8026       2000      10000          8
   0       14     1963     9995      9179778446      9179788440        12893233       8025       2000      10000          6
   0       14     1963     9986      9179788455      9179798440        12903243       8015       2000      10000          7
   0       14     1963     9996      9179798444      9179808440        12913232       8026       2000      10000          6
   0       14     1963     9996      9179808444      9179818440        12923232       8026       2000      10000          6
   0       14     1963     9996      9179818444      9179828440        12933232       8026       2000      10000          6
   0       14     1963     9996      9179828444      9179838440        12943232       8026       2000      10000          6
   0       14     1963     9996      9179838444      9179848440        12953232       8026       2000      10000          6
   0       14     1963     9996      9179848444      9179858440        12963232       8026       2000      10000          7
   0       14     1963     9996      9179858444      9179868440        12973232       8026       2000      10000          7
   0       14     1963     9996      9179868444      9179878440        12983232       8026       2000      10000          7
   0       14     1963     9996      9179878444      9179888441        12993232       8026       2000      10000          7
   0       14     1963     9996      9179888444      9179898440        13003232       8026       2000      10000          6
   0       14     1963     9996      9179898444      9179908440        13013232       8026       2000      10000          6
   0       14     1963     9996      9179908444      9179918440        13023232       8026       2000      10000          6
   0       14     1963     9996      9179918444      9179928440        13033232       8026       2000      10000          7
   0       14     1963     9996      9179928444      9179938440        13043232       8026       2000      10000          6
   0       14     1963     9996      9179938444      9179948440        13053232       8026       2000      10000          7
   0       14     1963     9996      9179948444      9179958440        13063232       8026       2000      10000          6
   0       14     1963     9997      9179958444      9179968441        13073232       8026       2000      10000          7
   0       14     1963     9996      9179968444      9179978440        13083232       8026       2000      10000          7
   0       14     1963     9996      9179978444      9179988440        13093232       8026       2000      10000          6
   0       14     1963     9996      9179988444      9179998440        13103232       8026       2000      10000          6
   0       14     1963     9996      9179998444      9180008440        13113232       8026       2000      10000          6
   0       14     1963     9996      9180008444      9180018440        13123232       8026       2000      10000          6
   0       14     1963     9996      9180018444      9180028440        13133232       8026       2000      10000          6
   0       14     1963     9996      9180028444      9180038440        13143232       8026       2000      10000          6
   0       14     1963     9997      9180038444      9180048440        13153232       8026       2000      10000          7
   0       14     1963     9996      9180048444      9180058440        13163232       8026       2000      10000          6
   0       14     1963     9996      9180058444      9180068440        13173232       8026       2000      10000          6
   0       14     1963     9996      9180068444      9180078440        13183232       8026       2000      10000          6
   0       14     1963     9996      9180078444      9180088440        13193232       8026       2000      10000          6
   0       14     1963     9996      9180088444      9180098440        13203232       8026       2000      10000          6
   0       14     1963     9996      9180098444      9180108440        13213232       8026       2000      10000          6
   0       14     1963     9996      9180108444      9180118440        13223232       8026       2000      10000          6
   0       14     1963     9987      9180118454      9180128440        13233242       8016       2000      10000          7
   0       14     1963     9996      9180128444      9180138440        13243232       8026       2000      10000          6
   0       14     1963     9996      9180138444      9180148440        13253232       8026       2000      10000          6
   0       14     1963     9997      9180148444      9180158441        13263232       8026       2000      10000          7
   0       14     1963     9996      9180158445      9180168440        13273233       8025       2000      10000          7
   0       14     1963     9996      9180168444      9180178440        13283232       8026       2000      10000          6
   0       14     1963     9996      9180178444      9180188440        13293232       8026       2000      10000          6
   0       14     1963     9996      9180188444      9180198440        13303232       8026       2000      10000          7
   0       14     1976     9997      9180198444      9180208441        13313232       8013       2000      10000          7
   0       14     1963     9995      9180208446      9180218440        13323233       8025       2000      10000          7
   0       14     1963     9996      9180218444      9180228440        13333232       8026       2000      10000          7
   0       14     1963     9996      9180228444      9180238440        13343232       8026       2000      10000          6
   0       14     1963     9996      9180238444      9180248440        13353232       8026       2000      10000          7
   0       14     1963     9996      9180248444      9180258440        13363232       8026       2000      10000          6
   0       14     1963     9996      9180258444      9180268440        13373232       8026       2000      10000          6
   0       14     1963     9996      9180268444      9180278440        13383232       8026       2000      10000          6
   0       14     1963     9996      9180278444      9180288440        13393232       8026       2000      10000          6
   0       14     1963     9996      9180288444      9180298440        13403232       8026       2000      10000          6
   0       14     1963     9996      9180298444      9180308440        13413232       8026       2000      10000          7
   0       14     1963     9996      9180308444      9180318440        13423232       8026       2000      10000          6
   0       14     1963     9997      9180318444      9180328441        13433232       8026       2000      10000          7
   0       14     1963     9996      9180328444      9180338440        13443232       8026       2000      10000          6
   0       14     1963     9996      9180338444      9180348440        13453232       8026       2000      10000          6
   0       14     1963     9997      9180348443      9180358440        13463231       8027       2000      10000          6
   0       14     1963     9996      9180358444      9180368440        13473232       8026       2000      10000          7
   0       14     1963     9996      9180368444      9180378440        13483232       8026       2000      10000          6
   0       14     1963     9996      9180378444      9180388440        13493232       8026       2000      10000          6
   0       14     1963     9996      9180388444      9180398440        13503232       8026       2000      10000          6
   0       14     1963     9996      9180398444      9180408440        13513232       8026       2000      10000          6
   0       14     1963     9997      9180408443      9180418440        13523231       8027       2000      10000          6
   0       14     1963     9996      9180418444      9180428440        13533232       8026       2000      10000          6
   0       14     1963     9996      9180428444      9180438440        13543232       8026       2000      10000          6
   0       14     1963     9996      9180438444      9180448440        13553232       8026       2000      10000          6
   0       14     1963     9982      9180448458      9180458440        13563246       8012       2000      10000          6
   0       14     1963     9996      9180458444      9180468440        13573232       8026       2000      10000          6
   0       14     1963     9996      9180468444      9180478440        13583232       8026       2000      10000          6
   0       14     1963     9996      9180478444      9180488440        13593232       8026       2000      10000          6
   0       14     1963     9996      9180488444      9180498440        13603232       8026       2000      10000          7
   0       14     1963     9996      9180498444      9180508440        13613232       8026       2000      10000          7
   0       14     1963     9996      9180508444      9180518440        13623232       8026       2000      10000          6
   0       14     1963     9996      9180518444      9180528440        13633232       8026       2000      10000          6
   0       14     1963     9996      9180528444      9180538440        13643232       8026       2000      10000          7
   0       14     1963     9996      9180538444      9180548440        13653232       8026       2000      10000          6
   0       14     1963     9996      9180548444      9180558440        13663232       8026       2000      10000          6
   0       14     1963     9996      9180558444      9180568440        13673232       8026       2000      10000          6
   0       14     1963     9997      9180568444      9180578441        13683232       8026       2000      10000          7
   0       14     1963     9995      9180578445      9180588440        13693233       8025       2000      10000          6
   0       14     1963     9996      9180588444      9180598440        13703232       8026       2000      10000          6
   0       14     1963     9996      9180598444      9180608440        13713232       8026       2000      10000          6
   0       14     1963     9996      9180608444      9180618440        13723232       8026       2000      10000          6
   0       14     1963     9996      9180618444      9180628440        13733232       8026       2000      10000          6
   0       14     1963     9996      9180628444      9180638440        13743232       8026       2000      10000          6
   0       14     1963     9996      9180638444      9180648440        13753232       8026       2000      10000          7
   0       14     1963     9997      9180648444      9180658441        13763232       8026       2000      10000          7
   0       14     1963     9995      9180658445      9180668440        13773233       8025       2000      10000          6
   0       14     1963     9996      9180668444      9180678440        13783232       8026       2000      10000          6
   0       14     1963     9996      9180678444      9180688440        13793232       8026       2000      10000          6
   0       14     1963     9996      9180688444      9180698440        13803232       8026       2000      10000          6
   0       14     1963     9996      9180698444      9180708440        13813232       8026       2000      10000          6
   0       14     1963     9996      9180708444      9180718440        13823232       8026       2000      10000          7
   0       14     1963     9996      9180718444      9180728440        13833232       8026       2000      10000          7
   0       14     1963     9996      9180728444      9180738440        13843232       8026       2000      10000          6
   0       14     1963     9996      9180738444      9180748440        13853232       8026       2000      10000          7
   0       14     1963     9996      9180748444      9180758440        13863232       8026       2000      10000          6
   0       14     1963     9996      9180758444      9180768440        13873232       8026       2000      10000          6
   0       14     1963     9998      9180768444      9180778442        13883232       8026       2000      10000          8
   0       14     1963     9982      9180778458      9180788441        13893246       8012       2000      10000          7
   0       14     1963     9996      9180788445      9180798440        13903232       8026       2000      10000          6
   0       14     1963     9996      9180798444      9180808440        13913232       8026       2000      10000          6
   0       14     1963     9997      9180808443      9180818440        13923231       8027       2000      10000          6
   0       14     1963     9997      9180818444      9180828441        13933232       8026       2000      10000          7
   0       14     1963     9996      9180828444      9180838440        13943232       8026       2000      10000          6
   0       14     1963     9996      9180838444      9180848440        13953232       8026       2000      10000          7
   0       14     1963     9996      9180848444      9180858440        13963232       8026       2000      10000          7
   0       14     1963     9996      9180858444      9180868440        13973232       8026       2000      10000          7
   0       14     1963     9996      9180868444      9180878441        13983232       8026       2000      10000          7
   0       14     1963     9996      9180878444      9180888440        13993232       8026       2000      10000          7
   0       14     1963     9996      9180888444      9180898440        14003232       8026       2000      10000          6
   0       14     1963     9996      9180898444      9180908440        14013232       8026       2000      10000          6
   0       14     1963     9996      9180908444      9180918440        14023232       8026       2000      10000          6
   0       14     1963     9996      9180918444      9180928440        14033232       8026       2000      10000          6
   0       14     1963     9997      9180928444      9180938440        14043232       8027       2000      10000          6
   0       14     1963     9996      9180938444      9180948440        14053232       8026       2000      10000          6
   0       14     1963     9996      9180948444      9180958440        14063232       8026       2000      10000          6
   0       14     1963     9997      9180958444      9180968441        14073232       8026       2000      10000          7
   0       14     1963     9996      9180968444      9180978440        14083232       8026       2000      10000          6
   0       14     1963     9997      9180978444      9180988441        14093232       8026       2000      10000          7
   0       14     1963     9996      9180988444      9180998440        14103232       8026       2000      10000          7
   0       14     1963     9996      9180998444      9181008440        14113232       8026       2000      10000          7
   0       14     1963     9996      9181008444      9181018440        14123232       8026       2000      10000          7
   0       14     1963     9997      9181018444      9181028441        14133232       8026       2000      10000          7
   0       14     1963     9996      9181028444      9181038441        14143232       8026       2000      10000          7
   0       14     1963     9996      9181038444      9181048440        14153232       8026       2000      10000          6
   0       14     1963     9996      9181048444      9181058440        14163232       8026       2000      10000          6
   0       14     1963     9996      9181058444      9181068440        14173232       8026       2000      10000          7
   0       14     1963     9996      9181068444      9181078440        14183232       8026       2000      10000          6
   0       14     1963     9996      9181078444      9181088440        14193232       8026       2000      10000          6
   0       14     1963     9996      9181088444      9181098440        14203232       8026       2000      10000          6
   0       14     1963     9996      9181098444      9181108440        14213232       8026       2000      10000          6
   0       14     1963     9986      9181108454      9181118440        14223242       8016       2000      10000          7
   0       14     1963     9996      9181118444      9181128440        14233232       8026       2000      10000          7
   0       14     1963     9996      9181128444      9181138440        14243232       8026       2000      10000          6
   0       14     1963     9996      9181138444      9181148440        14253232       8026       2000      10000          6
   0       14     1963     9996      9181148444      9181158440        14263232       8026       2000      10000          6
   0       14     1963     9996      9181158444      9181168440        14273232       8026       2000      10000          7
   0       14     1963     9996      9181168444      9181178440        14283232       8026       2000      10000          6
   0       14     1963     9996      9181178444      9181188440        14293232       8026       2000      10000          6
   0       14     1963     9996      9181188444      9181198440        14303232       8026       2000      10000          7
   0       14     1963     9996      9181198444      9181208440        14313232       8026       2000      10000          6
   0       14     1963     9996      9181208444      9181218440        14323232       8026       2000      10000          6
   0       14     1963     9996      9181218444      9181228440        14333232       8026       2000      10000          6
   0       14     1963     9996      9181228444      9181238440        14343232       8026       2000      10000          6
   0       14     1963     9996      9181238444      9181248440        14353232       8026       2000      10000          6
   0       14     1963     9996      9181248444      9181258440        14363232       8026       2000      10000          6
   0       14     1963     9996      9181258444      9181268440        14373232       8026       2000      10000          6
   0       14     1963     9996      9181268444      9181278440        14383232       8026       2000      10000          7
   0       14     1963     9996      9181278444      9181288440        14393232       8026       2000      10000          7
   0       14     1963     9996      9181288444      9181298440        14403232       8026       2000      10000          6
   0       14     1963     9996      9181298444      9181308440        14413232       8026       2000      10000          6
   0       14     1963     9996      9181308444      9181318440        14423232       8026       2000      10000          6
   0       14     1963     9996      9181318444      9181328440        14433232       8026       2000      10000          6
   0       14     1963     9996      9181328444      9181338440        14443232       8026       2000      10000          6
   0       14     1963     9996      9181338444      9181348440        14453232       8026       2000      10000          7
   0       14     1963     9996      9181348444      9181358440        14463232       8026       2000      10000          6
   0       14     1963     9996      9181358444      9181368440        14473232       8026       2000      10000          6
   0       14     1963     9996      9181368444      9181378440        14483232       8026       2000      10000          7
   0       14     1963     9996      9181378444      9181388440        14493232       8026       2000      10000          7
   0       14     1963     9996      9181388444      9181398440        14503232       8026       2000      10000          7
   0       14     1963     9996      9181398444      9181408440        14513232       8026       2000      10000          7
   0       14     1963     9996      9181408444      9181418440        14523232       8026       2000      10000          6
   0       14     1963     9996      9181418444      9181428440        14533232       8026       2000      10000          6
   0       14     1963     9996      9181428444      9181438440        14543232       8026       2000      10000          7
   0       14     1963     9986      9181438455      9181448440        14553243       8015       2000      10000          7
   0       14     1963     9996      9181448444      9181458440        14563232       8026       2000      10000          6
   0       14     1963     9996      9181458444      9181468440        14573232       8026       2000      10000          6
   0       14     1963     9996      9181468444      9181478440        14583232       8026       2000      10000          6
   0       14     1963     9996      9181478444      9181488440        14593232       8026       2000      10000          6
   0       14     1963     9996      9181488444      9181498440        14603232       8026       2000      10000          6
   0       14     1963     9996      9181498444      9181508440        14613232       8026       2000      10000          6
   0       14     1963     9996      9181508444      9181518440        14623232       8026       2000      10000          6
   0       14     1963     9996      9181518444      9181528440        14633232       8026       2000      10000          6
   0       14     1963     9996      9181528444      9181538440        14643232       8026       2000      10000          6
   0       14     1963     9996      9181538444      9181548440        14653232       8026       2000      10000          6
   0       14     1963     9996      9181548444      9181558440        14663232       8026       2000      10000          6
   0       14     1963     9996      9181558444      9181568440        14673232       8026       2000      10000          6
   0       14     1963     9996      9181568444      9181578440        14683232       8026       2000      10000          6
   0       14     1963     9996      9181578444      9181588440        14693232       8026       2000      10000          6
   0       14     1963     9996      9181588444      9181598440        14703232       8026       2000      10000          6
   0       14     1963     9996      9181598444      9181608440        14713232       8026       2000      10000          6
   0       14     1963     9996      9181608444      9181618440        14723232       8026       2000      10000          7
   0       14     1963     9996      9181618444      9181628440        14733232       8026       2000      10000          6
   0       14     1963     9996      9181628444      9181638440        14743232       8026       2000      10000          6
   0       14     1963     9996      9181638444      9181648440        14753232       8026       2000      10000          6
   0       14     1963     9996      9181648444      9181658440        14763232       8026       2000      10000          6
   0       14     1963     9996      9181658444      9181668440        14773232       8026       2000      10000          6
   0       14     1963     9996      9181668444      9181678440        14783232       8026       2000      10000          6
   0       14     1963     9996      9181678444      9181688440        14793232       8026       2000      10000          6
   0       14     1963     9996      9181688444      9181698440        14803232       8026       2000      10000          6
   0       14     1963     9996      9181698444      9181708440        14813232       8026       2000      10000          6
   0       14     1963     9996      9181708444      9181718440        14823232       8026       2000      10000          6
   0       14     1963     9996      9181718444      9181728440        14833232       8026       2000      10000          7
   0       14     1963     9996      9181728444      9181738440        14843232       8026       2000      10000          6
   0       14     1963     9996      9181738444      9181748440        14853232       8026       2000      10000          6
   0       14     1963     9996      9181748444      9181758440        14863232       8026       2000      10000          6
   0       14     1963     9996      9181758444      9181768440        14873232       8026       2000      10000          6
   0       14     1963     9987      9181768454      9181778441        14883242       8016       2000      10000          7
   0       14     1963     9995      9181778445      9181788440        14893233       8025       2000      10000          6
   0       14     1963     9996      9181788444      9181798440        14903232       8026       2000      10000          6
   0       14     1963     9996      9181798444      9181808440        14913232       8026       2000      10000          6
   0       14     1963     9996      9181808444      9181818440        14923232       8026       2000      10000          7
   0       14     1963     9996      9181818444      9181828440        14933232       8026       2000      10000          6
   0       14     1963     9996      9181828444      9181838440        14943232       8026       2000      10000          6
   0       14     1963     9996      9181838444      9181848440        14953232       8026       2000      10000          6
   0       14     1963     9996      9181848444      9181858440        14963232       8026       2000      10000          6
   0       14     1963     9996      9181858444      9181868440        14973232       8026       2000      10000          6
   0       14     1963     9996      9181868444      9181878440        14983232       8026       2000      10000          6
   0       14     1963     9997      9181878444      9181888441        14993232       8026       2000      10000          7
   0       14     1963     9996      9181888445      9181898440        15003232       8026       2000      10000          6
   0       14     1963     9996      9181898444      9181908440        15013232       8026       2000      10000          6
   0       14     1963     9996      9181908444      9181918440        15023232       8026       2000      10000          6
   0       14     1963     9996      9181918444      9181928440        15033232       8026       2000      10000          7
   0       14     1963     9996      9181928444      9181938440        15043232       8026       2000      10000          6
   0       14     1963     9996      9181938444      9181948440        15053232       8026       2000      10000          7
   0       14     1963     9996      9181948444      9181958440        15063232       8026       2000      10000          6
   0       14     1963     9996      9181958444      9181968440        15073232       8026       2000      10000          7
   0       14     1963     9996      9181968444      9181978440        15083232       8026       2000      10000          6
   0       14     1963     9996      9181978444      9181988440        15093232       8026       2000      10000          7
   0       14     1963     9996      9181988444      9181998440        15103232       8026       2000      10000          6
   0       14     1963     9996      9181998444      9182008440        15113232       8026       2000      10000          6
   0       14     1963     9996      9182008444      9182018440        15123232       8026       2000      10000          6
   0       14     1963     9996      9182018444      9182028440        15133232       8026       2000      10000          6
   0       14     1963     9996      9182028444      9182038440        15143232       8026       2000      10000          6
   0       14     1963     9996      9182038444      9182048440        15153232       8026       2000      10000          6
   0       14     1963     9996      9182048444      9182058440        15163232       8026       2000      10000          7
   0       14     1963     9996      9182058444      9182068440        15173232       8026       2000      10000          6
   0       14     1963     9996      9182068444      9182078440        15183232       8026       2000      10000          6
   0       14     1963     9996      9182078444      9182088440        15193232       8026       2000      10000          6
   0       14     1963     9996      9182088444      9182098440        15203232       8026       2000      10000          6
   0       14     1963     9976      9182098464      9182108440        15213252       8006       2000      10000          7
   0       14     1963     9996      9182108444      9182118440        15223232       8026       2000      10000          6
   0       14     1963     9996      9182118444      9182128440        15233232       8026       2000      10000          6
   0       14     1963     9996      9182128444      9182138440        15243232       8026       2000      10000          6
   0       14     1963     9996      9182138444      9182148440        15253232       8026       2000      10000          6
   0       14     1963     9996      9182148444      9182158440        15263232       8026       2000      10000          6
   0       14     1963     9996      9182158444      9182168440        15273232       8026       2000      10000          6
   0       14     1963     9996      9182168444      9182178440        15283232       8026       2000      10000          6
   0       14     1963     9996      9182178444      9182188440        15293232       8026       2000      10000          7
   0       14     1963     9996      9182188444      9182198440        15303232       8026       2000      10000          6
   0       14     1963     9996      9182198444      9182208440        15313232       8026       2000      10000          6
   0       14     1963     9996      9182208444      9182218440        15323232       8026       2000      10000          6
   0       14     1963     9996      9182218444      9182228440        15333232       8026       2000      10000          6
   0       14     1963     9996      9182228444      9182238440        15343232       8026       2000      10000          6
   0       14     1963     9996      9182238444      9182248440        15353232       8026       2000      10000          7
   0       14     1963     9996      9182248444      9182258440        15363232       8026       2000      10000          7
   0       14     1963     9996      9182258444      9182268440        15373232       8026       2000      10000          6
   0       14     1963     9996      9182268444      9182278440        15383232       8026       2000      10000          6
   0       14     1963     9996      9182278444      9182288440        15393232       8026       2000      10000          6
   0       14     1963     9996      9182288444      9182298440        15403232       8026       2000      10000          7
   0       14     1963     9996      9182298444      9182308440        15413232       8026       2000      10000          6
   0       14     1963     9997      9182308444      9182318441        15423232       8026       2000      10000          7
   0       14     1963     9996      9182318445      9182328440        15433232       8026       2000      10000          6
   0       14     1963     9996      9182328444      9182338440        15443232       8026       2000      10000          7
   0       14     1963     9996      9182338444      9182348440        15453232       8026       2000      10000          6
   0       14     1963     9996      9182348444      9182358440        15463232       8026       2000      10000          7
   0       14     1963     9996      9182358444      9182368440        15473232       8026       2000      10000          6
   0       14     1963     9996      9182368444      9182378440        15483232       8026       2000      10000          7
   0       14     1963     9996      9182378444      9182388440        15493232       8026       2000      10000          6
   0       14     1963     9996      9182388444      9182398440        15503232       8026       2000      10000          6
   0       14     1963     9996      9182398444      9182408440        15513232       8026       2000      10000          6
   0       14     1963     9996      9182408444      9182418440        15523232       8026       2000      10000          6
   0       14     1963     9996      9182418444      9182428440        15533232       8026       2000      10000          6
   0       14     1963     9986      9182428454      9182438440        15543242       8016       2000      10000          6
   0       14     1963     9996      9182438444      9182448440        15553232       8026       2000      10000          6
   0       14     1963     9996      9182448444      9182458440        15563232       8026       2000      10000          6
   0       14     1963     9996      9182458444      9182468440        15573232       8026       2000      10000          6
   0       14     1963     9996      9182468444      9182478440        15583232       8026       2000      10000          6
   0       14     1963     9996      9182478444      9182488440        15593232       8026       2000      10000          6
   0       14     1963     9996      9182488444      9182498440        15603232       8026       2000      10000          7
   0       14     1963     9996      9182498444      9182508440        15613232       8026       2000      10000          6
   0       14     1963     9996      9182508444      9182518440        15623232       8026       2000      10000          6
   0       14     1963     9996      9182518444      9182528440        15633232       8026       2000      10000          6
   0       14     1963     9996      9182528444      9182538440        15643232       8026       2000      10000          6
   0       14     1963     9996      9182538444      9182548440        15653232       8026       2000      10000          6
   0       14     1963     9996      9182548444      9182558440        15663232       8026       2000      10000          7
   0       14     1963     9996      9182558444      9182568440        15673232       8026       2000      10000          6
   0       14     1963     9996      9182568444      9182578440        15683232       8026       2000      10000          6
   0       14     1963     9996      9182578444      9182588440        15693232       8026       2000      10000          7
   0       14     1963     9996      9182588444      9182598440        15703232       8026       2000      10000          6
   0       14     1963     9996      9182598444      9182608440        15713232       8026       2000      10000          6
   0       14     1963     9996      9182608444      9182618440        15723232       8026       2000      10000          6
   0       14     1963     9996      9182618444      9182628440        15733232       8026       2000      10000          6
   0       14     1963     9996      9182628444      9182638440        15743232       8026       2000      10000          6
   0       14     1963     9996      9182638444      9182648440        15753232       8026       2000      10000          6
   0       14     1963     9996      9182648444      9182658440        15763232       8026       2000      10000          6
   0       14     1963     9996      9182658444      9182668440        15773232       8026       2000      10000          7
   0       14     1963     9996      9182668444      9182678440        15783232       8026       2000      10000          6
   0       14     1963     9996      9182678444      9182688440        15793232       8026       2000      10000          6
   0       14     1963     9996      9182688444      9182698440        15803232       8026       2000      10000          7
   0       14     1963     9996      9182698444      9182708440        15813232       8026       2000      10000          6
   0       14     1963     9996      9182708444      9182718440        15823232       8026       2000      10000          6
   0       14     1963     9996      9182718444      9182728440        15833232       8026       2000      10000          6
   0       14     1963     9996      9182728444      9182738440        15843232       8026       2000      10000          6
   0       14     1963     9996      9182738444      9182748440        15853232       8026       2000      10000          6
   0       14     1963     9996      9182748444      9182758440        15863232       8026       2000      10000          7
   0       14     1963     9986      9182758454      9182768440        15873242       8016       2000      10000          6
   0       14     1963     9997      9182768444      9182778441        15883232       8026       2000      10000          8
   0       14     1963     9995      9182778445      9182788440        15893233       8025       2000      10000          6
   0       14     1963     9996      9182788444      9182798440        15903232       8026       2000      10000          6
   0       14     1963     9996      9182798444      9182808440        15913232       8026       2000      10000          7
   0       14     1963     9996      9182808444      9182818440        15923232       8026       2000      10000          6
   0       14     1963     9996      9182818444      9182828440        15933232       8026       2000      10000          6
   0       14     1963     9997      9182828444      9182838440        15943232       8026       2000      10000          7
   0       14     1963     9996      9182838444      9182848440        15953232       8026       2000      10000          6
   0       14     1963     9996      9182848444      9182858440        15963232       8026       2000      10000          6
   0       14     1963     9996      9182858444      9182868440        15973232       8026       2000      10000          6
   0       14     1963     9996      9182868444      9182878440        15983232       8026       2000      10000          6
   0       14     1963     9996      9182878444      9182888440        15993232       8026       2000      10000          6
   0       14     1963     9996      9182888444      9182898440        16003232       8026       2000      10000          6
   0       14     1963     9996      9182898444      9182908440        16013232       8026       2000      10000          6
   0       14     1963     9996      9182908444      9182918440        16023232       8026       2000      10000          6
   0       14     1963     9996      9182918444      9182928440        16033232       8026       2000      10000          6
   0       14     1963     9996      9182928444      9182938440        16043232       8026       2000      10000          6
   0       14     1963     9996      9182938444      9182948440        16053232       8026       2000      10000          6
   0       14     1963     9996      9182948444      9182958440        16063232       8026       2000      10000          6
   0       14     1963     9996      9182958444      9182968440        16073232       8026       2000      10000          6
   0       14     1963     9996      9182968444      9182978440        16083232       8026       2000      10000          6
   0       14     1963     9996      9182978444      9182988440        16093232       8026       2000      10000          6
   0       14     1963     9996      9182988444      9182998440        16103232       8026       2000      10000          7
   0       14     1963     9996      9182998444      9183008440        16113232       8026       2000      10000          7
   0       14     1963     9996      9183008444      9183018440        16123232       8026       2000      10000          7
   0       14     1963     9996      9183018444      9183028440        16133232       8026       2000      10000          6
   0       14     1963     9997      9183028444      9183038440        16143232       8026       2000      10000          7
   0       14     1963     9996      9183038444      9183048440        16153232       8026       2000      10000          6
   0       14     1963     9996      9183048444      9183058440        16163232       8026       2000      10000          6
   0       14     1963     9996      9183058444      9183068440        16173232       8026       2000      10000          7
   0       14     1963     9996      9183068444      9183078440        16183232       8026       2000      10000          6
   0       14     1963     9996      9183078444      9183088440        16193232       8026       2000      10000          6
   0       14     1963     9985      9183088455      9183098440        16203243       8015       2000      10000          7
   0       14     1963     9996      9183098444      9183108440        16213232       8026       2000      10000          6
   0       14     1963     9996      9183108444      9183118440        16223232       8026       2000      10000          6
   0       14     1963     9996      9183118444      9183128440        16233232       8026       2000      10000          6
   0       14     1963     9996      9183128444      9183138440        16243232       8026       2000      10000          7
   0       14     1963     9996      9183138444      9183148440        16253232       8026       2000      10000          6
   0       14     1963     9996      9183148444      9183158440        16263232       8026       2000      10000          6
   0       14     1963     9996      9183158444      9183168440        16273232       8026       2000      10000          6
   0       14     1963     9996      9183168444      9183178440        16283232       8026       2000      10000          6
   0       14     1963     9996      9183178444      9183188440        16293232       8026       2000      10000          6
   0       14     1963     9996      9183188444      9183198440        16303232       8026       2000      10000          6
   0       14     1963     9996      9183198444      9183208440        16313232       8026       2000      10000          6
   0       14     1963     9996      9183208444      9183218440        16323232       8026       2000      10000          6
   0       14     1963     9996      9183218444      9183228440        16333232       8026       2000      10000          6
   0       14     1963     9996      9183228444      9183238440        16343232       8026       2000      10000          6
   0       14     1963     9996      9183238444      9183248440        16353232       8026       2000      10000          6
   0       14     1963     9996      9183248444      9183258440        16363232       8026       2000      10000          6
   0       14     1963     9996      9183258444      9183268440        16373232       8026       2000      10000          6
   0       14     1963     9996      9183268444      9183278440        16383232       8026       2000      10000          6
   0       14     1963     9996      9183278444      9183288440        16393232       8026       2000      10000          7
   0       14     1963     9996      9183288444      9183298440        16403232       8026       2000      10000          7
   0       14     1963     9996      9183298444      9183308440        16413232       8026       2000      10000          6
   0       14     1963     9996      9183308444      9183318440        16423232       8026       2000      10000          7
   0       14     1963     9996      9183318444      9183328440        16433232       8026       2000      10000          7
   0       14     1963     9996      9183328444      9183338440        16443232       8026       2000      10000          6
   0       14     1963     9996      9183338444      9183348440        16453232       8026       2000      10000          6
   0       14     1963     9996      9183348444      9183358440        16463232       8026       2000      10000          7
   0       14     1963     9996      9183358444      9183368440        16473232       8026       2000      10000          6
   0       14     1963     9996      9183368444      9183378440        16483232       8026       2000      10000          6
   0       14     1963     9996      9183378444      9183388440        16493232       8026       2000      10000          6
   0       14     1963     9996      9183388444      9183398440        16503232       8026       2000      10000          6
   0       14     1963     9996      9183398444      9183408440        16513232       8026       2000      10000          6
   0       14     1963     9996      9183408444      9183418440        16523232       8026       2000      10000          6
   0       14     1963     9986      9183418454      9183428440        16533242       8016       2000      10000          6
   0       14     1963     9996      9183428444      9183438440        16543232       8026       2000      10000          6
   0       14     1963     9996      9183438444      9183448440        16553232       8026       2000      10000          6
   0       14     1963     9996      9183448444      9183458440        16563232       8026       2000      10000          6
   0       14     1963     9996      9183458444      9183468440        16573232       8026       2000      10000          6
   0       14     1963     9996      9183468444      9183478440        16583232       8026       2000      10000          6
   0       14     1963     9996      9183478444      9183488440        16593232       8026       2000      10000          6
   0       14     1963     9996      9183488444      9183498440        16603232       8026       2000      10000          6
   0       14     1963     9996      9183498444      9183508440        16613232       8026       2000      10000          7
   0       14     1963     9996      9183508444      9183518440        16623232       8026       2000      10000          7
   0       14     1963     9996      9183518444      9183528440        16633232       8026       2000      10000          6
   0       14     1963     9996      9183528444      9183538440        16643232       8026       2000      10000          6
   0       14     1963     9996      9183538444      9183548440        16653232       8026       2000      10000          6
   0       14     1963     9996      9183548444      9183558440        16663232       8026       2000      10000          6
   0       14     1963     9996      9183558444      9183568440        16673232       8026       2000      10000          7
   0       14     1963     9996      9183568444      9183578440        16683232       8026       2000      10000          7
   0       14     1963     9996      9183578444      9183588440        16693232       8026       2000      10000          7
   0       14     1963     9996      9183588444      9183598440        16703232       8026       2000      10000          7
   0       14     1963     9996      9183598444      9183608440        16713232       8026       2000      10000          6
   0       14     1963     9996      9183608444      9183618440        16723232       8026       2000      10000          6
   0       14     1963     9997      9183618444      9183628441        16733232       8026       2000      10000          7
   0       14     1963     9996      9183628444      9183638440        16743232       8026       2000      10000          6
   0       14     1963     9996      9183638444      9183648440        16753232       8026       2000      10000          6
   0       14     1963     9996      9183648444      9183658440        16763232       8026       2000      10000          6
   0       14     1963     9996      9183658444      9183668440        16773232       8026       2000      10000          6
   0       14     1963     9996      9183668444      9183678440        16783232       8026       2000      10000          6
   0       14     1963     9996      9183678444      9183688440        16793232       8026       2000      10000          6
   0       14     1963     9996      9183688444      9183698440        16803232       8026       2000      10000          7
   0       14     1963     9996      9183698444      9183708440        16813232       8026       2000      10000          6
   0       14     1963     9996      9183708444      9183718440        16823232       8026       2000      10000          6
   0       14     1963     9996      9183718444      9183728440        16833232       8026       2000      10000          6
   0       14     1963     9996      9183728444      9183738440        16843232       8026       2000      10000          6
   0       14     1963     9996      9183738444      9183748440        16853232       8026       2000      10000          6
   0       14     1963     9986      9183748454      9183758440        16863242       8016       2000      10000          6
   0       14     1963     9996      9183758444      9183768440        16873232       8026       2000      10000          6
   0       14     1963     9998      9183768444      9183778442        16883232       8026       2000      10000          8
   0       14     1963     9995      9183778446      9183788440        16893234       8024       2000      10000          7
   0       14     1963     9996      9183788444      9183798440        16903232       8026       2000      10000          7
   0       14     1963     9996      9183798444      9183808440        16913232       8026       2000      10000          6
   0       14     1963     9996      9183808444      9183818440        16923232       8026       2000      10000          7
   0       14     1963     9996      9183818444      9183828440        16933232       8026       2000      10000          7
   0       14     1963     9996      9183828444      9183838440        16943232       8026       2000      10000          6
   0       14     1963     9996      9183838444      9183848440        16953232       8026       2000      10000          7
   0       14     1963     9996      9183848444      9183858440        16963232       8026       2000      10000          7
   0       14     1963     9996      9183858444      9183868440        16973232       8026       2000      10000          6
   0       14     1963     9996      9183868444      9183878440        16983232       8026       2000      10000          6
   0       14     1963     9996      9183878444      9183888440        16993232       8026       2000      10000          6
   0       14     1963     9996      9183888444      9183898440        17003232       8026       2000      10000          7
   0       14     1963     9996      9183898444      9183908440        17013232       8026       2000      10000          6
   0       14     1963     9996      9183908444      9183918440        17023232       8026       2000      10000          6
   0       14     1963     9996      9183918444      9183928440        17033232       8026       2000      10000          6
   0       14     1963     9996      9183928444      9183938440        17043232       8026       2000      10000          7
   0       14     1963     9996      9183938444      9183948440        17053232       8026       2000      10000          7
   0       14     1963     9996      9183948444      9183958440        17063232       8026       2000      10000          6
   0       14     1963     9996      9183958444      9183968440        17073232       8026       2000      10000          6
   0       14     1963     9996      9183968444      9183978440        17083232       8026       2000      10000          7
   0       14     1963     9996      9183978444      9183988440        17093232       8026       2000      10000          6
   0       14     1963     9996      9183988444      9183998440        17103232       8026       2000      10000          7
   0       14     1963     9996      9183998444      9184008440        17113232       8026       2000      10000          6
   0       14     1963     9996      9184008444      9184018440        17123232       8026       2000      10000          6
   0       14     1963     9996      9184018444      9184028440        17133232       8026       2000      10000          6
   0       14     1963     9996      9184028444      9184038440        17143232       8026       2000      10000          7
   0       14     1963     9996      9184038444      9184048440        17153232       8026       2000      10000          7
   0       14     1963     9996      9184048444      9184058440        17163232       8026       2000      10000          7
   0       14     1963     9996      9184058444      9184068440        17173232       8026       2000      10000          6
   0       14     1963     9996      9184068444      9184078440        17183232       8026       2000      10000          6
   0       14     1963     9985      9184078455      9184088440        17193243       8015       2000      10000          7
   0       14     1963     9996      9184088444      9184098440        17203232       8026       2000      10000          6
   0       14     1963     9996      9184098444      9184108440        17213232       8026       2000      10000          6
   0       14     1963     9996      9184108444      9184118440        17223232       8026       2000      10000          6
   0       14     1963     9996      9184118444      9184128440        17233232       8026       2000      10000          6
   0       14     1963     9996      9184128444      9184138440        17243232       8026       2000      10000          6
   0       14     1963     9997      9184138444      9184148441        17253232       8026       2000      10000          7
   0       14     1963     9996      9184148444      9184158440        17263232       8026       2000      10000          7
   0       14     1963     9996      9184158444      9184168440        17273232       8026       2000      10000          7
   0       14     1963     9996      9184168444      9184178440        17283232       8026       2000      10000          7
   0       14     1963     9996      9184178444      9184188440        17293232       8026       2000      10000          6
   0       14     1963     9996      9184188444      9184198440        17303232       8026       2000      10000          6
   0       14     1963     9996      9184198444      9184208440        17313232       8026       2000      10000          6
   0       14     1963     9996      9184208444      9184218440        17323232       8026       2000      10000          7
   0       14     1963     9996      9184218444      9184228440        17333232       8026       2000      10000          6
   0       14     1963     9996      9184228444      9184238440        17343232       8026       2000      10000          6
   0       14     1963     9996      9184238444      9184248440        17353232       8026       2000      10000          6
   0       14     1963     9996      9184248444      9184258440        17363232       8026       2000      10000          7
   0       14     1963     9996      9184258444      9184268440        17373232       8026       2000      10000          6
   0       14     1963     9996      9184268444      9184278440        17383232       8026       2000      10000          7
   0       14     1963     9996      9184278444      9184288440        17393232       8026       2000      10000          6
   0       14     1963     9997      9184288444      9184298440        17403232       8026       2000      10000          7
   0       14     1963     9996      9184298444      9184308440        17413232       8026       2000      10000          6
   0       14     1963     9996      9184308444      9184318440        17423232       8026       2000      10000          6
   0       14     1963     9996      9184318444      9184328440        17433232       8026       2000      10000          6
   0       14     1963     9996      9184328444      9184338440        17443232       8026       2000      10000          6
   0       14     1963     9996      9184338444      9184348440        17453232       8026       2000      10000          6
   0       14     1963     9996      9184348444      9184358440        17463232       8026       2000      10000          6
   0       14     1963     9996      9184358444      9184368440        17473232       8026       2000      10000          6
   0       14     1963     9996      9184368444      9184378440        17483232       8026       2000      10000          7
   0       14     1963     9996      9184378444      9184388440        17493232       8026       2000      10000          6
   0       14     1963     9996      9184388444      9184398440        17503232       8026       2000      10000          7
   0       14     1963     9996      9184398444      9184408440        17513232       8026       2000      10000          6
   0       14     1963     9986      9184408454      9184418441        17523242       8016       2000      10000          7
   0       14     1963     9996      9184418444      9184428440        17533232       8026       2000      10000          6
   0       14     1963     9996      9184428444      9184438440        17543232       8026       2000      10000          6
   0       14     1963     9996      9184438444      9184448440        17553232       8026       2000      10000          6
   0       14     1963     9996      9184448444      9184458440        17563232       8026       2000      10000          6
   0       14     1963     9996      9184458444      9184468440        17573232       8026       2000      10000          6
   0       14     1963     9996      9184468444      9184478440        17583232       8026       2000      10000          6
   0       14     1963     9996      9184478444      9184488440        17593232       8026       2000      10000          7
   0       14     1963     9996      9184488444      9184498440        17603232       8026       2000      10000          6
   0       14     1963     9996      9184498444      9184508440        17613232       8026       2000      10000          7
   0       14     1963     9996      9184508444      9184518440        17623232       8026       2000      10000          6
   0       14     1963     9996      9184518444      9184528440        17633232       8026       2000      10000          6
   0       14     1963     9996      9184528444      9184538440        17643232       8026       2000      10000          6
   0       14     1963     9996      9184538444      9184548440        17653232       8026       2000      10000          6
   0       14     1963     9996      9184548444      9184558440        17663232       8026       2000      10000          6
   0       14     1963     9996      9184558444      9184568440        17673232       8026       2000      10000          6
   0       14     1963     9996      9184568444      9184578440        17683232       8026       2000      10000          6
   0       14     1963     9996      9184578444      9184588440        17693232       8026       2000      10000          6
   0       14     1963     9996      9184588444      9184598440        17703232       8026       2000      10000          6
   0       14     1963     9996      9184598444      9184608440        17713232       8026       2000      10000          6
   0       14     1963     9996      9184608444      9184618440        17723232       8026       2000      10000          6
   0       14     1963     9996      9184618444      9184628440        17733232       8026       2000      10000          6
   0       14     1963     9996      9184628444      9184638440        17743232       8026       2000      10000          6
   0       14     1963     9996      9184638444      9184648440        17753232       8026       2000      10000          6
   0       14     1963     9996      9184648444      9184658440        17763232       8026       2000      10000          6
   0       14     1963     9996      9184658444      9184668440        17773232       8026       2000      10000          6
   0       14     1963     9996      9184668444      9184678440        17783232       8026       2000      10000          6
   0       14     1963     9996      9184678444      9184688440        17793232       8026       2000      10000          6
   0       14     1963     9996      9184688444      9184698440        17803232       8026       2000      10000          6
   0       14     1963     9996      9184698444      9184708440        17813232       8026       2000      10000          6
   0       14     1963     9996      9184708444      9184718440        17823232       8026       2000      10000          6
   0       14     1963     9996      9184718444      9184728440        17833232       8026       2000      10000          6
   0       14     1963     9996      9184728444      9184738440        17843232       8026       2000      10000          6
   0       14     1963     9986      9184738454      9184748440        17853242       8016       2000      10000          7
   0       14     1963     9996      9184748444      9184758440        17863232       8026       2000      10000          6
   0       14     1963     9996      9184758444      9184768440        17873232       8026       2000      10000          6
   0       14     1963     9999      9184768444      9184778443        17883232       8026       2000      10000          9
   0       14     1963     9994      9184778447      9184788441        17893234       8024       2000      10000          7
   0       14     1963     9996      9184788444      9184798440        17903232       8026       2000      10000          7
   0       14     1963     9996      9184798444      9184808440        17913232       8026       2000      10000          6
   0       14     1963     9996      9184808444      9184818440        17923232       8026       2000      10000          6
   0       14     1963     9996      9184818444      9184828440        17933232       8026       2000      10000          6
   0       14     1963     9996      9184828444      9184838440        17943232       8026       2000      10000          7
   0       14     1963     9996      9184838444      9184848440        17953232       8026       2000      10000          6
   0       14     1963     9996      9184848444      9184858440        17963232       8026       2000      10000          6
   0       14     1963     9996      9184858444      9184868440        17973232       8026       2000      10000          6
   0       14     1963     9996      9184868444      9184878440        17983232       8026       2000      10000          7
   0       14     1963     9996      9184878444      9184888440        17993232       8026       2000      10000          6
   0       14     1963     9996      9184888444      9184898440        18003232       8026       2000      10000          7
   0       14     1963     9996      9184898444      9184908440        18013232       8026       2000      10000          6
   0       14     1963     9997      9184908444      9184918440        18023232       8026       2000      10000          7
   0       14     1963     9996      9184918444      9184928440        18033232       8026       2000      10000          6
   0       14     1963     9996      9184928444      9184938440        18043232       8026       2000      10000          6
   0       14     1963     9996      9184938444      9184948440        18053232       8026       2000      10000          6
   0       14     1963     9996      9184948444      9184958440        18063232       8026       2000      10000          6
   0       14     1963     9996      9184958444      9184968440        18073232       8026       2000      10000          6
   0       14     1963     9996      9184968444      9184978440        18083232       8026       2000      10000          6
   0       14     1963     9996      9184978444      9184988440        18093232       8026       2000      10000          6
   0       14     1963     9996      9184988444      9184998440        18103232       8026       2000      10000          6
   0       14     1963     9997      9184998444      9185008441        18113232       8026       2000      10000          7
   0       14     1963     9996      9185008445      9185018440        18123233       8026       2000      10000          6
   0       14     1963     9996      9185018444      9185028440        18133232       8026       2000      10000          6
   0       14     1963     9996      9185028444      9185038440        18143232       8026       2000      10000          7
   0       14     1963     9996      9185038444      9185048440        18153232       8026       2000      10000          6
   0       14     1963     9996      9185048444      9185058440        18163232       8026       2000      10000          6
   0       14     1963     9996      9185058444      9185068440        18173232       8026       2000      10000          7
   0       14     1963     9985      9185068456      9185078440        18183243       8015       2000      10000          7
   0       14     1963     9996      9185078444      9185088440        18193232       8026       2000      10000          6
   0       14     1963     9996      9185088444      9185098440        18203232       8026       2000      10000          6
   0       14     1963     9996      9185098444      9185108440        18213232       8026       2000      10000          6
   0       14     1963     9996      9185108444      9185118440        18223232       8026       2000      10000          6
   0       14     1963     9996      9185118444      9185128440        18233232       8026       2000      10000          6
   0       14     1963     9996      9185128444      9185138440        18243232       8026       2000      10000          7
   0       14     1963     9996      9185138444      9185148440        18253232       8026       2000      10000          6
   0       14     1963     9996      9185148444      9185158440        18263232       8026       2000      10000          6
   0       14     1963     9996      9185158444      9185168440        18273232       8026       2000      10000          7
   0       14     1963     9996      9185168444      9185178440        18283232       8026       2000      10000          6
   0       14     1963     9997      9185178444      9185188441        18293232       8026       2000      10000          7
   0       14     1963     9996      9185188444      9185198440        18303232       8026       2000      10000          6
   0       14     1963     9997      9185198444      9185208441        18313232       8026       2000      10000          7
   0       14     1963     9996      9185208444      9185218440        18323232       8026       2000      10000          7
   0       14     1963     9996      9185218444      9185228440        18333232       8026       2000      10000          6
   0       14     1963     9996      9185228444      9185238440        18343232       8026       2000      10000          6
   0       14     1963     9996      9185238444      9185248440        18353232       8026       2000      10000          6
   0       14     1963     9996      9185248444      9185258440        18363232       8026       2000      10000          6
   0       14     1963     9996      9185258444      9185268440        18373232       8026       2000      10000          6
   0       14     1963     9996      9185268444      9185278440        18383232       8026       2000      10000          6
   0       14     1963     9996      9185278444      9185288440        18393232       8026       2000      10000          6
   0       14     1963     9996      9185288444      9185298440        18403232       8026       2000      10000          6
   0       14     1963     9997      9185298444      9185308441        18413232       8026       2000      10000          7
   0       14     1963     9996      9185308444      9185318440        18423232       8026       2000      10000          6
   0       14     1963     9996      9185318444      9185328440        18433232       8026       2000      10000          6
   0       14     1963     9996      9185328444      9185338440        18443232       8026       2000      10000          6
   0       14     1963     9996      9185338444      9185348440        18453232       8026       2000      10000          6
   0       14     1963     9996      9185348444      9185358440        18463232       8026       2000      10000          6
   0       14     1963     9996      9185358444      9185368440        18473232       8026       2000      10000          6
   0       14     1963     9996      9185368444      9185378440        18483232       8026       2000      10000          6
   0       14     1963     9996      9185378444      9185388440        18493232       8026       2000      10000          6
   0       14     1963     9996      9185388444      9185398440        18503232       8026       2000      10000          7
   0       14     1963     9986      9185398454      9185408441        18513242       8016       2000      10000          7
   0       14     1963     9996      9185408444      9185418440        18523232       8026       2000      10000          6
   0       14     1963     9996      9185418444      9185428440        18533232       8026       2000      10000          6
   0       14     1963     9996      9185428444      9185438440        18543232       8026       2000      10000          6
   0       14     1963     9996      9185438444      9185448441        18553232       8026       2000      10000          7
   0       14     1963     9996      9185448444      9185458440        18563232       8026       2000      10000          6
   0       14     1963     9996      9185458444      9185468440        18573232       8026       2000      10000          7
   0       14     1963     9996      9185468444      9185478440        18583232       8026       2000      10000          6
   0       14     1963     9996      9185478444      9185488440        18593232       8026       2000      10000          6
   0       14     1963     9996      9185488444      9185498440        18603232       8026       2000      10000          6
   0       14     1963     9996      9185498444      9185508440        18613232       8026       2000      10000          6
   0       14     1963     9996      9185508444      9185518440        18623232       8026       2000      10000          6
   0       14     1963     9996      9185518444      9185528440        18633232       8026       2000      10000          6
   0       14     1963     9996      9185528444      9185538440        18643232       8026       2000      10000          6
   0       14     1963     9996      9185538444      9185548440        18653232       8026       2000      10000          7
   0       14     1963     9996      9185548444      9185558440        18663232       8026       2000      10000          6
   0       14     1963     9996      9185558444      9185568440        18673232       8026       2000      10000          6
   0       14     1963     9996      9185568444      9185578440        18683232       8026       2000      10000          7
   0       14     1963     9996      9185578444      9185588440        18693232       8026       2000      10000          6
   0       14     1963     9996      9185588444      9185598440        18703232       8026       2000      10000          6
   0       14     1963     9996      9185598444      9185608440        18713232       8026       2000      10000          6
   0       14     1963     9996      9185608444      9185618440        18723232       8026       2000      10000          7
   0       14     1963     9996      9185618444      9185628440        18733232       8026       2000      10000          6
   0       14     1963     9996      9185628444      9185638440        18743232       8026       2000      10000          6
   0       14     1963     9996      9185638444      9185648440        18753232       8026       2000      10000          7
   0       14     1963     9997      9185648444      9185658441        18763232       8026       2000      10000          7
   0       14     1963     9996      9185658444      9185668440        18773232       8026       2000      10000          6
   0       14     1963     9996      9185668444      9185678440        18783232       8026       2000      10000          6
   0       14     1963     9996      9185678444      9185688440        18793232       8026       2000      10000          6
   0       14     1963     9996      9185688444      9185698440        18803232       8026       2000      10000          6
   0       14     1963     9996      9185698444      9185708440        18813232       8026       2000      10000          6
   0       14     1963     9997      9185708444      9185718441        18823232       8026       2000      10000          7
   0       14     1963     9996      9185718444      9185728440        18833232       8026       2000      10000          6
   0       14     1963     9987      9185728454      9185738440        18843242       8017       2000      10000          7
   0       14     1963     9996      9185738444      9185748440        18853232       8026       2000      10000          6
   0       14     1963     9996      9185748444      9185758440        18863232       8026       2000      10000          6
   0       14     1963     9996      9185758444      9185768440        18873232       8026       2000      10000          6
   0       14     1963    10000      9185768444      9185778444        18883232       8026       2000      10000         10
   0       14     1963     9993      9185778448      9185788441        18893236       8022       2000      10000          7
   0       14     1963     9996      9185788444      9185798440        18903232       8026       2000      10000          6
   0       14     1963     9996      9185798444      9185808440        18913232       8026       2000      10000          6
   0       14     1963     9996      9185808444      9185818440        18923232       8026       2000      10000          6
   0       14     1963     9996      9185818444      9185828440        18933232       8026       2000      10000          6
   0       14     1963     9997      9185828444      9185838441        18943232       8026       2000      10000          7
   0       14     1963     9996      9185838445      9185848441        18953232       8026       2000      10000          7
   0       14     1963     9996      9185848445      9185858440        18963232       8026       2000      10000          7
   0       14     1963     9996      9185858444      9185868440        18973232       8026       2000      10000          7
   0       14     1963     9997      9185868444      9185878441        18983232       8026       2000      10000          7
   0       14     1963     9996      9185878445      9185888440        18993233       8026       2000      10000          6
   0       14     1963     9996      9185888444      9185898440        19003232       8026       2000      10000          7
   0       14     1963     9996      9185898444      9185908440        19013232       8026       2000      10000          6
   0       14     1963     9996      9185908444      9185918440        19023232       8026       2000      10000          6
   0       14     1963     9996      9185918444      9185928440        19033232       8026       2000      10000          6
   0       14     1963     9996      9185928444      9185938440        19043232       8026       2000      10000          6
   0       14     1963     9996      9185938444      9185948440        19053232       8026       2000      10000          6
   0       14     1963     9996      9185948444      9185958440        19063232       8026       2000      10000          6
   0       14     1963     9996      9185958444      9185968440        19073232       8026       2000      10000          7
   0       14     1963     9996      9185968444      9185978440        19083232       8026       2000      10000          7
   0       14     1963     9996      9185978444      9185988440        19093232       8026       2000      10000          6
   0       14     1963     9996      9185988444      9185998440        19103232       8026       2000      10000          7
   0       14     1963     9996      9185998444      9186008440        19113232       8026       2000      10000          7
   0       14     1963     9996      9186008444      9186018440        19123232       8026       2000      10000          6
   0       14     1963     9996      9186018444      9186028440        19133232       8026       2000      10000          7
   0       14     1963     9996      9186028444      9186038440        19143232       8026       2000      10000          6
   0       14     1963     9996      9186038444      9186048440        19153232       8026       2000      10000          6
   0       14     1963     9996      9186048444      9186058440        19163232       8026       2000      10000          6
   0       14     1963     9984      9186058456      9186068440        19173244       8014       2000      10000          7
   0       14     1963     9996      9186068444      9186078440        19183232       8026       2000      10000          6
   0       14     1963     9996      9186078444      9186088440        19193232       8026       2000      10000          6
   0       14     1963     9996      9186088444      9186098440        19203232       8026       2000      10000          6
   0       14     1963     9996      9186098444      9186108440        19213232       8026       2000      10000          6
   0       14     1963     9996      9186108444      9186118440        19223232       8026       2000      10000          6
   0       14     1963     9996      9186118444      9186128440        19233232       8026       2000      10000          6
   0       14     1963     9996      9186128444      9186138440        19243232       8026       2000      10000          6
   0       14     1963     9996      9186138444      9186148440        19253232       8026       2000      10000          6
   0       14     1963     9996      9186148444      9186158440        19263232       8026       2000      10000          6
   0       14     1963     9996      9186158444      9186168440        19273232       8026       2000      10000          6
   0       14     1963     9996      9186168444      9186178440        19283232       8026       2000      10000          6
   0       14     1963     9996      9186178444      9186188440        19293232       8026       2000      10000          6
   0       14     1963     9996      9186188444      9186198440        19303232       8026       2000      10000          6
   0       14     1963     9996      9186198444      9186208440        19313232       8026       2000      10000          6
   0       14     1963     9996      9186208444      9186218440        19323232       8026       2000      10000          7
   0       14     1963     9996      9186218444      9186228440        19333232       8026       2000      10000          7
   0       14     1963     9996      9186228444      9186238440        19343232       8026       2000      10000          6
   0       14     1963     9996      9186238444      9186248440        19353232       8026       2000      10000          6
   0       14     1963     9996      9186248444      9186258440        19363232       8026       2000      10000          6
   0       14     1963     9996      9186258444      9186268440        19373232       8026       2000      10000          6
   0       14     1963     9996      9186268444      9186278440        19383232       8026       2000      10000          6
   0       14     1963     9996      9186278444      9186288440        19393232       8026       2000      10000          6
   0       14     1963     9996      9186288444      9186298440        19403232       8026       2000      10000          6
   0       14     1963     9996      9186298444      9186308440        19413232       8026       2000      10000          6
   0       14     1963     9996      9186308444      9186318440        19423232       8026       2000      10000          7
   0       14     1963     9996      9186318444      9186328440        19433232       8026       2000      10000          7
   0       14     1963     9996      9186328444      9186338440        19443232       8026       2000      10000          6
   0       14     1963     9997      9186338444      9186348441        19453232       8026       2000      10000          7
   0       14     1963     9996      9186348445      9186358440        19463232       8026       2000      10000          6
   0       14     1963     9996      9186358444      9186368440        19473232       8026       2000      10000          6
   0       14     1963     9996      9186368444      9186378440        19483232       8026       2000      10000          7
   0       14     1963     9996      9186378444      9186388440        19493232       8026       2000      10000          7
   0       14     1963     9986      9186388455      9186398440        19503243       8015       2000      10000          7
   0       14     1963     9996      9186398444      9186408441        19513232       8026       2000      10000          7
   0       14     1963     9996      9186408444      9186418440        19523232       8026       2000      10000          6
   0       14     1963     9996      9186418444      9186428440        19533232       8026       2000      10000          7
   0       14     1963     9996      9186428444      9186438440        19543232       8026       2000      10000          6
   0       14     1963     9996      9186438444      9186448440        19553232       8026       2000      10000          6
   0       14     1963     9996      9186448444      9186458440        19563232       8026       2000      10000          6
   0       14     1963     9996      9186458444      9186468440        19573232       8026       2000      10000          6
   0       14     1963     9996      9186468444      9186478440        19583232       8026       2000      10000          7
   0       14     1963     9996      9186478444      9186488440        19593232       8026       2000      10000          6
   0       14     1963     9996      9186488444      9186498440        19603232       8026       2000      10000          6
   0       14     1963     9996      9186498444      9186508440        19613232       8026       2000      10000          7
   0       14     1963     9996      9186508444      9186518440        19623232       8026       2000      10000          7
   0       14     1963     9996      9186518444      9186528440        19633232       8026       2000      10000          6
   0       14     1963     9996      9186528444      9186538440        19643232       8026       2000      10000          6
   0       14     1963     9996      9186538444      9186548440        19653232       8026       2000      10000          6
   0       14     1963     9996      9186548444      9186558440        19663232       8026       2000      10000          6
   0       14     1963     9996      9186558444      9186568440        19673232       8026       2000      10000          6
   0       14     1963     9996      9186568444      9186578440        19683232       8026       2000      10000          6
   0       14     1963     9996      9186578444      9186588440        19693232       8026       2000      10000          6
   0       14     1963     9996      9186588444      9186598440        19703232       8026       2000      10000          6
   0       14     1963     9996      9186598444      9186608440        19713232       8026       2000      10000          6
   0       14     1963     9996      9186608444      9186618440        19723232       8026       2000      10000          6
   0       14     1963     9997      9186618444      9186628440        19733232       8026       2000      10000          6
   0       14     1963     9996      9186628444      9186638440        19743232       8026       2000      10000          6
   0       14     1963     9996      9186638444      9186648440        19753232       8026       2000      10000          6
   0       14     1963     9996      9186648444      9186658440        19763232       8026       2000      10000          6
   0       14     1963     9996      9186658444      9186668440        19773232       8026       2000      10000          6
   0       14     1963     9996      9186668444      9186678440        19783232       8026       2000      10000          6
   0       14     1963     9996      9186678444      9186688440        19793232       8026       2000      10000          6
   0       14     1963     9996      9186688444      9186698440        19803232       8026       2000      10000          6
   0       14     1963     9996      9186698444      9186708440        19813232       8026       2000      10000          7
   0       14     1963     9996      9186708444      9186718440        19823232       8026       2000      10000          6
   0       14     1963     9986      9186718454      9186728440        19833242       8016       2000      10000          7
   0       14     1963     9996      9186728444      9186738440        19843232       8026       2000      10000          6
   0       14     1963     9996      9186738444      9186748440        19853232       8026       2000      10000          7
   0       14     1963     9996      9186748444      9186758440        19863232       8026       2000      10000          6
   0       14     1963     9996      9186758444      9186768440        19873232       8026       2000      10000          6
   0       14     1963     9998      9186768444      9186778442        19883232       8026       2000      10000          8
   0       14     1991     9995      9186778446      9186788440        19893234       7996       2000      10000          6
   0       14     1991     9996      9186788444      9186798440        19903232       7998       2000      10000          7
   0       14     1963     9996      9186798444      9186808440        19913232       8026       2000      10000          6
   0       14     1963     9997      9186808444      9186818440        19923232       8026       2000      10000          7
   0       14     1963     9996      9186818444      9186828440        19933232       8026       2000      10000          6
   0       14     1963     9996      9186828444      9186838440        19943232       8026       2000      10000          6
   0       14     1963     9996      9186838444      9186848440        19953232       8026       2000      10000          6
   0       14     1963     9996      9186848444      9186858440        19963232       8026       2000      10000          6
   0       14     1963     9996      9186858444      9186868440        19973232       8026       2000      10000          6
   0       14     1963     9996      9186868444      9186878440        19983232       8026       2000      10000          7
