#idx     perf      run   period           start             end          rel_st      slack c_duration   c_period     wu_lat
   0       14     1918     1920     15292086688     15292088608           17870      -9564       2000      10000          0
   0       14     1955     9994     15292088653     15292098647           19835       7999       2000      10000         38
   0       14     1955     9908     15292098730     15292108638           29911       7922       2000      10000         30
   0       14     1955     9911     15292108726     15292118637           39907       7927       2000      10000         28
   0       14     1955     9909     15292118728     15292128637           49910       7924       2000      10000         28
   0       14     1955     9912     15292128725     15292138636           59906       7928       2000      10000         28
   0       14     1955     9915     15292138723     15292148638           69904       7930       2000      10000         29
   0       14     1955     9913     15292148725     15292158638           79906       7928       2000      10000         30
   0       14     1955     9912     15292158725     15292168637           89906       7927       2000      10000         29
   0       14     1955     9912     15292168725     15292178637           99906       7927       2000      10000         28
   0       14     1955     9911     15292178726     15292188637          109907       7926       2000      10000         29
   0       14     1955     9908     15292188729     15292198637          119910       7923       2000      10000         28
   0       14     1955     9915     15292198723     15292208637          129904       7930       2000      10000         29
   0       14     1955     9912     15292208725     15292218637          139907       7927       2000      10000         29
   0       14     1955     9915     15292218723     15292228637          149904       7930       2000      10000         29
   0       14     1955     9914     15292228723     15292238637          159905       7929       2000      10000         28
   0       14     1955     9914     15292238723     15292248637          169905       7929       2000      10000         29
   0       14     1955     9915     15292248722     15292258637          179903       7931       2000      10000         28
   0       14     1955     9912     15292258725     15292268637          189907       7927       2000      10000         29
   0       14     1955     9911     15292268726     15292278637          199908       7926       2000      10000         29
   0       14     1955     9913     15292278725     15292288637          209906       7928       2000      10000         29
   0       14     1955     9911     15292288726     15292298637          219907       7926       2000      10000         29
   0       14     1955     9913     15292298725     15292308638          229906       7928       2000      10000         29
   0       14     1955     9916     15292308723     15292318639          239904       7929       2000      10000         30
   0       14     1955     9914     15292318724     15292328638          249905       7928       2000      10000         30
   0       14     1955     9915     15292328723     15292338638          259904       7930       2000      10000         29
   0       14     1955     9917     15292338720     15292348638          269902       7932       2000      10000         29
   0       14     1955     9910     15292348727     15292358638          279909       7925       2000      10000         29
   0       14     1955     9915     15292358722     15292368637          289904       7930       2000      10000         28
   0       14     1955     9911     15292368726     15292378637          299907       7926       2000      10000         29
   0       14     1955     9913     15292378724     15292388637          309905       7928       2000      10000         29
   0       14     1955     9912     15292388725     15292398637          319907       7927       2000      10000         28
   0       14     1955     9913     15292398724     15292408637          329905       7928       2000      10000         28
   0       14     1955     9882     15292408755     15292418638          339937       7896       2000      10000         29
   0       14     1955     9910     15292418727     15292428637          349908       7925       2000      10000         29
   0       14     1956     9874     15292428766     15292438640          359947       7886       2000      10000         32
   0       14     1956     9901     15292438736     15292448638          369918       7915       2000      10000         29
   0       14     1955     9913     15292448724     15292458638          379906       7928       2000      10000         29
   0       14     1955     9905     15292458733     15292468637          389914       7919       2000      10000         29
   0       14     1956     9904     15292468734     15292478638          399915       7918       2000      10000         29
   0       14     1955     9898     15292478739     15292488638          409921       7912       2000      10000         29
   0       14     1956     9906     15292488732     15292498638          419913       7919       2000      10000         30
   0       14     1956     9894     15292498744     15292508638          429926       7907       2000      10000         30
   0       14     1955     9909     15292508728     15292518637          439909       7924       2000      10000         29
   0       14     1956     9904     15292518734     15292528638          449915       7918       2000      10000         30
   0       14     1956     9905     15292528733     15292538638          459914       7919       2000      10000         29
   0       14     1956     9893     15292538745     15292548638          469926       7907       2000      10000         30
   0       14     1956     9887     15292548732     15292558619          479913       7920       2000      10000         11
   0       14     1471     9958     15292558661     15292568619          489842       8475       2000      10000         11
   0       14     1421     9966     15292568656     15292578622          499838       8530       2000      10000         14
   0       14     1823     9978     15292578666     15292588644          509847       8118       2000      10000         35
   0       14     1955     9903     15292588736     15292598639          519918       7916       2000      10000         30
   0       14     1955     9912     15292598725     15292608637          529906       7928       2000      10000         29
   0       14     1955     9911     15292608727     15292618638          539908       7926       2000      10000         29
   0       14     1955     9916     15292618722     15292628639          549904       7930       2000      10000         30
   0       14     1955     9912     15292628725     15292638637          559906       7927       2000      10000         28
   0       14     1955     9915     15292638723     15292648637          569904       7930       2000      10000         29
   0       14     1955     9913     15292648724     15292658637          579905       7928       2000      10000         28
   0       14     1955     9907     15292658731     15292668638          589912       7921       2000      10000         30
   0       14     1955     9916     15292668721     15292678637          599902       7931       2000      10000         28
   0       14     1955     9916     15292678722     15292688638          609903       7930       2000      10000         29
   0       14     1955     9913     15292688724     15292698637          619905       7928       2000      10000         28
   0       14     1955     9916     15292698722     15292708638          629903       7931       2000      10000         29
   0       14     1955     9915     15292708722     15292718638          639904       7930       2000      10000         29
   0       14     1955     9915     15292718722     15292728637          649904       7930       2000      10000         29
   0       14     1955     9915     15292728722     15292738637          659903       7931       2000      10000         28
   0       14     1956     9890     15292738748     15292748638          669929       7904       2000      10000         29
   0       14     1955     9914     15292748724     15292758638          679905       7928       2000      10000         29
   0       14     1955     9914     15292758723     15292768637          689905       7929       2000      10000         29
   0       14     1955     9914     15292768723     15292778637          699905       7929       2000      10000         28
   0       14     1955     9915     15292778722     15292788637          709904       7930       2000      10000         29
   0       14     1955     9915     15292788722     15292798637          719903       7930       2000      10000         28
   0       14     1955     9914     15292798723     15292808637          729905       7929       2000      10000         29
   0       14     1955     9915     15292808722     15292818637          739904       7930       2000      10000         29
   0       14     1955     9915     15292818722     15292828638          749904       7930       2000      10000         29
   0       14     1955     9914     15292828723     15292838637          759904       7929       2000      10000         28
   0       14     1955     9916     15292838721     15292848637          769902       7931       2000      10000         29
   0       14     1955     9912     15292848725     15292858637          779906       7927       2000      10000         28
   0       14     1955     9914     15292858723     15292868637          789904       7929       2000      10000         28
   0       14     1955     9914     15292868723     15292878637          799904       7929       2000      10000         29
   0       14     1955     9914     15292878723     15292888637          809904       7930       2000      10000         28
   0       14     1955     9915     15292888722     15292898637          819903       7930       2000      10000         29
   0       14     1955     9918     15292898722     15292908640          829904       7930       2000      10000         32
   0       14     1955     9918     15292908720     15292918638          839901       7932       2000      10000         30
   0       14     1955     9913     15292918724     15292928636          849905       7928       2000      10000         28
   0       14     1955     9941     15292928724     15292938665          859905       7928       2000      10000         57
   0       14     1955     9916     15292938699     15292948615          869880       7954       2000      10000          7
   0       14     1955     9965     15292948649     15292958614          879831       8003       2000      10000          7
   0       14     1955     9966     15292958649     15292968615          889830       8004       2000      10000          7
   0       14     1955     9991     15292968648     15292978639          899829       8004       2000      10000         30
   0       14     1955     9914     15292978723     15292988637          909904       7929       2000      10000         29
   0       14     1955     9914     15292988723     15292998637          919905       7929       2000      10000         29
   0       14     1955     9918     15292998721     15293008640          929903       7931       2000      10000         31
   0       14     1955     9913     15293008725     15293018638          939906       7927       2000      10000         30
   0       14     1955     9914     15293018723     15293028637          949905       7929       2000      10000         29
   0       14     1955     9915     15293028722     15293038638          959904       7930       2000      10000         29
   0       14     1955     9893     15293038725     15293048619          969907       7927       2000      10000         11
   0       14     1331     9965     15293048652     15293058617          979833       8624       2000      10000          9
   0       14     1329     9972     15293058650     15293068622          989831       8629       2000      10000         13
   0       14     1539     9925     15293068692     15293078617          999873       8376       2000      10000          9
   0       14     1955     9956     15293078660     15293088615         1009841       7993       2000      10000          7
   0       14     1955     9964     15293088651     15293098615         1019832       8002       2000      10000          7
   0       14     1955     9966     15293098649     15293108615         1029830       8003       2000      10000          7
   0       14     1955     9966     15293108649     15293118615         1039830       8003       2000      10000          7
   0       14     1955     9966     15293118649     15293128615         1049830       8004       2000      10000          7
   0       14     1955     9965     15293128650     15293138615         1059831       8003       2000      10000          7
   0       14     1955     9966     15293138649     15293148615         1069830       8004       2000      10000          7
   0       14     1955     9966     15293148649     15293158615         1079830       8003       2000      10000          7
   0       14     1955     9966     15293158648     15293168615         1089830       8004       2000      10000          7
   0       14     1955     9966     15293168649     15293178615         1099830       8004       2000      10000          7
   0       14     1955     9967     15293178648     15293188615         1109829       8004       2000      10000          7
   0       14     1955     9966     15293188649     15293198615         1119830       8004       2000      10000          7
   0       14     1955     9967     15293198648     15293208615         1129830       8004       2000      10000          7
   0       14     1955     9966     15293208649     15293218615         1139830       8003       2000      10000          7
   0       14     1955     9966     15293218649     15293228615         1149830       8003       2000      10000          7
   0       14     1955     9966     15293228649     15293238615         1159830       8004       2000      10000          7
   0       14     1955     9966     15293238649     15293248615         1169830       8004       2000      10000          7
   0       14     1955     9966     15293248649     15293258615         1179831       8003       2000      10000          7
   0       14     1955     9966     15293258649     15293268615         1189831       8003       2000      10000          7
   0       14     1955     9966     15293268649     15293278615         1199830       8003       2000      10000          7
   0       14     1955     9967     15293278648     15293288615         1209829       8004       2000      10000          7
   0       14     1955     9966     15293288649     15293298615         1219830       8004       2000      10000          7
   0       14     1955     9967     15293298648     15293308615         1229829       8004       2000      10000          7
   0       14     1955     9969     15293308649     15293318618         1239830       8004       2000      10000         10
   0       14     1955     9962     15293318653     15293328615         1249835       7999       2000      10000          8
   0       14     1955     9965     15293328650     15293338615         1259831       8002       2000      10000          7
   0       14     1955     9966     15293338649     15293348615         1269830       8003       2000      10000          7
   0       14     1955     9967     15293348648     15293358615         1279829       8004       2000      10000          7
   0       14     1955     9966     15293358649     15293368615         1289830       8003       2000      10000          7
   0       14     1955     9966     15293368649     15293378615         1299830       8003       2000      10000          7
   0       14     1955     9967     15293378648     15293388615         1309829       8004       2000      10000          7
   0       14     1955     9966     15293388648     15293398615         1319830       8004       2000      10000          7
   0       14     1956     9942     15293398673     15293408615         1329855       7978       2000      10000          7
   0       14     1955     9966     15293408649     15293418615         1339831       8003       2000      10000          7
   0       14     1955     9966     15293418649     15293428615         1349830       8003       2000      10000          7
   0       14     1955     9965     15293428649     15293438615         1359831       8003       2000      10000          7
   0       14     1955     9967     15293438648     15293448615         1369829       8004       2000      10000          7
   0       14     1955     9965     15293448650     15293458615         1379832       8002       2000      10000          7
   0       14     1955     9967     15293458648     15293468615         1389829       8004       2000      10000          7
   0       14     1955     9966     15293468648     15293478615         1399830       8004       2000      10000          7
   0       14     1955     9967     15293478648     15293488615         1409829       8005       2000      10000          7
   0       14     1955     9965     15293488650     15293498615         1419831       8002       2000      10000          7
   0       14     1955     9967     15293498648     15293508615         1429829       8004       2000      10000          7
   0       14     1955     9966     15293508648     15293518615         1439830       8004       2000      10000          7
   0       14     1955     9967     15293518648     15293528615         1449829       8004       2000      10000          7
   0       14     1955     9969     15293528649     15293538618         1459830       8003       2000      10000         10
   0       14     1340     9965     15293538652     15293548617         1469833       8615       2000      10000          9
   0       14     1338     9972     15293548649     15293558621         1479830       8620       2000      10000         13
   0       14     1422     9956     15293558661     15293568617         1489843       8524       2000      10000          9
   0       14     1955     9955     15293568660     15293578615         1499841       7992       2000      10000          7
   0       14     1955     9964     15293578650     15293588615         1509832       8002       2000      10000          7
   0       14     1955     9965     15293588650     15293598615         1519832       8002       2000      10000          7
   0       14     1955     9966     15293598648     15293608615         1529830       8004       2000      10000          7
   0       14     1955     9966     15293608649     15293618615         1539830       8004       2000      10000          7
   0       14     1955     9967     15293618648     15293628614         1549829       8004       2000      10000          7
   0       14     1955     9966     15293628648     15293638615         1559830       8004       2000      10000          7
   0       14     1955     9967     15293638647     15293648615         1569829       8005       2000      10000          7
   0       14     1955     9966     15293648649     15293658615         1579830       8003       2000      10000          7
   0       14     1955     9967     15293658648     15293668615         1589829       8004       2000      10000          7
   0       14     1955     9966     15293668648     15293678615         1599830       8004       2000      10000          7
   0       14     1955     9967     15293678648     15293688615         1609829       8004       2000      10000          7
   0       14     1955     9966     15293688649     15293698615         1619830       8003       2000      10000          7
   0       14     1955     9967     15293698648     15293708615         1629829       8004       2000      10000          7
   0       14     1955     9967     15293708648     15293718615         1639829       8004       2000      10000          7
   0       14     1955     9967     15293718648     15293728615         1649829       8005       2000      10000          7
   0       14     1956     9942     15293728673     15293738615         1659854       7979       2000      10000          7
   0       14     1955     9966     15293738649     15293748614         1669830       8004       2000      10000          7
   0       14     1955     9966     15293748649     15293758615         1679830       8003       2000      10000          7
   0       14     1955     9966     15293758648     15293768615         1689830       8004       2000      10000          7
   0       14     1955     9967     15293768648     15293778615         1699829       8004       2000      10000          7
   0       14     1955     9966     15293778648     15293788615         1709830       8004       2000      10000          7
   0       14     1955     9965     15293788650     15293798615         1719831       8002       2000      10000          7
   0       14     1955     9966     15293798648     15293808614         1729830       8004       2000      10000          7
   0       14     1955     9967     15293808648     15293818615         1739830       8004       2000      10000          7
   0       14     1955     9966     15293818649     15293828614         1749830       8004       2000      10000          7
   0       14     1955     9966     15293828648     15293838615         1759830       8004       2000      10000          7
   0       14     1955     9967     15293838648     15293848615         1769829       8005       2000      10000          7
   0       14     1955     9965     15293848649     15293858614         1779830       8003       2000      10000          7
   0       14     1955     9967     15293858647     15293868615         1789829       8005       2000      10000          7
   0       14     1955     9967     15293868648     15293878615         1799830       8004       2000      10000          7
   0       14     1955     9967     15293878648     15293888615         1809829       8004       2000      10000          7
   0       14     1955     9966     15293888648     15293898615         1819830       8004       2000      10000          7
   0       14     1955     9966     15293898649     15293908615         1829831       8003       2000      10000          8
   0       14     1955     9964     15293908651     15293918615         1839832       8001       2000      10000          7
   0       14     1955     9966     15293918648     15293928615         1849830       8004       2000      10000          7
   0       14     1955     9967     15293928648     15293938615         1859829       8004       2000      10000          7
   0       14     1955     9967     15293938648     15293948615         1869829       8004       2000      10000          7
   0       14     1955     9966     15293948649     15293958615         1879830       8003       2000      10000          7
   0       14     1955     9966     15293958648     15293968615         1889830       8004       2000      10000          7
   0       14     1955     9966     15293968649     15293978615         1899831       8003       2000      10000          7
   0       14     1955     9966     15293978648     15293988615         1909830       8004       2000      10000          7
   0       14     1955     9967     15293988648     15293998615         1919829       8004       2000      10000          7
   0       14     1955     9966     15293998649     15294008615         1929831       8003       2000      10000          7
   0       14     1955     9966     15294008649     15294018615         1939830       8004       2000      10000          7
   0       14     1955     9971     15294018648     15294028619         1949829       8005       2000      10000         11
   0       14     1332     9964     15294028653     15294038617         1959834       8622       2000      10000          9
   0       14     1334     9974     15294038648     15294048622         1969830       8625       2000      10000         14
   0       14     1389     9952     15294048666     15294058618         1979847       8552       2000      10000         10
   0       14     1955     9934     15294058681     15294068615         1989863       7971       2000      10000          7
   0       14     1955     9962     15294068653     15294078615         1999834       7999       2000      10000          7
   0       14     1955     9966     15294078649     15294088615         2009830       8003       2000      10000          7
   0       14     1955     9965     15294088649     15294098615         2019831       8003       2000      10000          7
   0       14     1955     9967     15294098647     15294108615         2029829       8005       2000      10000          7
   0       14     1955     9966     15294108649     15294118615         2039830       8004       2000      10000          7
   0       14     1955     9966     15294118648     15294128615         2049830       8004       2000      10000          7
   0       14     1955     9966     15294128649     15294138615         2059830       8004       2000      10000          7
   0       14     1955     9967     15294138648     15294148615         2069829       8004       2000      10000          7
   0       14     1955     9967     15294148648     15294158615         2079829       8004       2000      10000          7
   0       14     1955     9966     15294158648     15294168615         2089830       8004       2000      10000          7
   0       14     1955     9966     15294168648     15294178615         2099830       8004       2000      10000          7
   0       14     1955    10011     15294178648     15294188659         2109829       8005       2000      10000         51
   0       14     1955     9943     15294188692     15294198635         2119873       7960       2000      10000         25
   0       14     1955     9960     15294198698     15294208658         2129879       7954       2000      10000         50
   0       14     1955     9923     15294208692     15294218615         2139873       7960       2000      10000          7
   0       14     1955     9967     15294218648     15294228615         2149830       8004       2000      10000          7
   0       14     1955     9966     15294228649     15294238615         2159830       8004       2000      10000          7
   0       14     1955     9967     15294238648     15294248615         2169829       8005       2000      10000          7
   0       14     1955     9967     15294248648     15294258615         2179829       8004       2000      10000          7
   0       14     1955     9966     15294258648     15294268615         2189830       8004       2000      10000          7
   0       14     1955     9967     15294268648     15294278615         2199830       8004       2000      10000          7
   0       14     1955     9967     15294278648     15294288615         2209829       8005       2000      10000          7
   0       14     1955     9966     15294288649     15294298614         2219830       8003       2000      10000          7
   0       14     1955     9967     15294298648     15294308615         2229829       8004       2000      10000          7
   0       14     1955     9965     15294308649     15294318615         2239831       8003       2000      10000          7
   0       14     1955     9967     15294318648     15294328615         2249829       8004       2000      10000          7
   0       14     1955     9966     15294328648     15294338615         2259830       8004       2000      10000          7
   0       14     1955     9967     15294338648     15294348615         2269829       8005       2000      10000          7
   0       14     1955     9967     15294348648     15294358615         2279829       8004       2000      10000          7
   0       14     1955     9967     15294358648     15294368615         2289829       8004       2000      10000          7
   0       14     1955     9966     15294368648     15294378615         2299830       8004       2000      10000          7
   0       14     1955     9967     15294378648     15294388615         2309830       8004       2000      10000          7
   0       14     1956     9948     15294388667     15294398615         2319848       7985       2000      10000          7
   0       14     1955     9967     15294398648     15294408615         2329830       8004       2000      10000          7
   0       14     1955     9966     15294408648     15294418615         2339830       8004       2000      10000          7
   0       14     1955     9967     15294418648     15294428615         2349829       8004       2000      10000          7
   0       14     1955     9967     15294428648     15294438615         2359829       8004       2000      10000          7
   0       14     1955     9967     15294438648     15294448615         2369829       8004       2000      10000          7
   0       14     1955     9966     15294448649     15294458615         2379831       8003       2000      10000          7
   0       14     1955     9967     15294458648     15294468615         2389830       8004       2000      10000          7
   0       14     1955     9966     15294468648     15294478615         2399830       8004       2000      10000          7
   0       14     1955     9966     15294478649     15294488615         2409830       8004       2000      10000          7
   0       14     1955     9966     15294488648     15294498615         2419830       8004       2000      10000          7
   0       14     1955     9967     15294498648     15294508615         2429830       8004       2000      10000          7
   0       14     1955     9969     15294508649     15294518618         2439830       8003       2000      10000         10
   0       14     1366     9966     15294518651     15294528617         2449832       8590       2000      10000          9
   0       14     1340     9973     15294528648     15294538621         2459830       8619       2000      10000         13
   0       14     1454     9955     15294538663     15294548618         2469844       8490       2000      10000         10
   0       14     1955     9954     15294548661     15294558615         2479842       7991       2000      10000          7
   0       14     1955     9963     15294558651     15294568614         2489833       8001       2000      10000          7
   0       14     1955     9966     15294568649     15294578615         2499831       8003       2000      10000          7
   0       14     1955     9966     15294578649     15294588615         2509830       8003       2000      10000          7
   0       14     1955     9965     15294588650     15294598615         2519831       8003       2000      10000          7
   0       14     1955     9966     15294598649     15294608615         2529830       8004       2000      10000          7
   0       14     1955     9966     15294608649     15294618615         2539830       8003       2000      10000          7
   0       14     1955     9967     15294618648     15294628615         2549829       8004       2000      10000          7
   0       14     1955     9966     15294628649     15294638615         2559830       8004       2000      10000          7
   0       14     1955     9967     15294638648     15294648615         2569829       8005       2000      10000          7
   0       14     1955     9967     15294648648     15294658615         2579829       8004       2000      10000          7
   0       14     1955     9966     15294658649     15294668615         2589830       8003       2000      10000          7
   0       14     1955     9966     15294668649     15294678615         2599830       8004       2000      10000          7
   0       14     1955     9967     15294678648     15294688615         2609829       8004       2000      10000          7
   0       14     1955     9966     15294688649     15294698615         2619830       8004       2000      10000          7
   0       14     1955     9967     15294698648     15294708615         2629829       8005       2000      10000          7
   0       14     1955     9967     15294708648     15294718615         2639830       8004       2000      10000          7
   0       14     1956     9944     15294718671     15294728615         2649853       7980       2000      10000          7
   0       14     1955     9965     15294728650     15294738615         2659831       8002       2000      10000          7
   0       14     1955     9966     15294738648     15294748615         2669830       8004       2000      10000          7
   0       14     1955     9966     15294748648     15294758615         2679830       8004       2000      10000          7
   0       14     1955     9967     15294758647     15294768615         2689829       8005       2000      10000          7
   0       14     1955     9967     15294768648     15294778615         2699829       8005       2000      10000          7
   0       14     1955     9966     15294778648     15294788615         2709830       8004       2000      10000          7
   0       14     1955     9966     15294788649     15294798615         2719830       8004       2000      10000          7
   0       14     1955     9967     15294798648     15294808615         2729829       8004       2000      10000          7
   0       14     1955     9965     15294808650     15294818615         2739831       8002       2000      10000          7
   0       14     1955     9967     15294818648     15294828615         2749829       8004       2000      10000          7
   0       14     1955     9967     15294828648     15294838615         2759829       8005       2000      10000          7
   0       14     1955     9966     15294838649     15294848615         2769830       8003       2000      10000          7
   0       14     1955     9966     15294848649     15294858615         2779830       8004       2000      10000          7
   0       14     1955     9967     15294858648     15294868615         2789829       8004       2000      10000          7
   0       14     1955     9966     15294868649     15294878615         2799830       8004       2000      10000          7
   0       14     1955     9966     15294878649     15294888615         2809831       8003       2000      10000          7
   0       14     1955     9967     15294888648     15294898615         2819829       8004       2000      10000          7
   0       14     1955     9967     15294898648     15294908616         2829830       8004       2000      10000          8
   0       14     1955     9965     15294908650     15294918615         2839831       8002       2000      10000          7
   0       14     1955     9967     15294918648     15294928615         2849830       8004       2000      10000          7
   0       14     1955     9966     15294928649     15294938615         2859831       8003       2000      10000          7
   0       14     1955     9965     15294938650     15294948615         2869831       8003       2000      10000          7
   0       14     1955     9966     15294948649     15294958615         2879830       8003       2000      10000          7
   0       14     1955     9966     15294958649     15294968615         2889830       8003       2000      10000          7
   0       14     1955     9966     15294968649     15294978615         2899830       8004       2000      10000          7
   0       14     1955     9966     15294978649     15294988615         2909831       8003       2000      10000          7
   0       14     1955     9966     15294988648     15294998615         2919830       8004       2000      10000          7
   0       14     1955     9970     15294998648     15295008618         2929830       8004       2000      10000         10
   0       14     1360     9966     15295008652     15295018617         2939833       8595       2000      10000         10
   0       14     1332     9972     15295018650     15295028622         2949831       8625       2000      10000         13
   0       14     1377     9954     15295028664     15295038618         2959845       8566       2000      10000         10
   0       14     1955     9953     15295038662     15295048615         2969844       7990       2000      10000          7
   0       14     1955     9941     15295048675     15295058615         2979856       7977       2000      10000          7
   0       14     1955     9965     15295058650     15295068615         2989832       8002       2000      10000          7
   0       14     1955     9966     15295068649     15295078615         2999830       8003       2000      10000          7
   0       14     1955     9966     15295078649     15295088615         3009830       8004       2000      10000          7
   0       14     1955     9967     15295088648     15295098615         3019830       8004       2000      10000          7
   0       14     1955     9966     15295098649     15295108615         3029830       8004       2000      10000          7
   0       14     1955     9965     15295108650     15295118615         3039831       8002       2000      10000          7
   0       14     1955     9967     15295118648     15295128615         3049829       8004       2000      10000          7
   0       14     1955     9966     15295128649     15295138615         3059830       8003       2000      10000          7
   0       14     1955     9966     15295138649     15295148615         3069830       8004       2000      10000          7
   0       14     1955     9966     15295148649     15295158615         3079831       8003       2000      10000          7
   0       14     1955     9967     15295158648     15295168615         3089829       8004       2000      10000          7
   0       14     1955     9965     15295168650     15295178615         3099831       8003       2000      10000          7
   0       14     1955     9967     15295178648     15295188615         3109830       8004       2000      10000          7
   0       14     1955     9966     15295188649     15295198615         3119830       8004       2000      10000          7
   0       14     1955     9966     15295198649     15295208615         3129830       8003       2000      10000          7
   0       14     1955     9966     15295208649     15295218615         3139831       8003       2000      10000          7
   0       14     1955     9966     15295218649     15295228615         3149830       8004       2000      10000          7
   0       14     1955     9966     15295228649     15295238615         3159830       8003       2000      10000          7
   0       14     1955     9967     15295238648     15295248615         3169830       8004       2000      10000          7
   0       14     1955     9966     15295248649     15295258615         3179830       8004       2000      10000          7
   0       14     1955     9966     15295258649     15295268615         3189830       8004       2000      10000          7
   0       14     1955     9967     15295268648     15295278615         3199830       8004       2000      10000          7
   0       14     1955     9965     15295278650     15295288615         3209831       8002       2000      10000          7
   0       14     1955     9966     15295288649     15295298615         3219830       8004       2000      10000          7
   0       14     1955     9966     15295298648     15295308615         3229830       8004       2000      10000          7
   0       14     1955     9967     15295308648     15295318615         3239829       8004       2000      10000          7
   0       14     1955     9965     15295318650     15295328615         3249831       8002       2000      10000          7
   0       14     1955     9967     15295328648     15295338615         3259829       8004       2000      10000          7
   0       14     1955     9967     15295338648     15295348615         3269829       8005       2000      10000          7
   0       14     1955     9966     15295348649     15295358615         3279830       8004       2000      10000          7
   0       14     1955     9967     15295358649     15295368615         3289830       8004       2000      10000          7
   0       14     1955     9966     15295368649     15295378615         3299831       8003       2000      10000          7
   0       14     1955     9949     15295378667     15295388615         3309848       7985       2000      10000          7
   0       14     1955     9966     15295388649     15295398615         3319830       8003       2000      10000          7
   0       14     1955     9966     15295398649     15295408615         3329830       8003       2000      10000          7
   0       14     1955     9967     15295408648     15295418615         3339830       8004       2000      10000          7
   0       14     1955     9966     15295418649     15295428615         3349830       8004       2000      10000          7
   0       14     1955     9967     15295428648     15295438615         3359829       8004       2000      10000          7
   0       14     1955     9966     15295438649     15295448615         3369830       8003       2000      10000          7
   0       14     1955     9966     15295448649     15295458615         3379830       8004       2000      10000          7
   0       14     1955     9966     15295458649     15295468615         3389830       8003       2000      10000          7
   0       14     1955     9966     15295468649     15295478615         3399830       8003       2000      10000          7
   0       14     1955     9967     15295478648     15295488615         3409830       8004       2000      10000          7
   0       14     1955     9969     15295488649     15295498618         3419830       8003       2000      10000         10
   0       14     1339     9965     15295498652     15295508617         3429834       8616       2000      10000          9
   0       14     1340     9972     15295508649     15295518621         3439830       8619       2000      10000         13
   0       14     1409     9955     15295518662     15295528617         3449843       8536       2000      10000          9
   0       14     1955     9954     15295528661     15295538615         3459842       7991       2000      10000          7
   0       14     1955     9964     15295538651     15295548615         3469832       8001       2000      10000          7
   0       14     1955     9965     15295548650     15295558615         3479831       8003       2000      10000          7
   0       14     1955     9966     15295558649     15295568615         3489830       8003       2000      10000          7
   0       14     1955     9966     15295568648     15295578615         3499830       8004       2000      10000          7
   0       14     1955     9966     15295578649     15295588615         3509830       8004       2000      10000          7
   0       14     1955     9966     15295588649     15295598615         3519831       8003       2000      10000          7
   0       14     1955     9966     15295598648     15295608614         3529830       8004       2000      10000          7
   0       14     1955     9967     15295608648     15295618615         3539829       8004       2000      10000          7
   0       14     1955     9966     15295618649     15295628615         3549830       8003       2000      10000          7
   0       14     1955     9966     15295628649     15295638615         3559830       8004       2000      10000          7
   0       14     1955     9965     15295638649     15295648615         3569831       8003       2000      10000          7
   0       14     1955     9964     15295648650     15295658615         3579832       8002       2000      10000          7
   0       14     1955     9967     15295658648     15295668615         3589830       8004       2000      10000          7
   0       14     1955     9966     15295668648     15295678615         3599830       8004       2000      10000          7
   0       14     1955     9967     15295678648     15295688615         3609829       8005       2000      10000          7
   0       14     1955     9966     15295688649     15295698615         3619830       8004       2000      10000          7
   0       14     1955     9967     15295698647     15295708614         3629829       8005       2000      10000          7
   0       14     1956     9942     15295708672     15295718615         3639854       7980       2000      10000          7
   0       14     1955     9966     15295718649     15295728615         3649830       8004       2000      10000          7
   0       14     1955     9967     15295728648     15295738614         3659829       8005       2000      10000          7
   0       14     1955     9967     15295738648     15295748615         3669829       8004       2000      10000          7
   0       14     1955     9966     15295748648     15295758614         3679830       8004       2000      10000          7
   0       14     1955     9967     15295758648     15295768614         3689829       8004       2000      10000          7
   0       14     1955     9966     15295768649     15295778615         3699830       8004       2000      10000          7
   0       14     1955     9965     15295778649     15295788614         3709830       8003       2000      10000          7
   0       14     1955     9966     15295788648     15295798615         3719830       8004       2000      10000          7
   0       14     1955     9966     15295798648     15295808615         3729829       8004       2000      10000          7
   0       14     1955     9966     15295808648     15295818614         3739829       8004       2000      10000          7
   0       14     1955     9967     15295818648     15295828614         3749829       8004       2000      10000          7
   0       14     1955     9966     15295828648     15295838615         3759830       8004       2000      10000          7
   0       14     1955     9967     15295838648     15295848615         3769829       8005       2000      10000          7
   0       14     1955     9966     15295848648     15295858615         3779830       8004       2000      10000          7
   0       14     1955     9966     15295858648     15295868615         3789830       8004       2000      10000          7
   0       14     1955     9966     15295868648     15295878615         3799830       8004       2000      10000          7
   0       14     1955     9967     15295878647     15295888614         3809829       8005       2000      10000          7
   0       14     1955     9966     15295888648     15295898614         3819830       8004       2000      10000          7
   0       14     1955     9968     15295898647     15295908615         3829828       8005       2000      10000          7
   0       14     1955     9964     15295908650     15295918614         3839831       8002       2000      10000          7
   0       14     1955     9966     15295918649     15295928615         3849830       8003       2000      10000          7
   0       14     1955     9966     15295928649     15295938615         3859830       8003       2000      10000          7
   0       14     1955     9966     15295938649     15295948615         3869830       8004       2000      10000          7
   0       14     1955     9966     15295948649     15295958615         3879830       8003       2000      10000          7
   0       14     1955     9966     15295958648     15295968615         3889830       8004       2000      10000          7
   0       14     1955     9967     15295968648     15295978615         3899829       8004       2000      10000          7
   0       14     1955     9970     15295978648     15295988618         3909829       8004       2000      10000         10
   0       14     1339     9964     15295988653     15295998617         3919834       8616       2000      10000          9
   0       14     1339     9972     15295998649     15296008621         3929830       8619       2000      10000         13
   0       14     1341     9952     15296008665     15296018617         3939846       8602       2000      10000          9
   0       14     1955     9954     15296018661     15296028615         3949842       7991       2000      10000          7
   0       14     1955     9964     15296028650     15296038615         3959832       8002       2000      10000          7
   0       14     1955     9941     15296038674     15296048615         3969855       7978       2000      10000          7
   0       14     1955     9964     15296048650     15296058614         3979831       8002       2000      10000          7
   0       14     1955     9966     15296058649     15296068614         3989830       8004       2000      10000          7
   0       14     1955     9966     15296068648     15296078614         3999829       8004       2000      10000          6
   0       14     1955     9965     15296078649     15296088614         4009831       8003       2000      10000          6
   0       14     1955     9966     15296088648     15296098614         4019830       8004       2000      10000          7
   0       14     1955     9966     15296098648     15296108615         4029830       8004       2000      10000          7
   0       14     1955     9966     15296108648     15296118615         4039829       8004       2000      10000          7
   0       14     1955     9966     15296118648     15296128615         4049830       8004       2000      10000          7
   0       14     1955     9966     15296128648     15296138615         4059830       8004       2000      10000          7
   0       14     1955     9966     15296138648     15296148614         4069830       8004       2000      10000          7
   0       14     1955     9967     15296148648     15296158614         4079829       8004       2000      10000          7
   0       14     1955     9966     15296158648     15296168615         4089829       8004       2000      10000          7
   0       14     1955     9966     15296168649     15296178615         4099830       8004       2000      10000          7
   0       14     1955     9966     15296178648     15296188614         4109829       8004       2000      10000          6
   0       14     1955     9966     15296188649     15296198614         4119830       8004       2000      10000          7
   0       14     1955     9967     15296198648     15296208615         4129829       8005       2000      10000          7
   0       14     1955     9967     15296208648     15296218615         4139829       8004       2000      10000          7
   0       14     1955     9966     15296218648     15296228614         4149830       8004       2000      10000          7
   0       14     1955     9967     15296228647     15296238614         4159829       8005       2000      10000          7
   0       14     1955     9966     15296238648     15296248615         4169830       8004       2000      10000          7
   0       14     1955     9966     15296248648     15296258614         4179830       8004       2000      10000          7
   0       14     1955     9966     15296258648     15296268614         4189830       8004       2000      10000          7
   0       14     1955     9967     15296268648     15296278614         4199829       8004       2000      10000          7
   0       14     1955     9966     15296278648     15296288615         4209829       8004       2000      10000          7
   0       14     1955     9966     15296288648     15296298615         4219830       8004       2000      10000          7
   0       14     1955     9967     15296298648     15296308614         4229829       8004       2000      10000          7
   0       14     1955     9967     15296308648     15296318614         4239829       8005       2000      10000          7
   0       14     1955     9967     15296318648     15296328614         4249829       8004       2000      10000          7
   0       14     1955     9966     15296328648     15296338614         4259830       8004       2000      10000          7
   0       14     1955     9967     15296338648     15296348614         4269829       8004       2000      10000          6
   0       14     1955     9966     15296348648     15296358614         4279829       8004       2000      10000          7
   0       14     1955     9967     15296358648     15296368615         4289829       8004       2000      10000          7
   0       14     1955     9949     15296368666     15296378615         4299847       7986       2000      10000          7
   0       14     1955     9965     15296378650     15296388614         4309831       8003       2000      10000          7
   0       14     1955     9967     15296388648     15296398615         4319829       8004       2000      10000          7
   0       14     1955     9966     15296398649     15296408615         4329830       8004       2000      10000          7
   0       14     1955     9966     15296408649     15296418615         4339830       8003       2000      10000          7
   0       14     1955     9966     15296418648     15296428615         4349830       8004       2000      10000          7
   0       14     1955     9966     15296428648     15296438615         4359830       8004       2000      10000          7
   0       14     1955     9967     15296438648     15296448614         4369829       8004       2000      10000          7
   0       14     1955     9967     15296448647     15296458614         4379829       8005       2000      10000          7
   0       14     1955     9967     15296458648     15296468615         4389829       8005       2000      10000          7
   0       14     1955     9970     15296468648     15296478618         4399829       8005       2000      10000         10
   0       14     1338     9965     15296478652     15296488617         4409833       8617       2000      10000          9
   0       14     1341     9972     15296488649     15296498621         4419830       8618       2000      10000         13
   0       14     1335     9953     15296498664     15296508617         4429845       8608       2000      10000          9
   0       14     1955     9955     15296508660     15296518615         4439842       7992       2000      10000          7
   0       14     1955     9962     15296518652     15296528615         4449833       8000       2000      10000          7
   0       14     1955     9965     15296528650     15296538615         4459831       8003       2000      10000          7
   0       14     1955     9966     15296538649     15296548615         4469830       8003       2000      10000          7
   0       14     1955     9966     15296548649     15296558614         4479830       8004       2000      10000          7
   0       14     1955     9966     15296558648     15296568614         4489830       8004       2000      10000          7
   0       14     1955     9966     15296568648     15296578615         4499829       8004       2000      10000          7
   0       14     1955     9966     15296578648     15296588615         4509829       8004       2000      10000          7
   0       14     1955     9966     15296588648     15296598615         4519830       8004       2000      10000          7
   0       14     1955     9967     15296598648     15296608614         4529829       8004       2000      10000          7
   0       14     1955     9967     15296608648     15296618615         4539829       8004       2000      10000          7
   0       14     1955     9967     15296618647     15296628615         4549829       8005       2000      10000          7
   0       14     1955     9967     15296628648     15296638614         4559829       8004       2000      10000          7
   0       14     1955     9966     15296638649     15296648615         4569830       8004       2000      10000          7
   0       14     1955     9966     15296648648     15296658615         4579830       8004       2000      10000          7
   0       14     1955     9966     15296658648     15296668615         4589830       8004       2000      10000          7
   0       14     1955     9965     15296668649     15296678615         4599831       8003       2000      10000          7
   0       14     1955     9967     15296678648     15296688615         4609829       8004       2000      10000          7
   0       14     1955     9966     15296688648     15296698614         4619829       8004       2000      10000          7
   0       14     1955     9942     15296698672     15296708615         4629853       7980       2000      10000          7
   0       14     1955     9965     15296708649     15296718615         4639831       8003       2000      10000          7
   0       14     1955     9966     15296718648     15296728614         4649829       8004       2000      10000          7
   0       14     1955     9966     15296728649     15296738615         4659830       8004       2000      10000          7
   0       14     1955     9967     15296738648     15296748614         4669829       8005       2000      10000          7
   0       14     1955     9966     15296748648     15296758614         4679830       8004       2000      10000          7
   0       14     1955     9966     15296758648     15296768614         4689830       8004       2000      10000          7
   0       14     1955     9967     15296768648     15296778614         4699829       8004       2000      10000          7
   0       14     1955     9967     15296778648     15296788614         4709829       8004       2000      10000          7
   0       14     1955     9967     15296788648     15296798614         4719829       8005       2000      10000          7
   0       14     1955     9967     15296798648     15296808615         4729829       8004       2000      10000          7
   0       14     1955     9966     15296808649     15296818615         4739830       8004       2000      10000          7
   0       14     1955     9967     15296818648     15296828615         4749829       8004       2000      10000          7
   0       14     1955     9967     15296828648     15296838615         4759829       8004       2000      10000          7
   0       14     1955     9966     15296838648     15296848614         4769830       8004       2000      10000          7
   0       14     1955     9967     15296848648     15296858615         4779829       8005       2000      10000          7
   0       14     1955     9967     15296858648     15296868615         4789829       8004       2000      10000          7
   0       14     1955     9966     15296868648     15296878615         4799829       8004       2000      10000          7
   0       14     1955     9966     15296878648     15296888615         4809830       8004       2000      10000          7
   0       14     1955     9967     15296888648     15296898615         4819829       8004       2000      10000          7
   0       14     1955     9967     15296898648     15296908615         4829829       8004       2000      10000          7
   0       14     1955     9965     15296908649     15296918614         4839831       8003       2000      10000          7
   0       14     1955     9967     15296918648     15296928615         4849829       8004       2000      10000          7
   0       14     1955     9966     15296928648     15296938615         4859830       8004       2000      10000          7
   0       14     1955     9966     15296938648     15296948614         4869830       8004       2000      10000          7
   0       14     1955     9966     15296948648     15296958615         4879830       8004       2000      10000          7
   0       14     1955     9969     15296958648     15296968618         4889830       8004       2000      10000         10
   0       14     1365     9965     15296968652     15296978617         4899833       8591       2000      10000          9
   0       14     1339     9973     15296978648     15296988622         4909830       8620       2000      10000         13
   0       14     1335     9955     15296988664     15296998619         4919845       8608       2000      10000         11
   0       14     1955     9952     15296998663     15297008615         4929844       7989       2000      10000          7
   0       14     1955     9964     15297008651     15297018615         4939832       8001       2000      10000          7
   0       14     1955     9965     15297018649     15297028615         4949831       8003       2000      10000          7
   0       14     1956     9942     15297028673     15297038615         4959855       7978       2000      10000          7
   0       14     1955     9965     15297038650     15297048615         4969831       8002       2000      10000          7
   0       14     1955     9966     15297048649     15297058615         4979830       8003       2000      10000          7
   0       14     1955     9965     15297058650     15297068615         4989831       8003       2000      10000          7
   0       14     1955     9966     15297068649     15297078614         4999830       8003       2000      10000          7
   0       14     1955     9966     15297078649     15297088615         5009830       8003       2000      10000          7
   0       14     1955     9965     15297088650     15297098614         5019831       8003       2000      10000          7
   0       14     1955     9966     15297098648     15297108615         5029830       8004       2000      10000          7
   0       14     1955     9967     15297108648     15297118614         5039829       8004       2000      10000          7
   0       14     1955     9966     15297118648     15297128614         5049829       8004       2000      10000          7
   0       14     1955     9966     15297128648     15297138615         5059830       8004       2000      10000          7
   0       14     1955     9966     15297138649     15297148615         5069830       8004       2000      10000          7
   0       14     1955     9966     15297148649     15297158615         5079830       8004       2000      10000          7
   0       14     1955     9966     15297158648     15297168615         5089830       8004       2000      10000          7
   0       14     1955     9967     15297168648     15297178615         5099829       8004       2000      10000          7
   0       14     1955     9966     15297178649     15297188614         5109830       8004       2000      10000          7
   0       14     1955     9967     15297188648     15297198615         5119829       8004       2000      10000          7
   0       14     1955     9966     15297198648     15297208615         5129829       8004       2000      10000          7
   0       14     1955     9966     15297208648     15297218614         5139829       8004       2000      10000          7
   0       14     1955     9967     15297218648     15297228615         5149829       8005       2000      10000          7
   0       14     1955     9966     15297228648     15297238615         5159830       8004       2000      10000          7
   0       14     1955     9966     15297238649     15297248615         5169830       8004       2000      10000          7
   0       14     1955     9966     15297248648     15297258615         5179830       8004       2000      10000          7
   0       14     1955     9966     15297258648     15297268614         5189829       8004       2000      10000          7
   0       14     1955     9967     15297268648     15297278614         5199829       8005       2000      10000          7
   0       14     1955     9966     15297278649     15297288614         5209830       8003       2000      10000          7
   0       14     1955     9967     15297288648     15297298615         5219829       8005       2000      10000          7
   0       14     1955     9965     15297298649     15297308615         5229830       8003       2000      10000          7
   0       14     1955     9967     15297308647     15297318615         5239829       8005       2000      10000          7
   0       14     1955     9967     15297318648     15297328614         5249829       8004       2000      10000          7
   0       14     1955     9967     15297328648     15297338615         5259829       8004       2000      10000          7
   0       14     1955     9967     15297338648     15297348615         5269829       8004       2000      10000          7
   0       14     1955     9966     15297348648     15297358615         5279830       8004       2000      10000          7
   0       14     1956     9948     15297358667     15297368615         5289848       7985       2000      10000          7
   0       14     1955     9966     15297368648     15297378615         5299830       8004       2000      10000          7
   0       14     1955     9967     15297378648     15297388615         5309829       8004       2000      10000          7
   0       14     1955     9966     15297388648     15297398615         5319830       8004       2000      10000          7
   0       14     1955     9965     15297398649     15297408615         5329831       8003       2000      10000          7
   0       14     1955     9967     15297408648     15297418615         5339829       8005       2000      10000          7
   0       14     1955     9966     15297418649     15297428615         5349830       8004       2000      10000          7
   0       14     1955     9967     15297428648     15297438615         5359829       8004       2000      10000          7
   0       14     1955     9967     15297438648     15297448615         5369829       8004       2000      10000          7
   0       14     1955     9969     15297448648     15297458618         5379830       8004       2000      10000         10
   0       14     1364     9966     15297458651     15297468617         5389832       8592       2000      10000          9
   0       14     1340     9974     15297468647     15297478621         5399829       8620       2000      10000         13
   0       14     1396     9952     15297478665     15297488617         5409846       8546       2000      10000          9
   0       14     1955     9955     15297488660     15297498615         5419842       7992       2000      10000          7
   0       14     1955     9962     15297498652     15297508615         5429834       8000       2000      10000          7
   0       14     1955     9965     15297508650     15297518615         5439831       8003       2000      10000          7
   0       14     1955     9966     15297518648     15297528614         5449829       8004       2000      10000          7
   0       14     1955     9967     15297528648     15297538615         5459829       8004       2000      10000          7
   0       14     1955     9965     15297538650     15297548615         5469831       8003       2000      10000          7
   0       14     1955     9966     15297548648     15297558615         5479830       8004       2000      10000          7
   0       14     1955     9966     15297558648     15297568615         5489830       8004       2000      10000          7
   0       14     1955     9966     15297568648     15297578615         5499829       8004       2000      10000          7
   0       14     1955     9967     15297578647     15297588615         5509829       8005       2000      10000          7
   0       14     1955     9967     15297588648     15297598615         5519829       8004       2000      10000          7
   0       14     1955     9966     15297598648     15297608615         5529830       8004       2000      10000          7
   0       14     1955     9967     15297608648     15297618615         5539830       8004       2000      10000          7
   0       14     1955     9966     15297618648     15297628615         5549830       8004       2000      10000          7
   0       14     1955     9966     15297628648     15297638615         5559829       8004       2000      10000          7
   0       14     1955     9966     15297638649     15297648615         5569830       8004       2000      10000          7
   0       14     1955     9966     15297648649     15297658615         5579830       8004       2000      10000          7
   0       14     1955     9965     15297658650     15297668615         5589831       8002       2000      10000          7
   0       14     1955     9967     15297668648     15297678615         5599829       8004       2000      10000          7
   0       14     1955     9966     15297678649     15297688615         5609830       8004       2000      10000          7
   0       14     1956     9943     15297688672     15297698615         5619854       7979       2000      10000          7
   0       14     1955     9966     15297698649     15297708615         5629830       8003       2000      10000          7
   0       14     1955     9966     15297708649     15297718615         5639830       8003       2000      10000          7
   0       14     1955     9967     15297718648     15297728615         5649829       8004       2000      10000          7
   0       14     1955     9966     15297728648     15297738615         5659830       8004       2000      10000          7
   0       14     1955     9966     15297738648     15297748615         5669830       8004       2000      10000          7
   0       14     1955     9966     15297748648     15297758615         5679830       8004       2000      10000          7
   0       14     1955     9967     15297758648     15297768615         5689829       8004       2000      10000          7
   0       14     1955     9966     15297768649     15297778615         5699830       8004       2000      10000          7
   0       14     1955     9967     15297778648     15297788615         5709829       8004       2000      10000          7
   0       14     1955     9966     15297788648     15297798615         5719830       8004       2000      10000          7
   0       14     1955     9967     15297798648     15297808615         5729829       8004       2000      10000          7
   0       14     1955     9966     15297808649     15297818615         5739830       8004       2000      10000          7
   0       14     1955     9967     15297818648     15297828615         5749829       8005       2000      10000          7
   0       14     1955     9965     15297828650     15297838615         5759831       8003       2000      10000          7
   0       14     1955     9966     15297838649     15297848614         5769830       8004       2000      10000          7
   0       14     1955     9967     15297848648     15297858615         5779829       8005       2000      10000          7
   0       14     1955     9966     15297858648     15297868614         5789829       8004       2000      10000          7
   0       14     1955     9966     15297868649     15297878615         5799830       8004       2000      10000          7
   0       14     1955     9965     15297878649     15297888615         5809830       8003       2000      10000          7
   0       14     1955     9966     15297888649     15297898614         5819830       8004       2000      10000          7
   0       14     1955     9967     15297898648     15297908615         5829829       8005       2000      10000          7
   0       14     1955     9965     15297908650     15297918615         5839831       8002       2000      10000          7
   0       14     1955     9965     15297918649     15297928615         5849831       8003       2000      10000          7
   0       14     1955     9966     15297928649     15297938615         5859830       8003       2000      10000          7
   0       14     1955     9970     15297938648     15297948618         5869829       8004       2000      10000         10
   0       14     1363     9966     15297948652     15297958617         5879833       8593       2000      10000          9
   0       14     1353     9971     15297958650     15297968621         5889831       8604       2000      10000         13
   0       14     1335     9956     15297968663     15297978619         5899845       8608       2000      10000         11
   0       14     1955     9952     15297978662     15297988615         5909844       7990       2000      10000          7
   0       14     1955     9963     15297988651     15297998615         5919833       8001       2000      10000          7
   0       14     1955     9965     15297998649     15298008615         5929831       8003       2000      10000          7
   0       14     1955     9966     15298008648     15298018615         5939830       8004       2000      10000          7
   0       14     1955     9942     15298018673     15298028615         5949854       7979       2000      10000          7
   0       14     1955     9965     15298028649     15298038615         5959831       8003       2000      10000          7
   0       14     1955     9966     15298038648     15298048615         5969829       8004       2000      10000          7
   0       14     1955     9966     15298048649     15298058615         5979830       8003       2000      10000          7
   0       14     1955     9966     15298058649     15298068614         5989830       8004       2000      10000          7
   0       14     1955     9967     15298068648     15298078615         5999829       8004       2000      10000          7
   0       14     1955     9966     15298078648     15298088615         6009830       8004       2000      10000          7
   0       14     1955     9967     15298088648     15298098615         6019829       8005       2000      10000          7
   0       14     1955     9966     15298098648     15298108615         6029830       8004       2000      10000          7
   0       14     1955     9965     15298108649     15298118615         6039831       8003       2000      10000          7
   0       14     1955     9966     15298118648     15298128615         6049830       8004       2000      10000          7
   0       14     1955     9966     15298128649     15298138615         6059830       8004       2000      10000          7
   0       14     1955     9966     15298138649     15298148615         6069830       8003       2000      10000          7
   0       14     1955     9966     15298148648     15298158615         6079829       8004       2000      10000          7
   0       14     1955     9965     15298158649     15298168615         6089831       8003       2000      10000          7
   0       14     1955     9967     15298168648     15298178615         6099829       8004       2000      10000          7
   0       14     1955     9966     15298178648     15298188615         6109830       8004       2000      10000          7
   0       14     1955     9966     15298188649     15298198615         6119830       8004       2000      10000          7
   0       14     1955     9966     15298198649     15298208615         6129830       8004       2000      10000          7
   0       14     1955     9966     15298208648     15298218615         6139830       8004       2000      10000          7
   0       14     1955     9966     15298218648     15298228614         6149829       8004       2000      10000          6
   0       14     1955     9966     15298228649     15298238614         6159830       8004       2000      10000          7
   0       14     1955     9967     15298238648     15298248615         6169829       8005       2000      10000          7
   0       14     1955     9967     15298248648     15298258614         6179829       8005       2000      10000          7
   0       14     1955     9967     15298258648     15298268615         6189829       8004       2000      10000          7
   0       14     1955     9966     15298268648     15298278615         6199830       8004       2000      10000          7
   0       14     1955     9967     15298278648     15298288615         6209829       8005       2000      10000          7
   0       14     1955     9966     15298288648     15298298615         6219829       8004       2000      10000          7
   0       14     1955     9967     15298298647     15298308615         6229829       8005       2000      10000          7
   0       14     1955     9967     15298308648     15298318615         6239829       8005       2000      10000          7
   0       14     1955     9967     15298318648     15298328615         6249829       8004       2000      10000          7
   0       14     1955     9967     15298328648     15298338615         6259829       8005       2000      10000          7
   0       14     1955     9967     15298338648     15298348615         6269829       8004       2000      10000          7
   0       14     1956     9950     15298348665     15298358615         6279846       7987       2000      10000          7
   0       14     1955     9966     15298358648     15298368615         6289830       8004       2000      10000          7
   0       14     1955     9967     15298368648     15298378615         6299829       8005       2000      10000          7
   0       14     1955     9967     15298378648     15298388615         6309829       8004       2000      10000          7
   0       14     1955     9967     15298388648     15298398615         6319829       8005       2000      10000          7
   0       14     1955     9966     15298398648     15298408615         6329830       8004       2000      10000          7
   0       14     1955     9967     15298408648     15298418614         6339829       8004       2000      10000          7
   0       14     1955     9967     15298418647     15298428615         6349829       8005       2000      10000          7
   0       14     1955     9970     15298428648     15298438618         6359829       8004       2000      10000         10
   0       14     1342     9965     15298438652     15298448617         6369833       8613       2000      10000          9
   0       14     1344     9973     15298448649     15298458622         6379830       8615       2000      10000         13
   0       14     1400     9953     15298458664     15298468617         6389846       8543       2000      10000          9
   0       14     1955     9954     15298468661     15298478615         6399842       7991       2000      10000          7
   0       14     1955     9963     15298478651     15298488615         6409832       8001       2000      10000          7
   0       14     1955     9966     15298488649     15298498615         6419830       8003       2000      10000          7
   0       14     1955     9965     15298498649     15298508615         6429831       8003       2000      10000          7
   0       14     1955     9966     15298508649     15298518615         6439830       8003       2000      10000          7
   0       14     1955     9966     15298518649     15298528614         6449830       8003       2000      10000          7
   0       14     1955     9966     15298528648     15298538615         6459829       8004       2000      10000          7
   0       14     1955     9966     15298538648     15298548615         6469830       8004       2000      10000          7
   0       14     1955     9966     15298548648     15298558615         6479829       8004       2000      10000          7
   0       14     1955     9966     15298558648     15298568614         6489830       8004       2000      10000          7
   0       14     1955     9966     15298568648     15298578615         6499829       8004       2000      10000          7
   0       14     1955     9966     15298578648     15298588615         6509829       8004       2000      10000          7
   0       14     1955     9966     15298588648     15298598614         6519830       8004       2000      10000          7
   0       14     1955     9966     15298598648     15298608614         6529829       8004       2000      10000          7
   0       14     1955     9967     15298608647     15298618614         6539829       8005       2000      10000          7
   0       14     1955     9966     15298618649     15298628615         6549830       8004       2000      10000          7
   0       14     1955     9966     15298628648     15298638615         6559830       8004       2000      10000          7
   0       14     1955     9966     15298638648     15298648615         6569830       8004       2000      10000          7
   0       14     1955     9966     15298648648     15298658615         6579830       8004       2000      10000          7
   0       14     1955     9967     15298658648     15298668615         6589829       8005       2000      10000          7
   0       14     1955     9967     15298668648     15298678615         6599829       8005       2000      10000          7
   0       14     1956     9943     15298678672     15298688615         6609853       7980       2000      10000          7
   0       14     1955     9965     15298688650     15298698615         6619831       8003       2000      10000          7
   0       14     1955     9966     15298698649     15298708615         6629830       8004       2000      10000          7
   0       14     1955     9966     15298708648     15298718615         6639829       8004       2000      10000          7
   0       14     1955     9967     15298718648     15298728615         6649829       8005       2000      10000          7
   0       14     1955     9967     15298728648     15298738615         6659829       8004       2000      10000          7
   0       14     1955     9966     15298738649     15298748615         6669830       8004       2000      10000          7
   0       14     1955     9966     15298748648     15298758615         6679830       8004       2000      10000          7
   0       14     1955     9966     15298758648     15298768614         6689829       8004       2000      10000          7
   0       14     1955     9967     15298768648     15298778614         6699829       8005       2000      10000          7
   0       14     1955     9967     15298778648     15298788615         6709829       8005       2000      10000          7
   0       14     1955     9967     15298788648     15298798614         6719829       8005       2000      10000          7
   0       14     1955     9966     15298798649     15298808614         6729830       8004       2000      10000          7
   0       14     1955     9966     15298808648     15298818615         6739830       8004       2000      10000          7
   0       14     1955     9967     15298818648     15298828615         6749829       8005       2000      10000          7
   0       14     1955     9967     15298828648     15298838615         6759829       8004       2000      10000          7
   0       14     1955     9966     15298838648     15298848615         6769830       8004       2000      10000          7
   0       14     1955     9966     15298848649     15298858615         6779830       8003       2000      10000          7
   0       14     1955     9966     15298858649     15298868614         6789830       8003       2000      10000          7
   0       14     1955     9967     15298868647     15298878615         6799829       8005       2000      10000          7
   0       14     1955     9966     15298878648     15298888614         6809829       8004       2000      10000          7
   0       14     1955     9966     15298888648     15298898615         6819830       8004       2000      10000          7
   0       14     1955     9968     15298898647     15298908615         6829829       8005       2000      10000          7
   0       14     1955     9963     15298908651     15298918614         6839833       8001       2000      10000          7
   0       14     1955     9969     15298918648     15298928618         6849830       8004       2000      10000         10
   0       14     1365     9967     15298928651     15298938617         6859832       8592       2000      10000          9
   0       14     1334     9973     15298938649     15298948621         6869830       8625       2000      10000         13
   0       14     1336     9985     15298948665     15298958650         6879846       8606       2000      10000         41
   0       14     1955     9915     15298958724     15298968639         6889905       7928       2000      10000         30
   0       14     1955     9909     15298968730     15298978638         6899911       7923       2000      10000         30
   0       14     1955     9908     15298978729     15298988637         6909910       7923       2000      10000         29
   0       14     1955     9912     15298988726     15298998638         6919908       7926       2000      10000         30
   0       14     1955     9909     15298998730     15299008638         6929911       7922       2000      10000         30
   0       14     1955     9887     15299008751     15299018638         6939933       7900       2000      10000         30
   0       14     1955     9908     15299018730     15299028638         6949911       7923       2000      10000         29
   0       14     1955     9909     15299028729     15299038638         6959910       7923       2000      10000         30
   0       14     1955     9915     15299038724     15299048639         6969906       7928       2000      10000         31
   0       14     1955     9901     15299048735     15299058637         6979917       7917       2000      10000         28
   0       14     1955     9910     15299058727     15299068638         6989909       7925       2000      10000         29
   0       14     1955     9911     15299068727     15299078638         6999909       7925       2000      10000         30
   0       14     1955     9907     15299078730     15299088637         7009911       7922       2000      10000         29
   0       14     1955     9909     15299088728     15299098637         7019910       7924       2000      10000         29
   0       14     1955     9909     15299098728     15299108637         7029910       7924       2000      10000         29
   0       14     1955     9909     15299108730     15299118639         7039911       7923       2000      10000         30
   0       14     1955     9911     15299118727     15299128638         7049909       7925       2000      10000         30
   0       14     1955     9913     15299128725     15299138638         7059907       7927       2000      10000         29
   0       14     1955     9908     15299138730     15299148638         7069911       7922       2000      10000         29
   0       14     1955     9912     15299148725     15299158637         7079907       7927       2000      10000         29
   0       14     1955     9907     15299158730     15299168637         7089911       7923       2000      10000         29
   0       14     1955     9903     15299168734     15299178637         7099915       7918       2000      10000         29
   0       14     1955     9910     15299178727     15299188638         7109908       7925       2000      10000         29
   0       14     1955     9907     15299188730     15299198638         7119912       7922       2000      10000         29
   0       14     1955     9910     15299198727     15299208637         7129909       7925       2000      10000         29
   0       14     1955     9908     15299208729     15299218638         7139911       7923       2000      10000         29
   0       14     1955     9911     15299218727     15299228637         7149908       7926       2000      10000         29
   0       14     1955     9911     15299228726     15299238637         7159907       7926       2000      10000         28
   0       14     1955     9914     15299238724     15299248638         7169905       7928       2000      10000         29
   0       14     1955     9908     15299248729     15299258637         7179910       7923       2000      10000         28
   0       14     1955     9912     15299258725     15299268637         7189907       7927       2000      10000         29
   0       14     1955     9908     15299268729     15299278637         7199911       7923       2000      10000         29
   0       14     1955     9910     15299278727     15299288637         7209908       7925       2000      10000         29
   0       14     1955     9910     15299288727     15299298637         7219908       7925       2000      10000         29
   0       14     1955     9909     15299298728     15299308637         7229909       7924       2000      10000         28
   0       14     1955     9910     15299308728     15299318638         7239909       7924       2000      10000         29
   0       14     1955     9912     15299318725     15299328638         7249907       7927       2000      10000         29
   0       14     1955     9906     15299328731     15299338638         7259913       7921       2000      10000         29
   0       14     1956     9892     15299338746     15299348638         7269927       7906       2000      10000         29
   0       14     1955     9906     15299348730     15299358637         7279912       7922       2000      10000         28
   0       14     1955     9912     15299358725     15299368637         7289906       7928       2000      10000         28
   0       14     1955     9909     15299368729     15299378637         7299910       7923       2000      10000         29
   0       14     1955     9906     15299378731     15299388637         7309913       7921       2000      10000         29
   0       14     1955     9926     15299388711     15299398637         7319893       7941       2000      10000         29
   0       14     1955     9912     15299398724     15299408637         7329906       7928       2000      10000         28
   0       14     1955     9884     15299408734     15299418618         7339915       7918       2000      10000         10
   0       14     1341     9966     15299418652     15299428617         7349833       8614       2000      10000          9
   0       14     1343     9972     15299428650     15299438621         7359831       8614       2000      10000         13
   0       14     1330     9986     15299438664     15299448650         7369845       8614       2000      10000         40
   0       14     1955     9897     15299448741     15299458638         7379922       7911       2000      10000         30
   0       14     1955     9907     15299458729     15299468636         7389911       7923       2000      10000         28
   0       14     1955     9909     15299468728     15299478638         7399910       7924       2000      10000         29
   0       14     1955     9911     15299478727     15299488638         7409909       7925       2000      10000         29
   0       14     1955     9882     15299488733     15299498615         7419914       7919       2000      10000          7
   0       14     1955     9988     15299498649     15299508637         7429830       8004       2000      10000         29
   0       14     1955     9907     15299508731     15299518637         7439912       7922       2000      10000         29
   0       14     1955     9910     15299518727     15299528637         7449909       7925       2000      10000         29
   0       14     1955     9906     15299528731     15299538637         7459912       7921       2000      10000         29
   0       14     1955     9912     15299538727     15299548639         7469908       7925       2000      10000         30
   0       14     1955     9907     15299548729     15299558636         7479910       7923       2000      10000         28
   0       14     1955     9914     15299558723     15299568637         7489904       7929       2000      10000         28
   0       14     1955     9912     15299568726     15299578637         7499907       7927       2000      10000         29
   0       14     1955     9911     15299578727     15299588638         7509908       7925       2000      10000         30
   0       14     1955     9911     15299588727     15299598638         7519908       7925       2000      10000         29
   0       14     1955     9908     15299598729     15299608637         7529911       7923       2000      10000         29
   0       14     1955     9912     15299608725     15299618637         7539907       7927       2000      10000         29
   0       14     1955     9910     15299618727     15299628637         7549909       7925       2000      10000         29
   0       14     1955     9912     15299628726     15299638637         7559907       7926       2000      10000         29
   0       14     1955     9906     15299638732     15299648638         7569913       7921       2000      10000         29
   0       14     1955     9906     15299648731     15299658637         7579913       7921       2000      10000         29
   0       14     1955     9911     15299658726     15299668637         7589907       7926       2000      10000         28
   0       14     1955     9884     15299668754     15299678639         7599936       7897       2000      10000         30
   0       14     1955     9910     15299678728     15299688638         7609909       7924       2000      10000         29
   0       14     1955     9908     15299688730     15299698638         7619911       7923       2000      10000         29
   0       14     1955     9909     15299698729     15299708637         7629910       7924       2000      10000         29
   0       14     1955     9905     15299708732     15299718637         7639913       7920       2000      10000         28
   0       14     1955     9928     15299718709     15299728637         7649890       7944       2000      10000         29
   0       14     1955     9909     15299728729     15299738637         7659910       7924       2000      10000         29
   0       14     1955     9910     15299738728     15299748638         7669909       7924       2000      10000         29
   0       14     1955     9909     15299748728     15299758637         7679909       7924       2000      10000         29
   0       14     1955     9911     15299758727     15299768638         7689909       7925       2000      10000         29
   0       14     1955     9888     15299768727     15299778615         7699908       7925       2000      10000          7
   0       14     1955     9967     15299778648     15299788615         7709829       8004       2000      10000          7
   0       14     1955     9966     15299788649     15299798615         7719830       8003       2000      10000          7
   0       14     1955     9968     15299798648     15299808616         7729829       8004       2000      10000          8
   0       14     1955     9986     15299808650     15299818636         7739831       8002       2000      10000         28
   0       14     1955     9912     15299818725     15299828637         7749906       7928       2000      10000         28
   0       14     1955     9909     15299828728     15299838638         7759910       7924       2000      10000         29
   0       14     1955     9910     15299838727     15299848637         7769908       7925       2000      10000         29
   0       14     1955     9912     15299848724     15299858636         7779905       7928       2000      10000         28
   0       14     1955     9909     15299858727     15299868636         7789909       7925       2000      10000         28
   0       14     1955     9911     15299868726     15299878637         7799907       7927       2000      10000         29
   0       14     1955     9909     15299878729     15299888637         7809910       7924       2000      10000         29
   0       14     1955     9917     15299888720     15299898637         7819901       7932       2000      10000         28
   0       14     1955     9893     15299898726     15299908619         7829908       7926       2000      10000         11
   0       14     1358     9964     15299908654     15299918617         7839835       8596       2000      10000          9
   0       14     1343     9970     15299918651     15299928621         7849832       8613       2000      10000         13
   0       14     1288     9985     15299928664     15299938649         7859845       8655       2000      10000         39
   0       14     1955     9897     15299938741     15299948638         7869922       7911       2000      10000         30
   0       14     1955     9911     15299948726     15299958636         7879907       7927       2000      10000         28
   0       14     1955     9908     15299958729     15299968636         7889910       7924       2000      10000         28
   0       14     1955     9907     15299968729     15299978637         7899911       7923       2000      10000         28
   0       14     1955     9911     15299978726     15299988636         7909907       7926       2000      10000         28
   0       14     1955     9908     15299988728     15299998636         7919909       7924       2000      10000         28
   0       14     1956     9889     15299998751     15300008640         7929932       7901       2000      10000         31
   0       14     1955     9906     15300008730     15300018636         7939911       7922       2000      10000         28
   0       14     1955     9907     15300018729     15300028636         7949910       7923       2000      10000         28
   0       14     1955     9910     15300028727     15300038637         7959908       7925       2000      10000         28
   0       14     1955     9904     15300038732     15300048636         7969913       7920       2000      10000         28
   0       14     1955     9913     15300048724     15300058637         7979905       7928       2000      10000         29
   0       14     1955     9907     15300058730     15300068637         7989911       7922       2000      10000         28
   0       14     1955     9909     15300068728     15300078637         7999910       7924       2000      10000         29
   0       14     1955     9907     15300078731     15300088638         8009912       7921       2000      10000         30
   0       14     1955     9909     15300088729     15300098638         8019910       7923       2000      10000         30
   0       14     1955     9907     15300098730     15300108637         8029911       7922       2000      10000         29
   0       14     1955     9914     15300108723     15300118638         8039904       7929       2000      10000         29
   0       14     1955     9909     15300118729     15300128638         8049910       7923       2000      10000         29
   0       14     1955     9911     15300128727     15300138638         8059908       7925       2000      10000         29
   0       14     1955     9906     15300138730     15300148637         8069912       7922       2000      10000         29
   0       14     1955     9908     15300148730     15300158637         8079911       7922       2000      10000         29
   0       14     1955     9910     15300158729     15300168639         8089910       7924       2000      10000         30
   0       14     1955     9909     15300168728     15300178637         8099910       7924       2000      10000         29
   0       14     1955     9908     15300178729     15300188638         8109911       7923       2000      10000         29
   0       14     1955     9908     15300188729     15300198637         8119910       7923       2000      10000         29
   0       14     1955     9910     15300198727     15300208637         8129908       7925       2000      10000         29
   0       14     1955     9909     15300208729     15300218637         8139910       7924       2000      10000         29
   0       14     1955     9910     15300218728     15300228638         8149909       7924       2000      10000         29
   0       14     1955     9913     15300228725     15300238637         8159906       7927       2000      10000         29
   0       14     1955     9908     15300238729     15300248637         8169910       7923       2000      10000         29
   0       14     1955     9909     15300248729     15300258637         8179910       7924       2000      10000         29
   0       14     1955     9908     15300258729     15300268637         8189911       7923       2000      10000         29
   0       14     1955     9906     15300268731     15300278637         8199913       7921       2000      10000         29
   0       14     1955     9912     15300278725     15300288637         8209907       7927       2000      10000         29
   0       14     1955     9912     15300288726     15300298638         8219907       7927       2000      10000         29
   0       14     1955     9910     15300298727     15300308637         8229908       7925       2000      10000         29
   0       14     1955     9913     15300308725     15300318638         8239906       7928       2000      10000         29
   0       14     1955     9907     15300318731     15300328638         8249912       7921       2000      10000         29
   0       14     1956     9892     15300328746     15300338638         8259928       7906       2000      10000         29
   0       14     1955     9912     15300338725     15300348638         8269907       7927       2000      10000         29
   0       14     1955     9908     15300348729     15300358637         8279911       7923       2000      10000         29
   0       14     1955     9911     15300358727     15300368638         8289908       7925       2000      10000         29
   0       14     1955     9911     15300368727     15300378638         8299908       7926       2000      10000         29
   0       14     1955     9909     15300378728     15300388638         8309910       7924       2000      10000         29
   0       14     1955     9893     15300388725     15300398618         8319906       7928       2000      10000         10
   0       14     1340     9967     15300398651     15300408618         8329832       8617       2000      10000          9
   0       14     1342     9972     15300408649     15300418621         8339830       8616       2000      10000         13
   0       14     1321     9987     15300418663     15300428650         8349844       8623       2000      10000         40
   0       14     1955     9900     15300428740     15300438640         8359922       7912       2000      10000         32
   0       14     1955     9908     15300438730     15300448638         8369911       7922       2000      10000         29
   0       14     1955     9908     15300448730     15300458638         8379912       7922       2000      10000         30
   0       14     1955     9910     15300458728     15300468637         8389909       7924       2000      10000         29
   0       14     1955     9911     15300468726     15300478638         8399908       7926       2000      10000         29
   0       14     1955     9915     15300478723     15300488638         8409904       7930       2000      10000         29
   0       14     1955     9911     15300488727     15300498638         8419909       7925       2000      10000         29
   0       14     1955     9912     15300498727     15300508639         8429908       7926       2000      10000         30
   0       14     1955     9910     15300508728     15300518638         8439910       7924       2000      10000         29
   0       14     1955     9911     15300518727     15300528638         8449908       7926       2000      10000         29
   0       14     1955     9910     15300528727     15300538637         8459909       7925       2000      10000         29
   0       14     1955     9908     15300538729     15300548637         8469910       7923       2000      10000         29
   0       14     1955     9912     15300548724     15300558637         8479906       7928       2000      10000         28
   0       14     1955     9915     15300558722     15300568638         8489904       7930       2000      10000         29
   0       14     1955     9906     15300568731     15300578638         8499912       7921       2000      10000         29
   0       14     1955     9906     15300578731     15300588637         8509912       7921       2000      10000         29
   0       14     1955     9910     15300588728     15300598638         8519910       7924       2000      10000         29
   0       14     1955     9912     15300598726     15300608638         8529907       7927       2000      10000         29
   0       14     1955     9908     15300608729     15300618637         8539910       7924       2000      10000         29
   0       14     1955     9913     15300618725     15300628638         8549907       7927       2000      10000         30
   0       14     1955     9911     15300628727     15300638638         8559908       7926       2000      10000         29
   0       14     1955     9911     15300638728     15300648639         8569910       7924       2000      10000         31
   0       14     1955     9910     15300648727     15300658637         8579909       7925       2000      10000         29
   0       14     1956     9892     15300658747     15300668639         8589928       7905       2000      10000         31
   0       14     1955     9910     15300668728     15300678638         8599910       7924       2000      10000         30
   0       14     1955     9908     15300678730     15300688638         8609912       7922       2000      10000         30
   0       14     1955     9910     15300688728     15300698637         8619909       7924       2000      10000         29
   0       14     1955     9909     15300698729     15300708638         8629910       7923       2000      10000         29
   0       14     1955     9911     15300708726     15300718638         8639908       7926       2000      10000         29
   0       14     1955     9910     15300718728     15300728637         8649909       7925       2000      10000         29
   0       14     1955     9911     15300728727     15300738638         8659908       7926       2000      10000         29
   0       14     1955     9910     15300738727     15300748638         8669909       7925       2000      10000         29
   0       14     1955     9910     15300748727     15300758638         8679908       7925       2000      10000         29
   0       14     1955     9912     15300758726     15300768638         8689907       7927       2000      10000         29
   0       14     1955     9910     15300768728     15300778638         8699909       7925       2000      10000         30
   0       14     1955     9911     15300778727     15300788638         8709908       7925       2000      10000         29
   0       14     1955     9914     15300788724     15300798639         8719906       7928       2000      10000         30
   0       14     1955     9913     15300798725     15300808638         8729906       7928       2000      10000         29
   0       14     1955     9925     15300808713     15300818638         8739894       7940       2000      10000         29
   0       14     1955     9902     15300818736     15300828638         8749917       7917       2000      10000         29
   0       14     1955     9910     15300828728     15300838638         8759909       7924       2000      10000         30
   0       14     1955     9911     15300838727     15300848638         8769909       7925       2000      10000         29
   0       14     1955     9883     15300848732     15300858615         8779914       7920       2000      10000          7
   0       14     1955     9987     15300858651     15300868638         8789832       8001       2000      10000         29
   0       14     1955     9912     15300868725     15300878637         8799906       7927       2000      10000         29
   0       14     1955     9890     15300878728     15300888618         8809909       7925       2000      10000         10
   0       14     1354     9967     15300888651     15300898618         8819832       8602       2000      10000         10
   0       14     1340     9973     15300898648     15300908621         8829830       8619       2000      10000         13
   0       14     1205     9988     15300908664     15300918652         8839846       8738       2000      10000         43
   0       14     1955     9899     15300918741     15300928639         8849922       7911       2000      10000         31
   0       14     1955     9905     15300928733     15300938638         8859914       7919       2000      10000         30
   0       14     1955     9912     15300938727     15300948639         8869908       7925       2000      10000         30
   0       14     1955     9909     15300948729     15300958638         8879911       7923       2000      10000         30
   0       14     1955     9911     15300958726     15300968638         8889908       7926       2000      10000         29
   0       14     1955     9909     15300968729     15300978638         8899910       7923       2000      10000         30
   0       14     1955     9905     15300978734     15300988639         8909916       7918       2000      10000         31
   0       14     1955     9886     15300988753     15300998639         8919934       7899       2000      10000         30
   0       14     1955     9904     15300998734     15301008639         8929915       7918       2000      10000         30
   0       14     1955     9909     15301008729     15301018638         8939911       7923       2000      10000         30
   0       14     1955     9915     15301018723     15301028638         8949905       7929       2000      10000         30
   0       14     1955     9908     15301028730     15301038638         8959911       7922       2000      10000         29
   0       14     1955     9914     15301038725     15301048638         8969906       7928       2000      10000         30
   0       14     1955     9910     15301048728     15301058638         8979909       7925       2000      10000         29
   0       14     1955     9892     15301058724     15301068615         8989905       7929       2000      10000          7
   0       14     1955     9965     15301068650     15301078615         8999831       8002       2000      10000          7
   0       14     1955     9966     15301078649     15301088615         9009830       8003       2000      10000          7
   0       14     1955     9967     15301088649     15301098616         9019831       8003       2000      10000          8
   0       14     1955     9987     15301098650     15301108637         9029831       8002       2000      10000         29
   0       14     1955     9911     15301108728     15301118638         9039909       7925       2000      10000         30
   0       14     1955     9910     15301118728     15301128638         9049909       7924       2000      10000         29
   0       14     1955     9909     15301128728     15301138637         9059909       7924       2000      10000         29
   0       14     1955     9926     15301138712     15301148638         9069894       7940       2000      10000         29
   0       14     1955     9905     15301148734     15301158638         9079915       7919       2000      10000         30
   0       14     1955     9909     15301158728     15301168637         9089910       7924       2000      10000         29
   0       14     1955     9911     15301168727     15301178638         9099908       7925       2000      10000         29
   0       14     1955     9912     15301178725     15301188637         9109906       7927       2000      10000         29
   0       14     1955     9909     15301188728     15301198637         9119909       7924       2000      10000         29
   0       14     1955     9910     15301198728     15301208638         9129909       7924       2000      10000         29
   0       14     1955     9911     15301208726     15301218638         9139908       7926       2000      10000         29
   0       14     1955     9918     15301218719     15301228637         9149901       7933       2000      10000         29
   0       14     1955     9906     15301228731     15301238637         9159912       7921       2000      10000         29
   0       14     1955     9912     15301238726     15301248638         9169908       7926       2000      10000         30
   0       14     1955     9907     15301248730     15301258637         9179912       7922       2000      10000         29
   0       14     1955     9914     15301258724     15301268638         9189905       7928       2000      10000         29
   0       14     1955     9911     15301268726     15301278637         9199908       7926       2000      10000         29
   0       14     1955     9912     15301278726     15301288638         9209908       7926       2000      10000         30
   0       14     1955     9911     15301288727     15301298638         9219908       7925       2000      10000         29
   0       14     1955     9913     15301298725     15301308638         9229906       7927       2000      10000         29
   0       14     1955     9907     15301308731     15301318638         9239912       7921       2000      10000         29
   0       14     1956     9894     15301318745     15301328639         9249926       7907       2000      10000         31
   0       14     1955     9907     15301328731     15301338638         9259912       7921       2000      10000         30
   0       14     1955     9910     15301338728     15301348637         9269909       7925       2000      10000         29
   0       14     1955     9908     15301348729     15301358637         9279910       7924       2000      10000         28
   0       14     1955     9922     15301358715     15301368638         9289897       7937       2000      10000         29
   0       14     1955     9892     15301368726     15301378618         9299907       7926       2000      10000         10
   0       14     1340     9966     15301378651     15301388617         9309832       8617       2000      10000          9
   0       14     1365     9973     15301388649     15301398622         9319830       8594       2000      10000         13
   0       14     1312     9986     15301398663     15301408650         9329845       8632       2000      10000         41
   0       14     1955     9896     15301408743     15301418639         9339924       7909       2000      10000         30
   0       14     1955     9910     15301418728     15301428638         9349909       7924       2000      10000         29
   0       14     1955     9910     15301428728     15301438639         9359910       7924       2000      10000         30
   0       14     1955     9910     15301438728     15301448638         9369909       7924       2000      10000         30
   0       14     1955     9910     15301448729     15301458639         9379910       7923       2000      10000         30
   0       14     1955     9913     15301458725     15301468638         9389906       7927       2000      10000         29
   0       14     1955     9909     15301468729     15301478638         9399911       7923       2000      10000         29
   0       14     1955     9910     15301478727     15301488638         9409909       7925       2000      10000         29
   0       14     1955     9906     15301488731     15301498638         9419913       7921       2000      10000         29
   0       14     1955     9910     15301498728     15301508638         9429909       7925       2000      10000         29
   0       14     1955     9910     15301508728     15301518638         9439909       7924       2000      10000         29
   0       14     1955     9903     15301518734     15301528637         9449916       7918       2000      10000         29
   0       14     1955     9915     15301528723     15301538638         9459904       7929       2000      10000         30
   0       14     1955     9914     15301538724     15301548638         9469906       7928       2000      10000         30
   0       14     1955     9911     15301548727     15301558637         9479908       7925       2000      10000         29
   0       14     1955     9909     15301558728     15301568637         9489910       7924       2000      10000         29
   0       14     1955     9925     15301568713     15301578638         9499895       7939       2000      10000         30
   0       14     1955     9911     15301578727     15301588637         9509908       7926       2000      10000         29
   0       14     1955     9910     15301588728     15301598638         9519910       7924       2000      10000         30
   0       14     1955     9910     15301598727     15301608637         9529908       7925       2000      10000         29
   0       14     1955     9912     15301608726     15301618638         9539907       7927       2000      10000         29
   0       14     1955     9912     15301618725     15301628637         9549906       7927       2000      10000         28
   0       14     1955     9902     15301628736     15301638638         9559917       7916       2000      10000         29
   0       14     1955     9905     15301638732     15301648637         9569913       7920       2000      10000         29
   0       14     1955     9888     15301648751     15301658639         9579932       7901       2000      10000         30
   0       14     1955     9910     15301658728     15301668638         9589910       7924       2000      10000         29
   0       14     1955     9911     15301668727     15301678638         9599908       7925       2000      10000         29
   0       14     1955     9915     15301678723     15301688637         9609904       7929       2000      10000         29
   0       14     1955     9905     15301688732     15301698637         9619914       7920       2000      10000         29
   0       14     1955     9911     15301698727     15301708638         9629908       7925       2000      10000         29
   0       14     1955     9911     15301708727     15301718638         9639908       7925       2000      10000         29
   0       14     1955     9912     15301718726     15301728638         9649907       7926       2000      10000         29
   0       14     1955     9905     15301728732     15301738638         9659914       7920       2000      10000         29
   0       14     1955     9911     15301738726     15301748638         9669908       7926       2000      10000         29
   0       14     1955     9907     15301748731     15301758638         9679912       7921       2000      10000         29
   0       14     1955     9910     15301758727     15301768637         9689909       7925       2000      10000         29
   0       14     1955     9911     15301768727     15301778638         9699908       7925       2000      10000         30
   0       14     1955     9910     15301778727     15301788637         9709908       7925       2000      10000         29
   0       14     1955     9910     15301788727     15301798637         9719908       7925       2000      10000         29
   0       14     1955     9911     15301798727     15301808638         9729908       7925       2000      10000         29
   0       14     1955     9904     15301808733     15301818637         9739914       7920       2000      10000         28
   0       14     1955     9910     15301818727     15301828637         9749909       7925       2000      10000         29
   0       14     1955     9908     15301828729     15301838637         9759911       7923       2000      10000         29
   0       14     1955     9909     15301838728     15301848637         9769909       7924       2000      10000         29
   0       14     1955     9910     15301848726     15301858637         9779908       7926       2000      10000         28
   0       14     1955     9891     15301858727     15301868618         9789909       7925       2000      10000         10
   0       14     1340     9965     15301868652     15301878617         9799833       8616       2000      10000         10
   0       14     1343     9973     15301878648     15301888621         9809829       8617       2000      10000         13
   0       14     1328     9985     15301888664     15301898649         9819845       8615       2000      10000         39
   0       14     1955     9920     15301898721     15301908641         9829903       7931       2000      10000         33
   0       14     1955     9909     15301908729     15301918638         9839910       7924       2000      10000         29
   0       14     1955     9907     15301918731     15301928638         9849912       7922       2000      10000         29
   0       14     1955     9912     15301928725     15301938638         9859907       7927       2000      10000         29
   0       14     1955     9911     15301938726     15301948637         9869907       7926       2000      10000         28
   0       14     1955     9910     15301948729     15301958639         9879910       7923       2000      10000         30
   0       14     1955     9911     15301958727     15301968638         9889909       7925       2000      10000         30
   0       14     1955     9907     15301968731     15301978638         9899912       7921       2000      10000         29
   0       14     1956     9886     15301978753     15301988639         9909934       7899       2000      10000         31
   0       14     1955     9910     15301988729     15301998639         9919910       7923       2000      10000         30
   0       14     1955     9908     15301998730     15302008638         9929911       7923       2000      10000         29
   0       14     1955     9908     15302008729     15302018637         9939910       7923       2000      10000         29
   0       14     1955     9915     15302018722     15302028638         9949904       7930       2000      10000         29
   0       14     1955     9907     15302028731     15302038638         9959912       7921       2000      10000         29
   0       14     1955     9910     15302038728     15302048638         9969909       7925       2000      10000         29
   0       14     1955     9908     15302048730     15302058638         9979911       7922       2000      10000         29
   0       14     1955     9912     15302058727     15302068639         9989908       7925       2000      10000         30
   0       14     1955     9910     15302068728     15302078638         9999909       7925       2000      10000         29
   0       14     1955     9908     15302078731     15302088638        10009912       7922       2000      10000         30
   0       14     1955     9909     15302088729     15302098638        10019910       7923       2000      10000         29
   0       14     1955     9910     15302098727     15302108637        10029908       7925       2000      10000         29
   0       14     1955     9908     15302108730     15302118638        10039911       7922       2000      10000         30
   0       14     1955     9913     15302118725     15302128638        10049906       7927       2000      10000         30
   0       14     1955     9902     15302128735     15302138638        10059917       7917       2000      10000         29
   0       14     1955     9908     15302138730     15302148638        10069911       7923       2000      10000         30
   0       14     1955     9911     15302148727     15302158637        10079908       7925       2000      10000         29
   0       14     1955     9909     15302158729     15302168638        10089910       7923       2000      10000         29
   0       14     1955     9913     15302168725     15302178638        10099906       7927       2000      10000         30
   0       14     1955     9911     15302178727     15302188638        10109908       7925       2000      10000         30
   0       14     1955     9911     15302188728     15302198638        10119909       7925       2000      10000         30
   0       14     1955     9910     15302198728     15302208638        10129909       7925       2000      10000         29
   0       14     1955     9903     15302208736     15302218639        10139917       7917       2000      10000         30
   0       14     1955     9908     15302218730     15302228638        10149911       7922       2000      10000         29
   0       14     1955     9924     15302228715     15302238639        10159897       7937       2000      10000         31
   0       14     1955     9909     15302238729     15302248638        10169910       7923       2000      10000         30
   0       14     1955     9911     15302248727     15302258638        10179908       7925       2000      10000         30
   0       14     1955     9910     15302258729     15302268639        10189910       7924       2000      10000         30
   0       14     1955     9909     15302268729     15302278638        10199911       7923       2000      10000         30
   0       14     1955     9908     15302278729     15302288637        10209910       7923       2000      10000         29
   0       14     1955     9918     15302288720     15302298639        10219902       7932       2000      10000         30
   0       14     1955     9908     15302298730     15302308638        10229911       7923       2000      10000         30
   0       14     1955     9910     15302308727     15302318638        10239909       7925       2000      10000         29
   0       14     1956     9891     15302318748     15302328639        10249929       7904       2000      10000         30
   0       14     1955     9924     15302328715     15302338639        10259896       7937       2000      10000         30
   0       14     1955     9910     15302338729     15302348639        10269911       7923       2000      10000         30
   0       14     1955     9899     15302348719     15302358618        10279901       7933       2000      10000         10
   0       14     1339     9965     15302358652     15302368617        10289833       8616       2000      10000          9
   0       14     1342     9972     15302368650     15302378621        10299831       8616       2000      10000         13
   0       14     1248     9986     15302378664     15302388650        10309845       8696       2000      10000         42
   0       14     1955     9944     15302388694     15302398638        10319875       7958       2000      10000         29
   0       14     1955     9909     15302398729     15302408638        10329911       7923       2000      10000         30
   0       14     1955     9911     15302408727     15302418637        10339908       7926       2000      10000         29
   0       14     1955     9910     15302418728     15302428637        10349909       7925       2000      10000         29
   0       14     1955     9911     15302428727     15302438638        10359909       7925       2000      10000         30
   0       14     1955     9912     15302438725     15302448638        10369907       7927       2000      10000         29
   0       14     1955     9912     15302448726     15302458638        10379907       7926       2000      10000         29
   0       14     1955     9904     15302458733     15302468637        10389914       7919       2000      10000         29
   0       14     1955     9915     15302468723     15302478637        10399904       7929       2000      10000         29
   0       14     1955     9910     15302478727     15302488637        10409909       7925       2000      10000         29
   0       14     1955     9909     15302488728     15302498638        10419910       7924       2000      10000         29
   0       14     1955     9907     15302498731     15302508637        10429912       7922       2000      10000         29
   0       14     1955     9910     15302508728     15302518638        10439909       7924       2000      10000         30
   0       14     1955     9913     15302518725     15302528638        10449906       7927       2000      10000         29
   0       14     1955     9911     15302528727     15302538637        10459908       7926       2000      10000         29
   0       14     1955     9914     15302538722     15302548637        10469904       7930       2000      10000         28
   0       14     1955     9908     15302548728     15302558637        10479910       7924       2000      10000         28
   0       14     1955     9911     15302558727     15302568638        10489909       7925       2000      10000         30
   0       14     1955     9910     15302568727     15302578637        10499909       7925       2000      10000         29
   0       14     1955     9910     15302578728     15302588638        10509909       7925       2000      10000         29
   0       14     1955     9910     15302588729     15302598639        10519910       7923       2000      10000         30
   0       14     1955     9909     15302598728     15302608637        10529910       7924       2000      10000         29
   0       14     1955     9911     15302608727     15302618638        10539908       7926       2000      10000         29
   0       14     1955     9910     15302618728     15302628638        10549909       7924       2000      10000         29
   0       14     1955     9909     15302628728     15302638637        10559910       7924       2000      10000         29
   0       14     1955     9911     15302638727     15302648638        10569908       7925       2000      10000         29
   0       14     1955     9880     15302648759     15302658638        10579940       7893       2000      10000         30
   0       14     1955     9920     15302658717     15302668638        10589898       7935       2000      10000         29
   0       14     1955     9907     15302668730     15302678638        10599912       7922       2000      10000         30
   0       14     1955     9906     15302678731     15302688638        10609912       7921       2000      10000         29
   0       14     1955     9912     15302688727     15302698639        10619908       7925       2000      10000         30
   0       14     1955     9910     15302698728     15302708638        10629909       7924       2000      10000         30
   0       14     1955     9909     15302708728     15302718637        10639909       7924       2000      10000         29
   0       14     1955     9909     15302718728     15302728637        10649909       7924       2000      10000         29
   0       14     1955     9910     15302728727     15302738638        10659909       7925       2000      10000         29
   0       14     1955     9913     15302738726     15302748638        10669907       7927       2000      10000         30
   0       14     1955     9910     15302748728     15302758638        10679909       7924       2000      10000         29
   0       14     1955     9912     15302758725     15302768637        10689906       7928       2000      10000         29
   0       14     1955     9911     15302768727     15302778638        10699909       7925       2000      10000         30
   0       14     1955     9910     15302778728     15302788638        10709909       7924       2000      10000         30
   0       14     1955     9909     15302788729     15302798637        10719910       7924       2000      10000         29
   0       14     1955     9915     15302798722     15302808638        10729904       7930       2000      10000         29
   0       14     1955     9907     15302808730     15302818638        10739911       7922       2000      10000         29
   0       14     1955     9910     15302818728     15302828637        10749909       7925       2000      10000         29
   0       14     1955     9908     15302828729     15302838637        10759911       7923       2000      10000         29
   0       14     1955     9889     15302838730     15302848618        10769911       7923       2000      10000         10
   0       14     1340     9965     15302848653     15302858617        10779834       8615       2000      10000          9
   0       14     1342     9973     15302858649     15302868622        10789830       8616       2000      10000         13
   0       14     1310     9985     15302868665     15302878650        10799846       8632       2000      10000         41
   0       14     1955     9898     15302878740     15302888638        10809921       7912       2000      10000         30
   0       14     1955     9906     15302888732     15302898638        10819913       7920       2000      10000         30
   0       14     1955     9912     15302898728     15302908640        10829909       7924       2000      10000         31
   0       14     1955     9906     15302908731     15302918637        10839913       7921       2000      10000         29
   0       14     1955     9909     15302918728     15302928637        10849909       7924       2000      10000         29
   0       14     1955     9913     15302928725     15302938638        10859907       7927       2000      10000         29
   0       14     1955     9908     15302938730     15302948638        10869912       7922       2000      10000         30
   0       14     1955     9909     15302948729     15302958638        10879910       7924       2000      10000         29
   0       14     1955     9907     15302958730     15302968637        10889911       7922       2000      10000         29
   0       14     1955     9909     15302968729     15302978637        10899910       7924       2000      10000         29
   0       14     1956     9887     15302978751     15302988638        10909932       7901       2000      10000         30
   0       14     1955     9926     15302988712     15302998638        10919893       7940       2000      10000         29
   0       14     1955     9910     15302998727     15303008638        10929909       7925       2000      10000         29
   0       14     1955     9910     15303008727     15303018637        10939909       7925       2000      10000         29
   0       14     1955     9909     15303018728     15303028637        10949910       7924       2000      10000         29
   0       14     1955     9910     15303028728     15303038637        10959909       7925       2000      10000         29
   0       14     1955     9903     15303038734     15303048637        10969915       7918       2000      10000         29
   0       14     1955     9906     15303048731     15303058637        10979913       7921       2000      10000         29
   0       14     1955     9909     15303058729     15303068637        10989910       7924       2000      10000         29
   0       14     1955     9909     15303068728     15303078637        10999910       7924       2000      10000         29
   0       14     1955     9909     15303078728     15303088637        11009909       7924       2000      10000         29
   0       14     1955     9911     15303088726     15303098637        11019907       7927       2000      10000         28
   0       14     1955     9910     15303098727     15303108637        11029908       7925       2000      10000         28
   0       14     1955     9908     15303108729     15303118637        11039910       7924       2000      10000         28
   0       14     1955     9912     15303118726     15303128638        11049907       7926       2000      10000         30
   0       14     1955     9908     15303128729     15303138637        11059910       7923       2000      10000         29
   0       14     1955     9908     15303138729     15303148637        11069911       7923       2000      10000         28
   0       14     1955     9906     15303148730     15303158636        11079912       7922       2000      10000         28
   0       14     1955     9907     15303158729     15303168636        11089910       7923       2000      10000         28
   0       14     1955     9901     15303168736     15303178637        11099917       7916       2000      10000         29
   0       14     1955     9912     15303178725     15303188637        11109906       7927       2000      10000         28
   0       14     1955     9910     15303188727     15303198637        11119909       7925       2000      10000         29
   0       14     1955     9912     15303198726     15303208637        11129907       7927       2000      10000         29
   0       14     1955     9906     15303208731     15303218637        11139913       7921       2000      10000         29
   0       14     1955     9909     15303218728     15303228637        11149909       7924       2000      10000         29
   0       14     1955     9910     15303228727     15303238637        11159908       7925       2000      10000         29
   0       14     1955     9913     15303238724     15303248637        11169906       7928       2000      10000         29
   0       14     1955     9910     15303248727     15303258637        11179908       7925       2000      10000         29
   0       14     1955     9908     15303258728     15303268637        11189910       7924       2000      10000         28
   0       14     1955     9886     15303268728     15303278615        11199910       7924       2000      10000          7
   0       14     1955     9988     15303278649     15303288638        11209831       8003       2000      10000         29
   0       14     1955     9907     15303288731     15303298638        11219912       7921       2000      10000         29
   0       14     1955     9906     15303298730     15303308636        11229911       7922       2000      10000         28
   0       14     1956     9889     15303308748     15303318637        11239929       7904       2000      10000         28
   0       14     1955     9925     15303318714     15303328639        11249895       7939       2000      10000         30
   0       14     1955     9893     15303328725     15303338618        11259906       7927       2000      10000         10
   0       14     1339     9965     15303338652     15303348618        11269834       8616       2000      10000         10
   0       14     1342     9972     15303348650     15303358622        11279832       8615       2000      10000         14
   0       14     1245     9987     15303358664     15303368651        11289845       8698       2000      10000         41
   0       14     1955     9895     15303368742     15303378637        11299923       7910       2000      10000         29
   0       14     1955     9911     15303378727     15303388638        11309909       7925       2000      10000         29
   0       14     1955     9912     15303388725     15303398637        11319906       7927       2000      10000         29
   0       14     1955     9909     15303398728     15303408637        11329909       7924       2000      10000         28
   0       14     1955     9911     15303408725     15303418636        11339907       7927       2000      10000         28
   0       14     1955     9929     15303418708     15303428637        11349889       7944       2000      10000         28
   0       14     1955     9909     15303428729     15303438638        11359910       7924       2000      10000         30
   0       14     1955     9911     15303438727     15303448637        11369908       7926       2000      10000         29
   0       14     1955     9904     15303448732     15303458636        11379913       7920       2000      10000         28
   0       14     1955     9914     15303458723     15303468636        11389904       7930       2000      10000         28
   0       14     1955     9907     15303468730     15303478637        11399911       7923       2000      10000         28
   0       14     1955     9910     15303478727     15303488637        11409908       7925       2000      10000         28
   0       14     1955     9911     15303488726     15303498637        11419907       7926       2000      10000         28
   0       14     1955     9907     15303498729     15303508636        11429910       7923       2000      10000         28
   0       14     1955     9908     15303508728     15303518636        11439909       7925       2000      10000         28
   0       14     1955     9913     15303518723     15303528637        11449905       7929       2000      10000         28
   0       14     1955     9904     15303528733     15303538637        11459914       7919       2000      10000         28
   0       14     1955     9906     15303538731     15303548637        11469913       7921       2000      10000         29
   0       14     1955     9905     15303548731     15303558636        11479913       7921       2000      10000         28
   0       14     1955     9902     15303558734     15303568636        11489915       7918       2000      10000         27
   0       14     1955     9908     15303568729     15303578637        11499910       7923       2000      10000         28
   0       14     1955     9908     15303578729     15303588638        11509911       7923       2000      10000         29
   0       14     1955     9914     15303588724     15303598638        11519905       7928       2000      10000         29
   0       14     1955     9912     15303598725     15303608636        11529906       7928       2000      10000         28
   0       14     1955     9904     15303608732     15303618636        11539913       7920       2000      10000         28
   0       14     1955     9908     15303618728     15303628636        11549910       7924       2000      10000         28
   0       14     1955     9910     15303628727     15303638637        11559908       7926       2000      10000         28
   0       14     1956     9887     15303638752     15303648639        11569933       7900       2000      10000         30
   0       14     1955     9909     15303648728     15303658637        11579910       7924       2000      10000         28
   0       14     1955     9922     15303658728     15303668650        11589909       7925       2000      10000         41
   0       14     1955     9902     15303668713     15303678615        11599894       7939       2000      10000          7
   0       14     1955     9966     15303678649     15303688615        11609830       8003       2000      10000          7
   0       14     1955     9967     15303688648     15303698615        11619829       8004       2000      10000          7
   0       14     1955     9986     15303698649     15303708635        11629830       8004       2000      10000         26
   0       14     1955     9934     15303708703     15303718636        11639884       7950       2000      10000         28
   0       14     1955     9908     15303718729     15303728637        11649911       7923       2000      10000         29
   0       14     1955     9912     15303728725     15303738637        11659907       7927       2000      10000         29
   0       14     1955     9910     15303738728     15303748638        11669910       7924       2000      10000         30
   0       14     1955     9924     15303748712     15303758636        11679893       7940       2000      10000         28
   0       14     1955     9909     15303758727     15303768636        11689909       7925       2000      10000         28
   0       14     1955     9909     15303768728     15303778637        11699909       7925       2000      10000         28
   0       14     1955     9910     15303778727     15303788637        11709909       7925       2000      10000         29
   0       14     1955     9913     15303788724     15303798637        11719905       7929       2000      10000         28
   0       14     1955     9908     15303798728     15303808637        11729910       7924       2000      10000         28
   0       14     1955     9911     15303808725     15303818636        11739906       7927       2000      10000         27
   0       14     1955     9890     15303818728     15303828618        11749910       7924       2000      10000         10
   0       14     1341     9966     15303828651     15303838617        11759832       8616       2000      10000          9
   0       14     1342     9975     15303838649     15303848624        11769830       8616       2000      10000         16
   0       14     1185     9982     15303848670     15303858652        11779851       8752       2000      10000         43
   0       14     1955     9901     15303858741     15303868641        11789922       7911       2000      10000         33
   0       14     1955     9906     15303868732     15303878637        11799913       7920       2000      10000         29
   0       14     1955     9885     15303878730     15303888615        11809912       7922       2000      10000          7
   0       14     1955     9961     15303888654     15303898615        11819835       7998       2000      10000          7
   0       14     1955     9964     15303898652     15303908617        11829834       8000       2000      10000          9
   0       14     1955     9958     15303908657     15303918615        11839838       7995       2000      10000          7
   0       14     1956     9963     15303918652     15303928616        11849834       7999       2000      10000          8
   0       14     1956     9960     15303928656     15303938616        11859838       7995       2000      10000          8
   0       14     1957     9961     15303938656     15303948616        11869837       7995       2000      10000          8
   0       14     1955     9962     15303948656     15303958618        11879837       7996       2000      10000         10
   0       14     1956     9960     15303958657     15303968617        11889838       7994       2000      10000          9
   0       14     1956     9953     15303968689     15303978642        11899870       7963       2000      10000         34
   0       14     1955     9916     15303978729     15303988645        11909911       7923       2000      10000         36
   0       14     1955     9905     15303988734     15303998639        11919915       7918       2000      10000         30
   0       14     1955     9911     15303998727     15304008638        11929908       7925       2000      10000         29
   0       14     1955     9907     15304008730     15304018637        11939911       7922       2000      10000         29
   0       14     1955     9909     15304018729     15304028638        11949910       7923       2000      10000         29
   0       14     1955     9907     15304028731     15304038637        11959912       7921       2000      10000         29
   0       14     1955     9909     15304038728     15304048637        11969910       7924       2000      10000         28
   0       14     1955     9907     15304048730     15304058638        11979912       7922       2000      10000         29
   0       14     1955     9900     15304058737     15304068637        11989919       7915       2000      10000         29
   0       14     1955     9910     15304068728     15304078638        11999910       7924       2000      10000         30
   0       14     1955     9926     15304078712     15304088638        12009894       7940       2000      10000         30
   0       14     1955     9906     15304088732     15304098638        12019913       7920       2000      10000         30
   0       14     1955     9914     15304098724     15304108638        12029905       7929       2000      10000         30
   0       14     1955     9911     15304108727     15304118638        12039909       7925       2000      10000         30
   0       14     1955     9908     15304118730     15304128638        12049911       7922       2000      10000         30
   0       14     1955     9910     15304128728     15304138638        12059909       7924       2000      10000         29
   0       14     1955     9912     15304138726     15304148638        12069908       7926       2000      10000         30
   0       14     1955     9907     15304148731     15304158638        12079912       7921       2000      10000         29
   0       14     1955     9909     15304158728     15304168638        12089909       7924       2000      10000         29
   0       14     1955     9905     15304168733     15304178638        12099915       7919       2000      10000         29
   0       14     1955     9911     15304178727     15304188638        12109908       7925       2000      10000         29
   0       14     1955     9912     15304188726     15304198638        12119907       7926       2000      10000         30
   0       14     1955     9906     15304198731     15304208637        12129912       7921       2000      10000         29
   0       14     1955     9906     15304208732     15304218637        12139913       7921       2000      10000         29
   0       14     1955     9917     15304218721     15304228638        12149903       7931       2000      10000         30
   0       14     1955     9908     15304228730     15304238638        12159911       7922       2000      10000         29
   0       14     1955     9909     15304238728     15304248638        12169910       7924       2000      10000         29
   0       14     1955     9909     15304248728     15304258638        12179910       7924       2000      10000         29
   0       14     1955     9910     15304258727     15304268637        12189908       7925       2000      10000         29
   0       14     1955     9912     15304268726     15304278638        12199907       7926       2000      10000         29
   0       14     1955     9908     15304278729     15304288637        12209910       7923       2000      10000         29
   0       14     1955     9910     15304288728     15304298637        12219909       7925       2000      10000         29
   0       14     1955     9889     15304298749     15304308639        12229931       7902       2000      10000         30
   0       14     1955     9888     15304308730     15304318618        12239911       7922       2000      10000         10
   0       14     1352     9965     15304318653     15304328617        12249834       8602       2000      10000          9
   0       14     1341     9971     15304328650     15304338621        12259831       8617       2000      10000         13
   0       14     1245     9986     15304338663     15304348649        12269845       8699       2000      10000         40
   0       14     1955     9901     15304348738     15304358639        12279919       7914       2000      10000         30
   0       14     1955     9903     15304358735     15304368638        12289916       7917       2000      10000         30
   0       14     1955     9913     15304368726     15304378638        12299907       7927       2000      10000         30
   0       14     1955     9914     15304378724     15304388638        12309905       7929       2000      10000         29
   0       14     1955     9912     15304388726     15304398638        12319907       7927       2000      10000         29
   0       14     1955     9911     15304398726     15304408638        12329908       7926       2000      10000         29
   0       14     1955     9911     15304408727     15304418638        12339909       7925       2000      10000         30
   0       14     1955     9912     15304418726     15304428638        12349908       7926       2000      10000         29
   0       14     1955     9890     15304428726     15304438616        12359907       7926       2000      10000          8
   0       14     1955     9987     15304438651     15304448638        12369833       8001       2000      10000         30
   0       14     1955     9910     15304448727     15304458637        12379909       7925       2000      10000         29
   0       14     1955     9906     15304458731     15304468637        12389913       7921       2000      10000         29
   0       14     1955     9909     15304468728     15304478637        12399909       7924       2000      10000         29
   0       14     1955     9910     15304478728     15304488637        12409909       7925       2000      10000         29
   0       14     1955     9909     15304488729     15304498638        12419910       7924       2000      10000         29
   0       14     1955     9912     15304498725     15304508637        12429907       7927       2000      10000         29
   0       14     1955     9928     15304508711     15304518638        12439892       7941       2000      10000         30
   0       14     1955     9913     15304518725     15304528638        12449907       7927       2000      10000         30
   0       14     1955     9913     15304528725     15304538638        12459906       7927       2000      10000         29
   0       14     1955     9905     15304538732     15304548638        12469914       7920       2000      10000         29
   0       14     1955     9909     15304548729     15304558638        12479910       7924       2000      10000         29
   0       14     1955     9911     15304558727     15304568638        12489908       7926       2000      10000         30
   0       14     1955     9910     15304568728     15304578637        12499909       7925       2000      10000         29
   0       14     1955     9912     15304578725     15304588637        12509907       7927       2000      10000         29
   0       14     1955     9919     15304588720     15304598639        12519901       7932       2000      10000         30
   0       14     1955     9906     15304598731     15304608637        12529912       7921       2000      10000         29
   0       14     1955     9892     15304608723     15304618615        12539905       7929       2000      10000          7
   0       14     1955     9988     15304618649     15304628637        12549830       8003       2000      10000         29
   0       14     1955     9889     15304628749     15304638639        12559931       7902       2000      10000         30
   0       14     1955     9909     15304638729     15304648638        12569910       7923       2000      10000         29
   0       14     1955     9906     15304648732     15304658638        12579913       7921       2000      10000         29
   0       14     1955     9912     15304658726     15304668638        12589907       7926       2000      10000         29
   0       14     1955     9905     15304668733     15304678638        12599914       7919       2000      10000         30
   0       14     1955     9909     15304678728     15304688638        12609909       7924       2000      10000         29
   0       14     1955     9910     15304688728     15304698638        12619909       7924       2000      10000         29
   0       14     1955     9909     15304698728     15304708637        12629909       7924       2000      10000         29
   0       14     1955     9910     15304708728     15304718638        12639909       7924       2000      10000         30
   0       14     1955     9911     15304718727     15304728638        12649909       7925       2000      10000         30
   0       14     1955     9910     15304728728     15304738639        12659910       7924       2000      10000         30
   0       14     1955     9911     15304738726     15304748637        12669908       7926       2000      10000         29
   0       14     1955     9912     15304748726     15304758638        12679907       7926       2000      10000         30
   0       14     1955     9911     15304758727     15304768638        12689908       7925       2000      10000         30
   0       14     1955     9909     15304768729     15304778638        12699910       7923       2000      10000         30
   0       14     1955     9909     15304778729     15304788638        12709911       7923       2000      10000         30
   0       14     1955     9911     15304788727     15304798639        12719909       7925       2000      10000         30
   0       14     1955     9890     15304798728     15304808619        12729910       7924       2000      10000         11
   0       14     1341     9965     15304808653     15304818618        12739835       8612       2000      10000         10
   0       14     1342     9972     15304818649     15304828622        12749831       8616       2000      10000         13
   0       14     1335     9983     15304828665     15304838648        12759846       8607       2000      10000         39
   0       14     1955     9898     15304838740     15304848638        12769921       7912       2000      10000         29
   0       14     1955     9907     15304848730     15304858638        12779911       7922       2000      10000         29
   0       14     1955     9907     15304858730     15304868637        12789911       7922       2000      10000         28
   0       14     1955     9908     15304868731     15304878639        12799912       7921       2000      10000         30
   0       14     1955     9911     15304878728     15304888639        12809909       7924       2000      10000         31
   0       14     1955     9916     15304888722     15304898638        12819903       7931       2000      10000         29
   0       14     1955     9913     15304898727     15304908640        12829909       7925       2000      10000         32
   0       14     1955     9913     15304908725     15304918638        12839906       7927       2000      10000         30
   0       14     1955     9912     15304918726     15304928638        12849907       7927       2000      10000         29
   0       14     1955     9913     15304928724     15304938637        12859906       7928       2000      10000         29
   0       14     1955     9913     15304938725     15304948637        12869906       7927       2000      10000         29
   0       14     1955     9893     15304948722     15304958615        12879903       7931       2000      10000          7
   0       14     1956     9940     15304958675     15304968615        12889856       7977       2000      10000          7
   0       14     1955     9965     15304968650     15304978615        12899832       8002       2000      10000          7
   0       14     1955     9966     15304978649     15304988615        12909831       8003       2000      10000          7
   0       14     1955     9987     15304988652     15304998639        12919833       8000       2000      10000         30
   0       14     1955     9909     15304998729     15305008637        12929910       7924       2000      10000         29
   0       14     1955     9911     15305008726     15305018637        12939907       7926       2000      10000         28
   0       14     1955     9907     15305018730     15305028636        12949911       7923       2000      10000         28
   0       14     1955     9907     15305028731     15305038637        12959912       7922       2000      10000         29
   0       14     1955     9906     15305038730     15305048636        12969912       7922       2000      10000         28
   0       14     1955     9897     15305048739     15305058636        12979921       7913       2000      10000         28
   0       14     1955     9909     15305058727     15305068636        12989908       7925       2000      10000         28
   0       14     1955     9908     15305068730     15305078638        12999912       7922       2000      10000         30
   0       14     1955     9910     15305078727     15305088637        13009908       7925       2000      10000         29
   0       14     1955     9908     15305088730     15305098638        13019911       7923       2000      10000         30
   0       14     1955     9911     15305098725     15305108637        13029907       7927       2000      10000         28
   0       14     1955     9907     15305108730     15305118637        13039911       7922       2000      10000         28
   0       14     1955     9912     15305118724     15305128637        13049905       7928       2000      10000         28
   0       14     1955     9910     15305128727     15305138637        13059909       7925       2000      10000         29
   0       14     1955     9908     15305138729     15305148636        13069910       7924       2000      10000         28
   0       14     1955     9907     15305148729     15305158637        13079911       7923       2000      10000         28
   0       14     1955     9912     15305158726     15305168637        13089907       7927       2000      10000         29
   0       14     1955     9927     15305168710     15305178637        13099891       7943       2000      10000         28
   0       14     1955     9906     15305178731     15305188637        13109912       7922       2000      10000         28
   0       14     1955     9904     15305188732     15305198636        13119913       7920       2000      10000         28
   0       14     1955     9908     15305198729     15305208637        13129910       7924       2000      10000         28
   0       14     1955     9906     15305208731     15305218637        13139913       7921       2000      10000         28
   0       14     1955     9908     15305218728     15305228636        13149909       7924       2000      10000         28
   0       14     1955     9904     15305228732     15305238636        13159913       7920       2000      10000         28
   0       14     1955     9911     15305238726     15305248637        13169908       7926       2000      10000         28
   0       14     1955     9908     15305248729     15305258637        13179910       7924       2000      10000         28
   0       14     1955     9911     15305258725     15305268636        13189907       7927       2000      10000         28
   0       14     1955     9909     15305268730     15305278639        13199912       7922       2000      10000         30
   0       14     1955     9910     15305278728     15305288638        13209909       7924       2000      10000         29
   0       14     1956     9877     15305288741     15305298619        13219923       7910       2000      10000         10
   0       14     1358     9964     15305298653     15305308617        13229834       8596       2000      10000          9
   0       14     1366     9972     15305308650     15305318622        13239831       8591       2000      10000         14
   0       14     1215     9987     15305318664     15305328651        13249846       8728       2000      10000         42
   0       14     1955     9899     15305328741     15305338640        13259922       7911       2000      10000         32
   0       14     1955     9908     15305338730     15305348638        13269911       7922       2000      10000         30
   0       14     1955     9906     15305348731     15305358638        13279913       7921       2000      10000         29
   0       14     1955     9912     15305358726     15305368638        13289907       7926       2000      10000         29
   0       14     1955     9911     15305368727     15305378638        13299908       7925       2000      10000         30
   0       14     1955     9909     15305378729     15305388638        13309910       7924       2000      10000         29
   0       14     1955     9911     15305388727     15305398638        13319909       7925       2000      10000         29
   0       14     1955     9911     15305398727     15305408638        13329908       7926       2000      10000         29
   0       14     1955     9913     15305408726     15305418639        13339907       7926       2000      10000         30
   0       14     1955     9911     15305418727     15305428638        13349908       7926       2000      10000         29
   0       14     1955     9905     15305428733     15305438638        13359914       7919       2000      10000         29
   0       14     1955     9910     15305438727     15305448637        13369909       7925       2000      10000         28
   0       14     1955     9910     15305448728     15305458637        13379909       7925       2000      10000         29
   0       14     1955     9910     15305458727     15305468637        13389908       7925       2000      10000         29
   0       14     1955     9909     15305468729     15305478638        13399910       7923       2000      10000         30
   0       14     1955     9910     15305478728     15305488638        13409909       7924       2000      10000         30
   0       14     1955     9913     15305488725     15305498638        13419907       7927       2000      10000         30
   0       14     1955     9912     15305498726     15305508638        13429907       7926       2000      10000         30
   0       14     1955     9911     15305508727     15305518638        13439908       7925       2000      10000         29
   0       14     1955     9908     15305518729     15305528637        13449910       7923       2000      10000         29
   0       14     1955     9905     15305528732     15305538637        13459913       7920       2000      10000         28
   0       14     1955     9911     15305538726     15305548637        13469908       7926       2000      10000         29
   0       14     1955     9915     15305548722     15305558638        13479904       7930       2000      10000         29
   0       14     1955     9911     15305558727     15305568638        13489908       7926       2000      10000         30
   0       14     1955     9911     15305568726     15305578637        13499908       7926       2000      10000         29
   0       14     1955     9909     15305578728     15305588637        13509909       7925       2000      10000         29
   0       14     1955     9906     15305588731     15305598637        13519912       7922       2000      10000         28
   0       14     1955     9927     15305598710     15305608638        13529892       7942       2000      10000         29
   0       14     1955     9910     15305608727     15305618637        13539908       7925       2000      10000         28
   0       14     1956     9892     15305618746     15305628639        13549928       7905       2000      10000         30
   0       14     1955     9906     15305628731     15305638637        13559912       7922       2000      10000         28
   0       14     1955     9910     15305638728     15305648638        13569909       7925       2000      10000         29
   0       14     1955     9912     15305648726     15305658638        13579907       7926       2000      10000         29
   0       14     1955     9911     15305658726     15305668637        13589908       7926       2000      10000         29
   0       14     1955     9887     15305668728     15305678615        13599909       7924       2000      10000          7
   0       14     1955     9988     15305678650     15305688637        13609831       8002       2000      10000         29
   0       14     1955     9905     15305688732     15305698637        13619914       7920       2000      10000         29
   0       14     1955     9911     15305698727     15305708638        13629908       7925       2000      10000         30
   0       14     1955     9908     15305708729     15305718637        13639910       7923       2000      10000         29
   0       14     1955     9909     15305718728     15305728638        13649910       7924       2000      10000         29
   0       14     1955     9911     15305728727     15305738638        13659909       7925       2000      10000         29
   0       14     1955     9913     15305738725     15305748638        13669906       7927       2000      10000         29
   0       14     1955     9912     15305748726     15305758638        13679907       7926       2000      10000         29
   0       14     1955     9908     15305758729     15305768637        13689911       7923       2000      10000         29
   0       14     1955     9914     15305768724     15305778638        13699905       7928       2000      10000         29
   0       14     1955     9890     15305778728     15305788618        13709909       7925       2000      10000         10
   0       14     1340     9966     15305788652     15305798617        13719833       8616       2000      10000         10
   0       14     1368     9971     15305798650     15305808621        13729831       8590       2000      10000         12
   0       14     1308     9985     15305808664     15305818649        13739845       8636       2000      10000         39
   0       14     1955     9899     15305818740     15305828639        13749921       7912       2000      10000         30
   0       14     1955     9906     15305828731     15305838637        13759912       7921       2000      10000         29
   0       14     1955     9911     15305838726     15305848637        13769908       7926       2000      10000         29
   0       14     1955     9907     15305848731     15305858638        13779913       7921       2000      10000         30
   0       14     1955     9909     15305858729     15305868638        13789910       7923       2000      10000         30
   0       14     1955     9886     15305868730     15305878615        13799911       7922       2000      10000          8
   0       14     1955     9987     15305878651     15305888638        13809832       8001       2000      10000         30
   0       14     1955     9913     15305888725     15305898638        13819906       7928       2000      10000         30
   0       14     1955     9914     15305898728     15305908641        13829909       7925       2000      10000         33
   0       14     1955     9910     15305908727     15305918637        13839909       7925       2000      10000         29
   0       14     1955     9909     15305918729     15305928638        13849910       7923       2000      10000         29
   0       14     1955     9929     15305928708     15305938637        13859890       7944       2000      10000         29
   0       14     1955     9907     15305938731     15305948638        13869912       7922       2000      10000         29
   0       14     1956     9887     15305948752     15305958639        13879934       7899       2000      10000         31
   0       14     1955     9904     15305958734     15305968638        13889915       7918       2000      10000         30
   0       14     1955     9914     15305968725     15305978638        13899906       7928       2000      10000         29
   0       14     1955     9908     15305978730     15305988638        13909911       7922       2000      10000         30
   0       14     1955     9911     15305988727     15305998638        13919908       7925       2000      10000         29
   0       14     1955     9912     15305998726     15306008638        13929907       7927       2000      10000         29
   0       14     1955     9914     15306008723     15306018637        13939904       7929       2000      10000         28
   0       14     1955     9908     15306018731     15306028638        13949912       7922       2000      10000         30
   0       14     1955     9907     15306028730     15306038637        13959911       7923       2000      10000         29
   0       14     1955     9908     15306038730     15306048638        13969912       7922       2000      10000         30
   0       14     1955     9912     15306048726     15306058638        13979907       7927       2000      10000         30
   0       14     1955     9887     15306058728     15306068615        13989909       7924       2000      10000          7
   0       14     1956     9965     15306068651     15306078616        13999832       8001       2000      10000          8
   0       14     1955     9986     15306078652     15306088639        14009834       8000       2000      10000         30
   0       14     1955     9914     15306088725     15306098638        14019906       7928       2000      10000         30
   0       14     1955     9909     15306098730     15306108639        14029911       7922       2000      10000         31
   0       14     1955     9910     15306108729     15306118639        14039911       7923       2000      10000         30
   0       14     1955     9905     15306118733     15306128638        14049914       7920       2000      10000         29
   0       14     1955     9905     15306128733     15306138638        14059914       7919       2000      10000         29
   0       14     1955     9909     15306138729     15306148638        14069911       7923       2000      10000         30
   0       14     1955     9910     15306148728     15306158638        14079909       7924       2000      10000         29
   0       14     1955     9911     15306158727     15306168638        14089908       7925       2000      10000         30
   0       14     1955     9911     15306168727     15306178638        14099908       7926       2000      10000         29
   0       14     1955     9907     15306178731     15306188638        14109912       7921       2000      10000         30
   0       14     1955     9908     15306188730     15306198638        14119911       7922       2000      10000         30
   0       14     1955     9906     15306198731     15306208637        14129912       7921       2000      10000         29
   0       14     1955     9912     15306208726     15306218638        14139907       7926       2000      10000         30
   0       14     1955     9911     15306218728     15306228639        14149909       7924       2000      10000         30
   0       14     1955     9910     15306228728     15306238638        14159909       7924       2000      10000         30
   0       14     1955     9930     15306238728     15306248658        14169909       7925       2000      10000         50
   0       14     1955     9922     15306248693     15306258615        14179874       7960       2000      10000          7
   0       14     1955     9966     15306258649     15306268615        14189830       8004       2000      10000          7
   0       14     1955     9969     15306268649     15306278618        14199831       8003       2000      10000         10
   0       14     1332     9940     15306278678     15306288618        14209859       8597       2000      10000         10
   0       14     1344     9970     15306288651     15306298621        14219832       8612       2000      10000         13
   0       14     1230     9987     15306298663     15306308650        14229844       8714       2000      10000         41
   0       14     1955     9901     15306308738     15306318639        14239920       7914       2000      10000         30
   0       14     1955     9910     15306318728     15306328638        14249909       7924       2000      10000         29
   0       14     1955     9911     15306328727     15306338638        14259908       7925       2000      10000         29
   0       14     1955     9902     15306338735     15306348637        14269916       7918       2000      10000         28
   0       14     1955     9910     15306348728     15306358638        14279909       7924       2000      10000         29
   0       14     1955     9912     15306358725     15306368636        14289906       7928       2000      10000         28
   0       14     1955     9909     15306368728     15306378637        14299909       7924       2000      10000         29
   0       14     1955     9909     15306378728     15306388637        14309909       7925       2000      10000         29
   0       14     1955     9906     15306388731     15306398637        14319913       7921       2000      10000         29
   0       14     1955     9905     15306398733     15306408637        14329914       7919       2000      10000         29
   0       14     1955     9912     15306408726     15306418638        14339907       7926       2000      10000         29
   0       14     1955     9910     15306418728     15306428638        14349909       7925       2000      10000         29
   0       14     1955     9910     15306428729     15306438639        14359910       7924       2000      10000         30
   0       14     1955     9909     15306438728     15306448637        14369910       7924       2000      10000         29
   0       14     1955     9909     15306448729     15306458638        14379910       7923       2000      10000         30
   0       14     1955     9907     15306458730     15306468637        14389911       7922       2000      10000         29
   0       14     1955     9908     15306468730     15306478637        14399911       7923       2000      10000         29
   0       14     1955     9912     15306478725     15306488638        14409907       7927       2000      10000         29
   0       14     1955     9910     15306488728     15306498637        14419909       7925       2000      10000         29
   0       14     1955     9911     15306498727     15306508637        14429908       7925       2000      10000         29
   0       14     1955     9911     15306508727     15306518638        14439909       7925       2000      10000         30
   0       14     1955     9913     15306518723     15306528637        14449905       7929       2000      10000         29
   0       14     1955     9909     15306528729     15306538637        14459910       7923       2000      10000         29
   0       14     1955     9906     15306538731     15306548637        14469912       7921       2000      10000         29
   0       14     1955     9911     15306548728     15306558639        14479909       7925       2000      10000         30
   0       14     1955     9910     15306558728     15306568638        14489909       7924       2000      10000         29
   0       14     1955     9912     15306568725     15306578637        14499907       7927       2000      10000         29
   0       14     1955     9910     15306578728     15306588638        14509909       7924       2000      10000         29
   0       14     1955     9913     15306588725     15306598638        14519906       7927       2000      10000         29
   0       14     1955     9908     15306598730     15306608638        14529911       7922       2000      10000         29
   0       14     1955     9886     15306608753     15306618639        14539934       7899       2000      10000         30
   0       14     1955     9908     15306618729     15306628637        14549910       7923       2000      10000         29
   0       14     1955     9904     15306628735     15306638638        14559916       7918       2000      10000         30
   0       14     1955     9911     15306638727     15306648638        14569908       7925       2000      10000         29
   0       14     1955     9910     15306648728     15306658638        14579909       7924       2000      10000         29
   0       14     1955     9910     15306658729     15306668638        14589910       7924       2000      10000         30
   0       14     1955     9910     15306668727     15306678638        14599909       7925       2000      10000         29
   0       14     1955     9907     15306678729     15306688637        14609911       7923       2000      10000         28
   0       14     1955     9929     15306688709     15306698637        14619890       7943       2000      10000         29
   0       14     1955     9908     15306698730     15306708637        14629911       7923       2000      10000         29
   0       14     1955     9910     15306708728     15306718638        14639909       7924       2000      10000         29
   0       14     1955     9903     15306718735     15306728638        14649916       7918       2000      10000         29
   0       14     1955     9912     15306728726     15306738637        14659907       7926       2000      10000         29
   0       14     1955     9908     15306738729     15306748637        14669910       7923       2000      10000         29
   0       14     1955     9909     15306748729     15306758638        14679910       7923       2000      10000         29
   0       14     1955     9883     15306758735     15306768618        14689916       7917       2000      10000         10
   0       14     1334     9965     15306768652     15306778617        14699833       8621       2000      10000          9
   0       14     1341     9972     15306778649     15306788621        14709830       8617       2000      10000         13
   0       14     1287     9989     15306788662     15306798651        14719843       8658       2000      10000         41
   0       14     1955     9897     15306798742     15306808639        14729923       7910       2000      10000         31
   0       14     1955     9908     15306808730     15306818639        14739912       7922       2000      10000         30
   0       14     1955     9909     15306818729     15306828638        14749910       7923       2000      10000         30
   0       14     1955     9910     15306828728     15306838638        14759909       7924       2000      10000         29
   0       14     1955     9904     15306838734     15306848638        14769915       7918       2000      10000         30
   0       14     1955     9909     15306848730     15306858639        14779911       7922       2000      10000         30
   0       14     1955     9910     15306858727     15306868638        14789909       7925       2000      10000         29
   0       14     1955     9909     15306868730     15306878639        14799911       7923       2000      10000         30
   0       14     1955     9910     15306878728     15306888638        14809909       7924       2000      10000         29
   0       14     1955     9914     15306888723     15306898637        14819904       7929       2000      10000         29
   0       14     1955     9914     15306898727     15306908640        14829908       7926       2000      10000         32
   0       14     1955     9912     15306908726     15306918638        14839907       7926       2000      10000         29
   0       14     1955     9912     15306918725     15306928638        14849907       7927       2000      10000         29
   0       14     1955     9905     15306928732     15306938637        14859914       7920       2000      10000         29
   0       14     1955     9885     15306938755     15306948640        14869936       7897       2000      10000         31
   0       14     1955     9904     15306948733     15306958637        14879914       7919       2000      10000         28
   0       14     1955     9909     15306958729     15306968638        14889910       7924       2000      10000         29
   0       14     1955     9910     15306968727     15306978637        14899909       7925       2000      10000         29
   0       14     1955     9909     15306978729     15306988637        14909910       7924       2000      10000         29
   0       14     1955     9910     15306988728     15306998637        14919909       7924       2000      10000         29
   0       14     1955     9914     15306998726     15307008639        14929907       7927       2000      10000         31
   0       14     1955     9908     15307008731     15307018638        14939912       7922       2000      10000         30
   0       14     1955     9923     15307018714     15307028637        14949896       7938       2000      10000         29
   0       14     1955     9911     15307028726     15307038637        14959908       7926       2000      10000         29
   0       14     1955     9910     15307038728     15307048638        14969909       7925       2000      10000         29
   0       14     1955     9909     15307048728     15307058637        14979909       7924       2000      10000         28
   0       14     1955     9908     15307058729     15307068637        14989911       7923       2000      10000         29
   0       14     1955     9905     15307068732     15307078637        14999913       7921       2000      10000         29
   0       14     1955     9904     15307078734     15307088638        15009915       7918       2000      10000         29
   0       14     1955     9906     15307088732     15307098639        15019914       7920       2000      10000         30
   0       14     1955     9910     15307098727     15307108637        15029909       7925       2000      10000         29
   0       14     1955     9906     15307108731     15307118637        15039913       7921       2000      10000         29
   0       14     1955     9912     15307118726     15307128638        15049907       7926       2000      10000         29
   0       14     1955     9910     15307128727     15307138637        15059908       7925       2000      10000         28
   0       14     1955     9911     15307138726     15307148637        15069907       7926       2000      10000         29
   0       14     1955     9909     15307148728     15307158636        15079909       7924       2000      10000         28
   0       14     1955     9918     15307158720     15307168638        15089901       7932       2000      10000         29
   0       14     1955     9907     15307168730     15307178637        15099911       7922       2000      10000         28
   0       14     1955     9910     15307178727     15307188637        15109909       7925       2000      10000         29
   0       14     1955     9907     15307188730     15307198637        15119911       7922       2000      10000         28
   0       14     1955     9909     15307198728     15307208637        15129909       7925       2000      10000         28
   0       14     1955     9912     15307208725     15307218637        15139906       7927       2000      10000         28
   0       14     1955     9909     15307218728     15307228637        15149909       7925       2000      10000         29
   0       14     1955     9909     15307228728     15307238637        15159910       7924       2000      10000         29
   0       14     1955     9913     15307238725     15307248637        15169906       7927       2000      10000         29
   0       14     1955     9889     15307248729     15307258618        15179911       7923       2000      10000         10
   0       14     1334     9965     15307258653     15307268617        15189834       8621       2000      10000          9
   0       14     1365     9951     15307268672     15307278622        15199853       8570       2000      10000         14
   0       14     1236     9987     15307278664     15307288651        15209845       8707       2000      10000         42
   0       14     1955     9901     15307288737     15307298638        15219919       7915       2000      10000         29
   0       14     1955     9905     15307298731     15307308637        15229913       7921       2000      10000         28
   0       14     1955     9911     15307308725     15307318636        15239907       7927       2000      10000         28
   0       14     1955     9905     15307318732     15307328637        15249914       7920       2000      10000         29
   0       14     1955     9907     15307328731     15307338638        15259913       7921       2000      10000         30
   0       14     1955     9907     15307338730     15307348637        15269911       7922       2000      10000         29
   0       14     1955     9930     15307348706     15307358636        15279887       7946       2000      10000         27
   0       14     1955     9910     15307358726     15307368636        15289907       7926       2000      10000         27
   0       14     1955     9910     15307368727     15307378637        15299908       7926       2000      10000         28
   0       14     1955     9912     15307378726     15307388637        15309907       7927       2000      10000         29
   0       14     1955     9911     15307388726     15307398637        15319907       7927       2000      10000         29
   0       14     1955     9904     15307398732     15307408636        15329913       7920       2000      10000         28
   0       14     1955     9908     15307408728     15307418636        15339909       7924       2000      10000         28
   0       14     1955     9902     15307418735     15307428637        15349916       7917       2000      10000         29
   0       14     1955     9909     15307428729     15307438638        15359910       7924       2000      10000         29
   0       14     1955     9906     15307438731     15307448637        15369912       7921       2000      10000         29
   0       14     1955     9915     15307448721     15307458636        15379902       7931       2000      10000         28
   0       14     1955     9908     15307458728     15307468636        15389909       7924       2000      10000         28
   0       14     1955     9907     15307468728     15307478636        15399909       7924       2000      10000         27
   0       14     1955     9913     15307478725     15307488638        15409907       7927       2000      10000         30
   0       14     1955     9909     15307488728     15307498637        15419909       7925       2000      10000         28
   0       14     1955     9908     15307498729     15307508637        15429910       7923       2000      10000         28
   0       14     1955     9910     15307508727     15307518637        15439908       7925       2000      10000         28
   0       14     1955     9910     15307518727     15307528636        15449908       7925       2000      10000         28
   0       14     1955     9908     15307528728     15307538637        15459910       7924       2000      10000         28
   0       14     1955     9910     15307538728     15307548637        15469909       7924       2000      10000         29
   0       14     1955     9910     15307548725     15307558636        15479907       7927       2000      10000         27
   0       14     1955     9923     15307558722     15307568646        15489904       7930       2000      10000         37
   0       14     1955     9901     15307568714     15307578614        15499895       7939       2000      10000          7
   0       14     1955     9967     15307578648     15307588615        15509829       8004       2000      10000          7
   0       14     1955     9967     15307588648     15307598615        15519829       8005       2000      10000          7
   0       14     1956     9966     15307598672     15307608638        15529853       7980       2000      10000         29
   0       14     1955     9944     15307608692     15307618636        15539874       7960       2000      10000         28
   0       14     1955     9913     15307618724     15307628637        15549906       7928       2000      10000         28
   0       14     1955     9910     15307628727     15307638637        15559908       7925       2000      10000         28
   0       14     1955     9912     15307638726     15307648637        15569907       7927       2000      10000         29
   0       14     1955     9909     15307648727     15307658636        15579909       7925       2000      10000         28
   0       14     1955     9911     15307658727     15307668638        15589908       7925       2000      10000         29
   0       14     1955     9909     15307668727     15307678637        15599909       7925       2000      10000         28
   0       14     1955     9914     15307678727     15307688640        15609908       7925       2000      10000         32
   0       14     1955     9909     15307688728     15307698637        15619909       7925       2000      10000         28
   0       14     1955     9908     15307698728     15307708636        15629909       7924       2000      10000         28
   0       14     1955     9909     15307708727     15307718636        15639908       7925       2000      10000         27
   0       14     1955     9911     15307718724     15307728636        15649906       7928       2000      10000         27
   0       14     1955     9909     15307728727     15307738636        15659909       7925       2000      10000         28
   0       14     1955     9889     15307738729     15307748618        15669910       7923       2000      10000         10
   0       14     1343     9965     15307748652     15307758617        15679834       8612       2000      10000          9
   0       14     1338     9971     15307758649     15307768621        15689831       8620       2000      10000         13
   0       14     1283     9956     15307768661     15307778617        15699843       8663       2000      10000          9
   0       14     1955     9954     15307778661     15307788615        15709842       7991       2000      10000          7
   0       14     1955     9963     15307788651     15307798615        15719833       8001       2000      10000          7
   0       14     1955     9965     15307798649     15307808615        15729831       8003       2000      10000          7
   0       14     1955     9965     15307808649     15307818615        15739831       8003       2000      10000          7
   0       14     1955     9966     15307818649     15307828614        15749830       8004       2000      10000          7
   0       14     1955     9965     15307828649     15307838614        15759831       8003       2000      10000          7
   0       14     1955     9967     15307838648     15307848614        15769829       8005       2000      10000          7
   0       14     1955     9966     15307848649     15307858614        15779830       8004       2000      10000          7
   0       14     1955     9966     15307858648     15307868614        15789829       8004       2000      10000          7
   0       14     1955     9966     15307868649     15307878614        15799830       8004       2000      10000          7
   0       14     1955     9967     15307878648     15307888615        15809829       8004       2000      10000          7
   0       14     1955     9966     15307888649     15307898614        15819830       8003       2000      10000          7
   0       14     1955     9967     15307898648     15307908615        15829829       8004       2000      10000          7
   0       14     1955     9964     15307908651     15307918615        15839832       8001       2000      10000          7
   0       14     1955     9966     15307918649     15307928615        15849830       8004       2000      10000          7
   0       14     1955     9940     15307928675     15307938615        15859856       7977       2000      10000          7
   0       14     1955     9968     15307938650     15307948617        15869831       8003       2000      10000          9
   0       14     1955     9960     15307948655     15307958615        15879836       7997       2000      10000          7
   0       14     1955     9966     15307958649     15307968615        15889830       8004       2000      10000          7
   0       14     1955     9964     15307968651     15307978615        15899832       8002       2000      10000          7
   0       14     1955     9966     15307978648     15307988614        15909830       8004       2000      10000          7
   0       14     1955     9965     15307988650     15307998614        15919831       8003       2000      10000          7
   0       14     1955     9967     15307998648     15308008614        15929829       8004       2000      10000          7
   0       14     1955     9965     15308008649     15308018614        15939830       8003       2000      10000          7
   0       14     1955     9966     15308018649     15308028615        15949830       8003       2000      10000          7
   0       14     1955     9966     15308028649     15308038615        15959830       8003       2000      10000          7
   0       14     1955     9966     15308038648     15308048614        15969829       8004       2000      10000          7
   0       14     1955     9964     15308048650     15308058615        15979832       8002       2000      10000          7
   0       14     1955     9966     15308058649     15308068614        15989830       8004       2000      10000          6
   0       14     1955     9964     15308068651     15308078615        15999832       8001       2000      10000          7
   0       14     1955     9965     15308078649     15308088615        16009831       8003       2000      10000          7
   0       14     1955     9965     15308088650     15308098615        16019831       8002       2000      10000          7
   0       14     1955     9967     15308098648     15308108615        16029829       8004       2000      10000          7
   0       14     1955     9966     15308108649     15308118615        16039830       8003       2000      10000          7
   0       14     1955     9966     15308118649     15308128615        16049830       8004       2000      10000          7
   0       14     1955     9966     15308128649     15308138615        16059830       8003       2000      10000          7
   0       14     1955     9966     15308138649     15308148614        16069830       8004       2000      10000          7
   0       14     1955     9966     15308148648     15308158614        16079830       8004       2000      10000          7
   0       14     1955     9966     15308158648     15308168614        16089829       8004       2000      10000          6
   0       14     1955     9965     15308168650     15308178614        16099831       8003       2000      10000          6
   0       14     1955     9966     15308178648     15308188614        16109830       8004       2000      10000          7
   0       14     1955     9965     15308188649     15308198614        16119830       8003       2000      10000          7
   0       14     1955     9967     15308198648     15308208615        16129829       8004       2000      10000          7
   0       14     1955     9966     15308208649     15308218615        16139830       8003       2000      10000          7
   0       14     1955     9967     15308218648     15308228615        16149829       8004       2000      10000          7
   0       14     1955     9969     15308228648     15308238617        16159830       8004       2000      10000         10
   0       14     1342     9966     15308238651     15308248617        16169832       8614       2000      10000          9
   0       14     1338     9972     15308248649     15308258621        16179831       8621       2000      10000         13
   0       14     1399     9928     15308258689     15308268617        16189870       8520       2000      10000          9
   0       14     1955     9954     15308268660     15308278615        16199842       7992       2000      10000          7
   0       14     1955     9963     15308278651     15308288614        16209832       8001       2000      10000          7
   0       14     1955     9965     15308288649     15308298615        16219831       8003       2000      10000          7
   0       14     1955     9965     15308298650     15308308615        16229831       8003       2000      10000          7
   0       14     1955     9965     15308308649     15308318615        16239831       8003       2000      10000          7
   0       14     1955     9966     15308318649     15308328614        16249830       8004       2000      10000          7
   0       14     1955     9966     15308328648     15308338614        16259830       8004       2000      10000          7
   0       14     1955     9966     15308338648     15308348614        16269829       8004       2000      10000          7
   0       14     1955     9966     15308348648     15308358614        16279829       8004       2000      10000          7
   0       14     1955     9967     15308358647     15308368614        16289829       8005       2000      10000          7
   0       14     1955     9966     15308368649     15308378615        16299830       8004       2000      10000          7
   0       14     1955     9966     15308378649     15308388614        16309830       8004       2000      10000          7
   0       14     1955     9966     15308388648     15308398614        16319830       8004       2000      10000          7
   0       14     1955     9967     15308398648     15308408614        16329829       8005       2000      10000          7
   0       14     1955     9966     15308408649     15308418615        16339830       8004       2000      10000          7
   0       14     1955     9966     15308418648     15308428615        16349829       8004       2000      10000          7
   0       14     1955     9966     15308428649     15308438615        16359830       8004       2000      10000          7
   0       14     1955     9964     15308438651     15308448615        16369832       8001       2000      10000          7
   0       14     1955     9965     15308448649     15308458614        16379831       8003       2000      10000          7
   0       14     1955     9966     15308458648     15308468614        16389829       8004       2000      10000          7
   0       14     1955     9966     15308468648     15308478614        16399830       8004       2000      10000          7
   0       14     1955     9967     15308478648     15308488615        16409829       8005       2000      10000          7
   0       14     1955     9966     15308488649     15308498615        16419830       8004       2000      10000          7
   0       14     1955     9965     15308498649     15308508614        16429831       8003       2000      10000          7
   0       14     1955     9966     15308508649     15308518614        16439830       8004       2000      10000          7
   0       14     1955     9966     15308518648     15308528615        16449830       8004       2000      10000          7
   0       14     1955     9966     15308528649     15308538615        16459830       8003       2000      10000          7
   0       14     1955     9964     15308538650     15308548615        16469831       8002       2000      10000          7
   0       14     1955     9966     15308548648     15308558614        16479830       8004       2000      10000          7
   0       14     1955     9966     15308558649     15308568614        16489830       8004       2000      10000          7
   0       14     1955     9966     15308568648     15308578614        16499829       8004       2000      10000          7
   0       14     1955     9967     15308578648     15308588614        16509829       8004       2000      10000          7
   0       14     1956     9943     15308588672     15308598615        16519854       7979       2000      10000          7
   0       14     1955     9965     15308598649     15308608615        16529831       8003       2000      10000          7
   0       14     1955     9966     15308608649     15308618615        16539830       8004       2000      10000          7
   0       14     1955     9966     15308618648     15308628615        16549830       8004       2000      10000          7
   0       14     1955     9966     15308628648     15308638614        16559830       8004       2000      10000          7
   0       14     1955     9966     15308638648     15308648615        16569829       8004       2000      10000          7
   0       14     1955     9966     15308648649     15308658614        16579830       8003       2000      10000          7
   0       14     1955     9966     15308658649     15308668615        16589830       8004       2000      10000          7
   0       14     1955     9966     15308668648     15308678615        16599830       8004       2000      10000          7
   0       14     1955     9966     15308678648     15308688615        16609830       8004       2000      10000          7
   0       14     1955     9966     15308688649     15308698615        16619830       8003       2000      10000          7
   0       14     1955     9966     15308698649     15308708614        16629830       8003       2000      10000          7
   0       14     1955     9966     15308708648     15308718614        16639830       8004       2000      10000          7
   0       14     1955     9968     15308718650     15308728618        16649831       8002       2000      10000         10
   0       14     1340     9965     15308728652     15308738617        16659834       8615       2000      10000          9
   0       14     1340     9972     15308738649     15308748621        16669831       8618       2000      10000         13
   0       14     1397     9953     15308748665     15308758617        16679846       8546       2000      10000          9
   0       14     1955     9954     15308758661     15308768615        16689842       7991       2000      10000          7
   0       14     1955     9962     15308768652     15308778615        16699834       8000       2000      10000          7
   0       14     1955     9965     15308778649     15308788614        16709831       8003       2000      10000          7
   0       14     1955     9965     15308788649     15308798615        16719830       8003       2000      10000          7
   0       14     1955     9966     15308798648     15308808615        16729830       8004       2000      10000          7
   0       14     1955     9965     15308808649     15308818614        16739830       8003       2000      10000          7
   0       14     1955     9966     15308818648     15308828614        16749830       8004       2000      10000          7
   0       14     1955     9966     15308828648     15308838615        16759830       8004       2000      10000          7
   0       14     1955     9965     15308838649     15308848614        16769830       8003       2000      10000          7
   0       14     1955     9966     15308848649     15308858615        16779830       8004       2000      10000          7
   0       14     1955     9966     15308858648     15308868614        16789830       8004       2000      10000          7
   0       14     1955     9966     15308868649     15308878615        16799830       8004       2000      10000          7
   0       14     1955     9966     15308878649     15308888615        16809830       8004       2000      10000          7
   0       14     1955     9966     15308888649     15308898614        16819830       8003       2000      10000          7
   0       14     1955     9967     15308898648     15308908615        16829830       8004       2000      10000          7
   0       14     1955     9962     15308908652     15308918615        16839833       8000       2000      10000          7
   0       14     1955     9938     15308918677     15308928615        16849858       7975       2000      10000          7
   0       14     1955     9963     15308928651     15308938615        16859833       8001       2000      10000          7
   0       14     1955     9964     15308938650     15308948615        16869831       8002       2000      10000          7
   0       14     1955     9965     15308948650     15308958615        16879831       8003       2000      10000          7
   0       14     1955     9966     15308958648     15308968615        16889830       8004       2000      10000          7
   0       14     1955     9966     15308968649     15308978615        16899830       8003       2000      10000          7
   0       14     1955     9966     15308978648     15308988615        16909830       8004       2000      10000          7
   0       14     1955     9966     15308988649     15308998615        16919831       8003       2000      10000          7
   0       14     1955     9966     15308998648     15309008615        16929830       8004       2000      10000          7
   0       14     1955     9965     15309008650     15309018615        16939831       8003       2000      10000          7
   0       14     1955     9967     15309018648     15309028615        16949829       8004       2000      10000          7
   0       14     1955     9965     15309028650     15309038615        16959831       8002       2000      10000          7
   0       14     1955     9965     15309038650     15309048615        16969831       8003       2000      10000          7
   0       14     1955     9964     15309048650     15309058615        16979831       8002       2000      10000          7
   0       14     1955     9966     15309058648     15309068615        16989829       8004       2000      10000          7
   0       14     1955     9965     15309068650     15309078615        16999831       8003       2000      10000          7
   0       14     1955     9966     15309078648     15309088615        17009829       8004       2000      10000          7
   0       14     1955     9966     15309088649     15309098615        17019830       8004       2000      10000          7
   0       14     1955     9966     15309098648     15309108614        17029829       8004       2000      10000          7
   0       14     1955     9965     15309108649     15309118615        17039831       8003       2000      10000          7
   0       14     1955     9967     15309118648     15309128615        17049829       8004       2000      10000          7
   0       14     1955     9966     15309128649     15309138615        17059830       8004       2000      10000          7
   0       14     1955     9967     15309138647     15309148614        17069829       8005       2000      10000          7
   0       14     1955     9966     15309148649     15309158615        17079830       8003       2000      10000          7
   0       14     1955     9966     15309158649     15309168615        17089830       8004       2000      10000          7
   0       14     1955     9966     15309168649     15309178615        17099830       8004       2000      10000          7
   0       14     1955     9966     15309178648     15309188615        17109829       8004       2000      10000          7
   0       14     1955     9966     15309188649     15309198615        17119830       8004       2000      10000          7
   0       14     1955     9965     15309198649     15309208614        17129831       8003       2000      10000          7
   0       14     1955     9970     15309208648     15309218618        17139829       8004       2000      10000         10
   0       14     1337     9965     15309218652     15309228617        17149833       8618       2000      10000          9
   0       14     1338     9972     15309228649     15309238621        17159831       8620       2000      10000         13
   0       14     1344     9953     15309238664     15309248617        17169846       8599       2000      10000          9
   0       14     1955     9933     15309248682     15309258615        17179863       7970       2000      10000          7
   0       14     1955     9963     15309258651     15309268614        17189833       8001       2000      10000          7
   0       14     1955     9965     15309268649     15309278615        17199830       8003       2000      10000          7
   0       14     1955     9965     15309278649     15309288615        17209831       8003       2000      10000          7
   0       14     1955     9966     15309288648     15309298615        17219829       8004       2000      10000          7
   0       14     1955     9966     15309298649     15309308615        17229830       8003       2000      10000          7
   0       14     1955     9966     15309308648     15309318615        17239829       8004       2000      10000          7
   0       14     1955     9966     15309318649     15309328615        17249830       8004       2000      10000          7
   0       14     1955     9966     15309328649     15309338615        17259830       8003       2000      10000          7
   0       14     1955     9966     15309338648     15309348614        17269830       8004       2000      10000          7
   0       14     1955     9966     15309348648     15309358614        17279829       8004       2000      10000          6
   0       14     1955     9966     15309358648     15309368614        17289830       8004       2000      10000          7
   0       14     1955     9966     15309368649     15309378615        17299830       8003       2000      10000          7
   0       14     1955     9965     15309378649     15309388614        17309831       8003       2000      10000          7
   0       14     1955     9966     15309388648     15309398614        17319830       8004       2000      10000          7
   0       14     1955     9966     15309398649     15309408614        17329830       8004       2000      10000          7
   0       14     1955     9966     15309408649     15309418615        17339830       8004       2000      10000          7
   0       14     1955     9965     15309418649     15309428615        17349830       8003       2000      10000          7
   0       14     1955     9966     15309428649     15309438614        17359830       8004       2000      10000          7
   0       14     1955     9963     15309438651     15309448615        17369832       8001       2000      10000          7
   0       14     1955     9966     15309448649     15309458614        17379830       8004       2000      10000          7
   0       14     1955     9966     15309458648     15309468615        17389830       8004       2000      10000          7
   0       14     1955     9966     15309468649     15309478614        17399830       8004       2000      10000          7
   0       14     1955     9966     15309478649     15309488615        17409830       8003       2000      10000          7
   0       14     1955     9966     15309488648     15309498615        17419830       8004       2000      10000          7
   0       14     1955     9966     15309498648     15309508615        17429830       8004       2000      10000          7
   0       14     1955     9966     15309508648     15309518614        17439829       8004       2000      10000          7
   0       14     1955     9966     15309518648     15309528614        17449830       8004       2000      10000          7
   0       14     1955     9967     15309528648     15309538615        17459829       8005       2000      10000          7
   0       14     1955     9965     15309538649     15309548614        17469830       8003       2000      10000          7
   0       14     1955     9967     15309548648     15309558614        17479829       8004       2000      10000          7
   0       14     1955     9966     15309558648     15309568614        17489830       8004       2000      10000          7
   0       14     1955     9967     15309568648     15309578614        17499829       8004       2000      10000          7
   0       14     1955     9948     15309578667     15309588615        17509848       7985       2000      10000          7
   0       14     1955     9965     15309588650     15309598615        17519831       8003       2000      10000          7
   0       14     1955     9966     15309598649     15309608615        17529830       8004       2000      10000          7
   0       14     1955     9966     15309608648     15309618615        17539830       8004       2000      10000          7
   0       14     1955     9966     15309618648     15309628615        17549830       8004       2000      10000          7
   0       14     1955     9966     15309628648     15309638614        17559829       8004       2000      10000          7
   0       14     1955     9966     15309638648     15309648614        17569829       8004       2000      10000          7
   0       14     1955     9967     15309648648     15309658614        17579829       8004       2000      10000          7
   0       14     1955     9966     15309658648     15309668615        17589829       8004       2000      10000          7
   0       14     1955     9966     15309668649     15309678615        17599830       8004       2000      10000          7
   0       14     1955     9966     15309678649     15309688615        17609830       8003       2000      10000          7
   0       14     1955     9967     15309688648     15309698615        17619829       8005       2000      10000          7
   0       14     1955     9969     15309698649     15309708618        17629830       8003       2000      10000         10
   0       14     1340     9964     15309708653     15309718617        17639834       8614       2000      10000          9
   0       14     1341     9973     15309718648     15309728621        17649830       8618       2000      10000         13
   0       14     1395     9952     15309728665     15309738617        17659846       8547       2000      10000          9
   0       14     1955     9954     15309738661     15309748615        17669842       7991       2000      10000          7
   0       14     1955     9962     15309748653     15309758615        17679834       8000       2000      10000          7
   0       14     1955     9966     15309758649     15309768615        17689830       8003       2000      10000          7
   0       14     1955     9965     15309768650     15309778615        17699831       8002       2000      10000          7
   0       14     1955     9966     15309778649     15309788615        17709830       8003       2000      10000          7
   0       14     1955     9965     15309788650     15309798614        17719831       8002       2000      10000          6
   0       14     1955     9966     15309798648     15309808614        17729829       8004       2000      10000          7
   0       14     1955     9965     15309808649     15309818614        17739830       8003       2000      10000          7
   0       14     1955     9966     15309818648     15309828614        17749829       8004       2000      10000          6
   0       14     1955     9966     15309828649     15309838614        17759830       8004       2000      10000          7
   0       14     1955     9966     15309838648     15309848614        17769830       8004       2000      10000          7
   0       14     1955     9965     15309848650     15309858614        17779831       8003       2000      10000          7
   0       14     1955     9966     15309858648     15309868615        17789830       8004       2000      10000          7
   0       14     1955     9966     15309868648     15309878614        17799830       8004       2000      10000          7
   0       14     1955     9967     15309878648     15309888614        17809829       8005       2000      10000          7
   0       14     1955     9964     15309888650     15309898615        17819831       8002       2000      10000          7
   0       14     1955     9967     15309898648     15309908615        17829829       8004       2000      10000          7
   0       14     1956     9935     15309908680     15309918615        17839861       7972       2000      10000          7
   0       14     1955     9965     15309918650     15309928615        17849831       8002       2000      10000          7
   0       14     1955     9964     15309928650     15309938614        17859832       8002       2000      10000          7
   0       14     1955     9966     15309938649     15309948615        17869830       8003       2000      10000          7
   0       14     1955     9965     15309948650     15309958615        17879831       8002       2000      10000          7
   0       14     1955     9966     15309958648     15309968614        17889830       8004       2000      10000          7
   0       14     1955     9965     15309968649     15309978614        17899831       8003       2000      10000          7
   0       14     1955     9966     15309978649     15309988615        17909830       8003       2000      10000          7
   0       14     1955     9965     15309988649     15309998614        17919830       8003       2000      10000          7
   0       14     1955     9965     15309998649     15310008615        17929831       8003       2000      10000          7
   0       14     1955     9965     15310008649     15310018615        17939831       8003       2000      10000          7
   0       14     1955     9965     15310018649     15310028615        17949831       8003       2000      10000          7
   0       14     1955     9965     15310028650     15310038614        17959831       8003       2000      10000          7
   0       14     1955     9966     15310038649     15310048614        17969830       8003       2000      10000          7
   0       14     1955     9965     15310048649     15310058615        17979830       8003       2000      10000          7
   0       14     1955     9966     15310058649     15310068615        17989830       8004       2000      10000          7
   0       14     1955     9966     15310068649     15310078614        17999830       8004       2000      10000          7
   0       14     1955     9967     15310078648     15310088615        18009830       8004       2000      10000          7
   0       14     1955     9966     15310088649     15310098614        18019830       8003       2000      10000          7
   0       14     1955     9966     15310098648     15310108614        18029829       8004       2000      10000          6
   0       14     1955     9965     15310108649     15310118614        18039830       8003       2000      10000          7
   0       14     1955     9965     15310118649     15310128615        18049831       8003       2000      10000          7
   0       14     1955     9965     15310128649     15310138615        18059830       8003       2000      10000          7
   0       14     1955     9967     15310138648     15310148614        18069829       8005       2000      10000          7
   0       14     1955     9966     15310148649     15310158614        18079830       8003       2000      10000          7
   0       14     1955     9967     15310158647     15310168614        18089829       8005       2000      10000          7
   0       14     1955     9965     15310168649     15310178614        18099831       8003       2000      10000          7
   0       14     1955     9966     15310178649     15310188615        18109830       8004       2000      10000          7
   0       14     1955     9969     15310188649     15310198618        18119830       8003       2000      10000         10
   0       14     1338     9965     15310198652     15310208617        18129833       8617       2000      10000          9
   0       14     1357     9971     15310208650     15310218621        18139831       8600       2000      10000         12
   0       14     1336     9956     15310218663     15310228619        18149845       8608       2000      10000         11
   0       14     1955     9952     15310228662     15310238615        18159844       7990       2000      10000          7
   0       14     1955     9940     15310238675     15310248615        18169856       7978       2000      10000          7
   0       14     1955     9964     15310248650     15310258615        18179832       8002       2000      10000          7
   0       14     1955     9965     15310258649     15310268615        18189831       8003       2000      10000          7
   0       14     1955     9967     15310268648     15310278615        18199829       8004       2000      10000          7
   0       14     1955     9965     15310278649     15310288615        18209830       8003       2000      10000          7
   0       14     1955     9966     15310288648     15310298615        18219830       8004       2000      10000          7
   0       14     1955     9966     15310298649     15310308615        18229830       8004       2000      10000          7
   0       14     1955     9966     15310308648     15310318615        18239830       8004       2000      10000          7
   0       14     1955     9966     15310318649     15310328615        18249830       8004       2000      10000          7
   0       14     1955     9965     15310328649     15310338615        18259831       8003       2000      10000          7
   0       14     1955     9965     15310338649     15310348615        18269831       8003       2000      10000          7
   0       14     1955     9966     15310348649     15310358615        18279830       8003       2000      10000          7
   0       14     1955     9966     15310358649     15310368615        18289830       8004       2000      10000          7
   0       14     1955     9966     15310368648     15310378615        18299830       8004       2000      10000          7
   0       14     1955     9966     15310378649     15310388615        18309830       8003       2000      10000          7
   0       14     1955     9966     15310388649     15310398615        18319830       8004       2000      10000          7
   0       14     1955     9965     15310398649     15310408615        18329831       8003       2000      10000          7
   0       14     1955     9966     15310408648     15310418615        18339830       8004       2000      10000          7
   0       14     1955     9966     15310418649     15310428614        18349830       8004       2000      10000          7
   0       14     1955     9966     15310428648     15310438615        18359830       8004       2000      10000          7
   0       14     1955     9965     15310438650     15310448615        18369831       8003       2000      10000          7
   0       14     1955     9965     15310448649     15310458615        18379831       8003       2000      10000          7
   0       14     1955     9966     15310458649     15310468615        18389830       8004       2000      10000          7
   0       14     1955     9969     15310468649     15310478617        18399830       8004       2000      10000          9
   0       14     1955     9964     15310478651     15310488615        18409832       8001       2000      10000          7
   0       14     1955     9966     15310488648     15310498615        18419830       8004       2000      10000          7
   0       14     1955     9966     15310498648     15310508615        18429830       8004       2000      10000          7
   0       14     1955     9965     15310508649     15310518614        18439830       8003       2000      10000          7
   0       14     1955     9966     15310518649     15310528614        18449830       8004       2000      10000          7
   0       14     1955     9966     15310528648     15310538614        18459829       8004       2000      10000          7
   0       14     1955     9966     15310538648     15310548615        18469829       8004       2000      10000          7
   0       14     1955     9966     15310548648     15310558615        18479829       8004       2000      10000          7
   0       14     1955     9966     15310558649     15310568615        18489830       8003       2000      10000          7
   0       14     1955     9948     15310568666     15310578615        18499848       7986       2000      10000          7
   0       14     1955     9964     15310578650     15310588615        18509832       8002       2000      10000          7
   0       14     1955     9966     15310588648     15310598614        18519830       8004       2000      10000          7
   0       14     1955     9966     15310598649     15310608615        18529830       8004       2000      10000          7
   0       14     1955     9966     15310608648     15310618615        18539829       8004       2000      10000          7
   0       14     1955     9966     15310618649     15310628615        18549830       8004       2000      10000          7
   0       14     1955     9967     15310628648     15310638615        18559829       8005       2000      10000          7
   0       14     1955     9966     15310638648     15310648615        18569830       8004       2000      10000          7
   0       14     1955     9966     15310648649     15310658615        18579830       8003       2000      10000          7
   0       14     1955     9966     15310658649     15310668615        18589830       8004       2000      10000          7
   0       14     1955     9966     15310668648     15310678614        18599830       8004       2000      10000          7
   0       14     1955     9970     15310678648     15310688618        18609829       8004       2000      10000         10
   0       14     1339     9966     15310688651     15310698617        18619832       8617       2000      10000          9
   0       14     1341     9972     15310698649     15310708621        18629830       8617       2000      10000         13
   0       14     1402     9952     15310708665     15310718617        18639846       8540       2000      10000          9
   0       14     1955     9954     15310718660     15310728615        18649842       7992       2000      10000          7
   0       14     1955     9963     15310728652     15310738615        18659833       8000       2000      10000          7
   0       14     1955     9965     15310738649     15310748615        18669830       8003       2000      10000          7
   0       14     1955     9964     15310748650     15310758615        18679831       8002       2000      10000          7
   0       14     1955     9966     15310758649     15310768615        18689830       8003       2000      10000          7
   0       14     1955     9964     15310768650     15310778615        18699832       8002       2000      10000          7
   0       14     1955     9966     15310778648     15310788614        18709830       8004       2000      10000          7
   0       14     1955     9964     15310788650     15310798614        18719831       8002       2000      10000          6
   0       14     1955     9966     15310798648     15310808614        18729830       8004       2000      10000          6
   0       14     1955     9966     15310808649     15310818615        18739830       8003       2000      10000          7
   0       14     1955     9966     15310818648     15310828614        18749830       8004       2000      10000          6
   0       14     1955     9966     15310828649     15310838614        18759830       8004       2000      10000          7
   0       14     1955     9966     15310838649     15310848614        18769830       8004       2000      10000          7
   0       14     1955     9965     15310848649     15310858614        18779831       8003       2000      10000          7
   0       14     1955     9966     15310858648     15310868615        18789829       8004       2000      10000          7
   0       14     1955     9966     15310868649     15310878614        18799830       8004       2000      10000          7
   0       14     1955     9966     15310878648     15310888614        18809830       8004       2000      10000          7
   0       14     1955     9966     15310888649     15310898614        18819830       8004       2000      10000          7
   0       14     1955     9944     15310898672     15310908615        18829853       7980       2000      10000          7
   0       14     1955     9963     15310908652     15310918615        18839833       8001       2000      10000          7
   0       14     1955     9965     15310918650     15310928615        18849831       8003       2000      10000          7
   0       14     1955     9965     15310928650     15310938615        18859831       8003       2000      10000          7
   0       14     1955     9965     15310938649     15310948615        18869831       8003       2000      10000          7
   0       14     1955     9965     15310948650     15310958615        18879831       8002       2000      10000          7
   0       14     1955     9966     15310958649     15310968615        18889830       8003       2000      10000          7
   0       14     1955     9965     15310968650     15310978615        18899831       8003       2000      10000          7
   0       14     1955     9965     15310978649     15310988615        18909830       8003       2000      10000          7
   0       14     1955     9965     15310988650     15310998615        18919831       8003       2000      10000          7
   0       14     1955     9967     15310998649     15311008616        18929830       8003       2000      10000          8
   0       14     1955     9962     15311008652     15311018614        18939834       8000       2000      10000          7
   0       14     1955     9966     15311018649     15311028615        18949830       8004       2000      10000          7
   0       14     1955     9962     15311028653     15311038615        18959834       8000       2000      10000          7
   0       14     1955     9966     15311038648     15311048615        18969830       8004       2000      10000          7
   0       14     1955     9965     15311048649     15311058615        18979831       8003       2000      10000          7
   0       14     1955     9966     15311058648     15311068615        18989830       8004       2000      10000          7
   0       14     1955     9964     15311068650     15311078615        18999832       8002       2000      10000          7
   0       14     1955     9966     15311078648     15311088615        19009830       8004       2000      10000          7
   0       14     1955     9965     15311088649     15311098614        19019830       8003       2000      10000          7
   0       14     1955     9967     15311098648     15311108615        19029829       8005       2000      10000          7
   0       14     1955     9965     15311108649     15311118614        19039830       8003       2000      10000          7
   0       14     1955     9967     15311118648     15311128615        19049829       8004       2000      10000          7
   0       14     1955     9966     15311128649     15311138615        19059830       8003       2000      10000          7
   0       14     1955     9966     15311138648     15311148614        19069830       8004       2000      10000          7
   0       14     1955     9966     15311148649     15311158615        19079830       8003       2000      10000          7
   0       14     1955     9966     15311158648     15311168615        19089830       8004       2000      10000          7
   0       14     1955     9969     15311168649     15311178618        19099830       8003       2000      10000         10
   0       14     1343     9964     15311178653     15311188617        19109834       8612       2000      10000          9
   0       14     1340     9972     15311188649     15311198621        19119831       8618       2000      10000         13
   0       14     1339     9953     15311198665     15311208617        19129846       8604       2000      10000          9
   0       14     1955     9953     15311208662     15311218615        19139843       7990       2000      10000          7
   0       14     1955     9963     15311218651     15311228615        19149833       8001       2000      10000          7
   0       14     1955     9941     15311228673     15311238615        19159855       7979       2000      10000          7
   0       14     1955     9963     15311238652     15311248615        19169833       8001       2000      10000          7
   0       14     1955     9966     15311248648     15311258615        19179830       8004       2000      10000          7
   0       14     1955     9966     15311258649     15311268615        19189830       8003       2000      10000          7
   0       14     1955     9966     15311268648     15311278614        19199830       8004       2000      10000          7
   0       14     1955     9966     15311278649     15311288614        19209830       8004       2000      10000          7
   0       14     1955     9966     15311288649     15311298615        19219830       8004       2000      10000          7
   0       14     1955     9964     15311298651     15311308615        19229832       8001       2000      10000          7
   0       14     1955     9965     15311308649     15311318615        19239831       8003       2000      10000          7
   0       14     1955     9966     15311318648     15311328615        19249830       8004       2000      10000          7
   0       14     1955     9966     15311328649     15311338615        19259830       8004       2000      10000          7
   0       14     1955     9965     15311338649     15311348615        19269830       8003       2000      10000          7
   0       14     1955     9966     15311348648     15311358615        19279830       8004       2000      10000          7
   0       14     1955     9966     15311358649     15311368615        19289830       8003       2000      10000          7
   0       14     1955     9966     15311368649     15311378615        19299830       8003       2000      10000          7
   0       14     1955     9966     15311378648     15311388615        19309830       8004       2000      10000          7
   0       14     1955     9966     15311388649     15311398614        19319830       8004       2000      10000          7
   0       14     1955     9966     15311398649     15311408615        19329830       8004       2000      10000          7
   0       14     1955     9967     15311408648     15311418615        19339829       8004       2000      10000          7
   0       14     1955     9966     15311418648     15311428615        19349830       8004       2000      10000          7
   0       14     1955     9966     15311428648     15311438615        19359830       8004       2000      10000          7
   0       14     1955     9965     15311438649     15311448614        19369831       8003       2000      10000          7
   0       14     1955     9967     15311448648     15311458614        19379829       8004       2000      10000          7
   0       14     1955     9965     15311458649     15311468614        19389831       8003       2000      10000          7
   0       14     1955     9967     15311468648     15311478615        19399829       8005       2000      10000          7
   0       14     1955     9966     15311478648     15311488615        19409830       8004       2000      10000          7
   0       14     1955     9967     15311488648     15311498615        19419829       8004       2000      10000          7
   0       14     1955     9966     15311498649     15311508614        19429830       8003       2000      10000          7
   0       14     1955     9966     15311508648     15311518615        19439829       8004       2000      10000          7
   0       14     1955     9966     15311518648     15311528615        19449830       8004       2000      10000          7
   0       14     1955     9967     15311528648     15311538614        19459829       8004       2000      10000          7
   0       14     1955     9967     15311538648     15311548615        19469829       8004       2000      10000          7
   0       14     1955     9967     15311548648     15311558614        19479829       8004       2000      10000          7
   0       14     1956     9949     15311558666     15311568615        19489847       7986       2000      10000          7
   0       14     1955     9966     15311568649     15311578615        19499830       8003       2000      10000          7
   0       14     1955     9966     15311578648     15311588615        19509830       8004       2000      10000          7
   0       14     1955     9966     15311588648     15311598615        19519830       8004       2000      10000          7
   0       14     1955     9966     15311598648     15311608615        19529830       8004       2000      10000          7
   0       14     1955     9966     15311608649     15311618614        19539830       8004       2000      10000          7
   0       14     1955     9966     15311618648     15311628615        19549830       8004       2000      10000          7
   0       14     1955     9967     15311628648     15311638614        19559829       8005       2000      10000          7
   0       14     1955     9967     15311638648     15311648614        19569829       8005       2000      10000          7
   0       14     1955     9967     15311648648     15311658614        19579829       8005       2000      10000          7
   0       14     1955     9969     15311658649     15311668618        19589831       8003       2000      10000         10
   0       14     1341     9965     15311668652     15311678617        19599833       8615       2000      10000          9
   0       14     1342     9972     15311678648     15311688621        19609830       8617       2000      10000         12
   0       14     1401     9953     15311688664     15311698617        19619845       8542       2000      10000          9
   0       14     1955     9955     15311698660     15311708615        19629842       7992       2000      10000          7
   0       14     1955     9963     15311708652     15311718615        19639833       8001       2000      10000          7
   0       14     1955     9966     15311718649     15311728615        19649830       8004       2000      10000          7
   0       14     1955     9965     15311728650     15311738615        19659831       8002       2000      10000          7
   0       14     1955     9966     15311738649     15311748615        19669830       8003       2000      10000          7
   0       14     1955     9965     15311748649     15311758615        19679831       8003       2000      10000          7
   0       14     1955     9966     15311758649     15311768615        19689830       8004       2000      10000          7
   0       14     1955     9964     15311768651     15311778615        19699832       8001       2000      10000          7
   0       14     1955     9966     15311778649     15311788615        19709830       8004       2000      10000          7
   0       14     1955     9965     15311788649     15311798614        19719830       8003       2000      10000          7
   0       14     1955     9965     15311798649     15311808614        19729830       8003       2000      10000          7
   0       14     1955     9965     15311808649     15311818614        19739831       8003       2000      10000          7
   0       14     1955     9967     15311818648     15311828615        19749829       8004       2000      10000          7
   0       14     1955     9964     15311828651     15311838615        19759832       8002       2000      10000          7
   0       14     1955     9967     15311838648     15311848615        19769829       8004       2000      10000          7
   0       14     1955     9966     15311848649     15311858615        19779830       8003       2000      10000          7
   0       14     1955     9966     15311858649     15311868615        19789830       8004       2000      10000          7
   0       14     1955     9965     15311868649     15311878615        19799831       8003       2000      10000          7
   0       14     1955     9966     15311878648     15311888615        19809829       8004       2000      10000          7
   0       14     1955     9943     15311888672     15311898615        19819853       7980       2000      10000          7
   0       14     1955     9966     15311898649     15311908615        19829830       8003       2000      10000          7
   0       14     1955     9963     15311908651     15311918615        19839833       8001       2000      10000          7
   0       14     1955     9966     15311918649     15311928614        19849830       8003       2000      10000          7
   0       14     1955     9965     15311928650     15311938614        19859831       8002       2000      10000          7
   0       14     1955     9966     15311938649     15311948615        19869830       8003       2000      10000          7
   0       14     1955     9965     15311948650     15311958615        19879831       8002       2000      10000          7
   0       14     1955     9965     15311958650     15311968615        19889831       8003       2000      10000          7
   0       14     1955     9965     15311968649     15311978614        19899831       8003       2000      10000          7
   0       14     1955     9965     15311978649     15311988615        19909831       8003       2000      10000          7
   0       14     1955     9965     15311988649     15311998615        19919831       8003       2000      10000          7
   0       14     1955     9967     15311998648     15312008615        19929829       8004       2000      10000          7
   0       14     1955     9965     15312008650     15312018615        19939831       8002       2000      10000          7
   0       14     1955     9966     15312018649     15312028614        19949830       8004       2000      10000          7
   0       14     1955     9966     15312028649     15312038614        19959830       8004       2000      10000          7
   0       14     1955     9966     15312038648     15312048615        19969830       8004       2000      10000          7
   0       14     1955     9966     15312048649     15312058615        19979830       8003       2000      10000          7
   0       14     1955     9967     15312058648     15312068614        19989829       8004       2000      10000          7
