#idx     perf      run   period           start             end          rel_st      slack c_duration   c_period     wu_lat
   0       14     1987     1988     14843018274     14843020262           10068      -1917       2000      10000          0
   0       14     1987    10023     14843020268     14843030291           12062       8007       2000      10000         27
   0       14     1979     9950     14843030319     14843040269           22113       7964       2000      10000          7
   0       14     1979    10023     14843040273     14843050296           32067       8010       2000      10000         33
   0       14     1979     9977     14843050323     14843060299           42117       7960       2000      10000         37
   0       14     1979     9945     14843060324     14843070269           52117       7959       2000      10000          7
   0       14     1979     9982     14843070317     14843080299           62111       7966       2000      10000         36
   0       14     1979     9946     14843080322     14843090269           72116       7960       2000      10000          6
   0       14     2003     9992     14843090302     14843100294           82096       7956       2000      10000         31
   0       14     1979     9946     14843100323     14843110269           92117       7960       2000      10000          7
   0       14     1979     9996     14843110273     14843120269          102067       8010       2000      10000          7
   0       14     1979     9996     14843120273     14843130269          112066       8010       2000      10000          7
   0       14     1979     9953     14843130316     14843140269          122110       7967       2000      10000          7
   0       14     1979     9953     14843140316     14843150269          132110       7967       2000      10000          6
   0       14     1979    10023     14843150272     14843160295          142066       8010       2000      10000         32
   0       14     1979     9946     14843160322     14843170269          152116       7960       2000      10000          7
   0       14     1979     9996     14843170273     14843180269          162067       8010       2000      10000          7
   0       14     1979     9996     14843180272     14843190269          172066       8010       2000      10000          7
   0       14     2004     9968     14843190301     14843200269          182095       7957       2000      10000          7
   0       14     1999     9974     14843200295     14843210269          192089       7967       2000      10000          7
   0       14     2007     9967     14843210301     14843220269          202095       7953       2000      10000          7
   0       14     2003     9966     14843220302     14843230269          212096       7956       2000      10000          7
   0       14     1979     9997     14843230272     14843240269          222066       8010       2000      10000          7
   0       14     1979     9996     14843240273     14843250269          232067       8010       2000      10000          7
   0       14     1979     9996     14843250273     14843260269          242066       8010       2000      10000          7
   0       14     1979     9997     14843260273     14843270270          252066       8010       2000      10000          8
   0       14     1979     9995     14843270274     14843280269          262067       8009       2000      10000          7
   0       14     1979    10046     14843280272     14843290318          272066       8010       2000      10000         56
   0       14     1979     9990     14843290322     14843300312          282116       7960       2000      10000         50
   0       14     1979     9979     14843300316     14843310295          292109       7967       2000      10000         32
   0       14     2004    10007     14843310312     14843320318          302106       7946       2000      10000         56
   0       14     1979     9998     14843320322     14843330320          312116       7961       2000      10000         38
   0       14     1979     9991     14843330324     14843340315          322118       7959       2000      10000         53
   0       14     1979     9972     14843340345     14843350318          332139       7937       2000      10000         55
   0       14     1979     9947     14843350322     14843360269          342116       7961       2000      10000          7
   0       14     1979     9996     14843360273     14843370269          352066       8010       2000      10000          7
   0       14     1979     9946     14843370322     14843380269          362116       7960       2000      10000          7
   0       14     1979     9996     14843380272     14843390269          372066       8010       2000      10000          7
   0       14     1979    10046     14843390273     14843400319          382066       8010       2000      10000         56
   0       14     1979     9977     14843400322     14843410299          392116       7960       2000      10000         37
   0       14     1979     9994     14843410325     14843420318          402118       7958       2000      10000         56
   0       14     1979     9947     14843420322     14843430269          412116       7961       2000      10000          7
   0       14     2007     9966     14843430303     14843440269          422097       7952       2000      10000          7
   0       14     2008    10022     14843440295     14843450318          432089       7958       2000      10000         56
   0       14     1979     9997     14843450322     14843460318          442115       7961       2000      10000         56
   0       14     1979     9994     14843460322     14843470316          452116       7961       2000      10000         54
   0       14     1979     9979     14843470320     14843480299          462114       7963       2000      10000         36
   0       14     1979     9977     14843480321     14843490299          472115       7961       2000      10000         36
   0       14     1979     9989     14843490324     14843500313          482118       7959       2000      10000         51
   0       14     1979    10002     14843500317     14843510319          492111       7966       2000      10000         56
   0       14     1979     9947     14843510322     14843520269          502116       7960       2000      10000          7
   0       14     1979    10026     14843520273     14843530299          512066       8010       2000      10000         36
   0       14     1979     9997     14843530321     14843540318          522115       7961       2000      10000         56
   0       14     1979     9991     14843540322     14843550313          532116       7961       2000      10000         51
   0       14     1979     9952     14843550317     14843560269          542111       7966       2000      10000          7
   0       14     1979    10047     14843560272     14843570319          552066       8010       2000      10000         38
   0       14     1979     9991     14843570323     14843580314          562117       7959       2000      10000         52
   0       14     1979    10001     14843580318     14843590319          572112       7965       2000      10000         56
   0       14     1979     9946     14843590322     14843600269          582116       7960       2000      10000          6
   0       14     2001     9999     14843600299     14843610298          592093       7962       2000      10000         35
   0       14     1979     9996     14843610322     14843620319          602116       7960       2000      10000         56
   0       14     1979     9993     14843620322     14843630316          612116       7960       2000      10000         35
   0       14     1979     9992     14843630319     14843640312          622113       7963       2000      10000         50
   0       14     1979     9983     14843640316     14843650299          632109       7967       2000      10000         36
   0       14     1979     9993     14843650324     14843660317          642118       7959       2000      10000         36
   0       14     1979     9977     14843660321     14843670298          652115       7962       2000      10000         35
   0       14     1979     9932     14843670337     14843680269          662131       7946       2000      10000          7
   0       14     2005    10000     14843680298     14843690298          672092       7958       2000      10000         36
   0       14     1979     9965     14843690322     14843700287          682116       7961       2000      10000         24
   0       14     2002     9984     14843700305     14843710289          692099       7955       2000      10000         26
   0       14     1979     9978     14843710320     14843720298          702114       7963       2000      10000         35
   0       14     1979     9997     14843720323     14843730320          712116       7960       2000      10000         57
   0       14     1979     9975     14843730323     14843740299          722117       7959       2000      10000         36
   0       14     1979     9996     14843740321     14843750318          732115       7961       2000      10000         56
   0       14     1979     9947     14843750321     14843760269          742115       7961       2000      10000          7
   0       14     1979     9968     14843760301     14843770269          752095       7963       2000      10000          7
   0       14     2003    10018     14843770301     14843780319          762094       7958       2000      10000         56
   0       14     1979     9998     14843780322     14843790320          772116       7960       2000      10000         58
   0       14     1979     9994     14843790324     14843800318          782118       7959       2000      10000         55
   0       14     1979     9972     14843800321     14843810294          792115       7961       2000      10000         31
   0       14     2001    10005     14843810311     14843820316          802105       7950       2000      10000         53
   0       14     1979     9992     14843820319     14843830312          812113       7963       2000      10000         49
   0       14     1979     9957     14843830315     14843840272          822109       7967       2000      10000         10
   0       14     1980    10033     14843840276     14843850309          832070       8006       2000      10000         46
   0       14     1979     9962     14843850336     14843860299          842130       7946       2000      10000         36
   0       14     1979     9998     14843860322     14843870320          852116       7960       2000      10000         58
   0       14     1979     9945     14843870323     14843880269          862117       7959       2000      10000          7
   0       14     1979    10047     14843880273     14843890320          872066       8010       2000      10000         57
   0       14     1979     9992     14843890324     14843900316          882117       7959       2000      10000         53
   0       14     1979     9992     14843900319     14843910312          892113       7963       2000      10000         49
   0       14     1979     9954     14843910315     14843920269          902109       7967       2000      10000          7
   0       14     1979    10026     14843920273     14843930299          912067       8010       2000      10000         36
   0       14     1979     9990     14843930322     14843940312          922116       7961       2000      10000         49
   0       14     1979    10005     14843940315     14843950320          932109       7967       2000      10000         58
   0       14     1979     9988     14843950324     14843960312          942118       7959       2000      10000         49
   0       14     1979    10002     14843960315     14843970317          952109       7967       2000      10000         55
   0       14     1979     9995     14843970321     14843980316          962115       7962       2000      10000         53
   0       14     1979     9992     14843980319     14843990312          972113       7963       2000      10000         49
   0       14     1979     9954     14843990315     14844000269          982109       7967       2000      10000          7
   0       14     1979     9984     14844000285     14844010269          992078       7998       2000      10000          6
   0       14     1979    10040     14844010273     14844020312         1002066       8010       2000      10000         50
   0       14     1979    10004     14844020316     14844030320         1012110       7967       2000      10000         58
   0       14     1979     9987     14844030324     14844040312         1022118       7959       2000      10000         49
   0       14     1979     9982     14844040315     14844050297         1032109       7967       2000      10000         34
   0       14     1979     9992     14844050324     14844060316         1042117       7959       2000      10000         53
   0       14     1979     9998     14844060319     14844070318         1052113       7963       2000      10000         55
   0       14     1979     9948     14844070321     14844080269         1062115       7961       2000      10000          7
   0       14     1979    10039     14844080273     14844090312         1072067       8010       2000      10000         49
   0       14     1979    10002     14844090315     14844100317         1082109       7967       2000      10000         36
   0       14     1979     9990     14844100321     14844110312         1092115       7961       2000      10000         49
   0       14     1979     9980     14844110315     14844120295         1102109       7967       2000      10000         33
   0       14     1979     9994     14844120323     14844130317         1112117       7960       2000      10000         54
   0       14     1979     9996     14844130320     14844140317         1122114       7962       2000      10000         54
   0       14     1979     9998     14844140320     14844150318         1132114       7962       2000      10000         56
   0       14     1979     9947     14844150322     14844160269         1142116       7961       2000      10000          7
   0       14     2005    10010     14844160301     14844170312         1152095       7955       2000      10000         49
   0       14     1979     9996     14844170315     14844180311         1162109       7967       2000      10000         49
   0       14     1979    10005     14844180315     14844190320         1172109       7968       2000      10000         58
   0       14     1979     9945     14844190323     14844200269         1182117       7959       2000      10000          7
   0       14     1979    10039     14844200273     14844210312         1192066       8010       2000      10000         49
   0       14     1979    10001     14844210315     14844220317         1202109       7967       2000      10000         54
   0       14     1979     9998     14844220320     14844230318         1212114       7962       2000      10000         37
   0       14     1979     9947     14844230322     14844240269         1222116       7960       2000      10000          7
   0       14     2006    10016     14844240298     14844250313         1232092       7958       2000      10000         51
   0       14     1979     9995     14844250317     14844260312         1242111       7966       2000      10000         49
   0       14     1979     9996     14844260315     14844270312         1252109       7967       2000      10000         49
   0       14     1979     9983     14844270315     14844280298         1262109       7967       2000      10000         36
   0       14     1979     9995     14844280321     14844290316         1272115       7961       2000      10000         53
   0       14     1979     9997     14844290320     14844300316         1282113       7963       2000      10000         54
   0       14     1979     9992     14844300320     14844310312         1292114       7963       2000      10000         50
   0       14     1979     9953     14844310316     14844320269         1302109       7967       2000      10000          7
   0       14     2005    10011     14844320302     14844330313         1312096       7955       2000      10000         51
   0       14     1979     9942     14844330328     14844340269         1322122       7955       2000      10000          7
   0       14     1979    10026     14844340273     14844350299         1332067       8010       2000      10000         36
   0       14     1979     9976     14844350323     14844360299         1342117       7959       2000      10000         36
   0       14     1979     9994     14844360322     14844370315         1352115       7961       2000      10000         53
   0       14     1979     9977     14844370319     14844380296         1362113       7963       2000      10000         33
   0       14     1979     9997     14844380320     14844390317         1372114       7962       2000      10000         36
   0       14     1979     9947     14844390321     14844400269         1382115       7961       2000      10000          7
   0       14     1979    10021     14844400272     14844410293         1392066       8010       2000      10000         30
   0       14     1979     9976     14844410323     14844420299         1402116       7960       2000      10000         36
   0       14     1979     9947     14844420322     14844430269         1412116       7961       2000      10000          7
   0       14     2007     9996     14844430303     14844440299         1422097       7951       2000      10000         36
   0       14     1979     9995     14844440321     14844450316         1432115       7961       2000      10000         53
   0       14     1979     9996     14844450320     14844460316         1442114       7963       2000      10000         35
   0       14     1979     9949     14844460320     14844470269         1452113       7963       2000      10000          6
   0       14     2005     9971     14844470298     14844480269         1462092       7958       2000      10000          7
   0       14     1999     9969     14844480300     14844490269         1472094       7962       2000      10000          7
   0       14     2005     9972     14844490296     14844500269         1482090       7960       2000      10000          7
   0       14     2001     9970     14844500299     14844510269         1492093       7962       2000      10000          6
   0       14     2008     9974     14844510295     14844520269         1502089       7958       2000      10000          7
   0       14     1979     9996     14844520273     14844530269         1512067       8010       2000      10000          6
   0       14     2007     9971     14844530297     14844540269         1522091       7957       2000      10000          7
   0       14     1979     9996     14844540272     14844550269         1532066       8010       2000      10000          6
   0       14     2002     9966     14844550303     14844560269         1542096       7957       2000      10000          7
   0       14     2004     9971     14844560297     14844570269         1552091       7960       2000      10000          7
   0       14     1979     9946     14844570323     14844580269         1562117       7960       2000      10000          7
   0       14     1979     9996     14844580273     14844590269         1572066       8010       2000      10000          6
   0       14     1979     9997     14844590272     14844600269         1582066       8010       2000      10000          7
   0       14     1979     9996     14844600273     14844610269         1592067       8010       2000      10000          7
   0       14     1979     9997     14844610273     14844620270         1602066       8010       2000      10000          8
   0       14     1979    10020     14844620274     14844630294         1612067       8009       2000      10000         31
   0       14     2002     9958     14844630311     14844640269         1622105       7949       2000      10000          7
   0       14     2005    10016     14844640302     14844650318         1632096       7955       2000      10000         56
   0       14     1979     9976     14844650322     14844660298         1642116       7961       2000      10000         35
   0       14     1979     9954     14844660333     14844670287         1652127       7950       2000      10000          7
   0       14     1979     9974     14844670324     14844680298         1662118       7958       2000      10000         35
   0       14     1979     9989     14844680323     14844690312         1672116       7960       2000      10000         49
   0       14     1979     9976     14844690315     14844700291         1682109       7967       2000      10000         28
   0       14     1979     9992     14844700320     14844710312         1692114       7963       2000      10000         50
   0       14     1979     9953     14844710316     14844720269         1702110       7967       2000      10000          6
   0       14     1979    10046     14844720272     14844730318         1712066       8010       2000      10000         36
   0       14     1979     9996     14844730322     14844740318         1722116       7960       2000      10000         56
   0       14     1979     9977     14844740322     14844750299         1732115       7961       2000      10000         36
   0       14     1979     9995     14844750325     14844760319         1742118       7958       2000      10000         57
   0       14     1979     9995     14844760323     14844770318         1752117       7960       2000      10000         36
   0       14     1979     9997     14844770322     14844780319         1762116       7961       2000      10000         57
   0       14     1979     9995     14844780323     14844790318         1772117       7959       2000      10000         56
   0       14     1979     9947     14844790322     14844800269         1782116       7960       2000      10000          6
   0       14     2005     9997     14844800301     14844810299         1792095       7955       2000      10000         36
   0       14     1979     9991     14844810322     14844820312         1802116       7961       2000      10000         50
   0       14     1979    10004     14844820316     14844830320         1812110       7967       2000      10000         58
   0       14     1979     9948     14844830324     14844840272         1822118       7959       2000      10000          9
   0       14     1981    10037     14844840275     14844850313         1832069       8005       2000      10000         50
   0       14     1979     9982     14844850316     14844860299         1842110       7966       2000      10000         36
   0       14     1979     9994     14844860325     14844870319         1852119       7958       2000      10000         56
   0       14     1979     9947     14844870322     14844880269         1862116       7960       2000      10000          7
   0       14     1979    10039     14844880273     14844890311         1872067       8010       2000      10000         49
   0       14     1979     9984     14844890315     14844900299         1882109       7968       2000      10000         36
   0       14     1979     9971     14844900322     14844910293         1892116       7961       2000      10000         31
   0       14     2001     9959     14844910310     14844920269         1902104       7950       2000      10000          7
   0       14     1979     9946     14844920323     14844930269         1912116       7960       2000      10000          6
   0       14     1979    10040     14844930272     14844940312         1922066       8010       2000      10000         50
   0       14     1979     9975     14844940316     14844950291         1932110       7967       2000      10000         29
   0       14     1979     9947     14844950322     14844960269         1942116       7961       2000      10000          7
   0       14     1979    10043     14844960273     14844970316         1952066       8010       2000      10000         54
   0       14     1979     9998     14844970320     14844980318         1962113       7963       2000      10000         55
   0       14     1979     9978     14844980321     14844990299         1972115       7961       2000      10000         36
   0       14     1979     9970     14844990343     14845000313         1982137       7939       2000      10000         51
   0       14     1979     9974     14845000317     14845010291         1992111       7966       2000      10000         28
   0       14     1979     9998     14845010322     14845020320         2002116       7961       2000      10000         57
   0       14     1979     9995     14845020323     14845030318         2012117       7959       2000      10000         37
   0       14     1979     9994     14845030322     14845040316         2022116       7960       2000      10000         54
   0       14     1979     9993     14845040320     14845050313         2032114       7963       2000      10000         50
   0       14     1979    10003     14845050316     14845060319         2042110       7966       2000      10000         57
   0       14     1979     9976     14845060323     14845070299         2052117       7960       2000      10000         36
   0       14     1979     9990     14845070323     14845080313         2062117       7959       2000      10000         51
   0       14     1979     9980     14845080317     14845090297         2072111       7966       2000      10000         35
   0       14     1979     9976     14845090323     14845100299         2082117       7959       2000      10000         36
   0       14     1979     9994     14845100324     14845110318         2092118       7959       2000      10000         37
   0       14     1979     9995     14845110322     14845120316         2102115       7961       2000      10000         54
   0       14     1979     9996     14845120320     14845130316         2112114       7963       2000      10000         54
   0       14     1979     9992     14845130320     14845140312         2122113       7963       2000      10000         50
   0       14     1979    10004     14845140316     14845150320         2132110       7967       2000      10000         57
   0       14     1979     9947     14845150323     14845160270         2142117       7959       2000      10000          7
   0       14     1979    10021     14845160274     14845170294         2152068       8009       2000      10000         32
   0       14     1999    10009     14845170311     14845180320         2162105       7951       2000      10000         58
   0       14     1979     9988     14845180324     14845190312         2172118       7959       2000      10000         49
   0       14     1979    10001     14845190315     14845200316         2182109       7967       2000      10000         54
   0       14     1979     9992     14845200320     14845210312         2192114       7963       2000      10000         49
   0       14     1979    10002     14845210315     14845220318         2202109       7967       2000      10000         55
   0       14     1979     9999     14845220322     14845230320         2212115       7961       2000      10000         58
   0       14     1979     9988     14845230324     14845240312         2222118       7959       2000      10000         50
   0       14     1979     9953     14845240316     14845250269         2232110       7967       2000      10000          7
   0       14     2009    10010     14845250302     14845260312         2242096       7951       2000      10000         49
   0       14     1979    10002     14845260315     14845270318         2252109       7967       2000      10000         55
   0       14     1979     9995     14845270321     14845280316         2262115       7961       2000      10000         54
   0       14     1979     9978     14845280320     14845290298         2272114       7963       2000      10000         35
   0       14     1979     9992     14845290326     14845300318         2282120       7957       2000      10000         37
   0       14     1979     9989     14845300322     14845310312         2292116       7960       2000      10000         49
   0       14     1979     9997     14845310315     14845320313         2302109       7967       2000      10000         50
   0       14     1979     9991     14845320327     14845330318         2312121       7955       2000      10000         37
   0       14     1979     9997     14845330322     14845340320         2322116       7960       2000      10000         57
   0       14     1979     9994     14845340324     14845350318         2332118       7959       2000      10000         56
   0       14     1979     9995     14845350322     14845360316         2342116       7961       2000      10000         54
   0       14     1979     9992     14845360320     14845370312         2352114       7963       2000      10000         50
   0       14     1979     9996     14845370316     14845380312         2362110       7967       2000      10000         50
   0       14     1979    10004     14845380316     14845390320         2372110       7967       2000      10000         57
   0       14     1979     9991     14845390324     14845400314         2382118       7959       2000      10000         52
   0       14     1979     9994     14845400318     14845410312         2392112       7965       2000      10000         49
   0       14     1979     9979     14845410315     14845420294         2402109       7967       2000      10000         31
   0       14     1979     9988     14845420324     14845430312         2412118       7958       2000      10000         50
   0       14     1979     9953     14845430316     14845440269         2422109       7967       2000      10000          7
   0       14     2006     9995     14845440302     14845450297         2432096       7953       2000      10000         34
   0       14     1979     9992     14845450325     14845460317         2442119       7957       2000      10000         55
   0       14     1979     9990     14845460321     14845470311         2452115       7962       2000      10000         49
   0       14     1979     9954     14845470315     14845480269         2462109       7968       2000      10000          7
   0       14     1979    10046     14845480273     14845490318         2472067       8010       2000      10000         36
   0       14     1979     9977     14845490322     14845500299         2482116       7960       2000      10000         36
   0       14     1979     9987     14845500324     14845510312         2492118       7959       2000      10000         49
   0       14     1979     9997     14845510315     14845520312         2502109       7967       2000      10000         50
   0       14     1979     9996     14845520316     14845530312         2512110       7967       2000      10000         50
   0       14     1979    10002     14845530316     14845540317         2522109       7967       2000      10000         36
   0       14     1979     9978     14845540321     14845550299         2532115       7961       2000      10000         36
   0       14     1979     9945     14845550324     14845560269         2542118       7958       2000      10000          7
   0       14     1979     9996     14845560273     14845570269         2552066       8010       2000      10000          7
   0       14     1979     9996     14845570273     14845580269         2562066       8010       2000      10000          7
   0       14     2000     9970     14845580299     14845590269         2572093       7962       2000      10000          7
   0       14     1979     9998     14845590272     14845600271         2582066       8010       2000      10000          9
   0       14     1981    10039     14845600275     14845610313         2592068       8007       2000      10000         51
   0       14     1979     9952     14845610317     14845620269         2602111       7966       2000      10000          7
   0       14     2007    10009     14845620304     14845630312         2612098       7950       2000      10000         50
   0       14     1979     9998     14845630316     14845640314         2622110       7967       2000      10000         52
   0       14     1979     9978     14845640318     14845650296         2632112       7965       2000      10000         33
   0       14     1979     9983     14845650338     14845660321         2642132       7945       2000      10000         58
   0       14     1979     9987     14845660324     14845670311         2652118       7958       2000      10000         49
   0       14     1979    10003     14845670315     14845680318         2662109       7967       2000      10000         37
   0       14     1979     9974     14845680322     14845690296         2672116       7960       2000      10000         34
   0       14     1979     9948     14845690320     14845700269         2682114       7962       2000      10000          7
   0       14     2010     9996     14845700302     14845710297         2692095       7950       2000      10000         35
   0       14     1979     9990     14845710323     14845720313         2702117       7959       2000      10000         51
   0       14     1979     9980     14845720317     14845730297         2712111       7966       2000      10000         34
   0       14     1979     9976     14845730322     14845740299         2722116       7960       2000      10000         36
   0       14     1979     9970     14845740324     14845750294         2732118       7959       2000      10000         31
   0       14     1979     9976     14845750322     14845760298         2742116       7960       2000      10000         35
   0       14     1979     9977     14845760322     14845770299         2752116       7960       2000      10000         36
   0       14     1979     9972     14845770324     14845780296         2762118       7959       2000      10000         33
   0       14     1979     9977     14845780322     14845790300         2772116       7960       2000      10000         37
   0       14     1979     9944     14845790325     14845800269         2782119       7958       2000      10000          7
   0       14     1979     9996     14845800273     14845810269         2792067       8010       2000      10000          6
   0       14     1979     9996     14845810272     14845820269         2802066       8010       2000      10000          6
   0       14     2004     9967     14845820301     14845830269         2812095       7956       2000      10000          6
   0       14     2010     9968     14845830301     14845840269         2822095       7951       2000      10000          6
   0       14     1980     9997     14845840272     14845850270         2832066       8009       2000      10000          7
   0       14     1979     9995     14845850274     14845860269         2842067       8009       2000      10000          7
   0       14     1979     9996     14845860273     14845870269         2852066       8010       2000      10000          6
   0       14     1979    10024     14845870272     14845880296         2862066       8010       2000      10000         34
   0       14     1979     9946     14845880323     14845890269         2872117       7960       2000      10000          7
   0       14     2006     9967     14845890302     14845900269         2882096       7954       2000      10000          7
   0       14     1979     9996     14845900273     14845910269         2892066       8010       2000      10000          7
   0       14     1979     9996     14845910273     14845920269         2902066       8010       2000      10000          7
   0       14     2007     9968     14845920301     14845930269         2912095       7953       2000      10000          7
   0       14     1979     9996     14845930273     14845940269         2922066       8010       2000      10000          6
   0       14     1979     9997     14845940272     14845950269         2932066       8010       2000      10000          7
   0       14     1979     9996     14845950273     14845960269         2942067       8010       2000      10000          7
   0       14     1979     9996     14845960273     14845970268         2952067       8010       2000      10000          6
   0       14     1979    10048     14845970272     14845980320         2962066       8011       2000      10000         38
   0       14     1979     9976     14845980337     14845990313         2972131       7945       2000      10000         51
   0       14     1979     9995     14845990317     14846000312         2982111       7966       2000      10000         49
   0       14     1979     9984     14846000315     14846010299         2992109       7967       2000      10000         37
   0       14     1979     9987     14846010324     14846020312         3002118       7958       2000      10000         49
   0       14     1979    10000     14846020315     14846030316         3012109       7967       2000      10000         54
   0       14     1979     9993     14846030320     14846040313         3022113       7963       2000      10000         50
   0       14     1979    10002     14846040316     14846050318         3032110       7966       2000      10000         56
   0       14     1979     9989     14846050322     14846060311         3042116       7961       2000      10000         49
   0       14     1979     9998     14846060315     14846070313         3052109       7968       2000      10000         51
   0       14     1979     9995     14846070317     14846080312         3062110       7966       2000      10000         49
   0       14     1979     9981     14846080315     14846090296         3072109       7967       2000      10000         34
   0       14     1979     9974     14846090324     14846100298         3082118       7958       2000      10000         35
   0       14     1979     9994     14846100322     14846110316         3092116       7961       2000      10000         54
   0       14     1979     9997     14846110320     14846120317         3102114       7963       2000      10000         54
   0       14     1979     9991     14846120320     14846130311         3112114       7962       2000      10000         49
   0       14     1979    10004     14846130315     14846140319         3122109       7968       2000      10000         57
   0       14     1979     9989     14846140323     14846150313         3132117       7959       2000      10000         50
   0       14     1979    10002     14846150316     14846160318         3142110       7966       2000      10000         56
   0       14     1979     9997     14846160322     14846170319         3152116       7961       2000      10000         57
   0       14     1979     9975     14846170323     14846180298         3162117       7959       2000      10000         35
   0       14     1979     9946     14846180322     14846190269         3172116       7960       2000      10000          7
   0       14     1979    10044     14846190273     14846200316         3182066       8010       2000      10000         54
   0       14     1979     9998     14846200320     14846210318         3192114       7963       2000      10000         55
   0       14     1979     9999     14846210321     14846220320         3202115       7961       2000      10000         58
   0       14     1979     9989     14846220324     14846230313         3212118       7959       2000      10000         51
   0       14     1979     9995     14846230317     14846240311         3222111       7966       2000      10000         49
   0       14     1979     9983     14846240315     14846250298         3232109       7968       2000      10000         35
   0       14     1979     9968     14846250323     14846260291         3242117       7959       2000      10000         28
   0       14     1979     9989     14846260323     14846270312         3252117       7960       2000      10000         50
   0       14     1979    10001     14846270316     14846280316         3262110       7967       2000      10000         54
   0       14     1979     9949     14846280320     14846290269         3272114       7963       2000      10000          7
   0       14     1979    10039     14846290273     14846300311         3282066       8010       2000      10000         49
   0       14     1979     9998     14846300315     14846310313         3292109       7968       2000      10000         51
   0       14     1979     9984     14846310327     14846320311         3302121       7955       2000      10000         49
   0       14     1979    10005     14846320315     14846330320         3312109       7968       2000      10000         58
   0       14     1979     9994     14846330324     14846340318         3322118       7959       2000      10000         56
   0       14     1979     9996     14846340322     14846350318         3332116       7961       2000      10000         56
   0       14     1979     9995     14846350322     14846360316         3342116       7961       2000      10000         54
   0       14     1979     9998     14846360320     14846370318         3352114       7963       2000      10000         36
   0       14     1979     9998     14846370322     14846380320         3362116       7961       2000      10000         57
   0       14     1979     9971     14846380324     14846390295         3372118       7959       2000      10000         32
   0       14     2001    10006     14846390312     14846400318         3382105       7949       2000      10000         56
   0       14     1979     9990     14846400322     14846410312         3392116       7961       2000      10000         49
   0       14     1979    10003     14846410315     14846420318         3402109       7967       2000      10000         56
   0       14     1979     9994     14846420322     14846430316         3412116       7961       2000      10000         54
   0       14     1979     9949     14846430320     14846440269         3422114       7963       2000      10000          7
   0       14     1979    10046     14846440273     14846450319         3432066       8010       2000      10000         56
   0       14     1979     9975     14846450322     14846460297         3442116       7960       2000      10000         34
   0       14     1979     9988     14846460323     14846470311         3452117       7959       2000      10000         49
   0       14     1979     9954     14846470315     14846480269         3462109       7968       2000      10000          7
   0       14     2000    10020     14846480300     14846490320         3472094       7961       2000      10000         38
   0       14     1979     9994     14846490324     14846500318         3482118       7959       2000      10000         55
   0       14     1979     9990     14846500321     14846510311         3492115       7961       2000      10000         49
   0       14     1979    10006     14846510315     14846520321         3502109       7968       2000      10000         58
   0       14     1979     9994     14846520324     14846530318         3512118       7958       2000      10000         56
   0       14     1979     9998     14846530322     14846540320         3522116       7961       2000      10000         58
   0       14     1979     9988     14846540324     14846550312         3532117       7959       2000      10000         49
   0       14     1979    10003     14846550315     14846560318         3542109       7967       2000      10000         56
   0       14     1979     9975     14846560322     14846570297         3552116       7961       2000      10000         34
   0       14     1979     9972     14846570324     14846580296         3562118       7958       2000      10000         33
   0       14     1979     9996     14846580323     14846590318         3572117       7960       2000      10000         56
   0       14     1979     9970     14846590322     14846600292         3582116       7961       2000      10000         29
   0       14     1979     9949     14846600320     14846610269         3592114       7963       2000      10000          7
   0       14     2004     9994     14846610299     14846620293         3602093       7958       2000      10000         31
   0       14     2001    10002     14846620310     14846630312         3612104       7950       2000      10000         49
   0       14     1979     9984     14846630315     14846640299         3622109       7967       2000      10000         36
   0       14     1979     9966     14846640333     14846650299         3632127       7950       2000      10000         36
   0       14     1979     9975     14846650324     14846660299         3642118       7959       2000      10000         36
   0       14     1979     9997     14846660321     14846670318         3652115       7961       2000      10000         36
   0       14     1979     9991     14846670322     14846680313         3662116       7961       2000      10000         50
   0       14     1979    10001     14846680316     14846690318         3672110       7966       2000      10000         56
   0       14     1979     9970     14846690322     14846700291         3682115       7961       2000      10000         28
   0       14     1979     9987     14846700324     14846710312         3692118       7958       2000      10000         50
   0       14     1979    10002     14846710316     14846720318         3702109       7967       2000      10000         56
   0       14     1979     9977     14846720322     14846730299         3712115       7961       2000      10000         36
   0       14     1979     9995     14846730324     14846740319         3722118       7959       2000      10000         57
   0       14     1979     9975     14846740323     14846750298         3732117       7960       2000      10000         35
   0       14     1979     9946     14846750323     14846760269         3742116       7960       2000      10000          7
   0       14     1979    10045     14846760273     14846770318         3752067       8010       2000      10000         55
   0       14     1979     9990     14846770321     14846780312         3762115       7961       2000      10000         49
   0       14     1979     9997     14846780315     14846790312         3772109       7967       2000      10000         50
   0       14     1979     9982     14846790316     14846800298         3782110       7967       2000      10000         35
   0       14     1979     9973     14846800322     14846810296         3792116       7960       2000      10000         33
   0       14     2001    10007     14846810312     14846820319         3802106       7948       2000      10000         56
   0       14     1979     9946     14846820323     14846830269         3812116       7960       2000      10000          7
   0       14     2007    10022     14846830298     14846840320         3822092       7956       2000      10000         57
   0       14     1981     9985     14846840323     14846850308         3832117       7957       2000      10000         45
   0       14     1979     9974     14846850338     14846860311         3842132       7945       2000      10000         49
   0       14     1979     9981     14846860315     14846870296         3852109       7967       2000      10000         33
   0       14     1979     9975     14846870322     14846880298         3862116       7960       2000      10000         35
   0       14     1979     9946     14846880322     14846890269         3872116       7960       2000      10000          7
   0       14     1979    10039     14846890272     14846900312         3882066       8010       2000      10000         49
   0       14     1979     9996     14846900315     14846910312         3892109       7967       2000      10000         49
   0       14     1979    10005     14846910315     14846920320         3902109       7967       2000      10000         58
   0       14     1979     9945     14846920323     14846930269         3912117       7959       2000      10000          7
   0       14     2003     9989     14846930299     14846940288         3922093       7959       2000      10000         25
   0       14     1979     9946     14846940323     14846950269         3932117       7959       2000      10000          7
   0       14     1979    10039     14846950273     14846960312         3942067       8010       2000      10000         50
   0       14     1979     9953     14846960316     14846970269         3952109       7967       2000      10000          7
   0       14     1979     9976     14846970336     14846980312         3962130       7947       2000      10000         50
   0       14     1979     9996     14846980316     14846990311         3972109       7967       2000      10000         49
   0       14     1979     9954     14846990315     14847000269         3982109       7968       2000      10000          7
   0       14     1999    10019     14847000299     14847010318         3992093       7963       2000      10000         55
   0       14     1979     9948     14847010321     14847020269         4002115       7961       2000      10000          7
   0       14     1979    10040     14847020273     14847030313         4012067       8010       2000      10000         51
   0       14     1979     9972     14847030317     14847040289         4022111       7966       2000      10000         25
   0       14     1979     9977     14847040322     14847050299         4032116       7960       2000      10000         37
   0       14     1979     9970     14847050324     14847060294         4042118       7959       2000      10000         31
   0       14     2001     9988     14847060311     14847070299         4052105       7950       2000      10000         36
   0       14     1979     9948     14847070321     14847080269         4062115       7961       2000      10000          7
   0       14     1979    10039     14847080273     14847090311         4072067       8010       2000      10000         49
   0       14     1979     9954     14847090315     14847100269         4082109       7968       2000      10000          6
   0       14     2008     9993     14847100303     14847110297         4092097       7950       2000      10000         34
   0       14     1979     9975     14847110324     14847120298         4102118       7959       2000      10000         36
   0       14     1979     9974     14847120322     14847130296         4112116       7961       2000      10000         33
   0       14     1979     9987     14847130324     14847140312         4122118       7958       2000      10000         49
   0       14     1979     9983     14847140315     14847150299         4132109       7967       2000      10000         36
   0       14     1979     9976     14847150322     14847160298         4142116       7961       2000      10000         36
   0       14     1979     9945     14847160324     14847170269         4152118       7958       2000      10000          7
   0       14     2004     9967     14847170302     14847180269         4162096       7956       2000      10000          6
   0       14     2004     9966     14847180303     14847190269         4172097       7954       2000      10000          7
   0       14     2003     9968     14847190301     14847200269         4182095       7958       2000      10000          7
   0       14     1979     9947     14847200322     14847210269         4192116       7961       2000      10000          6
   0       14     2004     9966     14847210303     14847220269         4202097       7955       2000      10000          6
   0       14     2000     9966     14847220303     14847230269         4212097       7959       2000      10000          7
   0       14     2007     9985     14847230301     14847240287         4222095       7953       2000      10000          6
   0       14     1979     9948     14847240321     14847250269         4232114       7962       2000      10000          7
   0       14     1979     9996     14847250273     14847260269         4242066       8010       2000      10000          7
   0       14     1979     9996     14847260272     14847270269         4252066       8010       2000      10000          7
   0       14     2009     9973     14847270295     14847280269         4262089       7957       2000      10000          6
   0       14     1979     9947     14847280322     14847290269         4272116       7960       2000      10000          7
   0       14     2001     9969     14847290300     14847300269         4282094       7960       2000      10000          7
   0       14     1979     9986     14847300283     14847310269         4292077       7999       2000      10000          7
   0       14     1979     9996     14847310273     14847320269         4302067       8010       2000      10000          7
   0       14     1979     9996     14847320273     14847330269         4312067       8010       2000      10000          6
   0       14     1979    10046     14847330272     14847340318         4322066       8010       2000      10000         56
   0       14     1979     9990     14847340322     14847350312         4332116       7961       2000      10000         50
   0       14     1979    10002     14847350316     14847360317         4342109       7967       2000      10000         36
   0       14     1979     9990     14847360321     14847370312         4352115       7961       2000      10000         49
   0       14     1979     9999     14847370315     14847380315         4362109       7967       2000      10000         52
   0       14     1979    10000     14847380318     14847390318         4372112       7965       2000      10000         56
   0       14     1979     9977     14847390322     14847400299         4382116       7961       2000      10000         36
   0       14     1979     9973     14847400324     14847410297         4392118       7959       2000      10000         34
   0       14     1979     9975     14847410322     14847420297         4402116       7960       2000      10000         34
   0       14     2001     9980     14847420314     14847430294         4412107       7947       2000      10000         31
   0       14     2008     9988     14847430310     14847440298         4422104       7943       2000      10000         36
   0       14     1979     9971     14847440322     14847450293         4432116       7961       2000      10000         31
   0       14     1979     9990     14847450324     14847460314         4442118       7958       2000      10000         52
   0       14     1979     9977     14847460318     14847470295         4452112       7965       2000      10000         33
   0       14     1979     9976     14847470323     14847480299         4462116       7960       2000      10000         36
   0       14     1979     9975     14847480324     14847490299         4472118       7959       2000      10000         36
   0       14     1979     9973     14847490322     14847500295         4482116       7961       2000      10000         32
   0       14     2001    10005     14847500311     14847510316         4492105       7949       2000      10000         53
   0       14     1979     9970     14847510319     14847520289         4502113       7963       2000      10000         25
   0       14     1979     9974     14847520323     14847530296         4512116       7960       2000      10000         34
   0       14     1979     9987     14847530325     14847540311         4522118       7958       2000      10000         49
   0       14     1979     9978     14847540315     14847550293         4532109       7968       2000      10000         30
   0       14     1979     9947     14847550322     14847560269         4542116       7961       2000      10000          7
   0       14     2004     9973     14847560296     14847570269         4552090       7962       2000      10000          6
   0       14     1979     9996     14847570316     14847580312         4562109       7967       2000      10000         49
   0       14     1979    10004     14847580315     14847590319         4572109       7967       2000      10000         57
   0       14     1979     9946     14847590323     14847600269         4582117       7960       2000      10000          7
   0       14     2002    10017     14847600303     14847610320         4592096       7956       2000      10000         57
   0       14     1979     9994     14847610323     14847620317         4602117       7959       2000      10000         36
   0       14     1979     9996     14847620321     14847630317         4612115       7962       2000      10000         36
   0       14     1979     9987     14847630332     14847640320         4622126       7950       2000      10000         57
   0       14     1979     9988     14847640323     14847650311         4632117       7959       2000      10000         49
   0       14     1979     9996     14847650315     14847660312         4642109       7968       2000      10000         49
   0       14     1979     9998     14847660315     14847670313         4652109       7967       2000      10000         51
   0       14     1979     9979     14847670317     14847680296         4662111       7966       2000      10000         33
   0       14     1979     9977     14847680322     14847690299         4672116       7960       2000      10000         36
   0       14     1979     9975     14847690324     14847700299         4682118       7959       2000      10000         36
   0       14     1979     9997     14847700321     14847710319         4692115       7961       2000      10000         56
   0       14     1979     9946     14847710322     14847720269         4702116       7960       2000      10000          6
   0       14     1979    10027     14847720272     14847730299         4712066       8010       2000      10000         36
   0       14     1979     9997     14847730322     14847740319         4722115       7961       2000      10000         56
   0       14     1979     9990     14847740322     14847750313         4732116       7960       2000      10000         50
   0       14     1979    10002     14847750316     14847760318         4742110       7966       2000      10000         36
   0       14     1979     9978     14847760322     14847770300         4752116       7961       2000      10000         37
   0       14     1979     9988     14847770324     14847780312         4762118       7958       2000      10000         50
   0       14     1979     9983     14847780316     14847790299         4772110       7967       2000      10000         36
   0       14     1979     9989     14847790322     14847800311         4782116       7960       2000      10000         49
   0       14     1979     9997     14847800315     14847810312         4792109       7968       2000      10000         50
   0       14     1979     9981     14847810316     14847820297         4802110       7967       2000      10000         34
   0       14     1979     9973     14847820322     14847830295         4812116       7960       2000      10000         32
   0       14     1979     9978     14847830320     14847840297         4822114       7963       2000      10000         35
   0       14     1982     9985     14847840322     14847850308         4832116       7958       2000      10000         45
   0       14     1979     9976     14847850336     14847860312         4842130       7946       2000      10000         50
   0       14     1979     9980     14847860316     14847870296         4852110       7967       2000      10000         33
   0       14     1979     9989     14847870323     14847880312         4862116       7960       2000      10000         50
   0       14     1979     9953     14847880315     14847890269         4872109       7967       2000      10000          7
   0       14     1979     9997     14847890273     14847900269         4882066       8010       2000      10000          7
   0       14     1979    10046     14847900273     14847910319         4892067       8010       2000      10000         38
   0       14     1979     9976     14847910323     14847920299         4902117       7960       2000      10000         36
   0       14     1979     9977     14847920322     14847930299         4912116       7960       2000      10000         37
   0       14     1979     9973     14847930324     14847940297         4922118       7958       2000      10000         34
   0       14     1979     9995     14847940323     14847950318         4932117       7960       2000      10000         56
   0       14     1979     9990     14847950322     14847960312         4942116       7961       2000      10000         50
   0       14     1979     9963     14847960328     14847970291         4952122       7955       2000      10000         28
   0       14     1979     9995     14847970323     14847980318         4962117       7960       2000      10000         56
   0       14     1979     9999     14847980322     14847990320         4972116       7961       2000      10000         58
   0       14     1979     9988     14847990324     14848000312         4982118       7959       2000      10000         49
   0       14     1979    10001     14848000315     14848010316         4992109       7967       2000      10000         54
   0       14     1979     9992     14848010320     14848020313         5002114       7962       2000      10000         50
   0       14     1979     9995     14848020316     14848030312         5012110       7966       2000      10000         49
   0       14     1979     9955     14848030315     14848040270         5022109       7967       2000      10000          8
   0       14     1979    10037     14848040274     14848050311         5032068       8009       2000      10000         49
   0       14     1979     9980     14848050315     14848060294         5042109       7968       2000      10000         32
   0       14     1999     9987     14848060311     14848070298         5052105       7952       2000      10000         36
   0       14     1979     9945     14848070324     14848080269         5062118       7959       2000      10000          7
   0       14     1979    10044     14848080273     14848090316         5072067       8010       2000      10000         54
   0       14     1979     9979     14848090320     14848100299         5082114       7963       2000      10000         36
   0       14     1979     9993     14848100325     14848110318         5092118       7958       2000      10000         55
   0       14     1979     9999     14848110321     14848120320         5102115       7961       2000      10000         58
   0       14     1979     9990     14848120324     14848130314         5112118       7959       2000      10000         51
   0       14     1979    10001     14848130317     14848140319         5122111       7965       2000      10000         56
   0       14     1979     9997     14848140322     14848150319         5132116       7960       2000      10000         57
   0       14     1979     9988     14848150323     14848160311         5142117       7959       2000      10000         49
   0       14     1979    10001     14848160315     14848170316         5152109       7968       2000      10000         54
   0       14     1979     9995     14848170320     14848180315         5162114       7963       2000      10000         53
   0       14     1979     9980     14848180319     14848190299         5172113       7964       2000      10000         36
   0       14     1979     9999     14848190321     14848200320         5182115       7962       2000      10000         58
   0       14     1979     9945     14848200324     14848210269         5192118       7958       2000      10000          7
   0       14     2003    10017     14848210301     14848220318         5202094       7958       2000      10000         55
   0       14     1979     9999     14848220321     14848230320         5212115       7961       2000      10000         58
   0       14     1979     9995     14848230324     14848240319         5222118       7958       2000      10000         56
   0       14     1979     9967     14848240322     14848250289         5232116       7960       2000      10000         25
   0       14     1979     9993     14848250323     14848260316         5242117       7959       2000      10000         54
   0       14     1979     9949     14848260320     14848270269         5252114       7963       2000      10000          7
   0       14     1979     9989     14848270323     14848280311         5262117       7960       2000      10000         49
   0       14     1979     9979     14848280315     14848290295         5272109       7968       2000      10000         32
   0       14     1979     9924     14848290344     14848300269         5282138       7938       2000      10000          7
   0       14     2007    10008     14848300304     14848310312         5292097       7951       2000      10000         50
   0       14     1979     9979     14848310316     14848320294         5302109       7967       2000      10000         31
   0       14     1999    10001     14848320311     14848330312         5312105       7951       2000      10000         49
   0       14     1979    10001     14848330315     14848340316         5322109       7967       2000      10000         54
   0       14     1979     9998     14848340320     14848350318         5332114       7963       2000      10000         36
   0       14     1979     9947     14848350322     14848360269         5342116       7961       2000      10000          7
   0       14     1979     9996     14848360273     14848370269         5352066       8010       2000      10000          7
   0       14     2003     9995     14848370300     14848380296         5362094       7958       2000      10000         33
   0       14     1979     9990     14848380322     14848390312         5372116       7961       2000      10000         49
   0       14     1979     9983     14848390315     14848400299         5382109       7967       2000      10000         36
   0       14     1979     9976     14848400321     14848410297         5392115       7961       2000      10000         34
   0       14     1979     9973     14848410321     14848420294         5402115       7962       2000      10000         31
   0       14     1979     9978     14848420320     14848430299         5412114       7962       2000      10000         36
   0       14     1979     9972     14848430321     14848440293         5422115       7961       2000      10000         30
   0       14     1979     9990     14848440324     14848450313         5432118       7959       2000      10000         51
   0       14     1979    10001     14848450317     14848460318         5442111       7966       2000      10000         56
   0       14     1979     9990     14848460322     14848470312         5452116       7961       2000      10000         50
   0       14     1979     9983     14848470316     14848480299         5462109       7967       2000      10000         36
   0       14     1979     9993     14848480323     14848490316         5472116       7960       2000      10000         53
   0       14     1979     9996     14848490320     14848500316         5482113       7963       2000      10000         54
   0       14     1979     9949     14848500320     14848510269         5492114       7963       2000      10000          6
   0       14     1979     9996     14848510272     14848520269         5502066       8010       2000      10000          7
   0       14     1979     9996     14848520272     14848530269         5512066       8010       2000      10000          6
   0       14     2008     9974     14848530295     14848540269         5522089       7959       2000      10000          6
   0       14     1979     9996     14848540272     14848550269         5532066       8010       2000      10000          7
   0       14     1999     9965     14848550304     14848560269         5542098       7958       2000      10000          7
   0       14     1979     9996     14848560273     14848570269         5552067       8010       2000      10000          6
   0       14     2008     9972     14848570296     14848580269         5562090       7957       2000      10000          7
   0       14     2003     9969     14848580300     14848590269         5572094       7959       2000      10000          7
   0       14     2007     9973     14848590296     14848600269         5582090       7958       2000      10000          7
   0       14     2008     9966     14848600302     14848610269         5592096       7951       2000      10000          7
   0       14     2009     9976     14848610292     14848620269         5602086       7960       2000      10000          7
   0       14     1979     9986     14848620283     14848630269         5612077       8000       2000      10000          7
   0       14     2015     9966     14848630303     14848640269         5622097       7943       2000      10000          7
   0       14     2007     9974     14848640295     14848650269         5632089       7960       2000      10000          7
   0       14     1979     9996     14848650272     14848660269         5642066       8010       2000      10000          7
   0       14     1979     9996     14848660273     14848670269         5652066       8010       2000      10000          7
   0       14     1979     9996     14848670273     14848680269         5662066       8010       2000      10000          7
   0       14     1979     9996     14848680273     14848690269         5672067       8010       2000      10000          7
   0       14     1979    10039     14848690273     14848700312         5682067       8010       2000      10000         50
   0       14     1979     9996     14848700316     14848710311         5692110       7967       2000      10000         49
   0       14     1979     9996     14848710315     14848720311         5702109       7968       2000      10000         49
   0       14     1979     9984     14848720315     14848730299         5712109       7968       2000      10000         36
   0       14     1979     9991     14848730321     14848740312         5722115       7961       2000      10000         50
   0       14     1979     9983     14848740316     14848750299         5732110       7967       2000      10000         36
   0       14     1979     9969     14848750322     14848760291         5742116       7960       2000      10000         28
   0       14     1979     9988     14848760324     14848770312         5752118       7959       2000      10000         50
   0       14     1979     9996     14848770316     14848780311         5762109       7967       2000      10000         49
   0       14     1979     9984     14848780315     14848790299         5772109       7968       2000      10000         36
   0       14     1979     9988     14848790324     14848800312         5782118       7959       2000      10000         50
   0       14     1979     9980     14848800315     14848810296         5792109       7967       2000      10000         33
   0       14     1979     9998     14848810322     14848820320         5802116       7961       2000      10000         57
   0       14     1979     9988     14848820324     14848830312         5812118       7959       2000      10000         50
   0       14     1979     9996     14848830315     14848840312         5822109       7967       2000      10000         49
   0       14     1980     9955     14848840315     14848850270         5832109       7967       2000      10000          8
   0       14     1979    10045     14848850274     14848860319         5842068       8009       2000      10000         57
   0       14     1979     9989     14848860323     14848870312         5852117       7960       2000      10000         49
   0       14     1979     9976     14848870315     14848880291         5862109       7967       2000      10000         29
   0       14     1979     9995     14848880323     14848890318         5872117       7960       2000      10000         56
   0       14     1979     9998     14848890321     14848900320         5882115       7961       2000      10000         57
   0       14     1979     9970     14848900323     14848910293         5892117       7959       2000      10000         30
   0       14     1999     9984     14848910309     14848920294         5902103       7953       2000      10000         31
   0       14     1979     9975     14848920324     14848930299         5912118       7958       2000      10000         36
   0       14     1979     9988     14848930323     14848940312         5922117       7960       2000      10000         49
   0       14     1979     9996     14848940315     14848950312         5932109       7967       2000      10000         49
   0       14     1979     9942     14848950327     14848960269         5942121       7955       2000      10000          7
   0       14     1979    10024     14848960273     14848970297         5952067       8010       2000      10000         34
   0       14     1979     9974     14848970323     14848980297         5962117       7960       2000      10000         34
   0       14     1979     9994     14848980324     14848990317         5972117       7959       2000      10000         36
   0       14     1979     9948     14848990321     14849000269         5982115       7961       2000      10000          7
   0       14     1979     9997     14849000273     14849010269         5992067       8010       2000      10000          7
   0       14     1979    10039     14849010273     14849020312         6002067       8010       2000      10000         49
   0       14     1979     9979     14849020315     14849030295         6012109       7967       2000      10000         32
   0       14     2001     9988     14849030311     14849040299         6022105       7949       2000      10000         36
   0       14     1979     9995     14849040323     14849050318         6032117       7960       2000      10000         56
   0       14     1979     9990     14849050322     14849060312         6042116       7961       2000      10000         49
   0       14     1979     9954     14849060315     14849070269         6052109       7967       2000      10000          7
   0       14     1979     9996     14849070273     14849080269         6062067       8010       2000      10000          7
   0       14     2004    10015     14849080301     14849090316         6072095       7956       2000      10000         53
   0       14     1979     9999     14849090319     14849100319         6082113       7963       2000      10000         56
   0       14     1979     9997     14849100322     14849110320         6092116       7960       2000      10000         57
   0       14     1979     9989     14849110323     14849120313         6102117       7959       2000      10000         50
   0       14     1979     9953     14849120316     14849130269         6112110       7966       2000      10000          7
   0       14     1979    10046     14849130273     14849140319         6122067       8010       2000      10000         38
   0       14     1979     9971     14849140323     14849150294         6132117       7960       2000      10000         31
   0       14     1999    10006     14849150310     14849160316         6142104       7952       2000      10000         54
   0       14     1979     9949     14849160320     14849170269         6152114       7963       2000      10000          7
   0       14     1979    10027     14849170272     14849180299         6162066       8010       2000      10000         36
   0       14     1979     9998     14849180321     14849190319         6172115       7961       2000      10000         38
   0       14     1979     9990     14849190323     14849200313         6182117       7960       2000      10000         51
   0       14     1979     9982     14849200317     14849210299         6192111       7966       2000      10000         36
   0       14     1979     9999     14849210321     14849220320         6202115       7962       2000      10000         57
   0       14     1979     9974     14849220324     14849230298         6212118       7959       2000      10000         35
   0       14     1979     9989     14849230322     14849240311         6222116       7961       2000      10000         49
   0       14     1979    10001     14849240315     14849250316         6232109       7967       2000      10000         54
   0       14     1979     9999     14849250320     14849260319         6242114       7963       2000      10000         56
   0       14     1979     9974     14849260322     14849270297         6252116       7960       2000      10000         34
   0       14     1979     9989     14849270324     14849280313         6262118       7959       2000      10000         51
   0       14     1979     9984     14849280328     14849290312         6272122       7955       2000      10000         49
   0       14     1979     9983     14849290315     14849300299         6282109       7967       2000      10000         36
   0       14     1979     9976     14849300323     14849310299         6292117       7960       2000      10000         36
   0       14     1979     9947     14849310322     14849320269         6302116       7961       2000      10000          6
   0       14     1979    10044     14849320272     14849330316         6312066       8010       2000      10000         54
   0       14     1979     9999     14849330320     14849340319         6322114       7963       2000      10000         56
   0       14     1979     9977     14849340322     14849350299         6332116       7960       2000      10000         36
   0       14     1979     9994     14849350324     14849360317         6342117       7959       2000      10000         55
   0       14     1979     9949     14849360321     14849370270         6352115       7962       2000      10000          7
   0       14     1985     9997     14849370274     14849380271         6362068       8002       2000      10000          9
   0       14     1979    10043     14849380276     14849390318         6372069       8007       2000      10000         56
   0       14     1979     9996     14849390322     14849400318         6382116       7961       2000      10000         55
   0       14     1979     9991     14849400321     14849410312         6392115       7961       2000      10000         50
   0       14     1979     9983     14849410316     14849420298         6402110       7967       2000      10000         36
   0       14     1979     9990     14849420322     14849430312         6412116       7961       2000      10000         49
   0       14     1979    10002     14849430315     14849440317         6422109       7967       2000      10000         55
   0       14     1979     9997     14849440321     14849450318         6432115       7962       2000      10000         56
   0       14     1979     9990     14849450321     14849460312         6442115       7961       2000      10000         49
   0       14     1979     9997     14849460315     14849470313         6452109       7967       2000      10000         50
   0       14     1979     9953     14849470316     14849480269         6462110       7966       2000      10000          7
   0       14     1979     9996     14849480273     14849490269         6472067       8010       2000      10000          7
   0       14     2007    10011     14849490301     14849500312         6482095       7953       2000      10000         49
   0       14     1979     9997     14849500315     14849510312         6492109       7967       2000      10000         50
   0       14     1979    10003     14849510316     14849520319         6502110       7967       2000      10000         56
   0       14     1979     9977     14849520322     14849530299         6512116       7960       2000      10000         36
   0       14     1979     9989     14849530322     14849540312         6522116       7960       2000      10000         49
   0       14     1979     9997     14849540315     14849550312         6532109       7967       2000      10000         50
   0       14     1979     9996     14849550316     14849560312         6542110       7967       2000      10000         49
   0       14     1979     9954     14849560315     14849570269         6552109       7967       2000      10000          7
   0       14     1979    10046     14849570273     14849580319         6562067       8010       2000      10000         57
   0       14     1979     9990     14849580322     14849590312         6572116       7960       2000      10000         50
   0       14     1979     9953     14849590316     14849600269         6582110       7967       2000      10000          7
   0       14     1979    10045     14849600272     14849610318         6592066       8010       2000      10000         56
   0       14     1979     9960     14849610335     14849620295         6602129       7947       2000      10000         32
   0       14     2001     9987     14849620312     14849630299         6612106       7949       2000      10000         36
   0       14     1979     9947     14849630322     14849640269         6622116       7960       2000      10000          7
   0       14     1979    10039     14849640273     14849650312         6632067       8010       2000      10000         50
   0       14     1979     9980     14849650316     14849660296         6642110       7967       2000      10000         33
   0       14     1979     9976     14849660323     14849670299         6652116       7960       2000      10000         36
   0       14     1979     9994     14849670324     14849680318         6662118       7959       2000      10000         36
   0       14     1979     9990     14849680322     14849690312         6672116       7961       2000      10000         50
   0       14     1979     9996     14849690316     14849700311         6682110       7967       2000      10000         49
   0       14     1979     9954     14849700315     14849710269         6692109       7968       2000      10000          6
   0       14     1979    10039     14849710272     14849720312         6702066       8010       2000      10000         49
   0       14     1979     9983     14849720315     14849730299         6712109       7967       2000      10000         36
   0       14     1979     9995     14849730324     14849740318         6722118       7959       2000      10000         56
   0       14     1979     9990     14849740322     14849750312         6732116       7961       2000      10000         50
   0       14     1979     9997     14849750316     14849760313         6742110       7967       2000      10000         51
   0       14     1979     9981     14849760317     14849770298         6752111       7966       2000      10000         36
   0       14     1979     9989     14849770322     14849780311         6762116       7961       2000      10000         49
   0       14     1979     9979     14849780315     14849790294         6772109       7968       2000      10000         31
   0       14     1979     9976     14849790322     14849800299         6782116       7960       2000      10000         36
   0       14     1979     9946     14849800323     14849810269         6792117       7960       2000      10000          7
   0       14     2008     9992     14849810295     14849820287         6802089       7959       2000      10000         24
   0       14     1979     9983     14849820316     14849830298         6812110       7967       2000      10000         36
   0       14     1979     9967     14849830324     14849840291         6822118       7959       2000      10000         28
   0       14     1980     9994     14849840317     14849850311         6832111       7965       2000      10000         48
   0       14     1979     9957     14849850341     14849860297         6842135       7942       2000      10000         35
   0       14     1979     9968     14849860323     14849870291         6852117       7959       2000      10000         28
   0       14     1979     9947     14849870322     14849880269         6862116       7960       2000      10000          7
   0       14     1979     9996     14849880273     14849890269         6872067       8010       2000      10000          6
   0       14     1999     9970     14849890299     14849900269         6882093       7963       2000      10000          6
   0       14     1979     9997     14849900272     14849910270         6892066       8010       2000      10000          7
   0       14     1979     9995     14849910273     14849920269         6902067       8009       2000      10000          6
   0       14     2008     9973     14849920296     14849930269         6912090       7958       2000      10000          7
   0       14     1979     9996     14849930273     14849940269         6922066       8010       2000      10000          7
   0       14     1979     9929     14849940340     14849950269         6932134       7943       2000      10000          7
   0       14     1979     9996     14849950273     14849960269         6942067       8010       2000      10000          7
   0       14     1979     9996     14849960273     14849970269         6952066       8010       2000      10000          7
   0       14     1979     9996     14849970273     14849980269         6962066       8010       2000      10000          7
   0       14     2011     9967     14849980302     14849990269         6972096       7949       2000      10000          7
   0       14     2007     9971     14849990298     14850000269         6982092       7956       2000      10000          7
   0       14     1979     9996     14850000273     14850010269         6992066       8010       2000      10000          7
   0       14     1979     9996     14850010273     14850020269         7002067       8010       2000      10000          7
   0       14     1979     9996     14850020272     14850030269         7012066       8010       2000      10000          6
   0       14     1979     9996     14850030272     14850040269         7022066       8010       2000      10000          6
   0       14     1979    10040     14850040272     14850050313         7032066       8010       2000      10000         51
   0       14     1979     9995     14850050316     14850060312         7042110       7966       2000      10000         49
   0       14     1979     9996     14850060315     14850070312         7052109       7967       2000      10000         49
   0       14     1979     9984     14850070315     14850080299         7062109       7967       2000      10000         36
   0       14     1979     9985     14850080327     14850090312         7072120       7956       2000      10000         49
   0       14     1979     9996     14850090315     14850100312         7082109       7967       2000      10000         50
   0       14     1979     9954     14850100316     14850110269         7092109       7967       2000      10000          7
   0       14     1979    10014     14850110273     14850120287         7102067       8010       2000      10000          7
   0       14     1979     9949     14850120321     14850130270         7112115       7962       2000      10000          8
   0       14     1980    10044     14850130274     14850140318         7122068       8009       2000      10000         36
   0       14     1979     9994     14850140322     14850150316         7132116       7961       2000      10000         53
   0       14     1979     9997     14850150319     14850160317         7142113       7963       2000      10000         54
   0       14     1979     9991     14850160320     14850170312         7152114       7962       2000      10000         49
   0       14     1979     9997     14850170315     14850180312         7162109       7967       2000      10000         50
   0       14     1979     9982     14850180316     14850190298         7172110       7967       2000      10000         35
   0       14     1979     9994     14850190324     14850200318         7182118       7959       2000      10000         55
   0       14     1979     9948     14850200321     14850210269         7192115       7961       2000      10000          7
   0       14     1979    10039     14850210273     14850220312         7202066       8010       2000      10000         50
   0       14     1979    10000     14850220316     14850230316         7212109       7967       2000      10000         53
   0       14     1979     9997     14850230319     14850240316         7222113       7963       2000      10000         54
   0       14     1979     9949     14850240320     14850250269         7232114       7963       2000      10000          6
   0       14     2005     9971     14850250298     14850260269         7242092       7958       2000      10000          7
   0       14     1979    10041     14850260273     14850270313         7252067       8010       2000      10000         51
   0       14     1979     9965     14850270329     14850280294         7262123       7953       2000      10000         31
   0       14     2000    10009     14850280311     14850290320         7272105       7950       2000      10000         58
   0       14     1979     9987     14850290324     14850300311         7282118       7959       2000      10000         49
   0       14     1979     9954     14850300315     14850310269         7292109       7968       2000      10000          6
   0       14     1979    10043     14850310272     14850320316         7302066       8010       2000      10000         53
   0       14     1979     9992     14850320319     14850330312         7312113       7963       2000      10000         50
   0       14     1979     9983     14850330316     14850340298         7322109       7967       2000      10000         35
   0       14     1979     9990     14850340323     14850350313         7332117       7959       2000      10000         51
   0       14     1979     9995     14850350317     14850360312         7342111       7966       2000      10000         50
   0       14     1979     9996     14850360316     14850370312         7352110       7967       2000      10000         50
   0       14     1979     9981     14850370316     14850380297         7362110       7967       2000      10000         34
   0       14     1979     9995     14850380322     14850390318         7372116       7960       2000      10000         55
   0       14     1979     9995     14850390321     14850400317         7382115       7961       2000      10000         54
   0       14     1979     9974     14850400320     14850410294         7392114       7962       2000      10000         31
   0       14     2002    10009     14850410310     14850420319         7402104       7949       2000      10000         57
   0       14     1979     9989     14850420323     14850430312         7412117       7960       2000      10000         50
   0       14     1979    10002     14850430315     14850440318         7422109       7967       2000      10000         55
   0       14     1979     9948     14850440321     14850450269         7432115       7961       2000      10000          7
   0       14     1979    10046     14850450273     14850460319         7442067       8010       2000      10000         57
   0       14     1979     9975     14850460323     14850470298         7452117       7960       2000      10000         36
   0       14     1979     9991     14850470321     14850480312         7462115       7962       2000      10000         50
   0       14     1979     9983     14850480316     14850490299         7472110       7967       2000      10000         36
   0       14     1979     9990     14850490321     14850500312         7482115       7962       2000      10000         49
   0       14     1979     9997     14850500315     14850510312         7492109       7967       2000      10000         49
   0       14     1980    10002     14850510315     14850520318         7502109       7967       2000      10000         36
   0       14     1979     9990     14850520322     14850530312         7512116       7961       2000      10000         49
   0       14     1979    10003     14850530315     14850540318         7522109       7967       2000      10000         56
   0       14     1979     9989     14850540322     14850550311         7532116       7961       2000      10000         49
   0       14     1979    10001     14850550315     14850560316         7542109       7968       2000      10000         53
   0       14     1979     9998     14850560320     14850570318         7552114       7963       2000      10000         56
   0       14     1979     9977     14850570322     14850580299         7562116       7961       2000      10000         36
   0       14     1979     9987     14850580324     14850590311         7572118       7958       2000      10000         49
   0       14     1979     9954     14850590315     14850600269         7582109       7968       2000      10000          7
   0       14     1979     9984     14850600285     14850610269         7592079       7998       2000      10000          7
   0       14     1979    10026     14850610273     14850620299         7602067       8010       2000      10000         36
   0       14     1979     9977     14850620322     14850630299         7612116       7961       2000      10000         36
   0       14     1979     9947     14850630322     14850640269         7622116       7961       2000      10000          7
   0       14     1979    10026     14850640273     14850650299         7632066       8010       2000      10000         36
   0       14     1979     9972     14850650321     14850660293         7642115       7961       2000      10000         31
   0       14     1979     9994     14850660323     14850670317         7652117       7959       2000      10000         36
   0       14     1979     9976     14850670321     14850680297         7662115       7961       2000      10000         34
   0       14     1979     9998     14850680321     14850690320         7672115       7961       2000      10000         57
   0       14     1979     9988     14850690323     14850700311         7682117       7959       2000      10000         49
   0       14     1979     9985     14850700315     14850710300         7692109       7968       2000      10000         37
   0       14     2002     9979     14850710316     14850720295         7702110       7943       2000      10000         32
   0       14     2008    10007     14850720311     14850730318         7712105       7942       2000      10000         56
   0       14     1979     9990     14850730322     14850740312         7722116       7961       2000      10000         50
   0       14     1979     9978     14850740315     14850750294         7732109       7967       2000      10000         31
   0       14     1979     9995     14850750317     14850760312         7742111       7965       2000      10000         50
   0       14     1979     9953     14850760316     14850770269         7752110       7967       2000      10000          7
   0       14     2002    10008     14850770303     14850780312         7762097       7956       2000      10000         49
   0       14     1979    10003     14850780315     14850790318         7772109       7967       2000      10000         56
   0       14     1979     9998     14850790322     14850800320         7782116       7961       2000      10000         38
   0       14     1979     9994     14850800324     14850810318         7792118       7959       2000      10000         56
   0       14     1979     9978     14850810322     14850820300         7802116       7961       2000      10000         37
   0       14     1979     9987     14850820324     14850830312         7812118       7958       2000      10000         50
   0       14     1979     9984     14850830316     14850840299         7822109       7967       2000      10000         36
   0       14     1981     9987     14850840322     14850850308         7832115       7959       2000      10000         45
   0       14     1998     9973     14850850325     14850860299         7842119       7938       2000      10000         36
   0       14     1979     9973     14850860323     14850870296         7852117       7960       2000      10000         33
   0       14     1979     9976     14850870323     14850880299         7862117       7960       2000      10000         36
   0       14     1979     9989     14850880323     14850890312         7872117       7960       2000      10000         49
   0       14     1979    10004     14850890315     14850900319         7882109       7967       2000      10000         57
   0       14     1979     9993     14850900323     14850910316         7892117       7959       2000      10000         54
   0       14     1979     9998     14850910320     14850920317         7902114       7963       2000      10000         37
   0       14     1979     9990     14850920321     14850930311         7912115       7961       2000      10000         49
   0       14     1979     9984     14850930328     14850940312         7922122       7955       2000      10000         50
   0       14     1979     9953     14850940316     14850950269         7932110       7967       2000      10000          7
   0       14     2005    10008     14850950303     14850960311         7942097       7953       2000      10000         49
   0       14     1979     9980     14850960315     14850970296         7952109       7968       2000      10000         33
   0       14     1979     9989     14850970323     14850980312         7962117       7960       2000      10000         49
   0       14     1979     9997     14850980315     14850990312         7972109       7967       2000      10000         50
   0       14     1979     9981     14850990316     14851000297         7982110       7967       2000      10000         34
   0       14     1979     9947     14851000322     14851010269         7992116       7961       2000      10000          7
   0       14     1979     9996     14851010273     14851020269         8002067       8010       2000      10000          7
   0       14     1979    10026     14851020273     14851030299         8012066       8010       2000      10000         36
   0       14     1979     9947     14851030322     14851040269         8022116       7961       2000      10000          7
   0       14     1979    10024     14851040273     14851050297         8032066       8010       2000      10000         34
   0       14     1979     9989     14851050322     14851060311         8042116       7960       2000      10000         49
   0       14     1979     9998     14851060315     14851070313         8052109       7968       2000      10000         51
   0       14     1979     9995     14851070317     14851080311         8062110       7966       2000      10000         49
   0       14     1979     9954     14851080315     14851090269         8072109       7968       2000      10000          6
   0       14     2001    10013     14851090299     14851100312         8082093       7962       2000      10000         50
   0       14     1979     9953     14851100316     14851110269         8092109       7967       2000      10000          6
   0       14     2007     9966     14851110303     14851120269         8102097       7951       2000      10000          7
   0       14     2002     9998     14851120299     14851130297         8112093       7960       2000      10000         35
   0       14     1979     9994     14851130322     14851140317         8122116       7960       2000      10000         54
   0       14     1979     9949     14851140320     14851150269         8132114       7962       2000      10000          7
   0       14     1999     9969     14851150300     14851160269         8142094       7962       2000      10000          6
   0       14     2002     9997     14851160303     14851170300         8152097       7957       2000      10000         37
   0       14     1979     9988     14851170324     14851180312         8162118       7959       2000      10000         50
   0       14     1979     9978     14851180316     14851190294         8172110       7967       2000      10000         31
   0       14     1979     9947     14851190322     14851200269         8182116       7960       2000      10000          7
   0       14     2009    10003     14851200295     14851210298         8192089       7957       2000      10000         35
   0       14     1979     9991     14851210321     14851220312         8202115       7962       2000      10000         49
   0       14     1979     9953     14851220315     14851230269         8212109       7967       2000      10000          7
   0       14     1979     9996     14851230272     14851240269         8222066       8010       2000      10000          7
   0       14     1979    10026     14851240273     14851250298         8232066       8010       2000      10000         35
   0       14     1979     9945     14851250324     14851260269         8242118       7959       2000      10000          7
   0       14     1979     9985     14851260284     14851270269         8252078       7999       2000      10000          7
   0       14     1979     9996     14851270273     14851280269         8262067       8010       2000      10000          6
   0       14     1979     9996     14851280272     14851290269         8272066       8010       2000      10000          7
   0       14     2011     9976     14851290293     14851300269         8282087       7958       2000      10000          7
   0       14     1979     9996     14851300272     14851310269         8292066       8010       2000      10000          7
   0       14     1979     9996     14851310272     14851320269         8302066       8010       2000      10000          7
   0       14     2002     9969     14851320299     14851330269         8312093       7960       2000      10000          7
   0       14     2016     9967     14851330302     14851340269         8322096       7944       2000      10000          7
   0       14     1979     9946     14851340323     14851350269         8332117       7960       2000      10000          7
   0       14     1979     9996     14851350273     14851360269         8342066       8010       2000      10000          6
   0       14     1979     9996     14851360272     14851370269         8352066       8010       2000      10000          7
   0       14     1979     9996     14851370273     14851380269         8362066       8010       2000      10000          7
   0       14     1979     9996     14851380273     14851390269         8372067       8010       2000      10000          7
   0       14     1979    10046     14851390273     14851400319         8382067       8010       2000      10000         56
   0       14     1979     9946     14851400322     14851410269         8392116       7960       2000      10000          6
   0       14     2001    10012     14851410300     14851420312         8402094       7961       2000      10000         50
   0       14     1979     9982     14851420316     14851430298         8412110       7967       2000      10000         35
   0       14     1979     9946     14851430323     14851440269         8422116       7960       2000      10000          7
   0       14     2006    10014     14851440298     14851450312         8432092       7958       2000      10000         49
   0       14     1979    10003     14851450315     14851460318         8442109       7967       2000      10000         56
   0       14     1979     9991     14851460322     14851470312         8452116       7961       2000      10000         50
   0       14     1979     9953     14851470316     14851480269         8462110       7967       2000      10000          7
   0       14     1979    10047     14851480273     14851490319         8472066       8010       2000      10000         57
   0       14     1979     9990     14851490323     14851500313         8482117       7960       2000      10000         51
   0       14     1979     9982     14851500317     14851510299         8492110       7966       2000      10000         36
   0       14     1979     9947     14851510322     14851520269         8502116       7961       2000      10000          7
   0       14     1979    10046     14851520273     14851530318         8512066       8010       2000      10000         56
   0       14     1979     9990     14851530322     14851540312         8522116       7961       2000      10000         50
   0       14     1979     9997     14851540316     14851550312         8532109       7967       2000      10000         50
   0       14     1979     9953     14851550316     14851560269         8542110       7967       2000      10000          7
   0       14     1979    10026     14851560273     14851570299         8552066       8010       2000      10000         36
   0       14     1979     9987     14851570324     14851580311         8562118       7959       2000      10000         49
   0       14     1979    10004     14851580315     14851590318         8572108       7968       2000      10000         56
   0       14     1979     9936     14851590333     14851600269         8582127       7949       2000      10000          7
   0       14     1979    10026     14851600273     14851610299         8592067       8010       2000      10000         36
   0       14     1979     9989     14851610322     14851620312         8602116       7960       2000      10000         49
   0       14     1979     9954     14851620315     14851630269         8612109       7967       2000      10000          7
   0       14     1979    10026     14851630273     14851640299         8622067       8010       2000      10000         36
   0       14     1979     9978     14851640322     14851650299         8632116       7961       2000      10000         37
   0       14     2001    10001     14851650316     14851660317         8642110       7944       2000      10000         36
   0       14     1979     9976     14851660321     14851670297         8652115       7961       2000      10000         34
   0       14     2000     9955     14851670313     14851680269         8662107       7948       2000      10000          7
   0       14     1979     9996     14851680273     14851690269         8672066       8010       2000      10000          6
   0       14     1979    10027     14851690272     14851700299         8682066       8010       2000      10000         36
   0       14     1979     9998     14851700322     14851710320         8692116       7960       2000      10000         38
   0       14     1979     9995     14851710324     14851720319         8702118       7959       2000      10000         56
   0       14     1979     9947     14851720322     14851730269         8712116       7961       2000      10000          7
   0       14     2005    10014     14851730299     14851740312         8722092       7957       2000      10000         50
   0       14     1979     9996     14851740316     14851750311         8732110       7967       2000      10000         49
   0       14     1979     9954     14851750315     14851760269         8742109       7968       2000      10000          7
   0       14     1979    10046     14851760273     14851770318         8752066       8010       2000      10000         36
   0       14     1979     9996     14851770322     14851780319         8762116       7960       2000      10000         56
   0       14     1979     9997     14851780322     14851790319         8772116       7960       2000      10000         57
   0       14     1979     9995     14851790323     14851800318         8782117       7960       2000      10000         36
   0       14     1979     9977     14851800322     14851810298         8792116       7961       2000      10000         36
   0       14     1979     9988     14851810324     14851820312         8802118       7959       2000      10000         49
   0       14     1979    10003     14851820315     14851830318         8812109       7967       2000      10000         56
   0       14     1979     9947     14851830322     14851840269         8822116       7961       2000      10000          7
   0       14     2000    10009     14851840300     14851850308         8832094       7961       2000      10000         45
   0       14     1979     9982     14851850336     14851860318         8842130       7946       2000      10000         56
   0       14     1979     9976     14851860322     14851870298         8852116       7961       2000      10000         35
   0       14     1979     9994     14851870324     14851880319         8862118       7958       2000      10000         56
   0       14     1979     9976     14851880322     14851890298         8872116       7960       2000      10000         36
   0       14     1979     9991     14851890325     14851900316         8882119       7958       2000      10000         54
   0       14     1979     9992     14851900320     14851910312         8892114       7963       2000      10000         49
   0       14     1979     9953     14851910315     14851920269         8902109       7967       2000      10000          7
   0       14     1979     9966     14851920332     14851930299         8912126       7950       2000      10000         36
   0       14     1979     9989     14851930323     14851940312         8922117       7960       2000      10000         50
   0       14     1979     9976     14851940316     14851950293         8932110       7967       2000      10000         30
   0       14     1979     9978     14851950321     14851960299         8942114       7962       2000      10000         36
   0       14     1979     9989     14851960322     14851970311         8952116       7961       2000      10000         49
   0       14     1979     9997     14851970315     14851980312         8962109       7968       2000      10000         50
   0       14     1979     9982     14851980316     14851990298         8972110       7967       2000      10000         35
   0       14     1979     9947     14851990322     14852000269         8982116       7961       2000      10000          7
   0       14     1999    10012     14852000300     14852010311         8992094       7963       2000      10000         49
   0       14     1979     9981     14852010315     14852020296         9002109       7968       2000      10000         33
   0       14     1979     9976     14852020323     14852030299         9012117       7960       2000      10000         36
   0       14     1979     9995     14852030324     14852040318         9022118       7959       2000      10000         36
   0       14     1979     9947     14852040322     14852050269         9032116       7961       2000      10000          6
   0       14     2006    10017     14852050299     14852060316         9042092       7957       2000      10000         53
   0       14     1979     9999     14852060319     14852070319         9052113       7963       2000      10000         36
   0       14     1979     9946     14852070323     14852080269         9062117       7960       2000      10000          7
   0       14     1979    10040     14852080273     14852090313         9072067       8010       2000      10000         50
   0       14     1979     9983     14852090316     14852100299         9082110       7966       2000      10000         36
   0       14     1979     9998     14852100322     14852110320         9092116       7961       2000      10000         57
   0       14     1979     9973     14852110323     14852120296         9102117       7959       2000      10000         34
   0       14     1979     9994     14852120322     14852130316         9112116       7960       2000      10000         54
   0       14     1979     9993     14852130320     14852140313         9122113       7963       2000      10000         50
   0       14     1979     9982     14852140316     14852150298         9132110       7966       2000      10000         36
   0       14     1979     9947     14852150322     14852160269         9142116       7961       2000      10000          7
   0       14     1979    10040     14852160272     14852170313         9152066       8010       2000      10000         51
   0       14     1979    10002     14852170317     14852180318         9162111       7966       2000      10000         56
   0       14     1979     9998     14852180322     14852190320         9172116       7961       2000      10000         58
   0       14     1979     9945     14852190324     14852200269         9182118       7959       2000      10000          7
   0       14     1979    10021     14852200273     14852210293         9192067       8010       2000      10000         31
   0       14     1979     9992     14852210324     14852220316         9202118       7958       2000      10000         54
   0       14     1979     9999     14852220320     14852230319         9212113       7963       2000      10000         56
   0       14     1979     9947     14852230322     14852240269         9222116       7960       2000      10000          7
   0       14     1979    10041     14852240273     14852250313         9232067       8010       2000      10000         51
   0       14     1979     9990     14852250328     14852260318         9242121       7955       2000      10000         55
   0       14     1979     9970     14852260321     14852270291         9252115       7961       2000      10000         28
   0       14     1979     9993     14852270324     14852280318         9262118       7958       2000      10000         55
   0       14     1979     9972     14852280322     14852290294         9272115       7961       2000      10000         31
   0       14     2001    10006     14852290310     14852300316         9282104       7950       2000      10000         54
   0       14     1979     9982     14852300320     14852310302         9292114       7963       2000      10000         39
   0       14     1999     9951     14852310318     14852320269         9302112       7944       2000      10000          7
   0       14     1979     9996     14852320273     14852330269         9312066       8010       2000      10000          6
   0       14     2008     9988     14852330303     14852340291         9322097       7950       2000      10000         28
   0       14     1979     9998     14852340323     14852350321         9332117       7960       2000      10000         58
   0       14     1979     9994     14852350324     14852360319         9342118       7959       2000      10000         56
   0       14     1979     9947     14852360322     14852370269         9352116       7960       2000      10000          7
   0       14     1979    10044     14852370272     14852380317         9362066       8010       2000      10000         54
   0       14     1979     9991     14852380320     14852390311         9372114       7962       2000      10000         49
   0       14     1979     9954     14852390315     14852400269         9382109       7968       2000      10000          7
   0       14     1979     9997     14852400272     14852410269         9392066       8010       2000      10000          7
   0       14     1979    10022     14852410273     14852420295         9402067       8010       2000      10000         32
   0       14     1979     9998     14852420323     14852430320         9412116       7960       2000      10000         58
   0       14     1979     9988     14852430324     14852440311         9422118       7959       2000      10000         49
   0       14     1979    10000     14852440315     14852450316         9432109       7968       2000      10000         53
   0       14     1979     9997     14852450319     14852460316         9442113       7963       2000      10000         54
   0       14     1979     9998     14852460320     14852470318         9452114       7962       2000      10000         36
   0       14     1979     9947     14852470322     14852480269         9462116       7961       2000      10000          6
   0       14     2004     9994     14852480297     14852490291         9472091       7960       2000      10000         28
   0       14     1979     9975     14852490323     14852500299         9482117       7959       2000      10000         36
   0       14     1979     9976     14852500322     14852510298         9492116       7960       2000      10000         35
   0       14     1979     9945     14852510324     14852520269         9502118       7958       2000      10000          7
   0       14     2003    10019     14852520300     14852530319         9512094       7958       2000      10000         57
   0       14     1979     9993     14852530323     14852540315         9522116       7960       2000      10000         53
   0       14     1979     9999     14852540319     14852550318         9532113       7963       2000      10000         36
   0       14     1979     9947     14852550322     14852560269         9542116       7961       2000      10000          7
   0       14     2009    10012     14852560302     14852570314         9552096       7951       2000      10000         52
   0       14     1979     9951     14852570318     14852580269         9562112       7965       2000      10000          6
   0       14     1979     9936     14852580333     14852590269         9572126       7950       2000      10000          7
   0       14     1979     9996     14852590273     14852600269         9582067       8010       2000      10000          7
   0       14     1979     9996     14852600273     14852610269         9592067       8010       2000      10000          6
   0       14     2008     9972     14852610297     14852620269         9602091       7957       2000      10000          7
   0       14     2005     9971     14852620298     14852630269         9612092       7959       2000      10000          7
   0       14     2003     9966     14852630303     14852640269         9622097       7956       2000      10000          7
   0       14     2002     9968     14852640301     14852650269         9632095       7958       2000      10000          7
   0       14     1979     9996     14852650273     14852660269         9642066       8010       2000      10000          7
   0       14     2004     9965     14852660303     14852670269         9652097       7954       2000      10000          7
   0       14     2006     9967     14852670301     14852680269         9662095       7955       2000      10000          7
   0       14     1979     9996     14852680272     14852690269         9672066       8010       2000      10000          7
   0       14     2000     9974     14852690294     14852700269         9682088       7967       2000      10000          7
   0       14     1979     9996     14852700273     14852710269         9692066       8010       2000      10000          7
   0       14     1979     9996     14852710272     14852720269         9702066       8010       2000      10000          7
   0       14     1979     9996     14852720273     14852730269         9712067       8010       2000      10000          7
   0       14     1979     9996     14852730273     14852740269         9722066       8010       2000      10000          7
   0       14     1979    10049     14852740272     14852750321         9732066       8010       2000      10000         59
   0       14     1979     9993     14852750325     14852760318         9742119       7958       2000      10000         36
   0       14     1979     9975     14852760322     14852770297         9752116       7960       2000      10000         34
   0       14     2000    10006     14852770313     14852780319         9762107       7948       2000      10000         57
   0       14     1979     9989     14852780323     14852790312         9772117       7959       2000      10000         50
   0       14     1979     9953     14852790316     14852800269         9782109       7967       2000      10000          6
   0       14     1979     9996     14852800272     14852810269         9792066       8010       2000      10000          6
   0       14     2006    10002     14852810297     14852820299         9802091       7958       2000      10000         36
   0       14     1979     9966     14852820322     14852830289         9812116       7960       2000      10000         25
   0       14     1979     9945     14852830324     14852840269         9822118       7958       2000      10000          7
   0       14     1980    10036     14852840273     14852850309         9832067       8009       2000      10000         46
   0       14     1979     9959     14852850338     14852860297         9842132       7944       2000      10000         34
   0       14     1979     9998     14852860320     14852870319         9852114       7962       2000      10000         56
   0       14     1979     9947     14852870322     14852880269         9862116       7960       2000      10000          7
   0       14     1979    10026     14852880272     14852890299         9872066       8010       2000      10000         36
   0       14     1979     9990     14852890322     14852900312         9882116       7961       2000      10000         50
   0       14     1979     9996     14852900316     14852910312         9892110       7967       2000      10000         49
   0       14     1979     9992     14852910327     14852920320         9902121       7955       2000      10000         57
   0       14     1979     9995     14852920323     14852930319         9912117       7959       2000      10000         56
   0       14     1979     9997     14852930322     14852940320         9922116       7960       2000      10000         57
   0       14     1979     9947     14852940323     14852950270         9932117       7959       2000      10000          8
   0       14     1981     9995     14852950274     14852960269         9942068       8006       2000      10000          7
   0       14     1980     9997     14852960273     14852970270         9952067       8008       2000      10000          8
   0       14     1979    10023     14852970274     14852980297         9962068       8008       2000      10000         34
   0       14     1979     9998     14852980323     14852990321         9972117       7960       2000      10000         59
   0       14     1979     9988     14852990325     14853000312         9982118       7958       2000      10000         50
   0       14     1979    10002     14853000316     14853010318         9992110       7967       2000      10000         56
   0       14     1979     9977     14853010322     14853020298        10002116       7961       2000      10000         36
   0       14     1979     9993     14853020324     14853030318        10012118       7959       2000      10000         55
   0       14     1979     9995     14853030321     14853040317        10022115       7961       2000      10000         54
   0       14     1979     9991     14853040320     14853050312        10032114       7962       2000      10000         49
   0       14     1979    10002     14853050315     14853060318        10042109       7967       2000      10000         55
   0       14     1979     9999     14853060321     14853070320        10052115       7961       2000      10000         58
   0       14     1979     9988     14853070324     14853080311        10062118       7959       2000      10000         49
   0       14     1979    10004     14853080315     14853090319        10072109       7968       2000      10000         56
   0       14     1979     9998     14853090322     14853100320        10082116       7960       2000      10000         58
   0       14     1979     9988     14853100324     14853110312        10092118       7959       2000      10000         50
   0       14     1979    10000     14853110315     14853120316        10102109       7967       2000      10000         54
   0       14     1979     9950     14853120319     14853130270        10112113       7963       2000      10000          8
   0       14     1980    10044     14853130274     14853140318        10122068       8008       2000      10000         56
   0       14     1979     9998     14853140322     14853150320        10132116       7961       2000      10000         57
   0       14     1979     9947     14853150324     14853160271        10142118       7959       2000      10000          9
   0       14     1979    10044     14853160275     14853170319        10152069       8008       2000      10000         57
   0       14     1979     9976     14853170323     14853180299        10162117       7960       2000      10000         36
   0       14     1979     9945     14853180324     14853190269        10172118       7959       2000      10000          6
   0       14     2006    10009     14853190302     14853200311        10182096       7954       2000      10000         49
   0       14     1979     9998     14853200315     14853210313        10192109       7968       2000      10000         50
   0       14     1979     9995     14853210316     14853220311        10202110       7966       2000      10000         49
   0       14     1979     9954     14853220315     14853230269        10212109       7968       2000      10000          6
   0       14     2001     9969     14853230300     14853240269        10222094       7960       2000      10000          7
   0       14     2005    10013     14853240299     14853250312        10232093       7958       2000      10000         50
   0       14     1979     9962     14853250338     14853260299        10242132       7945       2000      10000         36
   0       14     1979     9945     14853260324     14853270269        10252118       7959       2000      10000          6
   0       14     2002    10012     14853270299     14853280311        10262093       7960       2000      10000         49
   0       14     1979     9980     14853280315     14853290295        10272109       7968       2000      10000         32
   0       14     2005    10007     14853290312     14853300319        10282106       7945       2000      10000         56
   0       14     1979     9989     14853300322     14853310312        10292116       7960       2000      10000         49
   0       14     1979    10003     14853310315     14853320318        10302109       7967       2000      10000         56
   0       14     1979     9972     14853320322     14853330293        10312116       7961       2000      10000         31
   0       14     1979     9989     14853330322     14853340311        10322116       7960       2000      10000         49
   0       14     1979    10003     14853340315     14853350318        10332109       7968       2000      10000         36
   0       14     1979     9967     14853350322     14853360289        10342116       7961       2000      10000         25
   0       14     1979     9965     14853360324     14853370288        10352118       7959       2000      10000         24
   0       14     1979     9989     14853370322     14853380311        10362116       7961       2000      10000         49
   0       14     1979     9996     14853380315     14853390311        10372109       7968       2000      10000         49
   0       14     1979    10002     14853390315     14853400317        10382109       7968       2000      10000         55
   0       14     1979     9997     14853400321     14853410318        10392115       7961       2000      10000         56
   0       14     1979     9977     14853410322     14853420299        10402116       7961       2000      10000         36
   0       14     1979     9988     14853420324     14853430312        10412118       7959       2000      10000         50
   0       14     1979    10003     14853430316     14853440319        10422110       7967       2000      10000         56
   0       14     1979     9991     14853440322     14853450313        10432116       7960       2000      10000         51
   0       14     1979    10001     14853450317     14853460318        10442111       7966       2000      10000         36
   0       14     1979     9977     14853460322     14853470299        10452116       7961       2000      10000         36
   0       14     1979     9944     14853470325     14853480269        10462119       7958       2000      10000          7
   0       14     1979    10023     14853480273     14853490295        10472066       8010       2000      10000         33
   0       14     1979     9989     14853490323     14853500312        10482117       7960       2000      10000         49
   0       14     1979    10003     14853500315     14853510318        10492109       7967       2000      10000         56
   0       14     1979     9995     14853510322     14853520317        10502116       7961       2000      10000         36
   0       14     1979     9999     14853520321     14853530320        10512115       7961       2000      10000         58
   0       14     1979     9972     14853530324     14853540296        10522117       7959       2000      10000         33
   0       14     2001     9980     14853540312     14853550292        10532106       7948       2000      10000         29
   0       14     1979     9987     14853550324     14853560312        10542118       7958       2000      10000         49
   0       14     1979    10003     14853560315     14853570319        10552109       7967       2000      10000         56
   0       14     1979     9976     14853570323     14853580299        10562117       7960       2000      10000         36
   0       14     1979     9977     14853580335     14853590312        10572129       7948       2000      10000         49
   0       14     1979     9954     14853590315     14853600269        10582109       7967       2000      10000          7
   0       14     1979    10040     14853600273     14853610313        10592067       8010       2000      10000         51
   0       14     1979     9982     14853610317     14853620299        10602111       7966       2000      10000         36
   0       14     1979     9976     14853620322     14853630298        10612116       7960       2000      10000         36
   0       14     1979     9995     14853630324     14853640319        10622118       7959       2000      10000         57
   0       14     1979     9996     14853640323     14853650319        10632117       7960       2000      10000         56
   0       14     1979     9969     14853650322     14853660291        10642116       7960       2000      10000         29
   0       14     1979     9988     14853660323     14853670311        10652117       7959       2000      10000         49
   0       14     1979     9954     14853670315     14853680269        10662109       7968       2000      10000          7
   0       14     2007    10019     14853680297     14853690316        10672091       7957       2000      10000         54
   0       14     1979     9975     14853690320     14853700296        10682114       7962       2000      10000         33
   0       14     1979     9990     14853700323     14853710313        10692117       7960       2000      10000         50
   0       14     1979     9996     14853710316     14853720312        10702110       7966       2000      10000         50
   0       14     1979    10002     14853720316     14853730318        10712110       7967       2000      10000         56
   0       14     1979     9947     14853730322     14853740269        10722116       7961       2000      10000          7
   0       14     2015     9994     14853740302     14853750296        10732096       7944       2000      10000         33
   0       14     1979     9946     14853750323     14853760269        10742116       7960       2000      10000          7
   0       14     1979    10022     14853760273     14853770295        10752066       8010       2000      10000         32
   0       14     1979     9947     14853770321     14853780269        10762115       7961       2000      10000          7
   0       14     2003     9991     14853780300     14853790291        10772094       7958       2000      10000         29
   0       14     1979     9945     14853790324     14853800269        10782118       7958       2000      10000          7
   0       14     1979    10039     14853800273     14853810312        10792066       8010       2000      10000         49
   0       14     1979     9976     14853810316     14853820291        10802110       7967       2000      10000         28
   0       14     1979     9971     14853820324     14853830295        10812118       7958       2000      10000         32
   0       14     1979     9969     14853830323     14853840292        10822117       7960       2000      10000         29
   0       14     1979     9994     14853840316     14853850310        10832110       7967       2000      10000         47
   0       14     1979     9958     14853850340     14853860297        10842134       7943       2000      10000         35
   0       14     2001     9973     14853860314     14853870287        10852108       7947       2000      10000         24
   0       14     1979     9968     14853870324     14853880292        10862118       7959       2000      10000         29
   0       14     1979     9952     14853880317     14853890269        10872111       7966       2000      10000          7
   0       14     1979     9996     14853890273     14853900269        10882067       8010       2000      10000          7
   0       14     1979     9997     14853900272     14853910269        10892066       8010       2000      10000          7
   0       14     1979     9983     14853910286     14853920269        10902080       7997       2000      10000          7
   0       14     1979     9996     14853920273     14853930269        10912067       8010       2000      10000          7
   0       14     1979     9997     14853930273     14853940269        10922066       8010       2000      10000          7
   0       14     1979    10019     14853940273     14853950291        10932067       8010       2000      10000         29
   0       14     1979     9944     14853950325     14853960269        10942119       7958       2000      10000          7
   0       14     1979     9996     14853960273     14853970269        10952067       8010       2000      10000          7
   0       14     1979     9996     14853970273     14853980269        10962067       8010       2000      10000          7
   0       14     1979     9996     14853980273     14853990269        10972067       8010       2000      10000          7
   0       14     1979     9997     14853990273     14854000269        10982066       8010       2000      10000          7
   0       14     1979     9996     14854000273     14854010269        10992067       8010       2000      10000          7
   0       14     1979     9997     14854010273     14854020269        11002066       8010       2000      10000          7
   0       14     1979     9996     14854020273     14854030269        11012067       8010       2000      10000          7
   0       14     1979     9996     14854030273     14854040269        11022066       8010       2000      10000          7
   0       14     1979    10046     14854040273     14854050318        11032067       8010       2000      10000         56
   0       14     1979     9965     14854050322     14854060287        11042116       7961       2000      10000         24
   0       14     1979     9998     14854060316     14854070313        11052110       7967       2000      10000         51
   0       14     1979     9995     14854070317     14854080312        11062111       7966       2000      10000         50
   0       14     1979    10005     14854080315     14854090320        11072109       7967       2000      10000         58
   0       14     1979     9988     14854090324     14854100312        11082118       7959       2000      10000         49
   0       14     1979     9997     14854100315     14854110312        11092109       7968       2000      10000         49
   0       14     1979    10001     14854110315     14854120316        11102109       7967       2000      10000         54
   0       14     1979     9968     14854120320     14854130289        11112114       7963       2000      10000         25
   0       14     1979     9989     14854130323     14854140311        11122116       7960       2000      10000         49
   0       14     1979     9997     14854140315     14854150312        11132109       7968       2000      10000         50
   0       14     1979     9977     14854150316     14854160293        11142110       7967       2000      10000         31
   0       14     2001    10009     14854160310     14854170319        11152104       7951       2000      10000         39
   0       14     1979     9975     14854170323     14854180299        11162117       7959       2000      10000         36
   0       14     1979     9948     14854180321     14854190269        11172115       7962       2000      10000          6
   0       14     1999    10012     14854190304     14854200316        11182098       7959       2000      10000         54
   0       14     1979     9992     14854200320     14854210312        11192114       7963       2000      10000         50
   0       14     1979     9996     14854210316     14854220311        11202110       7967       2000      10000         49
   0       14     1979    10000     14854220315     14854230315        11212109       7968       2000      10000         52
   0       14     1979     9980     14854230318     14854240298        11222112       7964       2000      10000         35
   0       14     1979     9936     14854240333     14854250269        11232127       7949       2000      10000          7
   0       14     2006     9995     14854250304     14854260299        11242098       7952       2000      10000         36
   0       14     1979     9995     14854260321     14854270316        11252115       7962       2000      10000         53
   0       14     1979     9949     14854270320     14854280269        11262113       7963       2000      10000          7
   0       14     1979    10023     14854280273     14854290296        11272067       8010       2000      10000         33
   0       14     1979     9990     14854290322     14854300311        11282116       7961       2000      10000         49
   0       14     1979    10003     14854300315     14854310318        11292109       7968       2000      10000         56
   0       14     1979     9990     14854310322     14854320312        11302115       7961       2000      10000         50
   0       14     1979    10004     14854320316     14854330320        11312110       7967       2000      10000         38
   0       14     1979     9987     14854330324     14854340311        11322118       7959       2000      10000         49
   0       14     1979     9997     14854340315     14854350312        11332109       7968       2000      10000         49
   0       14     1979    10001     14854350315     14854360316        11342109       7967       2000      10000         54
   0       14     1979     9991     14854360320     14854370311        11352114       7963       2000      10000         49
   0       14     1979     9997     14854370315     14854380312        11362109       7968       2000      10000         50
   0       14     1979     9998     14854380316     14854390314        11372110       7967       2000      10000         52
   0       14     1979     9994     14854390318     14854400311        11382112       7965       2000      10000         49
   0       14     1979    10005     14854400315     14854410320        11392109       7968       2000      10000         57
   0       14     1979     9988     14854410323     14854420312        11402117       7959       2000      10000         49
   0       14     1979    10002     14854420315     14854430318        11412109       7967       2000      10000         55
   0       14     1979     9948     14854430321     14854440270        11422115       7961       2000      10000          7
   0       14     1979    10038     14854440273     14854450312        11432067       8009       2000      10000         49
   0       14     1979     9978     14854450315     14854460294        11442109       7967       2000      10000         31
   0       14     1979     9987     14854460324     14854470311        11452118       7958       2000      10000         49
   0       14     1979     9980     14854470315     14854480295        11462109       7968       2000      10000         32
   0       14     1979     9976     14854480323     14854490298        11472117       7960       2000      10000         36
   0       14     1979     9994     14854490324     14854500318        11482118       7958       2000      10000         56
   0       14     1979     9995     14854500322     14854510318        11492116       7961       2000      10000         55
   0       14     1979     9970     14854510321     14854520292        11502115       7961       2000      10000         29
   0       14     1979     9992     14854520320     14854530312        11512114       7963       2000      10000         50
   0       14     1979     9983     14854530316     14854540299        11522109       7967       2000      10000         36
   0       14     1979     9946     14854540324     14854550270        11532118       7959       2000      10000          7
   0       14     1979     9995     14854550274     14854560269        11542067       8009       2000      10000          6
   0       14     1979    10048     14854560272     14854570320        11552066       8010       2000      10000         58
   0       14     1979     9977     14854570335     14854580312        11562129       7948       2000      10000         49
   0       14     1979    10003     14854580315     14854590318        11572109       7967       2000      10000         56
   0       14     1979     9947     14854590322     14854600269        11582116       7961       2000      10000          7
   0       14     1979    10024     14854600273     14854610297        11592066       8010       2000      10000         34
   0       14     1979     9998     14854610323     14854620321        11602116       7960       2000      10000         58
   0       14     1979     9988     14854620324     14854630313        11612118       7958       2000      10000         50
   0       14     1979    10001     14854630316     14854640318        11622110       7966       2000      10000         55
   0       14     1979     9978     14854640321     14854650299        11632115       7961       2000      10000         36
   0       14     1979     9967     14854650324     14854660291        11642118       7959       2000      10000         29
   0       14     1979     9997     14854660322     14854670318        11652115       7961       2000      10000         56
   0       14     1979     9990     14854670322     14854680313        11662116       7961       2000      10000         50
   0       14     1979    10002     14854680316     14854690318        11672110       7966       2000      10000         56
   0       14     1979     9989     14854690322     14854700311        11682116       7961       2000      10000         49
   0       14     1979     9997     14854700315     14854710312        11692109       7968       2000      10000         50
   0       14     1979     9996     14854710316     14854720312        11702109       7967       2000      10000         49
   0       14     1979     9953     14854720315     14854730269        11712109       7967       2000      10000          7
   0       14     1979     9992     14854730301     14854740293        11722095       7962       2000      10000         31
   0       14     1979     9996     14854740322     14854750318        11732116       7960       2000      10000         56
   0       14     1979     9947     14854750322     14854760269        11742116       7961       2000      10000          7
   0       14     1979    10025     14854760273     14854770298        11752067       8010       2000      10000         35
   0       14     1979     9989     14854770322     14854780312        11762116       7960       2000      10000         49
   0       14     1979     9984     14854780315     14854790299        11772109       7967       2000      10000         36
   0       14     1979     9946     14854790323     14854800269        11782116       7960       2000      10000          7
   0       14     2004    10001     14854800298     14854810299        11792091       7960       2000      10000         36
   0       14     1979     9988     14854810324     14854820312        11802118       7959       2000      10000         50
   0       14     1979    10002     14854820316     14854830318        11812110       7967       2000      10000         36
   0       14     1979     9990     14854830322     14854840312        11822116       7961       2000      10000         50
   0       14     1980     9994     14854840316     14854850310        11832110       7966       2000      10000         47
   0       14     1979     9926     14854850342     14854860269        11842136       7940       2000      10000          6
   0       14     1979    10024     14854860272     14854870296        11852066       8010       2000      10000         33
   0       14     1979     9996     14854870322     14854880318        11862116       7960       2000      10000         36
   0       14     1979     9971     14854880322     14854890293        11872116       7961       2000      10000         31
   0       14     1979     9967     14854890324     14854900291        11882118       7958       2000      10000         29
   0       14     1979     9982     14854900335     14854910318        11892129       7947       2000      10000         56
   0       14     1979     9999     14854910322     14854920320        11902115       7961       2000      10000         58
   0       14     1979     9988     14854920324     14854930312        11912118       7959       2000      10000         49
   0       14     1979     9984     14854930315     14854940299        11922109       7967       2000      10000         36
   0       14     1979     9972     14854940323     14854950295        11932117       7959       2000      10000         32
   0       14     1979     9946     14854950323     14854960269        11942116       7960       2000      10000          7
   0       14     1979    10048     14854960273     14854970321        11952066       8010       2000      10000         58
   0       14     1979     9989     14854970324     14854980313        11962118       7958       2000      10000         51
   0       14     1979    10002     14854980316     14854990319        11972110       7966       2000      10000         56
   0       14     1979     9977     14854990322     14855000299        11982116       7960       2000      10000         36
   0       14     1979     9976     14855000323     14855010299        11992117       7959       2000      10000         36
   0       14     1979     9990     14855010322     14855020312        12002116       7960       2000      10000         50
   0       14     1979     9997     14855020316     14855030313        12012110       7967       2000      10000         51
   0       14     1979    10001     14855030316     14855040318        12022110       7966       2000      10000         55
   0       14     1979     9974     14855040322     14855050296        12032116       7961       2000      10000         33
   0       14     2001     9974     14855050313     14855060287        12042107       7948       2000      10000         24
   0       14     1979     9971     14855060322     14855070293        12052116       7960       2000      10000         31
   0       14     1979     9969     14855070322     14855080291        12062116       7960       2000      10000         29
   0       14     1979     9948     14855080321     14855090269        12072114       7962       2000      10000          7
   0       14     2028    10026     14855090273     14855100299        12082066       7961       2000      10000         36
   0       14     1979     9964     14855100325     14855110289        12092118       7958       2000      10000         25
   0       14     1979     9970     14855110319     14855120289        12102113       7964       2000      10000         25
   0       14     1979     9970     14855120323     14855130292        12112116       7960       2000      10000         29
   0       14     1979     9971     14855130324     14855140296        12122118       7958       2000      10000         33
   0       14     1979     9966     14855140323     14855150289        12132117       7959       2000      10000         25
   0       14     1979     9946     14855150323     14855160269        12142117       7960       2000      10000          6
   0       14     1979    10020     14855160273     14855170292        12152066       8010       2000      10000         30
   0       14     1979     9972     14855170322     14855180293        12162116       7961       2000      10000         31
   0       14     1979     9946     14855180323     14855190269        12172117       7959       2000      10000          7
   0       14     1979     9996     14855190273     14855200269        12182067       8010       2000      10000          7
   0       14     1979     9996     14855200273     14855210269        12192067       8010       2000      10000          7
   0       14     2000     9968     14855210301     14855220269        12202095       7960       2000      10000          7
   0       14     1979     9996     14855220273     14855230269        12212067       8010       2000      10000          7
   0       14     1979     9986     14855230284     14855240269        12222077       7999       2000      10000          7
   0       14     2028     9996     14855240273     14855250269        12232067       7961       2000      10000          7
   0       14     1979     9996     14855250273     14855260269        12242067       8010       2000      10000          7
   0       14     1979     9996     14855260273     14855270269        12252067       8010       2000      10000          7
   0       14     1979     9996     14855270273     14855280269        12262067       8010       2000      10000          7
   0       14     1979     9996     14855280273     14855290269        12272067       8010       2000      10000          7
   0       14     1979     9996     14855290273     14855300269        12282067       8010       2000      10000          7
   0       14     2010     9972     14855300297     14855310269        12292091       7954       2000      10000          7
   0       14     1979     9996     14855310273     14855320269        12302067       8010       2000      10000          7
   0       14     1979     9996     14855320273     14855330269        12312067       8010       2000      10000          7
   0       14     1979     9996     14855330273     14855340269        12322067       8010       2000      10000          7
   0       14     1979    10045     14855340273     14855350317        12332067       8010       2000      10000         55
   0       14     1979     9947     14855350321     14855360269        12342115       7961       2000      10000          6
   0       14     1979    10023     14855360272     14855370295        12352066       8010       2000      10000         33
   0       14     1979     9988     14855370324     14855380312        12362118       7958       2000      10000         50
   0       14     1979     9983     14855380316     14855390299        12372110       7967       2000      10000         36
   0       14     1979     9990     14855390322     14855400311        12382116       7961       2000      10000         49
   0       14     1979    10002     14855400315     14855410318        12392109       7968       2000      10000         55
   0       14     1979     9990     14855410321     14855420311        12402115       7961       2000      10000         49
   0       14     1979    10001     14855420315     14855430316        12412109       7968       2000      10000         53
   0       14     1979     9992     14855430319     14855440312        12422113       7963       2000      10000         49
   0       14     1979     9979     14855440315     14855450294        12432109       7967       2000      10000         32
   0       14     2001    10007     14855450311     14855460318        12442105       7949       2000      10000         55
   0       14     1979     9990     14855460321     14855470312        12452115       7961       2000      10000         49
   0       14     1979    10005     14855470315     14855480321        12462109       7967       2000      10000         58
   0       14     1979     9994     14855480324     14855490318        12472118       7958       2000      10000         36
   0       14     1979     9994     14855490322     14855500316        12482116       7961       2000      10000         54
   0       14     1979     9971     14855500320     14855510291        12492114       7963       2000      10000         28
   0       14     1979     9992     14855510319     14855520312        12502113       7963       2000      10000         50
   0       14     1979     9996     14855520315     14855530311        12512109       7967       2000      10000         49
   0       14     1979     9996     14855530315     14855540312        12522109       7968       2000      10000         49
   0       14     1979     9976     14855540315     14855550291        12532109       7967       2000      10000         28
   0       14     1979     9989     14855550323     14855560312        12542116       7960       2000      10000         49
   0       14     1979     9968     14855560329     14855570297        12552123       7954       2000      10000         34
   0       14     1979     9946     14855570322     14855580269        12562116       7960       2000      10000          7
   0       14     1979    10047     14855580273     14855590320        12572066       8010       2000      10000         57
   0       14     1979     9945     14855590324     14855600269        12582118       7959       2000      10000          7
   0       14     1979     9996     14855600272     14855610269        12592066       8010       2000      10000          7
   0       14     1979     9996     14855610273     14855620269        12602066       8010       2000      10000          6
   0       14     2004    10009     14855620303     14855630312        12612097       7954       2000      10000         49
   0       14     1979     9983     14855630315     14855640299        12622109       7967       2000      10000         36
   0       14     1979     9973     14855640324     14855650297        12632118       7959       2000      10000         35
   0       14     1979     9976     14855650323     14855660299        12642117       7960       2000      10000         36
   0       14     1979     9991     14855660321     14855670313        12652115       7961       2000      10000         50
   0       14     1979    10002     14855670316     14855680318        12662110       7966       2000      10000         56
   0       14     1979     9947     14855680322     14855690269        12672116       7961       2000      10000          7
   0       14     2006    10013     14855690299     14855700312        12682092       7957       2000      10000         50
   0       14     1979     9983     14855700316     14855710299        12692109       7967       2000      10000         36
   0       14     1979     9989     14855710323     14855720312        12702117       7960       2000      10000         50
   0       14     1979     9995     14855720316     14855730311        12712110       7967       2000      10000         49
   0       14     1979     9983     14855730315     14855740298        12722109       7968       2000      10000         35
   0       14     1979     9998     14855740322     14855750320        12732116       7960       2000      10000         58
   0       14     1979     9988     14855750324     14855760312        12742118       7959       2000      10000         50
   0       14     1979     9996     14855760315     14855770311        12752109       7967       2000      10000         49
   0       14     1979     9997     14855770315     14855780312        12762109       7968       2000      10000         49
   0       14     1979     9996     14855780315     14855790312        12772109       7967       2000      10000         49
   0       14     1979    10005     14855790315     14855800320        12782109       7967       2000      10000         38
   0       14     1979     9967     14855800324     14855810291        12792118       7959       2000      10000         29
   0       14     1979     9995     14855810323     14855820318        12802117       7960       2000      10000         36
   0       14     1979     9991     14855820322     14855830313        12812116       7961       2000      10000         50
   0       14     1979     9973     14855830316     14855840289        12822110       7966       2000      10000         25
   0       14     1979     9947     14855840323     14855850270        12832117       7960       2000      10000          8
   0       14     1979    10025     14855850274     14855860298        12842068       8009       2000      10000         36
   0       14     1979     9989     14855860323     14855870312        12852117       7960       2000      10000         50
   0       14     1979     9997     14855870316     14855880313        12862109       7967       2000      10000         51
   0       14     1979     9982     14855880316     14855890298        12872110       7966       2000      10000         35
   0       14     1979     9983     14855890335     14855900318        12882129       7948       2000      10000         37
   0       14     1979     9973     14855900322     14855910295        12892116       7961       2000      10000         32
   0       14     2002    10007     14855910312     14855920318        12902106       7948       2000      10000         56
   0       14     1979     9990     14855920322     14855930312        12912116       7961       2000      10000         49
   0       14     1979     9997     14855930315     14855940313        12922109       7968       2000      10000         50
   0       14     1979     9979     14855940316     14855950296        12932110       7966       2000      10000         33
   0       14     1979     9946     14855950323     14855960269        12942117       7960       2000      10000          7
   0       14     1979    10040     14855960272     14855970313        12952066       8010       2000      10000         50
   0       14     1979     9995     14855970316     14855980312        12962110       7966       2000      10000         49
   0       14     1979     9997     14855980315     14855990312        12972109       7967       2000      10000         50
   0       14     1979     9996     14855990316     14856000312        12982109       7967       2000      10000         49
   0       14     1979     9996     14856000315     14856010311        12992109       7967       2000      10000         49
   0       14     1979     9997     14856010315     14856020312        13002109       7968       2000      10000         50
   0       14     1979     9976     14856020316     14856030292        13012110       7967       2000      10000         29
   0       14     1979     9953     14856030316     14856040269        13022110       7966       2000      10000          7
   0       14     1979     9999     14856040273     14856050272        13032066       8010       2000      10000          9
   0       14     1979     9995     14856050276     14856060271        13042069       8007       2000      10000          9
   0       14     1979    10037     14856060275     14856070312        13052069       8008       2000      10000         50
   0       14     1979     9954     14856070315     14856080269        13062109       7967       2000      10000          7
   0       14     2009    10013     14856080303     14856090317        13072097       7950       2000      10000         54
   0       14     1979     9995     14856090320     14856100315        13082114       7962       2000      10000         53
   0       14     1979     9999     14856100319     14856110318        13092113       7964       2000      10000         56
   0       14     1979     9991     14856110322     14856120312        13102116       7961       2000      10000         50
   0       14     1979     9997     14856120316     14856130313        13112110       7967       2000      10000         51
   0       14     1979     9996     14856130317     14856140312        13122111       7966       2000      10000         50
   0       14     1979    10003     14856140316     14856150319        13132110       7966       2000      10000         38
   0       14     1979     9975     14856150324     14856160299        13142117       7959       2000      10000         36
   0       14     1979     9990     14856160322     14856170312        13152116       7961       2000      10000         49
   0       14     1979     9997     14856170315     14856180312        13162109       7967       2000      10000         50
   0       14     1979    10003     14856180316     14856190319        13172110       7967       2000      10000         57
   0       14     1979     9998     14856190322     14856200320        13182116       7960       2000      10000         38
   0       14     1979     9989     14856200324     14856210313        13192118       7959       2000      10000         51
   0       14     1979     9980     14856210317     14856220296        13202111       7966       2000      10000         34
   0       14     1979     9977     14856220336     14856230313        13212129       7947       2000      10000         50
   0       14     1979     9981     14856230316     14856240297        13222110       7966       2000      10000         34
   0       14     1979     9991     14856240321     14856250312        13232115       7961       2000      10000         50
   0       14     1979     9997     14856250316     14856260312        13242110       7967       2000      10000         50
   0       14     1979     9996     14856260316     14856270311        13252110       7967       2000      10000         49
   0       14     1979     9997     14856270315     14856280312        13262109       7968       2000      10000         49
   0       14     1979     9998     14856280315     14856290313        13272109       7967       2000      10000         51
   0       14     1979     9977     14856290317     14856300294        13282111       7966       2000      10000         31
   0       14     2001    10001     14856300310     14856310312        13292104       7950       2000      10000         49
   0       14     1979     9976     14856310315     14856320291        13302109       7967       2000      10000         28
   0       14     1979     9990     14856320322     14856330312        13312116       7960       2000      10000         50
   0       14     1979     9953     14856330316     14856340269        13322110       7967       2000      10000          6
   0       14     2006     9991     14856340303     14856350294        13332097       7952       2000      10000         31
   0       14     1979     9947     14856350322     14856360269        13342116       7961       2000      10000          7
   0       14     1979    10016     14856360273     14856370289        13352067       8010       2000      10000         25
   0       14     1979     9968     14856370323     14856380291        13362117       7960       2000      10000         28
   0       14     1979     9966     14856380323     14856390289        13372117       7960       2000      10000         25
   0       14     1979     9965     14856390324     14856400289        13382118       7958       2000      10000         25
   0       14     1979     9964     14856400323     14856410287        13392117       7960       2000      10000          7
   0       14     2000     9985     14856410304     14856420289        13402098       7957       2000      10000         25
   0       14     1979     9966     14856420322     14856430289        13412116       7960       2000      10000         25
   0       14     1979     9976     14856430322     14856440298        13422116       7961       2000      10000         35
   0       14     2000     9977     14856440314     14856450291        13432108       7947       2000      10000         29
   0       14     1979     9997     14856450316     14856460312        13442110       7967       2000      10000         50
   0       14     1979     9953     14856460316     14856470269        13452110       7967       2000      10000          7
   0       14     1979     9996     14856470273     14856480269        13462066       8010       2000      10000          7
   0       14     1979     9996     14856480273     14856490269        13472067       8010       2000      10000          7
   0       14     1979     9996     14856490273     14856500269        13482067       8010       2000      10000          7
   0       14     1979     9996     14856500273     14856510269        13492066       8010       2000      10000          7
   0       14     1979     9997     14856510273     14856520269        13502067       8010       2000      10000          7
   0       14     1979     9996     14856520273     14856530269        13512067       8010       2000      10000          7
   0       14     1979     9996     14856530273     14856540269        13522066       8010       2000      10000          7
   0       14     1979     9996     14856540273     14856550269        13532067       8010       2000      10000          7
   0       14     1979     9985     14856550284     14856560269        13542078       7999       2000      10000          7
   0       14     1979     9996     14856560273     14856570269        13552067       8010       2000      10000          7
   0       14     1979     9996     14856570273     14856580269        13562067       8010       2000      10000          7
   0       14     1979     9996     14856580273     14856590269        13572067       8010       2000      10000          7
   0       14     1979     9996     14856590273     14856600269        13582067       8010       2000      10000          7
   0       14     1979     9996     14856600273     14856610269        13592067       8010       2000      10000          7
   0       14     1979     9996     14856610273     14856620269        13602066       8010       2000      10000          7
   0       14     1979     9997     14856620273     14856630270        13612067       8010       2000      10000          8
   0       14     1979    10015     14856630274     14856640289        13622067       8009       2000      10000         25
   0       14     1979     9976     14856640322     14856650298        13632116       7960       2000      10000         36
   0       14     1979     9990     14856650321     14856660312        13642115       7961       2000      10000         49
   0       14     1979     9978     14856660315     14856670293        13652109       7967       2000      10000         31
   0       14     1979     9974     14856670322     14856680296        13662116       7960       2000      10000         33
   0       14     1979     9990     14856680323     14856690314        13672117       7959       2000      10000         51
   0       14     1979     9980     14856690317     14856700297        13682111       7965       2000      10000         34
   0       14     1979     9974     14856700322     14856710296        13692116       7961       2000      10000         33
   0       14     1979     9972     14856710324     14856720296        13702118       7959       2000      10000         33
   0       14     1979     9991     14856720323     14856730314        13712116       7960       2000      10000         51
   0       14     1979     9982     14856730317     14856740300        13722111       7965       2000      10000         37
   0       14     1979     9988     14856740324     14856750312        13732118       7959       2000      10000         50
   0       14     1979     9999     14856750316     14856760315        13742110       7967       2000      10000         53
   0       14     1979     9996     14856760319     14856770315        13752113       7964       2000      10000         53
   0       14     1979     9998     14856770319     14856780318        13762113       7964       2000      10000         55
   0       14     1979     9999     14856780321     14856790320        13772115       7962       2000      10000         58
   0       14     1979     9988     14856790324     14856800312        13782118       7959       2000      10000         50
   0       14     1979     9953     14856800316     14856810269        13792109       7967       2000      10000          7
   0       14     1979     9996     14856810272     14856820269        13802066       8010       2000      10000          7
   0       14     1979     9997     14856820273     14856830269        13812066       8010       2000      10000          7
   0       14     1979    10039     14856830273     14856840311        13822067       8010       2000      10000         49
   0       14     1980     9993     14856840315     14856850308        13832109       7967       2000      10000         46
   0       14     1979     9975     14856850337     14856860312        13842131       7945       2000      10000         50
   0       14     1979     9996     14856860316     14856870312        13852110       7967       2000      10000         49
   0       14     1979     9954     14856870315     14856880269        13862109       7967       2000      10000          7
   0       14     1979     9980     14856880337     14856890318        13872131       7945       2000      10000         55
   0       14     1979     9992     14856890321     14856900313        13882115       7961       2000      10000         51
   0       14     1979     9995     14856900317     14856910312        13892111       7966       2000      10000         50
   0       14     1979     9998     14856910316     14856920313        13902109       7967       2000      10000         51
   0       14     1979     9952     14856920317     14856930269        13912111       7966       2000      10000          7
   0       14     2006     9998     14856930301     14856940299        13922095       7954       2000      10000         36
   0       14     1979     9947     14856940322     14856950269        13932116       7960       2000      10000          7
   0       14     1979     9971     14856950325     14856960296        13942118       7958       2000      10000         33
   0       14     1979     9989     14856960323     14856970312        13952116       7960       2000      10000         50
   0       14     1979    10005     14856970316     14856980321        13962109       7967       2000      10000         58
   0       14     1979     9994     14856980324     14856990319        13972118       7958       2000      10000         56
   0       14     1979     9947     14856990322     14857000269        13982116       7960       2000      10000          7
   0       14     1979     9996     14857000273     14857010269        13992067       8010       2000      10000          7
   0       14     1979    10045     14857010273     14857020318        14002067       8010       2000      10000         56
   0       14     1979     9972     14857020321     14857030294        14012115       7961       2000      10000         31
   0       14     2001    10003     14857030310     14857040313        14022104       7950       2000      10000         51
   0       14     1979     9952     14857040317     14857050269        14032111       7966       2000      10000          6
   0       14     1979     9976     14857050321     14857060297        14042114       7962       2000      10000         34
   0       14     1979     9994     14857060324     14857070318        14052118       7959       2000      10000         56
   0       14     1979     9990     14857070322     14857080311        14062116       7961       2000      10000         49
   0       14     1979    10001     14857080315     14857090316        14072109       7968       2000      10000         54
   0       14     1979     9949     14857090320     14857100269        14082114       7963       2000      10000          7
   0       14     1979    10040     14857100272     14857110312        14092066       8010       2000      10000         50
   0       14     1979     9996     14857110316     14857120312        14102110       7967       2000      10000         50
   0       14     1979    10003     14857120316     14857130318        14112110       7967       2000      10000         56
   0       14     1979     9989     14857130322     14857140312        14122116       7961       2000      10000         49
   0       14     1979     9996     14857140315     14857150311        14132109       7967       2000      10000         49
   0       14     1979    10001     14857150315     14857160317        14142109       7968       2000      10000         54
   0       14     1979     9992     14857160320     14857170313        14152114       7962       2000      10000         50
   0       14     1979     9982     14857170316     14857180299        14162110       7966       2000      10000         36
   0       14     1979     9989     14857180322     14857190311        14172116       7961       2000      10000         49
   0       14     1979     9999     14857190315     14857200314        14182109       7968       2000      10000         52
   0       14     1979     9994     14857200318     14857210312        14192111       7965       2000      10000         49
   0       14     1979     9993     14857210326     14857220320        14202120       7956       2000      10000         58
   0       14     1979     9988     14857220324     14857230311        14212118       7959       2000      10000         49
   0       14     1979     9997     14857230315     14857240312        14222109       7968       2000      10000         49
   0       14     1979     9953     14857240315     14857250269        14232109       7967       2000      10000          7
   0       14     1979    10026     14857250273     14857260298        14242066       8010       2000      10000         36
   0       14     1979     9972     14857260322     14857270294        14252116       7961       2000      10000         31
   0       14     2001    10004     14857270310     14857280314        14262104       7950       2000      10000         52
   0       14     1979     9981     14857280317     14857290298        14272111       7965       2000      10000         35
   0       14     1979     9998     14857290323     14857300320        14282116       7960       2000      10000         58
   0       14     1979     9975     14857300324     14857310299        14292118       7959       2000      10000         36
   0       14     1979     9947     14857310322     14857320269        14302116       7961       2000      10000          7
   0       14     1979    10039     14857320273     14857330312        14312067       8010       2000      10000         49
   0       14     1979     9996     14857330315     14857340312        14322109       7967       2000      10000         49
   0       14     1979     9996     14857340315     14857350312        14332109       7967       2000      10000         49
   0       14     1979     9976     14857350315     14857360291        14342109       7967       2000      10000         28
   0       14     1979     9976     14857360323     14857370299        14352117       7960       2000      10000         36
   0       14     1979     9977     14857370321     14857380299        14362115       7961       2000      10000         36
   0       14     1979     9974     14857380324     14857390298        14372118       7959       2000      10000         35
   0       14     1979     9946     14857390322     14857400269        14382116       7960       2000      10000          6
   0       14     2006     9993     14857400303     14857410296        14392097       7953       2000      10000         33
   0       14     1979     9977     14857410320     14857420297        14402114       7962       2000      10000         34
   0       14     1979     9997     14857420323     14857430320        14412116       7960       2000      10000         57
   0       14     1979     9995     14857430323     14857440318        14422117       7959       2000      10000         56
   0       14     1979     9969     14857440322     14857450291        14432116       7961       2000      10000         29
   0       14     1979     9989     14857450323     14857460312        14442117       7960       2000      10000         49
   0       14     1979     9996     14857460315     14857470312        14452109       7967       2000      10000         49
   0       14     1979     9996     14857470315     14857480312        14462109       7968       2000      10000         49
   0       14     1979    10006     14857480315     14857490321        14472109       7967       2000      10000         58
   0       14     1979     9987     14857490324     14857500312        14482118       7958       2000      10000         49
   0       14     1979     9996     14857500315     14857510311        14492109       7967       2000      10000         49
   0       14     1979     9997     14857510315     14857520312        14502109       7968       2000      10000         49
   0       14     1979     9984     14857520315     14857530299        14512109       7967       2000      10000         36
   0       14     1979     9974     14857530322     14857540296        14522116       7961       2000      10000         33
   0       14     1979     9965     14857540334     14857550299        14532128       7949       2000      10000         36
   0       14     1979     9996     14857550322     14857560318        14542116       7960       2000      10000         56
   0       14     1979     9998     14857560322     14857570320        14552116       7961       2000      10000         58
   0       14     1979     9995     14857570324     14857580319        14562118       7959       2000      10000         56
   0       14     1979     9997     14857580323     14857590320        14572117       7960       2000      10000         57
   0       14     1979     9945     14857590324     14857600269        14582117       7959       2000      10000          6
   0       14     2029    10026     14857600272     14857610299        14592066       7961       2000      10000         36
   0       14     1979     9977     14857610322     14857620299        14602116       7961       2000      10000         36
   0       14     1979     9989     14857620323     14857630312        14612117       7960       2000      10000         49
   0       14     1979     9954     14857630315     14857640269        14622109       7967       2000      10000          7
   0       14     2008     9993     14857640297     14857650290        14632091       7956       2000      10000         26
   0       14     1979     9970     14857650321     14857660292        14642115       7961       2000      10000         29
   0       14     1979     9971     14857660323     14857670294        14652117       7960       2000      10000         31
   0       14     1979     9945     14857670324     14857680269        14662118       7959       2000      10000          7
   0       14     1979    10021     14857680273     14857690294        14672067       8010       2000      10000         31
   0       14     1979     9965     14857690323     14857700287        14682116       7960       2000      10000          7
   0       14     1979     9968     14857700324     14857710292        14692118       7958       2000      10000         29
   0       14     1979     9966     14857710322     14857720289        14702116       7960       2000      10000         25
   0       14     1979     9976     14857720315     14857730291        14712109       7967       2000      10000         29
   0       14     1979     9948     14857730321     14857740269        14722115       7962       2000      10000          7
   0       14     2028    10026     14857740273     14857750299        14732066       7961       2000      10000         36
   0       14     1979     9967     14857750324     14857760291        14742118       7958       2000      10000         28
   0       14     1979     9952     14857760317     14857770269        14752111       7966       2000      10000          7
   0       14     1979     9996     14857770273     14857780269        14762067       8010       2000      10000          7
   0       14     1979     9996     14857780273     14857790269        14772067       8010       2000      10000          7
   0       14     1979     9996     14857790273     14857800269        14782067       8010       2000      10000          7
   0       14     1979     9996     14857800273     14857810269        14792067       8010       2000      10000          7
   0       14     1979     9996     14857810273     14857820269        14802067       8010       2000      10000          7
   0       14     1979     9996     14857820273     14857830269        14812067       8010       2000      10000          7
   0       14     1979     9996     14857830273     14857840269        14822067       8010       2000      10000          7
   0       14     1980     9998     14857840273     14857850271        14832067       8009       2000      10000          8
   0       14     1979     9995     14857850274     14857860269        14842068       8008       2000      10000          7
   0       14     1979     9996     14857860273     14857870269        14852067       8010       2000      10000          7
   0       14     1979     9976     14857870293     14857880269        14862087       7990       2000      10000          7
   0       14     1979     9996     14857880273     14857890269        14872067       8010       2000      10000          7
   0       14     1979     9996     14857890273     14857900269        14882067       8010       2000      10000          7
   0       14     1979     9996     14857900273     14857910269        14892067       8010       2000      10000          7
   0       14     1979     9997     14857910273     14857920270        14902067       8010       2000      10000          8
   0       14     1979    10025     14857920274     14857930299        14912068       8009       2000      10000         36
   0       14     1979     9990     14857930321     14857940311        14922115       7961       2000      10000         49
   0       14     1979     9997     14857940315     14857950312        14932109       7967       2000      10000         49
   0       14     1979     9954     14857950315     14857960269        14942109       7967       2000      10000          7
   0       14     1979    10047     14857960273     14857970319        14952066       8010       2000      10000         57
   0       14     1979     9975     14857970323     14857980299        14962117       7959       2000      10000         36
   0       14     1979     9978     14857980321     14857990299        14972115       7962       2000      10000         37
   0       14     1979     9970     14857990324     14858000294        14982118       7958       2000      10000         31
   0       14     1979     9989     14858000323     14858010312        14992116       7960       2000      10000         50
   0       14     1979     9979     14858010315     14858020294        15002109       7967       2000      10000         31
   0       14     1979     9990     14858020323     14858030313        15012117       7959       2000      10000         51
   0       14     1979     9995     14858030317     14858040312        15022111       7966       2000      10000         49
   0       14     1979     9979     14858040315     14858050295        15032109       7967       2000      10000         32
   0       14     1979     9994     14858050323     14858060318        15042117       7959       2000      10000         56
   0       14     1979     9974     14858060322     14858070296        15052115       7961       2000      10000         33
   0       14     1979     9988     14858070324     14858080313        15062118       7958       2000      10000         50
   0       14     1979     9996     14858080316     14858090312        15072110       7967       2000      10000         49
   0       14     1979     9981     14858090315     14858100297        15082109       7967       2000      10000         34
   0       14     1979     9987     14858100324     14858110312        15092118       7958       2000      10000         49
   0       14     1979     9996     14858110315     14858120312        15102109       7967       2000      10000         49
   0       14     1979     9997     14858120315     14858130312        15112109       7967       2000      10000         50
   0       14     1979     9976     14858130316     14858140292        15122110       7967       2000      10000         29
   0       14     1979     9952     14858140316     14858150269        15132110       7966       2000      10000          7
   0       14     2006     9968     14858150301     14858160269        15142095       7954       2000      10000          7
   0       14     2003    10018     14858160300     14858170319        15152094       7958       2000      10000         57
   0       14     1979     9977     14858170323     14858180300        15162116       7960       2000      10000         37
   0       14     2001     9975     14858180316     14858190291        15172110       7945       2000      10000         28
   0       14     1979     9982     14858190316     14858200298        15182109       7967       2000      10000         35
   0       14     1979     9986     14858200335     14858210321        15192128       7948       2000      10000         58
   0       14     1979     9975     14858210324     14858220299        15202118       7958       2000      10000         36
   0       14     1979     9947     14858220321     14858230269        15212115       7961       2000      10000          7
   0       14     2005    10016     14858230300     14858240316        15222094       7956       2000      10000         54
   0       14     1979     9991     14858240320     14858250311        15232114       7962       2000      10000         49
   0       14     1979     9997     14858250315     14858260312        15242109       7968       2000      10000         49
   0       14     1979     9954     14858260315     14858270269        15252109       7967       2000      10000          7
   0       14     2000     9969     14858270301     14858280269        15262095       7961       2000      10000          7
   0       14     1979    10039     14858280273     14858290312        15272067       8010       2000      10000         49
   0       14     1979    10002     14858290315     14858300318        15282109       7967       2000      10000         56
   0       14     1979     9990     14858300322     14858310311        15292116       7961       2000      10000         49
   0       14     1979     9954     14858310315     14858320269        15302109       7968       2000      10000          6
   0       14     1979    10023     14858320272     14858330295        15312066       8010       2000      10000         32
   0       14     1979     9990     14858330322     14858340312        15322115       7961       2000      10000         49
   0       14     1979    10002     14858340315     14858350317        15332109       7967       2000      10000         55
   0       14     1979     9991     14858350321     14858360312        15342115       7962       2000      10000         49
   0       14     1979     9954     14858360315     14858370269        15352109       7967       2000      10000          7
   0       14     1979    10039     14858370273     14858380312        15362066       8010       2000      10000         49
   0       14     1979     9996     14858380315     14858390311        15372109       7967       2000      10000         49
   0       14     1979    10002     14858390315     14858400316        15382109       7968       2000      10000         54
   0       14     1979     9998     14858400320     14858410318        15392114       7963       2000      10000         56
   0       14     1979     9998     14858410322     14858420320        15402116       7961       2000      10000         57
   0       14     1979     9990     14858420323     14858430313        15412117       7959       2000      10000         51
   0       14     1979     9952     14858430317     14858440269        15422111       7966       2000      10000          6
   0       14     1979     9998     14858440322     14858450320        15432116       7960       2000      10000         58
   0       14     1979     9973     14858450324     14858460297        15442118       7959       2000      10000         35
   0       14     1979     9990     14858460322     14858470312        15452116       7961       2000      10000         50
   0       14     1979    10004     14858470315     14858480320        15462109       7967       2000      10000         57
   0       14     1979     9945     14858480323     14858490269        15472117       7959       2000      10000          6
   0       14     1979    10005     14858490316     14858500320        15482110       7967       2000      10000         58
   0       14     1979     9989     14858500324     14858510313        15492118       7958       2000      10000         51
   0       14     1979     9982     14858510317     14858520299        15502111       7966       2000      10000         36
   0       14     1979     9947     14858520322     14858530269        15512116       7961       2000      10000          6
   0       14     1979     9973     14858530339     14858540312        15522132       7944       2000      10000         50
   0       14     1979    10003     14858540316     14858550318        15532109       7967       2000      10000         56
   0       14     1979     9998     14858550322     14858560320        15542116       7961       2000      10000         58
   0       14     1979     9965     14858560324     14858570288        15552118       7959       2000      10000         25
   0       14     1979     9989     14858570322     14858580311        15562116       7960       2000      10000         49
   0       14     1979     9997     14858580315     14858590311        15572109       7968       2000      10000         49
   0       14     1979     9954     14858590315     14858600269        15582109       7968       2000      10000          7
   0       14     1979    10021     14858600273     14858610294        15592066       8010       2000      10000         31
   0       14     2001    10001     14858610310     14858620311        15602104       7950       2000      10000         49
   0       14     1979     9984     14858620315     14858630299        15612109       7968       2000      10000         36
   0       14     1979     9991     14858630321     14858640313        15622115       7961       2000      10000         50
   0       14     1979     9995     14858640316     14858650311        15632110       7966       2000      10000         49
   0       14     1979     9981     14858650315     14858660296        15642109       7968       2000      10000         33
   0       14     2001     9980     14858660313     14858670293        15652106       7948       2000      10000         30
   0       14     1979     9995     14858670316     14858680311        15662110       7967       2000      10000         49
   0       14     1979     9984     14858680315     14858690299        15672109       7968       2000      10000         36
   0       14     1979     9945     14858690324     14858700269        15682118       7959       2000      10000          6
   0       14     1979     9996     14858700272     14858710269        15692066       8010       2000      10000          7
   0       14     1979    10040     14858710273     14858720313        15702066       8010       2000      10000         51
   0       14     1979     9982     14858720317     14858730298        15712110       7966       2000      10000         35
   0       14     1979     9977     14858730321     14858740299        15722115       7961       2000      10000         36
   0       14     1979     9992     14858740324     14858750316        15732118       7959       2000      10000         53
   0       14     1979     9999     14858750319     14858760318        15742113       7963       2000      10000         56
   0       14     1979     9977     14858760322     14858770299        15752116       7961       2000      10000         36
   0       14     1979     9989     14858770324     14858780313        15762118       7959       2000      10000         50
   0       14     1979     9996     14858780316     14858790312        15772110       7966       2000      10000         50
   0       14     1979    10004     14858790315     14858800320        15782109       7967       2000      10000         58
   0       14     1979     9968     14858800324     14858810291        15792118       7959       2000      10000         29
   0       14     1979     9984     14858810316     14858820299        15802109       7967       2000      10000         36
   0       14     1979     9967     14858820324     14858830291        15812118       7958       2000      10000         28
   0       14     1979     9994     14858830317     14858840311        15822111       7965       2000      10000         49
   0       14     1979     9998     14858840315     14858850313        15832109       7968       2000      10000         51
   0       14     1979     9981     14858850317     14858860298        15842111       7966       2000      10000         35
   0       14     1979     9959     14858860337     14858870296        15852130       7946       2000      10000         33
   0       14     1979     9989     14858870323     14858880311        15862117       7960       2000      10000         49
   0       14     1979     9954     14858880315     14858890269        15872109       7967       2000      10000          7
   0       14     1979     9973     14858890322     14858900295        15882116       7960       2000      10000         32
   0       14     1979     9987     14858900324     14858910312        15892118       7958       2000      10000         49
   0       14     1979     9997     14858910315     14858920312        15902109       7967       2000      10000         50
   0       14     1979     9995     14858920316     14858930311        15912110       7967       2000      10000         49
   0       14     1979     9973     14858930315     14858940288        15922109       7968       2000      10000          7
   0       14     1979     9946     14858940323     14858950269        15932117       7960       2000      10000          7
   0       14     1979     9996     14858950273     14858960269        15942066       8010       2000      10000          7
   0       14     2008     9996     14858960296     14858970292        15952090       7958       2000      10000         29
   0       14     1979     9980     14858970316     14858980296        15962109       7967       2000      10000         33
   0       14     1979     9965     14858980324     14858990289        15972118       7959       2000      10000         25
   0       14     1979     9974     14858990318     14859000292        15982111       7965       2000      10000         29
   0       14     1979     9947     14859000322     14859010269        15992116       7961       2000      10000          7
   0       14     1979     9996     14859010273     14859020269        16002067       8010       2000      10000          7
   0       14     1979    10020     14859020273     14859030292        16012067       8010       2000      10000         30
   0       14     1979     9946     14859030323     14859040269        16022117       7960       2000      10000          7
   0       14     1979     9996     14859040273     14859050269        16032067       8010       2000      10000          6
   0       14     2004     9970     14859050299     14859060269        16042092       7958       2000      10000          7
   0       14     1979     9996     14859060273     14859070269        16052067       8010       2000      10000          7
   0       14     1979     9996     14859070273     14859080269        16062067       8010       2000      10000          7
   0       14     1979     9996     14859080273     14859090269        16072067       8010       2000      10000          7
   0       14     1979     9996     14859090273     14859100269        16082066       8010       2000      10000          7
   0       14     1979     9996     14859100273     14859110269        16092067       8010       2000      10000          7
   0       14     1979     9996     14859110273     14859120269        16102067       8010       2000      10000          7
   0       14     1979     9996     14859120273     14859130269        16112067       8010       2000      10000          7
   0       14     1979     9996     14859130273     14859140269        16122067       8010       2000      10000          7
   0       14     1979     9996     14859140273     14859150269        16132067       8010       2000      10000          7
   0       14     1979     9996     14859150273     14859160269        16142067       8010       2000      10000          7
   0       14     1979     9996     14859160273     14859170269        16152066       8010       2000      10000          7
   0       14     1979     9996     14859170273     14859180269        16162067       8010       2000      10000          7
   0       14     1979     9996     14859180273     14859190269        16172066       8010       2000      10000          7
   0       14     1979     9986     14859190283     14859200269        16182077       8000       2000      10000          7
   0       14     1979     9996     14859200273     14859210269        16192067       8010       2000      10000          7
   0       14     1979     9997     14859210273     14859220269        16202067       8010       2000      10000          7
   0       14     1979    10039     14859220273     14859230312        16212067       8010       2000      10000         50
   0       14     1979     9953     14859230316     14859240269        16222110       7967       2000      10000          7
   0       14     1979    10039     14859240273     14859250312        16232067       8010       2000      10000         50
   0       14     1979     9998     14859250316     14859260313        16242110       7967       2000      10000         51
   0       14     1979     9995     14859260317     14859270312        16252111       7966       2000      10000         49
   0       14     1979     9984     14859270315     14859280299        16262109       7967       2000      10000         36
   0       14     1979     9988     14859280324     14859290312        16272118       7959       2000      10000         50
   0       14     1979     9953     14859290316     14859300269        16282110       7967       2000      10000          7
   0       14     1979    10040     14859300272     14859310313        16292066       8010       2000      10000         51
   0       14     1979     9995     14859310317     14859320311        16302110       7966       2000      10000         49
   0       14     1979     9984     14859320315     14859330299        16312109       7968       2000      10000         36
   0       14     1979     9989     14859330324     14859340313        16322118       7958       2000      10000         51
   0       14     1979     9982     14859340317     14859350299        16332111       7966       2000      10000         36
   0       14     1979     9974     14859350321     14859360295        16342115       7961       2000      10000         32
   0       14     2001    10002     14859360312     14859370313        16352106       7949       2000      10000         51
   0       14     1979     9999     14859370317     14859380316        16362111       7965       2000      10000         54
   0       14     1979     9993     14859380320     14859390313        16372114       7963       2000      10000         50
   0       14     1979     9995     14859390316     14859400312        16382110       7966       2000      10000         49
   0       14     1979     9996     14859400315     14859410311        16392109       7967       2000      10000         49
   0       14     1979     9998     14859410315     14859420313        16402109       7968       2000      10000         51
   0       14     1979     9981     14859420317     14859430298        16412111       7966       2000      10000         35
   0       14     1979     9977     14859430322     14859440300        16422116       7960       2000      10000         37
   0       14     1979     9973     14859440324     14859450297        16432118       7958       2000      10000         34
   0       14     1979     9990     14859450322     14859460312        16442116       7961       2000      10000         49
   0       14     1979     9997     14859460315     14859470312        16452109       7967       2000      10000         50
   0       14     1979     9953     14859470316     14859480269        16462110       7967       2000      10000          7
   0       14     2002    10020     14859480300     14859490320        16472094       7959       2000      10000         58
   0       14     1979     9987     14859490324     14859500311        16482118       7959       2000      10000         49
   0       14     1979     9997     14859500315     14859510312        16492109       7968       2000      10000         49
   0       14     1979     9984     14859510315     14859520300        16502109       7967       2000      10000         37
   0       14     1979     9983     14859520335     14859530318        16512129       7947       2000      10000         36
   0       14     1979     9991     14859530322     14859540313        16522116       7960       2000      10000         51
   0       14     1979     9999     14859540317     14859550316        16532110       7966       2000      10000         54
   0       14     1979     9949     14859550320     14859560269        16542113       7963       2000      10000          6
   0       14     1979    10025     14859560272     14859570297        16552066       8010       2000      10000         35
   0       14     1979     9988     14859570324     14859580312        16562118       7959       2000      10000         50
   0       14     1979     9976     14859580315     14859590291        16572109       7967       2000      10000         28
   0       14     1979     9947     14859590322     14859600269        16582116       7961       2000      10000          6
   0       14     1979    10046     14859600272     14859610318        16592066       8010       2000      10000         56
   0       14     1979     9996     14859610322     14859620318        16602116       7961       2000      10000         56
   0       14     1979     9990     14859620322     14859630312        16612116       7961       2000      10000         50
   0       14     1979    10003     14859630316     14859640318        16622109       7967       2000      10000         56
   0       14     1979     9999     14859640322     14859650321        16632116       7961       2000      10000         58
   0       14     1979     9988     14859650324     14859660312        16642118       7958       2000      10000         50
   0       14     1979     9984     14859660316     14859670299        16652109       7967       2000      10000         36
   0       14     1979     9975     14859670321     14859680297        16662115       7961       2000      10000         34
   0       14     1979     9995     14859680324     14859690319        16672118       7958       2000      10000         57
   0       14     1979     9946     14859690323     14859700269        16682116       7960       2000      10000          7
   0       14     1979    10027     14859700273     14859710299        16692067       8010       2000      10000         36
   0       14     1979     9987     14859710324     14859720311        16702118       7958       2000      10000         49
   0       14     1979    10004     14859720315     14859730319        16712109       7967       2000      10000         57
   0       14     1979     9988     14859730323     14859740312        16722117       7959       2000      10000         49
   0       14     1979    10003     14859740315     14859750318        16732109       7967       2000      10000         56
   0       14     1979     9990     14859750322     14859760312        16742116       7961       2000      10000         50
   0       14     1979     9997     14859760315     14859770312        16752109       7967       2000      10000         50
   0       14     1979     9995     14859770316     14859780311        16762110       7967       2000      10000         49
   0       14     1979     9998     14859780315     14859790313        16772109       7968       2000      10000         50
   0       14     1979     9995     14859790316     14859800312        16782110       7966       2000      10000         49
   0       14     1979     9996     14859800315     14859810311        16792109       7967       2000      10000         49
   0       14     1979     9954     14859810315     14859820269        16802109       7968       2000      10000          7
   0       14     2005    10008     14859820304     14859830311        16812098       7953       2000      10000         49
   0       14     1979     9997     14859830315     14859840312        16822109       7968       2000      10000         49
   0       14     1979     9955     14859840315     14859850270        16832109       7967       2000      10000          8
   0       14     1979     9981     14859850288     14859860269        16842082       7994       2000      10000          7
   0       14     1979    10047     14859860273     14859870320        16852067       8010       2000      10000         58
   0       14     1979     9945     14859870324     14859880269        16862118       7959       2000      10000          7
   0       14     1979     9996     14859880273     14859890269        16872067       8010       2000      10000          7
   0       14     1979    10040     14859890273     14859900313        16882067       8010       2000      10000         51
   0       14     1979     9995     14859900317     14859910311        16892110       7966       2000      10000         49
   0       14     1979     9996     14859910315     14859920312        16902109       7967       2000      10000         49
   0       14     1979     9997     14859920315     14859930312        16912109       7967       2000      10000         50
   0       14     1979     9981     14859930315     14859940297        16922109       7967       2000      10000         34
   0       14     1979     9998     14859940322     14859950320        16932116       7961       2000      10000         58
   0       14     1979     9988     14859950324     14859960312        16942118       7959       2000      10000         49
   0       14     1979    10000     14859960315     14859970316        16952109       7968       2000      10000         53
   0       14     1979     9996     14859970319     14859980316        16962113       7963       2000      10000         53
   0       14     1979     9992     14859980319     14859990312        16972113       7963       2000      10000         49
   0       14     1979     9954     14859990315     14860000269        16982109       7967       2000      10000          7
   0       14     2001    10013     14860000298     14860010311        16992092       7962       2000      10000         49
   0       14     1979     9996     14860010315     14860020311        17002109       7968       2000      10000         49
   0       14     1979     9984     14860020315     14860030299        17012109       7968       2000      10000         36
   0       14     1979     9988     14860030324     14860040312        17022118       7959       2000      10000         49
   0       14     1979     9996     14860040315     14860050312        17032109       7967       2000      10000         50
   0       14     1979    10000     14860050316     14860060316        17042109       7967       2000      10000         53
   0       14     1979     9978     14860060319     14860070297        17052113       7963       2000      10000         35
   0       14     1979     9946     14860070322     14860080269        17062116       7960       2000      10000          7
   0       14     1979    10040     14860080273     14860090312        17072066       8010       2000      10000         50
   0       14     1979    10002     14860090316     14860100318        17082110       7967       2000      10000         56
   0       14     1979     9977     14860100322     14860110299        17092116       7961       2000      10000         36
   0       14     1979     9994     14860110324     14860120318        17102118       7959       2000      10000         55
   0       14     1979     9994     14860120321     14860130316        17112115       7961       2000      10000         54
   0       14     1979     9997     14860130320     14860140316        17122113       7963       2000      10000         54
   0       14     1979     9992     14860140320     14860150312        17132114       7963       2000      10000         50
   0       14     1979     9996     14860150315     14860160311        17142109       7967       2000      10000         49
   0       14     1979     9998     14860160315     14860170313        17152109       7968       2000      10000         51
   0       14     1979     9995     14860170317     14860180312        17162111       7966       2000      10000         49
   0       14     1979     9994     14860180326     14860190320        17172120       7957       2000      10000         57
   0       14     1979     9945     14860190324     14860200269        17182117       7959       2000      10000          6
   0       14     1979    10039     14860200272     14860210312        17192066       8010       2000      10000         49
   0       14     1979     9981     14860210315     14860220296        17202109       7967       2000      10000         34
   0       14     1979     9993     14860220320     14860230313        17212114       7962       2000      10000         51
   0       14     1979     9994     14860230317     14860240311        17222111       7966       2000      10000         49
   0       14     1979     9954     14860240315     14860250269        17232109       7968       2000      10000          6
   0       14     2007    10009     14860250303     14860260311        17242097       7952       2000      10000         49
   0       14     1979     9981     14860260315     14860270297        17252109       7968       2000      10000         34
   0       14     1979     9973     14860270325     14860280298        17262118       7958       2000      10000         35
   0       14     1979     9975     14860280321     14860290297        17272115       7961       2000      10000         34
   0       14     1979     9992     14860290320     14860300313        17282114       7962       2000      10000         50
   0       14     1979     9995     14860300316     14860310312        17292110       7966       2000      10000         49
   0       14     1979     9983     14860310315     14860320299        17302109       7967       2000      10000         36
   0       14     1979     9988     14860320324     14860330312        17312118       7959       2000      10000         50
   0       14     1979     9973     14860330316     14860340289        17322110       7967       2000      10000         25
   0       14     1979     9976     14860340322     14860350298        17332116       7960       2000      10000         36
   0       14     1979     9988     14860350324     14860360312        17342118       7959       2000      10000         50
   0       14     1979    10000     14860360316     14860370316        17352110       7967       2000      10000         53
   0       14     1979     9949     14860370320     14860380269        17362113       7963       2000      10000          7
   0       14     2006     9966     14860380303     14860390269        17372096       7953       2000      10000          6
   0       14     1979     9947     14860390321     14860400269        17382115       7961       2000      10000          7
   0       14     1979    10017     14860400272     14860410289        17392066       8010       2000      10000         25
   0       14     1979     9953     14860410316     14860420269        17402110       7967       2000      10000          6
   0       14     1979     9997     14860420272     14860430269        17412066       8010       2000      10000          7
   0       14     1979     9952     14860430317     14860440269        17422111       7966       2000      10000          7
   0       14     2002     9966     14860440303     14860450269        17432097       7956       2000      10000          7
   0       14     1979     9953     14860450315     14860460269        17442109       7967       2000      10000          7
   0       14     2001     9974     14860460295     14860470269        17452089       7966       2000      10000          7
   0       14     1979     9996     14860470272     14860480269        17462066       8010       2000      10000          7
   0       14     2023     9996     14860480273     14860490269        17472066       7966       2000      10000          7
   0       14     1979     9996     14860490272     14860500269        17482066       8010       2000      10000          7
   0       14     1979     9953     14860500316     14860510269        17492110       7967       2000      10000          7
   0       14     1979     9986     14860510283     14860520269        17502077       8000       2000      10000          7
   0       14     1979     9996     14860520273     14860530269        17512067       8010       2000      10000          7
   0       14     1979     9996     14860530273     14860540269        17522067       8010       2000      10000          6
   0       14     1979    10039     14860540272     14860550312        17532066       8010       2000      10000         49
   0       14     1979     9978     14860550315     14860560293        17542109       7967       2000      10000         31
   0       14     1979     9945     14860560324     14860570269        17552118       7958       2000      10000          7
   0       14     1979     9982     14860570316     14860580299        17562110       7966       2000      10000         36
   0       14     1979     9990     14860580322     14860590312        17572116       7961       2000      10000         49
   0       14     1979     9954     14860590315     14860600269        17582109       7967       2000      10000          7
   0       14     1979    10046     14860600273     14860610318        17592066       8010       2000      10000         56
   0       14     1979     9990     14860610322     14860620312        17602116       7961       2000      10000         50
   0       14     1979     9996     14860620316     14860630312        17612110       7967       2000      10000         49
   0       14     1979    10005     14860630315     14860640320        17622109       7967       2000      10000         57
   0       14     1979     9970     14860640324     14860650294        17632117       7959       2000      10000         31
   0       14     1979     9994     14860650317     14860660311        17642111       7965       2000      10000         49
   0       14     1980     9997     14860660315     14860670312        17652109       7967       2000      10000         50
   0       14     1979     9996     14860670316     14860680312        17662110       7967       2000      10000         50
   0       14     1979     9996     14860680316     14860690312        17672110       7967       2000      10000         49
   0       14     1979    10004     14860690315     14860700320        17682109       7967       2000      10000         57
   0       14     1979     9970     14860700323     14860710293        17692117       7959       2000      10000         30
   0       14     1999    10007     14860710310     14860720317        17702104       7953       2000      10000         54
   0       14     1979     9979     14860720320     14860730299        17712114       7962       2000      10000         36
   0       14     1979     9995     14860730323     14860740318        17722116       7960       2000      10000         36
   0       14     1979     9947     14860740322     14860750269        17732116       7961       2000      10000          7
   0       14     1979     9997     14860750272     14860760270        17742066       8010       2000      10000          8
   0       14     1979    10039     14860760274     14860770312        17752068       8009       2000      10000         50
   0       14     1979    10004     14860770316     14860780321        17762110       7966       2000      10000         58
   0       14     1979     9994     14860780324     14860790318        17772118       7958       2000      10000         56
   0       14     1979     9979     14860790322     14860800301        17782116       7961       2000      10000         38
   0       14     1979     9989     14860800324     14860810313        17792118       7958       2000      10000         51
   0       14     1979     9995     14860810317     14860820312        17802110       7966       2000      10000         49
   0       14     1979    10005     14860820315     14860830320        17812109       7967       2000      10000         58
   0       14     1979     9945     14860830324     14860840269        17822117       7959       2000      10000          7
   0       14     1979    10025     14860840285     14860850309        17832079       7998       2000      10000         46
   0       14     1979     9978     14860850342     14860860320        17842135       7941       2000      10000         58
   0       14     1979     9994     14860860324     14860870318        17852118       7959       2000      10000         56
   0       14     1979     9990     14860870322     14860880312        17862115       7961       2000      10000         49
   0       14     1979     9973     14860880315     14860890288        17872109       7967       2000      10000         24
   0       14     1979     9995     14860890317     14860900312        17882111       7966       2000      10000         49
   0       14     1979     9996     14860900315     14860910312        17892109       7967       2000      10000         49
   0       14     1979     9971     14860910315     14860920287        17902109       7967       2000      10000          6
   0       14     1979     9996     14860920322     14860930319        17912116       7960       2000      10000         56
   0       14     1979     9971     14860930322     14860940294        17922116       7960       2000      10000         31
   0       14     1979     9997     14860940320     14860950318        17932114       7962       2000      10000         55
   0       14     1979     9990     14860950321     14860960312        17942115       7961       2000      10000         49
   0       14     1979     9954     14860960315     14860970269        17952109       7967       2000      10000          7
   0       14     1979    10046     14860970273     14860980319        17962067       8010       2000      10000         56
   0       14     1979     9990     14860980322     14860990312        17972116       7960       2000      10000         50
   0       14     1979     9996     14860990316     14861000312        17982109       7967       2000      10000         50
   0       14     1979     9954     14861000316     14861010269        17992110       7967       2000      10000          7
   0       14     1979    10038     14861010273     14861020311        18002067       8010       2000      10000         49
   0       14     1979    10003     14861020315     14861030318        18012109       7968       2000      10000         56
   0       14     1979     9947     14861030322     14861040269        18022116       7961       2000      10000          7
   0       14     1979    10043     14861040273     14861050316        18032066       8010       2000      10000         53
   0       14     1979     9974     14861050319     14861060293        18042113       7963       2000      10000         30
   0       14     2000    10002     14861060310     14861070312        18052104       7951       2000      10000         49
   0       14     1979     9978     14861070315     14861080293        18062109       7967       2000      10000         30
   0       14     1979     9989     14861080322     14861090312        18072116       7960       2000      10000         49
   0       14     1979     9998     14861090315     14861100314        18082109       7967       2000      10000         51
   0       14     1979    10001     14861100317     14861110318        18092111       7965       2000      10000         36
   0       14     1979     9989     14861110322     14861120312        18102116       7960       2000      10000         49
   0       14     1979     9997     14861120315     14861130312        18112109       7967       2000      10000         50
   0       14     1979    10003     14861130316     14861140318        18122109       7967       2000      10000         56
   0       14     1979     9977     14861140322     14861150299        18132116       7961       2000      10000         36
   0       14     1979     9945     14861150324     14861160269        18142118       7959       2000      10000          7
   0       14     1979    10022     14861160272     14861170294        18152066       8010       2000      10000         32
   0       14     1979     9977     14861170335     14861180312        18162129       7948       2000      10000         49
   0       14     1979    10003     14861180315     14861190318        18172109       7967       2000      10000         56
   0       14     1979     9995     14861190322     14861200317        18182116       7961       2000      10000         54
   0       14     1979     9996     14861200320     14861210317        18192114       7962       2000      10000         54
   0       14     1979     9992     14861210320     14861220312        18202114       7962       2000      10000         50
   0       14     1979    10004     14861220316     14861230320        18212110       7967       2000      10000         58
   0       14     1979     9991     14861230324     14861240314        18222117       7959       2000      10000         52
   0       14     1979    10000     14861240318     14861250318        18232112       7965       2000      10000         56
   0       14     1979     9989     14861250322     14861260311        18242116       7961       2000      10000         49
   0       14     1979     9997     14861260315     14861270312        18252109       7968       2000      10000         50
   0       14     1979     9996     14861270316     14861280312        18262109       7967       2000      10000         49
   0       14     1979    10001     14861280315     14861290316        18272109       7967       2000      10000         54
   0       14     1979     9976     14861290320     14861300296        18282114       7963       2000      10000         33
   0       14     2004    10000     14861300312     14861310312        18292106       7945       2000      10000         50
   0       14     1979     9998     14861310316     14861320314        18302110       7967       2000      10000         52
   0       14     1979     9981     14861320317     14861330299        18312111       7965       2000      10000         36
   0       14     1979     9991     14861330322     14861340313        18322115       7961       2000      10000         50
   0       14     1979     9979     14861340316     14861350296        18332110       7966       2000      10000         33
   0       14     1979     9946     14861350323     14861360269        18342116       7960       2000      10000          7
   0       14     1979    10040     14861360273     14861370312        18352067       8010       2000      10000         50
   0       14     1979    10001     14861370316     14861380317        18362110       7967       2000      10000         55
   0       14     1979     9990     14861380321     14861390311        18372115       7961       2000      10000         49
   0       14     1979     9998     14861390315     14861400313        18382109       7968       2000      10000         51
   0       14     1979    10002     14861400317     14861410318        18392111       7966       2000      10000         56
   0       14     1979     9970     14861410322     14861420293        18402116       7960       2000      10000         30
   0       14     1979     9994     14861420323     14861430318        18412117       7959       2000      10000         55
   0       14     1979     9948     14861430321     14861440269        18422115       7961       2000      10000          7
   0       14     2005    10015     14861440300     14861450316        18432094       7956       2000      10000         53
   0       14     1979     9992     14861450319     14861460312        18442113       7963       2000      10000         50
   0       14     1979    10004     14861460315     14861470320        18452109       7967       2000      10000         57
   0       14     1979     9946     14861470323     14861480269        18462117       7959       2000      10000          7
   0       14     1979    10025     14861480273     14861490297        18472067       8010       2000      10000         35
   0       14     1979     9990     14861490322     14861500312        18482116       7961       2000      10000         49
   0       14     1979     9969     14861500326     14861510295        18492120       7956       2000      10000         32
   0       14     1979     9990     14861510322     14861520311        18502116       7961       2000      10000         49
   0       14     1979     9997     14861520315     14861530312        18512109       7968       2000      10000         50
   0       14     1979    10003     14861530315     14861540318        18522109       7967       2000      10000         56
   0       14     1979     9989     14861540322     14861550311        18532116       7961       2000      10000         49
   0       14     1979     9954     14861550315     14861560269        18542109       7968       2000      10000          7
   0       14     1979    10039     14861560273     14861570312        18552066       8010       2000      10000         50
   0       14     1979     9997     14861570316     14861580312        18562109       7967       2000      10000         50
   0       14     1979     9996     14861580316     14861590312        18572110       7967       2000      10000         49
   0       14     1979     9954     14861590315     14861600269        18582109       7967       2000      10000          7
   0       14     1979    10048     14861600273     14861610320        18592067       8010       2000      10000         58
   0       14     1979     9945     14861610324     14861620269        18602118       7958       2000      10000          7
   0       14     1979    10016     14861620272     14861630289        18612066       8010       2000      10000         25
   0       14     1979     9972     14861630324     14861640296        18622118       7958       2000      10000         33
   0       14     2001     9986     14861640312     14861650298        18632106       7948       2000      10000         35
   0       14     1979     9972     14861650322     14861660294        18642116       7960       2000      10000         32
   0       14     2001    10000     14861660311     14861670311        18652105       7949       2000      10000         49
   0       14     1979     9984     14861670315     14861680299        18662109       7968       2000      10000         36
   0       14     1979     9947     14861680322     14861690269        18672116       7961       2000      10000          6
   0       14     2006     9996     14861690301     14861700298        18682095       7954       2000      10000         35
   0       14     1979     9989     14861700322     14861710311        18692116       7961       2000      10000         49
   0       14     1979     9997     14861710315     14861720311        18702109       7968       2000      10000         49
   0       14     1979     9954     14861720315     14861730269        18712109       7968       2000      10000          7
   0       14     2001     9968     14861730300     14861740269        18722094       7960       2000      10000          6
   0       14     1979     9969     14861740320     14861750288        18732114       7963       2000      10000         25
   0       14     1979     9947     14861750322     14861760269        18742116       7961       2000      10000          7
   0       14     1979     9996     14861760272     14861770269        18752066       8010       2000      10000          6
   0       14     1979     9948     14861770321     14861780269        18762115       7961       2000      10000          6
   0       14     1979     9996     14861780272     14861790269        18772066       8010       2000      10000          7
   0       14     1979     9997     14861790272     14861800269        18782066       8010       2000      10000          7
   0       14     1979     9996     14861800273     14861810269        18792067       8010       2000      10000          6
   0       14     1979     9996     14861810272     14861820269        18802066       8010       2000      10000          6
   0       14     1979     9996     14861820272     14861830269        18812066       8010       2000      10000          7
   0       14     1979    10006     14861830283     14861840289        18822077       8000       2000      10000         25
   0       14     1979     9949     14861840321     14861850269        18832115       7962       2000      10000          7
   0       14     1979     9996     14861850273     14861860269        18842067       8009       2000      10000          7
   0       14     1979     9996     14861860273     14861870269        18852066       8010       2000      10000          7
   0       14     1979     9996     14861870273     14861880269        18862067       8010       2000      10000          7
   0       14     1979     9996     14861880273     14861890269        18872067       8010       2000      10000          7
   0       14     1979    10039     14861890273     14861900311        18882067       8010       2000      10000         49
   0       14     1979     9998     14861900315     14861910313        18892109       7968       2000      10000         51
   0       14     1979    10002     14861910317     14861920318        18902111       7966       2000      10000         56
   0       14     1979     9947     14861920322     14861930269        18912116       7961       2000      10000          7
   0       14     1979    10019     14861930273     14861940291        18922066       8010       2000      10000         29
   0       14     1979     9994     14861940323     14861950317        18932116       7960       2000      10000         54
   0       14     1979     9992     14861950320     14861960313        18942114       7962       2000      10000         50
   0       14     1979     9996     14861960316     14861970312        18952110       7966       2000      10000         50
   0       14     1979     9981     14861970316     14861980297        18962110       7967       2000      10000         34
   0       14     2001     9998     14861980314     14861990311        18972108       7947       2000      10000         49
   0       14     1979     9997     14861990315     14862000312        18982109       7968       2000      10000         50
   0       14     1979     9978     14862000316     14862010293        18992110       7967       2000      10000         30
   0       14     1979     9967     14862010324     14862020291        19002118       7958       2000      10000         28
   0       14     1979     9989     14862020322     14862030312        19012116       7960       2000      10000         49
   0       14     1979    10000     14862030315     14862040316        19022109       7967       2000      10000         53
   0       14     1979     9979     14862040319     14862050299        19032113       7963       2000      10000         36
   0       14     1979     9947     14862050322     14862060269        19042116       7960       2000      10000          6
   0       14     2004    10010     14862060302     14862070313        19052096       7955       2000      10000         51
   0       14     1979     9975     14862070316     14862080291        19062110       7966       2000      10000         28
   0       14     1979     9976     14862080323     14862090299        19072117       7960       2000      10000         36
   0       14     1979     9995     14862090324     14862100319        19082118       7959       2000      10000         56
   0       14     1979     9989     14862100322     14862110312        19092116       7960       2000      10000         49
   0       14     1979     9998     14862110315     14862120313        19102109       7967       2000      10000         51
   0       14     1979    10001     14862120317     14862130318        19112111       7966       2000      10000         56
   0       14     1979     9977     14862130322     14862140299        19122116       7961       2000      10000         36
   0       14     1979     9989     14862140323     14862150313        19132117       7959       2000      10000         50
   0       14     1979     9995     14862150316     14862160312        19142110       7966       2000      10000         50
   0       14     1979     9986     14862160327     14862170313        19152121       7955       2000      10000         51
   0       14     1980     9996     14862170317     14862180314        19162111       7964       2000      10000         51
   0       14     1979     9952     14862180317     14862190269        19172111       7965       2000      10000          6
   0       14     1979    10043     14862190272     14862200316        19182066       8010       2000      10000         53
   0       14     1979     9949     14862200319     14862210269        19192113       7963       2000      10000          7
   0       14     2007     9972     14862210296     14862220269        19202090       7958       2000      10000          6
   0       14     1979    10041     14862220272     14862230314        19212066       8010       2000      10000         51
   0       14     1979     9995     14862230317     14862240312        19222111       7965       2000      10000         50
   0       14     1979    10005     14862240316     14862250320        19232110       7967       2000      10000         58
   0       14     1979     9988     14862250324     14862260312        19242118       7959       2000      10000         50
   0       14     1979     9976     14862260316     14862270291        19252109       7967       2000      10000         28
   0       14     1979     9987     14862270325     14862280312        19262119       7958       2000      10000         50
   0       14     1979    10003     14862280316     14862290318        19272110       7967       2000      10000         56
   0       14     1979     9989     14862290322     14862300312        19282116       7961       2000      10000         49
   0       14     1979     9981     14862300315     14862310296        19292109       7967       2000      10000         33
   0       14     2001    10000     14862310312     14862320312        19302106       7948       2000      10000         50
   0       14     1979     9996     14862320316     14862330312        19312110       7967       2000      10000         49
   0       14     1979    10004     14862330315     14862340319        19322109       7967       2000      10000         57
   0       14     1979     9994     14862340323     14862350316        19332117       7960       2000      10000         54
   0       14     1979     9993     14862350320     14862360313        19342114       7963       2000      10000         50
   0       14     1979    10001     14862360316     14862370317        19352110       7966       2000      10000         55
   0       14     1979     9990     14862370321     14862380312        19362115       7961       2000      10000         49
   0       14     1979     9996     14862380315     14862390312        19372109       7967       2000      10000         49
   0       14     1979    10002     14862390315     14862400317        19382109       7967       2000      10000         36
   0       14     1979     9990     14862400321     14862410311        19392115       7961       2000      10000         49
   0       14     1979     9954     14862410315     14862420269        19402109       7968       2000      10000          7
   0       14     1979    10024     14862420273     14862430297        19412067       8010       2000      10000         34
   0       14     2001     9956     14862430313     14862440269        19422107       7947       2000      10000          7
   0       14     1979    10046     14862440273     14862450319        19432067       8010       2000      10000         56
   0       14     1979     9989     14862450322     14862460311        19442116       7960       2000      10000         49
   0       14     1979     9998     14862460315     14862470313        19452109       7968       2000      10000         51
   0       14     1979    10001     14862470317     14862480317        19462111       7966       2000      10000         55
   0       14     1979     9948     14862480321     14862490269        19472115       7961       2000      10000          6
   0       14     1979     9974     14862490337     14862500312        19482131       7946       2000      10000         49
   0       14     1979    10003     14862500315     14862510318        19492109       7967       2000      10000         56
   0       14     1979     9994     14862510322     14862520316        19502115       7961       2000      10000         53
   0       14     1979     9999     14862520319     14862530318        19512113       7963       2000      10000         56
   0       14     1979     9950     14862530322     14862540272        19522116       7960       2000      10000          9
   0       14     1980    10036     14862540276     14862550312        19532070       8006       2000      10000         50
   0       14     1979    10002     14862550316     14862560318        19542110       7967       2000      10000         37
   0       14     1979     9975     14862560322     14862570298        19552116       7960       2000      10000         35
   0       14     1979     9988     14862570324     14862580312        19562118       7958       2000      10000         49
   0       14     1979     9996     14862580315     14862590311        19572109       7967       2000      10000         49
   0       14     1979     9954     14862590315     14862600269        19582109       7968       2000      10000          7
   0       14     1979    10026     14862600273     14862610299        19592067       8009       2000      10000         36
   0       14     1979     9989     14862610322     14862620312        19602116       7960       2000      10000         49
   0       14     1979     9998     14862620315     14862630313        19612109       7967       2000      10000         51
   0       14     1979     9954     14862630317     14862640270        19622111       7965       2000      10000          8
   0       14     1979    10045     14862640274     14862650320        19632068       8008       2000      10000         57
   0       14     1979     9996     14862650323     14862660319        19642117       7959       2000      10000         57
   0       14     1979     9989     14862660323     14862670312        19652117       7960       2000      10000         50
   0       14     1979    10005     14862670315     14862680320        19662109       7967       2000      10000         58
   0       14     1979     9995     14862680324     14862690319        19672118       7959       2000      10000         56
   0       14     1979     9997     14862690322     14862700319        19682116       7960       2000      10000         57
   0       14     1979     9989     14862700323     14862710312        19692117       7959       2000      10000         50
   0       14     1979    10002     14862710316     14862720318        19702110       7967       2000      10000         55
   0       14     1979     9968     14862720321     14862730290        19712115       7961       2000      10000         26
   0       14     1979     9995     14862730316     14862740311        19722110       7966       2000      10000         49
   0       14     1979    10003     14862740315     14862750318        19732109       7968       2000      10000         55
   0       14     1979     9948     14862750321     14862760269        19742115       7961       2000      10000          7
   0       14     1979    10039     14862760273     14862770312        19752067       8010       2000      10000         49
   0       14     1979     9982     14862770315     14862780297        19762109       7967       2000      10000         34
   0       14     1979     9945     14862780324     14862790269        19772118       7958       2000      10000          7
   0       14     1979    10039     14862790272     14862800311        19782066       8010       2000      10000         49
   0       14     1979     9985     14862800315     14862810300        19792109       7967       2000      10000         38
   0       14     1979     9970     14862810324     14862820294        19802118       7959       2000      10000         31
   0       14     1979     9976     14862820336     14862830312        19812129       7947       2000      10000         49
   0       14     1979     9983     14862830316     14862840299        19822109       7967       2000      10000         36
   0       14     1979     9971     14862840324     14862850295        19832118       7959       2000      10000         32
   0       14     1979     9992     14862850324     14862860316        19842118       7959       2000      10000         53
   0       14     1979     9993     14862860319     14862870312        19852113       7963       2000      10000         50
   0       14     1979     9997     14862870316     14862880312        19862110       7967       2000      10000         50
   0       14     1979     9953     14862880316     14862890269        19872110       7967       2000      10000          7
   0       14     1979    10040     14862890272     14862900312        19882066       8010       2000      10000         50
   0       14     1979     9996     14862900316     14862910312        19892110       7967       2000      10000         49
   0       14     1979     9998     14862910315     14862920313        19902109       7967       2000      10000         51
   0       14     1979    10002     14862920317     14862930319        19912111       7966       2000      10000         56
   0       14     1979     9946     14862930322     14862940269        19922116       7960       2000      10000          7
   0       14     2006     9966     14862940303     14862950269        19932097       7952       2000      10000          7
   0       14     1979    10023     14862950273     14862960296        19942067       8010       2000      10000         33
   0       14     1979     9974     14862960323     14862970297        19952117       7960       2000      10000         34
   0       14     1979     9989     14862970323     14862980313        19962117       7959       2000      10000         51
   0       14     1979     9982     14862980316     14862990298        19972110       7966       2000      10000         36
   0       14     1979     9989     14862990323     14863000312        19982116       7960       2000      10000         50
