#idx     perf      run   period           start             end          rel_st      slack c_duration   c_period     wu_lat
   0       14     1963     1965     14134393644     14134395608           13602      -5430       2000      10000          0
   0       14     1961     9990     14134395659     14134405649           15618       7987       2000      10000         41
   0       14     1955     9947     14134405691     14134415638           25649       7962       2000      10000         29
   0       14     1955     9908     14134415730     14134425637           35688       7923       2000      10000         28
   0       14     1955     9888     14134425728     14134435616           45686       7925       2000      10000          7
   0       14     1955     9988     14134435650     14134445638           55608       8003       2000      10000         29
   0       14     1955     9908     14134445730     14134455638           65688       7922       2000      10000         29
   0       14     1955     9911     14134455726     14134465637           75685       7926       2000      10000         28
   0       14     1955     9906     14134465731     14134475637           85689       7922       2000      10000         28
   0       14     1955     9909     14134475727     14134485637           95686       7925       2000      10000         28
   0       14     1955     9905     14134485732     14134495637          105690       7921       2000      10000         28
   0       14     1955     9912     14134495725     14134505637          115683       7927       2000      10000         28
   0       14     1955     9911     14134505726     14134515637          125684       7927       2000      10000         28
   0       14     1955     9908     14134515729     14134525637          135687       7924       2000      10000         28
   0       14     1955     9909     14134525729     14134535638          145687       7924       2000      10000         29
   0       14     1955     9910     14134535727     14134545637          155685       7926       2000      10000         28
   0       14     1955     9913     14134545724     14134555637          165683       7928       2000      10000         28
   0       14     1955     9909     14134555728     14134565636          175686       7925       2000      10000         27
   0       14     1955     9912     14134565726     14134575638          185684       7927       2000      10000         29
   0       14     1955     9911     14134575726     14134585637          195684       7927       2000      10000         28
   0       14     1955     9911     14134585725     14134595636          205684       7927       2000      10000         27
   0       14     1955     9908     14134595728     14134605637          215687       7924       2000      10000         28
   0       14     1955     9909     14134605728     14134615637          225686       7925       2000      10000         28
   0       14     1955     9910     14134615727     14134625637          235686       7925       2000      10000         28
   0       14     1955     9911     14134625727     14134635637          245685       7926       2000      10000         28
   0       14     1955     9908     14134635728     14134645636          255687       7924       2000      10000         27
   0       14     1955     9911     14134645726     14134655637          265684       7927       2000      10000         28
   0       14     1955     9911     14134655727     14134665638          275685       7926       2000      10000         29
   0       14     1955     9911     14134665727     14134675637          285685       7926       2000      10000         28
   0       14     1955     9910     14134675726     14134685637          295684       7927       2000      10000         28
   0       14     1955     9912     14134685725     14134695637          305683       7928       2000      10000         28
   0       14     1955     9911     14134695726     14134705637          315684       7927       2000      10000         28
   0       14     1955     9911     14134705725     14134715636          325684       7927       2000      10000         27
   0       14     1955     9873     14134715765     14134725638          335723       7888       2000      10000         29
   0       14     1955     9915     14134725727     14134735642          345685       7926       2000      10000         32
   0       14     1956     9887     14134735751     14134745638          355709       7902       2000      10000         29
   0       14     1955     9900     14134745737     14134755637          365695       7916       2000      10000         28
   0       14     1955     9911     14134755727     14134765639          375686       7925       2000      10000         30
   0       14     1955     9900     14134765737     14134775637          385695       7915       2000      10000         28
   0       14     1955     9901     14134775736     14134785637          395695       7916       2000      10000         28
   0       14     1955     9901     14134785736     14134795637          405694       7916       2000      10000         28
   0       14     1955     9900     14134795738     14134805638          415696       7914       2000      10000         29
   0       14     1955     9902     14134805735     14134815637          425693       7918       2000      10000         28
   0       14     1955     9909     14134815729     14134825638          435687       7924       2000      10000         29
   0       14     1955     9901     14134825736     14134835637          445695       7916       2000      10000         28
   0       14     1955     9901     14134835736     14134845637          455694       7916       2000      10000         28
   0       14     1955     9903     14134845735     14134855638          465693       7917       2000      10000         28
   0       14     1955     9903     14134855735     14134865637          475693       7918       2000      10000         28
   0       14     1955     9910     14134865728     14134875638          485686       7925       2000      10000         29
   0       14     1955     9900     14134875737     14134885637          495695       7916       2000      10000         28
   0       14     1955     9901     14134885736     14134895637          505695       7916       2000      10000         28
   0       14     1955     9898     14134895740     14134905638          515698       7912       2000      10000         29
   0       14     1955     9901     14134905736     14134915637          525695       7916       2000      10000         28
   0       14     1955     9902     14134915734     14134925637          535693       7918       2000      10000         28
   0       14     1955     9911     14134925727     14134935637          545685       7926       2000      10000         29
   0       14     1955     9904     14134935733     14134945637          555692       7919       2000      10000         28
   0       14     1955     9902     14134945735     14134955637          565694       7917       2000      10000         28
   0       14     1955     9899     14134955738     14134965637          575697       7914       2000      10000         28
   0       14     1955     9901     14134965736     14134975637          585695       7916       2000      10000         28
   0       14     1955     9902     14134975736     14134985637          595694       7917       2000      10000         28
   0       14     1955     9908     14134985729     14134995637          605687       7924       2000      10000         28
   0       14     1955     9904     14134995734     14135005639          615692       7918       2000      10000         30
   0       14     1956     9900     14135005738     14135015638          625696       7915       2000      10000         29
   0       14     1955     9903     14135015735     14135025638          635693       7918       2000      10000         29
   0       14     1955     9903     14135025735     14135035638          645693       7917       2000      10000         29
   0       14     1955     9898     14135035739     14135045637          655697       7914       2000      10000         28
   0       14     1955     9867     14135045749     14135055616          665707       7904       2000      10000          7
   0       14     1956     9973     14135055664     14135065637          675623       7988       2000      10000         28
   0       14     1955     9901     14135065736     14135075637          685694       7917       2000      10000         28
   0       14     1955     9904     14135075734     14135085638          695692       7919       2000      10000         29
   0       14     1955     9901     14135085736     14135095637          705695       7916       2000      10000         28
   0       14     1955     9898     14135095740     14135105638          715698       7913       2000      10000         29
   0       14     1955     9907     14135105729     14135115636          725687       7924       2000      10000         27
   0       14     1955     9902     14135115735     14135125637          735693       7917       2000      10000         28
   0       14     1955     9903     14135125736     14135135639          745694       7917       2000      10000         30
   0       14     1955     9901     14135135736     14135145637          755695       7916       2000      10000         28
   0       14     1955     9900     14135145737     14135155637          765695       7915       2000      10000         28
   0       14     1955     9902     14135155735     14135165637          775693       7918       2000      10000         28
   0       14     1955     9908     14135165729     14135175637          785688       7923       2000      10000         28
   0       14     1955     9901     14135175736     14135185637          795695       7916       2000      10000         28
   0       14     1955     9901     14135185736     14135195637          805695       7916       2000      10000         28
   0       14     1955     9903     14135195734     14135205637          815692       7918       2000      10000         28
   0       14     1955     9902     14135205735     14135215638          825693       7917       2000      10000         29
   0       14     1955     9908     14135215729     14135225637          835687       7924       2000      10000         28
   0       14     1955     9902     14135225735     14135235637          845693       7918       2000      10000         28
   0       14     1955     9899     14135235737     14135245637          855696       7915       2000      10000         28
   0       14     1955     9899     14135245738     14135255637          865696       7914       2000      10000         28
   0       14     1955     9903     14135255734     14135265637          875692       7919       2000      10000         28
   0       14     1955     9901     14135265736     14135275637          885694       7917       2000      10000         28
   0       14     1955     9909     14135275727     14135285637          895686       7925       2000      10000         28
   0       14     1955     9904     14135285734     14135295637          905692       7919       2000      10000         28
   0       14     1955     9903     14135295734     14135305637          915692       7919       2000      10000         27
   0       14     1955     9902     14135305735     14135315637          925693       7918       2000      10000         28
   0       14     1955     9904     14135315734     14135325638          935692       7918       2000      10000         29
   0       14     1955     9900     14135325737     14135335637          945695       7916       2000      10000         28
   0       14     1955     9910     14135335727     14135345637          955685       7926       2000      10000         28
   0       14     1955     9880     14135345735     14135355615          965693       7917       2000      10000          7
   0       14     1955     9955     14135355661     14135365616          975619       7992       2000      10000          7
   0       14     1955     9979     14135365661     14135375639          985619       7992       2000      10000         31
   0       14     1955     9934     14135375704     14135385638          995662       7948       2000      10000         29
   0       14     1955     9900     14135385737     14135395637         1005695       7915       2000      10000         28
   0       14     1955     9910     14135395728     14135405638         1015686       7925       2000      10000         29
   0       14     1955     9899     14135405738     14135415637         1025697       7914       2000      10000         28
   0       14     1955     9901     14135415736     14135425637         1035694       7916       2000      10000         28
   0       14     1955     9903     14135425734     14135435637         1045692       7919       2000      10000         28
   0       14     1955     9902     14135435735     14135445637         1055693       7917       2000      10000         28
   0       14     1955     9903     14135445734     14135455636         1065692       7919       2000      10000         27
   0       14     1955     9911     14135455725     14135465636         1075684       7927       2000      10000         27
   0       14     1955     9901     14135465736     14135475637         1085694       7917       2000      10000         28
   0       14     1955     9902     14135475735     14135485637         1095693       7918       2000      10000         28
   0       14     1955     9900     14135485737     14135495637         1105695       7916       2000      10000         28
   0       14     1955     9902     14135495735     14135505637         1115693       7918       2000      10000         28
   0       14     1955     9909     14135505727     14135515637         1125686       7925       2000      10000         28
   0       14     1955     9902     14135515735     14135525637         1135693       7918       2000      10000         28
   0       14     1955     9903     14135525735     14135535638         1145693       7918       2000      10000         28
   0       14     1955     9904     14135535733     14135545637         1155691       7919       2000      10000         28
   0       14     1955     9902     14135545736     14135555638         1165694       7916       2000      10000         29
   0       14     1955     9902     14135555735     14135565637         1175693       7917       2000      10000         28
   0       14     1955     9906     14135565731     14135575637         1185689       7922       2000      10000         28
   0       14     1955     9901     14135575736     14135585637         1195695       7916       2000      10000         28
   0       14     1955     9902     14135585735     14135595637         1205694       7917       2000      10000         28
   0       14     1955     9901     14135595736     14135605637         1215694       7917       2000      10000         28
   0       14     1955     9903     14135605734     14135615637         1225692       7918       2000      10000         28
   0       14     1955     9904     14135615733     14135625637         1235691       7920       2000      10000         28
   0       14     1955     9910     14135625728     14135635637         1245686       7925       2000      10000         28
   0       14     1955     9901     14135635735     14135645636         1255693       7917       2000      10000         27
   0       14     1955     9901     14135645736     14135655637         1265694       7917       2000      10000         28
   0       14     1955     9902     14135655735     14135665637         1275693       7918       2000      10000         28
   0       14     1955     9902     14135665735     14135675637         1285693       7918       2000      10000         28
   0       14     1955     9902     14135675735     14135685637         1295693       7918       2000      10000         28
   0       14     1955     9911     14135685725     14135695637         1305684       7927       2000      10000         28
   0       14     1955     9903     14135695734     14135705637         1315692       7918       2000      10000         28
   0       14     1956     9885     14135705754     14135715639         1325712       7898       2000      10000         30
   0       14     1955     9901     14135715736     14135725637         1335695       7916       2000      10000         28
   0       14     1956     9906     14135725734     14135735640         1345692       7917       2000      10000         31
   0       14     1955     9899     14135735738     14135745637         1355696       7914       2000      10000         28
   0       14     1955     9909     14135745728     14135755637         1365687       7924       2000      10000         28
   0       14     1955     9902     14135755735     14135765637         1375693       7917       2000      10000         28
   0       14     1955     9901     14135765736     14135775637         1385694       7917       2000      10000         28
   0       14     1955     9903     14135775735     14135785638         1395693       7918       2000      10000         29
   0       14     1955     9900     14135785738     14135795638         1405696       7915       2000      10000         29
   0       14     1955     9901     14135795736     14135805637         1415694       7917       2000      10000         28
   0       14     1955     9910     14135805728     14135815638         1425686       7925       2000      10000         28
   0       14     1955     9902     14135815736     14135825637         1435694       7917       2000      10000         28
   0       14     1955     9901     14135825736     14135835637         1445694       7917       2000      10000         28
   0       14     1955     9903     14135835735     14135845638         1455693       7918       2000      10000         28
   0       14     1955     9903     14135845736     14135855640         1465695       7916       2000      10000         31
   0       14     1955     9912     14135855726     14135865637         1475684       7927       2000      10000         28
   0       14     1955     9901     14135865736     14135875637         1485695       7916       2000      10000         28
   0       14     1955     9902     14135875735     14135885637         1495693       7918       2000      10000         28
   0       14     1955     9902     14135885736     14135895638         1505694       7916       2000      10000         29
   0       14     1955     9900     14135895736     14135905637         1515695       7916       2000      10000         28
   0       14     1956     9902     14135905735     14135915637         1525694       7917       2000      10000         28
   0       14     1955     9910     14135915727     14135925637         1535685       7926       2000      10000         28
   0       14     1956     9904     14135925733     14135935637         1545691       7919       2000      10000         28
   0       14     1956     9903     14135935735     14135945639         1555693       7917       2000      10000         30
   0       14     1956     9899     14135945737     14135955637         1565696       7914       2000      10000         28
   0       14     1956     9903     14135955734     14135965637         1575692       7918       2000      10000         28
   0       14     1956     9902     14135965736     14135975638         1585694       7916       2000      10000         29
   0       14     1955     9910     14135975727     14135985637         1595685       7926       2000      10000         28
   0       14     1956     9903     14135985735     14135995638         1605693       7918       2000      10000         29
   0       14     1956     9900     14135995737     14136005637         1615695       7915       2000      10000         28
   0       14     1956     9903     14136005734     14136015637         1625692       7918       2000      10000         28
   0       14     1956     9903     14136015734     14136025637         1635692       7918       2000      10000         28
   0       14     1956     9899     14136025738     14136035637         1645696       7914       2000      10000         28
   0       14     1955     9892     14136035746     14136045638         1655704       7906       2000      10000         29
   0       14     1956     9899     14136045739     14136055638         1665697       7913       2000      10000         29
   0       14     1955     9901     14136055736     14136065637         1675694       7917       2000      10000         28
   0       14     1955     9903     14136065734     14136075637         1685692       7919       2000      10000         28
   0       14     1955     9902     14136075736     14136085638         1695694       7917       2000      10000         29
   0       14     1955     9903     14136085734     14136095637         1705692       7918       2000      10000         28
   0       14     1955     9907     14136095729     14136105637         1715688       7923       2000      10000         28
   0       14     1955     9899     14136105738     14136115637         1725696       7914       2000      10000         28
   0       14     1955     9902     14136115735     14136125637         1735693       7917       2000      10000         28
   0       14     1955     9902     14136125735     14136135637         1745693       7917       2000      10000         28
   0       14     1955     9903     14136135734     14136145636         1755692       7919       2000      10000         27
   0       14     1955     9912     14136145726     14136155638         1765684       7927       2000      10000         29
   0       14     1955     9901     14136155736     14136165636         1775694       7917       2000      10000         27
   0       14     1955     9902     14136165734     14136175637         1785692       7918       2000      10000         28
   0       14     1955     9902     14136175735     14136185637         1795693       7917       2000      10000         28
   0       14     1955     9899     14136185738     14136195637         1805696       7914       2000      10000         28
   0       14     1955     9902     14136195735     14136205637         1815693       7918       2000      10000         28
   0       14     1955     9908     14136205729     14136215637         1825687       7924       2000      10000         28
   0       14     1955     9903     14136215735     14136225637         1835693       7918       2000      10000         28
   0       14     1955     9900     14136225736     14136235637         1845694       7916       2000      10000         28
   0       14     1955     9900     14136235737     14136245637         1855695       7916       2000      10000         28
   0       14     1955     9902     14136245734     14136255637         1865693       7918       2000      10000         28
   0       14     1955     9903     14136255735     14136265638         1875693       7918       2000      10000         29
   0       14     1955     9910     14136265727     14136275637         1885685       7926       2000      10000         28
   0       14     1955     9902     14136275734     14136285637         1895693       7918       2000      10000         28
   0       14     1955     9904     14136285733     14136295637         1905691       7919       2000      10000         28
   0       14     1955     9902     14136295735     14136305637         1915693       7917       2000      10000         28
   0       14     1955     9904     14136305734     14136315638         1925693       7918       2000      10000         29
   0       14     1955     9899     14136315738     14136325637         1935696       7915       2000      10000         28
   0       14     1955     9912     14136325726     14136335637         1945684       7927       2000      10000         29
   0       14     1955     9903     14136335735     14136345638         1955694       7917       2000      10000         29
   0       14     1955     9879     14136345737     14136355616         1965695       7915       2000      10000          7
   0       14     1955     9955     14136355660     14136365615         1975618       7993       2000      10000          7
   0       14     1956     9960     14136365678     14136375638         1985636       7974       2000      10000         29
   0       14     1955     9903     14136375735     14136385638         1995693       7917       2000      10000         29
   0       14     1955     9909     14136385728     14136395637         2005686       7924       2000      10000         28
   0       14     1955     9898     14136395739     14136405637         2015697       7914       2000      10000         28
   0       14     1955     9902     14136405735     14136415637         2025694       7917       2000      10000         28
   0       14     1956     9904     14136415734     14136425638         2035692       7919       2000      10000         29
   0       14     1956     9900     14136425737     14136435636         2045695       7916       2000      10000         27
   0       14     1956     9901     14136435736     14136445637         2055694       7916       2000      10000         28
   0       14     1955     9911     14136445725     14136455636         2065683       7928       2000      10000         27
   0       14     1956     9903     14136455735     14136465638         2075694       7917       2000      10000         29
   0       14     1956     9901     14136465735     14136475637         2085694       7917       2000      10000         28
   0       14     1956     9902     14136475737     14136485640         2095696       7915       2000      10000         31
   0       14     1956     9953     14136485685     14136495637         2105643       7968       2000      10000         28
   0       14     1955     9910     14136495727     14136505637         2115685       7926       2000      10000         28
   0       14     1956     9903     14136505734     14136515638         2125693       7918       2000      10000         29
   0       14     1955     9901     14136515736     14136525637         2135694       7916       2000      10000         28
   0       14     1956     9904     14136525733     14136535637         2145692       7919       2000      10000         28
   0       14     1955     9902     14136535736     14136545638         2155694       7916       2000      10000         29
   0       14     1956     9900     14136545737     14136555637         2165695       7915       2000      10000         28
   0       14     1955     9907     14136555730     14136565637         2175688       7923       2000      10000         28
   0       14     1956     9903     14136565733     14136575637         2185692       7919       2000      10000         28
   0       14     1956     9902     14136575735     14136585637         2195694       7917       2000      10000         28
   0       14     1956     9901     14136585736     14136595637         2205694       7916       2000      10000         28
   0       14     1956     9902     14136595735     14136605637         2215693       7917       2000      10000         28
   0       14     1956     9906     14136605732     14136615638         2225691       7920       2000      10000         29
   0       14     1955     9910     14136615728     14136625638         2235686       7925       2000      10000         29
   0       14     1956     9900     14136625737     14136635637         2245695       7915       2000      10000         29
   0       14     1956     9903     14136635735     14136645638         2255693       7917       2000      10000         28
   0       14     1956     9903     14136645734     14136655637         2265693       7918       2000      10000         28
   0       14     1955     9903     14136655734     14136665637         2275692       7919       2000      10000         28
   0       14     1956     9901     14136665736     14136675637         2285694       7916       2000      10000         28
   0       14     1955     9908     14136675729     14136685637         2295687       7924       2000      10000         28
   0       14     1956     9903     14136685733     14136695637         2305692       7919       2000      10000         28
   0       14     1956     9885     14136695754     14136705638         2315712       7898       2000      10000         29
   0       14     1956     9900     14136705736     14136715637         2325695       7916       2000      10000         28
   0       14     1956     9903     14136715734     14136725637         2335692       7918       2000      10000         28
   0       14     1956     9907     14136725733     14136735640         2345691       7919       2000      10000         31
   0       14     1955     9912     14136735727     14136745640         2355686       7925       2000      10000         30
   0       14     1955     9900     14136745738     14136755638         2365696       7914       2000      10000         29
   0       14     1955     9902     14136755735     14136765637         2375694       7917       2000      10000         28
   0       14     1955     9903     14136765734     14136775638         2385693       7918       2000      10000         29
   0       14     1955     9902     14136775736     14136785638         2395694       7917       2000      10000         29
   0       14     1955     9911     14136785727     14136795637         2405685       7926       2000      10000         28
   0       14     1955     9903     14136795735     14136805638         2415693       7918       2000      10000         29
   0       14     1955     9903     14136805735     14136815638         2425693       7918       2000      10000         29
   0       14     1955     9900     14136815737     14136825637         2435695       7916       2000      10000         28
   0       14     1955     9904     14136825734     14136835638         2445692       7919       2000      10000         29
   0       14     1955     9902     14136835735     14136845637         2455693       7917       2000      10000         28
   0       14     1955     9910     14136845727     14136855637         2465685       7926       2000      10000         28
   0       14     1955     9902     14136855735     14136865638         2475694       7917       2000      10000         29
   0       14     1955     9902     14136865737     14136875639         2485695       7916       2000      10000         30
   0       14     1955     9902     14136875736     14136885638         2495694       7917       2000      10000         29
   0       14     1955     9903     14136885735     14136895638         2505693       7918       2000      10000         29
   0       14     1955     9903     14136895735     14136905638         2515693       7917       2000      10000         29
   0       14     1955     9911     14136905727     14136915637         2525685       7926       2000      10000         28
   0       14     1955     9901     14136915735     14136925637         2535694       7917       2000      10000         28
   0       14     1955     9903     14136925734     14136935637         2545692       7918       2000      10000         28
   0       14     1955     9901     14136935737     14136945638         2555695       7916       2000      10000         29
   0       14     1955     9902     14136945735     14136955637         2565693       7918       2000      10000         28
   0       14     1955     9902     14136955736     14136965637         2575694       7917       2000      10000         28
   0       14     1955     9911     14136965727     14136975637         2585685       7926       2000      10000         28
   0       14     1955     9902     14136975735     14136985637         2595693       7917       2000      10000         28
   0       14     1955     9900     14136985736     14136995637         2605695       7916       2000      10000         28
   0       14     1955     9905     14136995735     14137005640         2615693       7918       2000      10000         31
   0       14     1955     9903     14137005734     14137015637         2625692       7918       2000      10000         28
   0       14     1955     9900     14137015738     14137025637         2635696       7915       2000      10000         28
   0       14     1955     9894     14137025744     14137035638         2645702       7909       2000      10000         29
   0       14     1956     9898     14137035739     14137045637         2655697       7913       2000      10000         28
   0       14     1955     9902     14137045735     14137055637         2665694       7917       2000      10000         28
   0       14     1956     9903     14137055734     14137065637         2675693       7918       2000      10000         28
   0       14     1956     9902     14137065735     14137075637         2685694       7917       2000      10000         28
   0       14     1956     9904     14137075734     14137085638         2695692       7918       2000      10000         29
   0       14     1956     9911     14137085726     14137095637         2705685       7926       2000      10000         28
   0       14     1956     9900     14137095738     14137105638         2715696       7914       2000      10000         29
   0       14     1956     9902     14137105735     14137115638         2725694       7917       2000      10000         29
   0       14     1956     9902     14137115736     14137125638         2735694       7916       2000      10000         29
   0       14     1956     9902     14137125735     14137135638         2745693       7917       2000      10000         29
   0       14     1955     9910     14137135727     14137145637         2755685       7925       2000      10000         28
   0       14     1956     9902     14137145735     14137155637         2765693       7917       2000      10000         28
   0       14     1956     9903     14137155735     14137165638         2775693       7917       2000      10000         29
   0       14     1956     9902     14137165735     14137175638         2785694       7917       2000      10000         29
   0       14     1956     9900     14137175738     14137185638         2795696       7914       2000      10000         29
   0       14     1956     9900     14137185737     14137195637         2805695       7915       2000      10000         28
   0       14     1955     9909     14137195729     14137205638         2815687       7924       2000      10000         29
   0       14     1955     9904     14137205734     14137215638         2825692       7918       2000      10000         29
   0       14     1956     9902     14137215736     14137225638         2835694       7916       2000      10000         29
   0       14     1956     9902     14137225736     14137235638         2845694       7916       2000      10000         29
   0       14     1956     9905     14137235734     14137245639         2855693       7918       2000      10000         30
   0       14     1956     9901     14137245737     14137255638         2865695       7915       2000      10000         29
   0       14     1955     9907     14137255731     14137265637         2875689       7922       2000      10000         28
   0       14     1956     9903     14137265735     14137275637         2885693       7917       2000      10000         28
   0       14     1956     9902     14137275736     14137285638         2895694       7916       2000      10000         29
   0       14     1956     9902     14137285735     14137295638         2905694       7917       2000      10000         29
   0       14     1956     9904     14137295734     14137305637         2915692       7919       2000      10000         28
   0       14     1956     9879     14137305737     14137315616         2925695       7915       2000      10000          7
   0       14     1955     9961     14137315654     14137325615         2935613       7998       2000      10000          7
   0       14     1956     9980     14137325661     14137335641         2945619       7992       2000      10000         32
   0       14     1956     9930     14137335708     14137345638         2955666       7945       2000      10000         29
   0       14     1956     9902     14137345736     14137355638         2965694       7916       2000      10000         29
   0       14     1956     9889     14137355749     14137365639         2975708       7903       2000      10000         30
   0       14     1955     9902     14137365735     14137375638         2985693       7917       2000      10000         28
   0       14     1955     9910     14137375728     14137385638         2995686       7925       2000      10000         29
   0       14     1955     9899     14137385739     14137395638         3005697       7913       2000      10000         29
   0       14     1955     9902     14137395735     14137405637         3015693       7917       2000      10000         28
   0       14     1955     9903     14137405734     14137415637         3025692       7918       2000      10000         28
   0       14     1955     9903     14137415734     14137425637         3035692       7918       2000      10000         28
   0       14     1955     9909     14137425729     14137435637         3045687       7924       2000      10000         28
   0       14     1955     9904     14137435732     14137445637         3055690       7921       2000      10000         28
   0       14     1955     9902     14137445735     14137455637         3065693       7917       2000      10000         29
   0       14     1955     9902     14137455736     14137465638         3075694       7917       2000      10000         29
   0       14     1955     9902     14137465736     14137475638         3085694       7917       2000      10000         29
   0       14     1955     9904     14137475734     14137485638         3095692       7918       2000      10000         29
   0       14     1955     9911     14137485726     14137495637         3105685       7926       2000      10000         28
   0       14     1955     9905     14137495733     14137505638         3115691       7920       2000      10000         29
   0       14     1955     9903     14137505735     14137515638         3125694       7917       2000      10000         29
   0       14     1955     9900     14137515738     14137525638         3135696       7915       2000      10000         29
   0       14     1955     9902     14137525735     14137535637         3145693       7918       2000      10000         28
   0       14     1955     9903     14137535735     14137545638         3155693       7918       2000      10000         29
   0       14     1955     9909     14137545729     14137555638         3165687       7924       2000      10000         29
   0       14     1955     9902     14137555735     14137565637         3175693       7917       2000      10000         28
   0       14     1955     9901     14137565736     14137575637         3185694       7917       2000      10000         28
   0       14     1955     9903     14137575735     14137585638         3195693       7918       2000      10000         29
   0       14     1955     9904     14137585734     14137595638         3205693       7918       2000      10000         29
   0       14     1955     9899     14137595738     14137605637         3215697       7914       2000      10000         28
   0       14     1955     9909     14137605728     14137615637         3225686       7925       2000      10000         28
   0       14     1955     9902     14137615735     14137625637         3235693       7918       2000      10000         28
   0       14     1955     9900     14137625738     14137635638         3245696       7915       2000      10000         29
   0       14     1955     9904     14137635736     14137645640         3255694       7917       2000      10000         31
   0       14     1955     9902     14137645735     14137655637         3265694       7917       2000      10000         28
   0       14     1955     9897     14137655740     14137665637         3275698       7913       2000      10000         28
   0       14     1955     9910     14137665727     14137675637         3285685       7925       2000      10000         28
   0       14     1955     9904     14137675733     14137685637         3295691       7919       2000      10000         28
   0       14     1956     9886     14137685753     14137695639         3305711       7900       2000      10000         30
   0       14     1955     9902     14137695735     14137705637         3315693       7918       2000      10000         28
   0       14     1955     9904     14137705734     14137715638         3325692       7919       2000      10000         29
   0       14     1955     9902     14137715736     14137725638         3335694       7917       2000      10000         29
   0       14     1956     9912     14137725728     14137735639         3345686       7924       2000      10000         30
   0       14     1955     9898     14137735740     14137745639         3355699       7912       2000      10000         29
   0       14     1955     9903     14137745735     14137755638         3365693       7917       2000      10000         29
   0       14     1955     9905     14137755733     14137765638         3375691       7920       2000      10000         29
   0       14     1955     9903     14137765736     14137775638         3385694       7917       2000      10000         29
   0       14     1955     9910     14137775728     14137785638         3395686       7925       2000      10000         29
   0       14     1955     9906     14137785732     14137795638         3405691       7920       2000      10000         29
   0       14     1955     9899     14137795738     14137805638         3415697       7914       2000      10000         29
   0       14     1955     9901     14137805737     14137815638         3425695       7916       2000      10000         29
   0       14     1955     9904     14137815734     14137825638         3435692       7919       2000      10000         29
   0       14     1955     9881     14137825734     14137835616         3445693       7918       2000      10000          7
   0       14     1955     9983     14137835654     14137845637         3455612       7999       2000      10000         28
   0       14     1955     9903     14137845735     14137855638         3465693       7917       2000      10000         29
   0       14     1955     9902     14137855736     14137865638         3475694       7917       2000      10000         29
   0       14     1955     9899     14137865739     14137875638         3485697       7914       2000      10000         29
   0       14     1955     9904     14137875734     14137885639         3495692       7918       2000      10000         30
   0       14     1955     9903     14137885735     14137895638         3505693       7918       2000      10000         29
   0       14     1956     9912     14137895727     14137905639         3515685       7925       2000      10000         30
   0       14     1955     9901     14137905737     14137915638         3525695       7916       2000      10000         29
   0       14     1955     9905     14137915734     14137925638         3535692       7919       2000      10000         30
   0       14     1955     9901     14137925737     14137935638         3545695       7916       2000      10000         29
   0       14     1955     9905     14137935734     14137945639         3555692       7918       2000      10000         30
   0       14     1955     9902     14137945736     14137955638         3565694       7917       2000      10000         29
   0       14     1955     9909     14137955729     14137965638         3575687       7924       2000      10000         29
   0       14     1956     9905     14137965735     14137975640         3585693       7917       2000      10000         31
   0       14     1956     9900     14137975738     14137985637         3595696       7914       2000      10000         28
   0       14     1956     9904     14137985734     14137995638         3605692       7919       2000      10000         29
   0       14     1956     9905     14137995733     14138005638         3615692       7918       2000      10000         29
   0       14     1956     9902     14138005736     14138015638         3625695       7916       2000      10000         29
   0       14     1955     9893     14138015746     14138025638         3635704       7907       2000      10000         29
   0       14     1956     9898     14138025739     14138035637         3645697       7913       2000      10000         28
   0       14     1956     9902     14138035736     14138045638         3655694       7916       2000      10000         29
   0       14     1956     9903     14138045735     14138055637         3665693       7917       2000      10000         28
   0       14     1956     9903     14138055735     14138065637         3675693       7917       2000      10000         28
   0       14     1955     9912     14138065726     14138075638         3685685       7926       2000      10000         29
   0       14     1955     9902     14138075736     14138085637         3695694       7917       2000      10000         28
   0       14     1955     9898     14138085739     14138095637         3705697       7914       2000      10000         28
   0       14     1955     9903     14138095735     14138105638         3715693       7917       2000      10000         29
   0       14     1955     9903     14138105735     14138115637         3725693       7918       2000      10000         28
   0       14     1955     9902     14138115736     14138125638         3735694       7916       2000      10000         29
   0       14     1955     9910     14138125727     14138135637         3745685       7926       2000      10000         28
   0       14     1955     9904     14138135734     14138145638         3755692       7919       2000      10000         29
   0       14     1955     9902     14138145736     14138155638         3765694       7917       2000      10000         29
   0       14     1955     9902     14138155736     14138165638         3775695       7916       2000      10000         29
   0       14     1955     9901     14138165737     14138175638         3785695       7916       2000      10000         29
   0       14     1955     9903     14138175735     14138185638         3795693       7918       2000      10000         29
   0       14     1955     9909     14138185729     14138195638         3805687       7924       2000      10000         29
   0       14     1955     9904     14138195734     14138205638         3815692       7918       2000      10000         29
   0       14     1955     9902     14138205736     14138215639         3825694       7916       2000      10000         29
   0       14     1955     9901     14138215737     14138225638         3835695       7916       2000      10000         29
   0       14     1955     9905     14138225734     14138235639         3845692       7919       2000      10000         30
   0       14     1955     9904     14138235734     14138245638         3855692       7919       2000      10000         29
   0       14     1955     9908     14138245730     14138255638         3865688       7923       2000      10000         29
   0       14     1955     9904     14138255734     14138265638         3875692       7919       2000      10000         29
   0       14     1955     9901     14138265737     14138275638         3885695       7916       2000      10000         29
   0       14     1955     9903     14138275735     14138285638         3895693       7918       2000      10000         29
   0       14     1955     9903     14138285735     14138295638         3905693       7917       2000      10000         29
   0       14     1955     9880     14138295736     14138305616         3915694       7917       2000      10000          7
   0       14     1955     9961     14138305654     14138315615         3925612       7999       2000      10000          7
   0       14     1955     9976     14138315661     14138325637         3935619       7992       2000      10000         28
   0       14     1955     9899     14138325739     14138335639         3945697       7913       2000      10000         30
   0       14     1956     9900     14138335737     14138345637         3955695       7915       2000      10000         28
   0       14     1956     9886     14138345752     14138355639         3965711       7900       2000      10000         30
   0       14     1955     9902     14138355736     14138365638         3975694       7917       2000      10000         29
   0       14     1955     9910     14138365728     14138375638         3985686       7925       2000      10000         29
   0       14     1955     9901     14138375737     14138385638         3995695       7916       2000      10000         29
   0       14     1955     9902     14138385736     14138395638         4005694       7916       2000      10000         29
   0       14     1955     9904     14138395734     14138405637         4015692       7919       2000      10000         28
   0       14     1955     9904     14138405734     14138415637         4025692       7919       2000      10000         28
   0       14     1955     9910     14138415727     14138425637         4035685       7926       2000      10000         28
   0       14     1955     9902     14138425735     14138435637         4045694       7917       2000      10000         28
   0       14     1955     9900     14138435737     14138445638         4055696       7915       2000      10000         29
   0       14     1955     9902     14138445736     14138455638         4065695       7916       2000      10000         29
   0       14     1955     9901     14138455737     14138465637         4075695       7916       2000      10000         28
   0       14     1955     9904     14138465734     14138475638         4085692       7918       2000      10000         29
   0       14     1955     9911     14138475727     14138485637         4095685       7926       2000      10000         28
   0       14     1955     9904     14138485733     14138495638         4105692       7919       2000      10000         29
   0       14     1955     9902     14138495736     14138505637         4115694       7917       2000      10000         28
   0       14     1955     9905     14138505733     14138515638         4125691       7920       2000      10000         29
   0       14     1955     9904     14138515734     14138525638         4135693       7918       2000      10000         29
   0       14     1955     9903     14138525734     14138535637         4145693       7918       2000      10000         28
   0       14     1955     9908     14138535729     14138545637         4155687       7924       2000      10000         28
   0       14     1955     9900     14138545737     14138555637         4165695       7916       2000      10000         28
   0       14     1955     9903     14138555735     14138565638         4175693       7917       2000      10000         29
   0       14     1955     9902     14138565735     14138575637         4185693       7917       2000      10000         28
   0       14     1955     9903     14138575735     14138585637         4195693       7918       2000      10000         28
   0       14     1956     9905     14138585732     14138595637         4205691       7920       2000      10000         28
   0       14     1955     9909     14138595728     14138605637         4215687       7924       2000      10000         28
   0       14     1955     9903     14138605735     14138615638         4225693       7917       2000      10000         29
   0       14     1956     9898     14138615739     14138625637         4235697       7913       2000      10000         28
   0       14     1956     9905     14138625733     14138635638         4245692       7919       2000      10000         29
   0       14     1956     9902     14138635735     14138645637         4255693       7917       2000      10000         28
   0       14     1956     9903     14138645734     14138655638         4265693       7918       2000      10000         29
   0       14     1955     9910     14138655727     14138665637         4275685       7926       2000      10000         28
   0       14     1956     9904     14138665734     14138675638         4285692       7919       2000      10000         29
   0       14     1955     9886     14138675753     14138685639         4295711       7899       2000      10000         30
   0       14     1955     9902     14138685736     14138695637         4305694       7917       2000      10000         28
   0       14     1955     9900     14138695738     14138705637         4315696       7915       2000      10000         28
   0       14     1955     9910     14138705727     14138715637         4325685       7926       2000      10000         28
   0       14     1956     9903     14138715735     14138725638         4335693       7917       2000      10000         29
   0       14     1956     9904     14138725736     14138735640         4345694       7915       2000      10000         31
   0       14     1956     9902     14138735736     14138745638         4355695       7915       2000      10000         29
   0       14     1956     9905     14138745733     14138755638         4365692       7919       2000      10000         29
   0       14     1956     9901     14138755737     14138765638         4375695       7915       2000      10000         29
   0       14     1955     9912     14138765726     14138775638         4385684       7927       2000      10000         29
   0       14     1956     9901     14138775737     14138785638         4395695       7915       2000      10000         29
   0       14     1956     9899     14138785738     14138795637         4405696       7914       2000      10000         28
   0       14     1956     9902     14138795736     14138805638         4415694       7916       2000      10000         29
   0       14     1956     9902     14138805735     14138815638         4425694       7917       2000      10000         29
   0       14     1956     9903     14138815735     14138825637         4435693       7917       2000      10000         28
   0       14     1955     9914     14138825724     14138835637         4445682       7929       2000      10000         28
   0       14     1956     9905     14138835736     14138845641         4455694       7916       2000      10000         32
   0       14     1956     9898     14138845740     14138855638         4465698       7912       2000      10000         29
   0       14     1956     9902     14138855735     14138865637         4475694       7916       2000      10000         28
   0       14     1956     9902     14138865735     14138875638         4485694       7917       2000      10000         29
   0       14     1956     9903     14138875735     14138885638         4495693       7917       2000      10000         29
   0       14     1955     9909     14138885728     14138895637         4505687       7924       2000      10000         28
   0       14     1956     9901     14138895735     14138905637         4515694       7916       2000      10000         28
   0       14     1956     9906     14138905732     14138915638         4525691       7920       2000      10000         29
   0       14     1956     9903     14138915736     14138925639         4535695       7916       2000      10000         30
   0       14     1956     9903     14138925735     14138935637         4545693       7917       2000      10000         28
   0       14     1956     9902     14138935735     14138945637         4555693       7917       2000      10000         28
   0       14     1955     9909     14138945728     14138955637         4565687       7924       2000      10000         28
   0       14     1955     9903     14138955735     14138965637         4575693       7918       2000      10000         29
   0       14     1955     9903     14138965735     14138975638         4585693       7917       2000      10000         29
   0       14     1955     9904     14138975734     14138985638         4595692       7918       2000      10000         29
   0       14     1955     9903     14138985734     14138995638         4605693       7918       2000      10000         29
   0       14     1955     9901     14138995737     14139005638         4615695       7916       2000      10000         29
   0       14     1955     9894     14139005745     14139015639         4625703       7908       2000      10000         30
   0       14     1956     9899     14139015739     14139025638         4635697       7913       2000      10000         29
   0       14     1955     9901     14139025736     14139035637         4645694       7916       2000      10000         28
   0       14     1955     9902     14139035735     14139045638         4655694       7917       2000      10000         29
   0       14     1955     9902     14139045735     14139055637         4665693       7918       2000      10000         28
   0       14     1955     9911     14139055726     14139065637         4675685       7926       2000      10000         28
   0       14     1958     9908     14139065734     14139075642         4685692       7915       2000      10000         33
   0       14     1955     9889     14139075749     14139085639         4695708       7903       2000      10000         30
   0       14     1955     9903     14139085735     14139095638         4705693       7917       2000      10000         29
   0       14     1955     9903     14139095735     14139105637         4715693       7918       2000      10000         28
   0       14     1955     9903     14139105734     14139115637         4725693       7918       2000      10000         28
   0       14     1955     9910     14139115727     14139125637         4735685       7926       2000      10000         28
   0       14     1955     9905     14139125733     14139135638         4745691       7920       2000      10000         29
   0       14     1955     9902     14139135736     14139145638         4755694       7917       2000      10000         29
   0       14     1955     9903     14139145735     14139155638         4765693       7917       2000      10000         29
   0       14     1955     9902     14139155737     14139165638         4775695       7916       2000      10000         29
   0       14     1955     9904     14139165735     14139175639         4785693       7918       2000      10000         30
   0       14     1955     9910     14139175728     14139185638         4795686       7925       2000      10000         29
   0       14     1955     9903     14139185735     14139195638         4805693       7917       2000      10000         29
   0       14     1955     9903     14139195735     14139205638         4815693       7918       2000      10000         29
   0       14     1955     9901     14139205737     14139215638         4825695       7915       2000      10000         29
   0       14     1955     9902     14139215736     14139225638         4835694       7917       2000      10000         29
   0       14     1955     9903     14139225735     14139235639         4845693       7917       2000      10000         29
   0       14     1955     9907     14139235730     14139245638         4855689       7922       2000      10000         29
   0       14     1955     9902     14139245736     14139255638         4865694       7916       2000      10000         29
   0       14     1955     9878     14139255737     14139265616         4875696       7915       2000      10000          7
   0       14     1955     9956     14139265660     14139275616         4885618       7993       2000      10000          7
   0       14     1955     9978     14139275660     14139285638         4895618       7993       2000      10000         29
   0       14     1955     9922     14139285716     14139295637         4905674       7937       2000      10000         28
   0       14     1955     9911     14139295728     14139305639         4915686       7925       2000      10000         30
   0       14     1955     9903     14139305734     14139315638         4925693       7918       2000      10000         29
   0       14     1955     9899     14139315738     14139325637         4935696       7914       2000      10000         28
   0       14     1955     9904     14139325733     14139335638         4945692       7919       2000      10000         29
   0       14     1955     9884     14139335755     14139345639         4955713       7898       2000      10000         30
   0       14     1955     9909     14139345729     14139355637         4965687       7924       2000      10000         28
   0       14     1955     9903     14139355734     14139365637         4975692       7918       2000      10000         28
   0       14     1955     9902     14139365737     14139375639         4985695       7915       2000      10000         30
   0       14     1955     9885     14139375735     14139385620         4995693       7917       2000      10000         12
   0       14     1955     9954     14139385663     14139395617         5005621       7990       2000      10000          9
   0       14     1955     9964     14139395656     14139405620         5015614       7997       2000      10000         11
   0       14     1955     9986     14139405663     14139415649         5025621       7990       2000      10000         39
   0       14     1955     9899     14139415740     14139425639         5035698       7913       2000      10000         30
   0       14     1955     9909     14139425729     14139435638         5045687       7924       2000      10000         29
   0       14     1955     9911     14139435726     14139445637         5055685       7926       2000      10000         28
   0       14     1955     9910     14139445728     14139455638         5065686       7925       2000      10000         29
   0       14     1955     9911     14139455726     14139465637         5075684       7927       2000      10000         28
   0       14     1955     9912     14139465726     14139475638         5085684       7927       2000      10000         29
   0       14     1955     9885     14139475730     14139485615         5095688       7923       2000      10000          7
   0       14     1955     9985     14139485652     14139495637         5105610       8001       2000      10000         28
   0       14     1955     9910     14139495727     14139505637         5115685       7926       2000      10000         28
   0       14     1955     9912     14139505725     14139515637         5125684       7927       2000      10000         28
   0       14     1955     9911     14139515726     14139525637         5135684       7927       2000      10000         28
   0       14     1955     9910     14139525727     14139535637         5145685       7926       2000      10000         28
   0       14     1955     9912     14139535724     14139545637         5155682       7928       2000      10000         28
   0       14     1955     9912     14139545725     14139555637         5165684       7927       2000      10000         28
   0       14     1955     9912     14139555725     14139565638         5175684       7927       2000      10000         29
   0       14     1955     9911     14139565726     14139575637         5185684       7927       2000      10000         28
   0       14     1955     9909     14139575728     14139585637         5195687       7924       2000      10000         28
   0       14     1955     9910     14139585726     14139595637         5205685       7926       2000      10000         28
   0       14     1955     9912     14139595725     14139605636         5215683       7928       2000      10000         27
   0       14     1955     9910     14139605727     14139615637         5225686       7925       2000      10000         28
   0       14     1955     9911     14139615726     14139625637         5235684       7927       2000      10000         28
   0       14     1955     9911     14139625726     14139635637         5245684       7927       2000      10000         28
   0       14     1955     9911     14139635726     14139645637         5255684       7927       2000      10000         28
   0       14     1955     9912     14139645725     14139655637         5265683       7928       2000      10000         28
   0       14     1955     9909     14139655728     14139665637         5275686       7925       2000      10000         28
   0       14     1955     9891     14139665747     14139675638         5285705       7906       2000      10000         29
   0       14     1955     9912     14139675726     14139685638         5295685       7926       2000      10000         29
   0       14     1955     9910     14139685727     14139695637         5305686       7925       2000      10000         28
   0       14     1955     9911     14139695726     14139705637         5315684       7927       2000      10000         28
   0       14     1955     9912     14139705725     14139715637         5325684       7927       2000      10000         29
   0       14     1955     9906     14139715731     14139725637         5335689       7921       2000      10000         28
   0       14     1955     9915     14139725726     14139735641         5345684       7927       2000      10000         31
   0       14     1955     9911     14139735727     14139745638         5355686       7925       2000      10000         29
   0       14     1955     9911     14139745727     14139755638         5365685       7926       2000      10000         29
   0       14     1955     9909     14139755728     14139765637         5375686       7925       2000      10000         28
   0       14     1955     9909     14139765728     14139775637         5385687       7924       2000      10000         28
   0       14     1955     9912     14139775726     14139785638         5395684       7927       2000      10000         29
   0       14     1955     9908     14139785729     14139795637         5405688       7923       2000      10000         28
   0       14     1955     9911     14139795726     14139805637         5415684       7926       2000      10000         29
   0       14     1955     9909     14139805728     14139815637         5425686       7925       2000      10000         28
   0       14     1955     9913     14139815724     14139825637         5435683       7928       2000      10000         28
   0       14     1955     9912     14139825725     14139835637         5445684       7927       2000      10000         28
   0       14     1955     9911     14139835726     14139845637         5455684       7927       2000      10000         28
   0       14     1955     9909     14139845729     14139855638         5465687       7924       2000      10000         29
   0       14     1955     9911     14139855727     14139865638         5475685       7926       2000      10000         29
   0       14     1955     9909     14139865728     14139875637         5485686       7925       2000      10000         28
   0       14     1955     9912     14139875724     14139885637         5495683       7928       2000      10000         28
   0       14     1955     9912     14139885725     14139895637         5505683       7928       2000      10000         28
   0       14     1955     9912     14139895724     14139905637         5515683       7928       2000      10000         28
   0       14     1955     9911     14139905727     14139915638         5525685       7926       2000      10000         29
   0       14     1955     9911     14139915726     14139925637         5535684       7927       2000      10000         28
   0       14     1955     9910     14139925728     14139935638         5545687       7924       2000      10000         29
   0       14     1955     9890     14139935726     14139945616         5555684       7926       2000      10000          7
   0       14     1957     9959     14139945658     14139955617         5565616       7993       2000      10000          8
   0       14     1958     9956     14139955662     14139965618         5575620       7988       2000      10000          9
   0       14     1957     9976     14139965663     14139975639         5585621       7988       2000      10000         30
   0       14     1955     9911     14139975725     14139985637         5595684       7927       2000      10000         28
   0       14     1955     9910     14139985728     14139995638         5605686       7925       2000      10000         29
   0       14     1955     9888     14139995751     14140005639         5615709       7901       2000      10000         30
   0       14     1955     9911     14140005726     14140015637         5625684       7927       2000      10000         28
   0       14     1955     9911     14140015726     14140025637         5635685       7926       2000      10000         28
   0       14     1955     9912     14140025725     14140035637         5645683       7928       2000      10000         28
   0       14     1955     9912     14140035726     14140045638         5655684       7927       2000      10000         29
   0       14     1955     9911     14140045726     14140055637         5665684       7927       2000      10000         28
   0       14     1955     9892     14140055724     14140065616         5675682       7929       2000      10000          7
   0       14     1955     9985     14140065652     14140075637         5685610       8001       2000      10000         28
   0       14     1955     9911     14140075726     14140085637         5695685       7926       2000      10000         28
   0       14     1955     9909     14140085729     14140095638         5705688       7923       2000      10000         29
   0       14     1955     9906     14140095731     14140105637         5715689       7922       2000      10000         28
   0       14     1955     9911     14140105726     14140115637         5725684       7927       2000      10000         29
   0       14     1955     9909     14140115728     14140125637         5735686       7925       2000      10000         28
   0       14     1955     9912     14140125727     14140135638         5745685       7926       2000      10000         29
   0       14     1955     9909     14140135727     14140145637         5755686       7925       2000      10000         28
   0       14     1955     9908     14140145728     14140155636         5765686       7925       2000      10000         27
   0       14     1955     9911     14140155726     14140165637         5775684       7927       2000      10000         28
   0       14     1955     9911     14140165726     14140175637         5785684       7927       2000      10000         28
   0       14     1955     9912     14140175725     14140185637         5795684       7927       2000      10000         28
   0       14     1955     9912     14140185725     14140195637         5805683       7928       2000      10000         28
   0       14     1955     9910     14140195727     14140205638         5815686       7925       2000      10000         29
   0       14     1955     9910     14140205727     14140215637         5825685       7926       2000      10000         28
   0       14     1955     9911     14140215726     14140225637         5835684       7927       2000      10000         28
   0       14     1955     9887     14140225729     14140235615         5845687       7924       2000      10000          7
   0       14     1955     9963     14140235652     14140245616         5855610       8001       2000      10000          7
   0       14     1955     9989     14140245651     14140255640         5865610       8001       2000      10000         31
   0       14     1955     9939     14140255698     14140265637         5875656       7955       2000      10000         28
   0       14     1955     9910     14140265727     14140275637         5885686       7925       2000      10000         28
   0       14     1955     9910     14140275726     14140285637         5895685       7926       2000      10000         28
   0       14     1955     9913     14140285725     14140295637         5905683       7928       2000      10000         29
   0       14     1955     9913     14140295726     14140305639         5915684       7927       2000      10000         30
   0       14     1955     9908     14140305729     14140315637         5925687       7924       2000      10000         28
   0       14     1955     9911     14140315726     14140325638         5935684       7927       2000      10000         29
   0       14     1955     9896     14140325743     14140335639         5945701       7910       2000      10000         30
   0       14     1955     9910     14140335727     14140345637         5955685       7925       2000      10000         29
   0       14     1955     9911     14140345726     14140355637         5965684       7926       2000      10000         28
   0       14     1955     9909     14140355729     14140365638         5975687       7924       2000      10000         29
   0       14     1955     9911     14140365726     14140375637         5985685       7926       2000      10000         28
   0       14     1955     9909     14140375728     14140385637         5995686       7925       2000      10000         28
   0       14     1955     9909     14140385728     14140395637         6005687       7924       2000      10000         28
   0       14     1955     9912     14140395726     14140405637         6015684       7927       2000      10000         29
   0       14     1955     9910     14140405727     14140415637         6025685       7926       2000      10000         28
   0       14     1955     9910     14140415727     14140425637         6035685       7926       2000      10000         28
   0       14     1955     9912     14140425725     14140435637         6045683       7928       2000      10000         28
   0       14     1955     9910     14140435727     14140445637         6055686       7925       2000      10000         28
   0       14     1955     9912     14140445725     14140455637         6065683       7928       2000      10000         28
   0       14     1955     9910     14140455727     14140465637         6075685       7926       2000      10000         28
   0       14     1955     9909     14140465728     14140475637         6085687       7924       2000      10000         29
   0       14     1955     9889     14140475726     14140485616         6095685       7926       2000      10000          7
   0       14     1955     9987     14140485651     14140495638         6105610       8001       2000      10000         29
   0       14     1955     9910     14140495727     14140505637         6115685       7926       2000      10000         28
   0       14     1955     9912     14140505724     14140515637         6125683       7928       2000      10000         28
   0       14     1955     9910     14140515728     14140525638         6135686       7925       2000      10000         29
   0       14     1955     9911     14140525726     14140535637         6145685       7926       2000      10000         28
   0       14     1955     9910     14140535727     14140545637         6155685       7926       2000      10000         28
   0       14     1955     9912     14140545725     14140555637         6165683       7928       2000      10000         28
   0       14     1955     9911     14140555726     14140565637         6175684       7927       2000      10000         28
   0       14     1955     9906     14140565731     14140575637         6185689       7922       2000      10000         28
   0       14     1955     9912     14140575725     14140585637         6195684       7927       2000      10000         29
   0       14     1955     9910     14140585727     14140595637         6205685       7926       2000      10000         28
   0       14     1955     9908     14140595728     14140605637         6215686       7925       2000      10000         28
   0       14     1955     9912     14140605724     14140615637         6225683       7928       2000      10000         28
   0       14     1955     9910     14140615727     14140625637         6235686       7925       2000      10000         28
   0       14     1955     9912     14140625725     14140635637         6245683       7928       2000      10000         28
   0       14     1955     9911     14140635726     14140645637         6255684       7927       2000      10000         28
   0       14     1955     9909     14140645728     14140655637         6265687       7924       2000      10000         28
   0       14     1955     9897     14140655741     14140665638         6275699       7912       2000      10000         29
   0       14     1955     9912     14140665725     14140675637         6285683       7928       2000      10000         28
   0       14     1955     9908     14140675729     14140685637         6295687       7923       2000      10000         28
   0       14     1955     9912     14140685725     14140695637         6305683       7928       2000      10000         28
   0       14     1955     9911     14140695726     14140705637         6315684       7927       2000      10000         28
   0       14     1955     9912     14140705725     14140715637         6325683       7928       2000      10000         28
   0       14     1955     9912     14140715725     14140725637         6335683       7928       2000      10000         28
   0       14     1956     9917     14140725724     14140735641         6345682       7928       2000      10000         31
   0       14     1955     9903     14140735732     14140745636         6355691       7920       2000      10000         27
   0       14     1955     9912     14140745725     14140755637         6365683       7928       2000      10000         28
   0       14     1955     9909     14140755728     14140765638         6375687       7924       2000      10000         29
   0       14     1955     9912     14140765725     14140775637         6385684       7927       2000      10000         28
   0       14     1956     9912     14140775726     14140785637         6395684       7926       2000      10000         29
   0       14     1955     9912     14140785726     14140795638         6405684       7927       2000      10000         29
   0       14     1955     9909     14140795729     14140805638         6415687       7924       2000      10000         29
   0       14     1955     9914     14140805723     14140815637         6425681       7929       2000      10000         28
   0       14     1955     9911     14140815726     14140825637         6435684       7927       2000      10000         28
   0       14     1955     9911     14140825727     14140835637         6445685       7926       2000      10000         28
   0       14     1955     9909     14140835729     14140845637         6455687       7924       2000      10000         29
   0       14     1955     9912     14140845725     14140855637         6465684       7927       2000      10000         29
   0       14     1955     9911     14140855727     14140865637         6475685       7926       2000      10000         29
   0       14     1955     9911     14140865727     14140875638         6485685       7926       2000      10000         29
   0       14     1955     9912     14140875725     14140885637         6495683       7928       2000      10000         28
   0       14     1955     9907     14140885730     14140895637         6505688       7923       2000      10000         28
   0       14     1955     9909     14140895728     14140905636         6515686       7925       2000      10000         27
   0       14     1955     9911     14140905726     14140915637         6525684       7927       2000      10000         28
   0       14     1955     9911     14140915727     14140925638         6535685       7926       2000      10000         29
   0       14     1955     9913     14140925724     14140935637         6545683       7928       2000      10000         28
   0       14     1955     9909     14140935728     14140945637         6555686       7925       2000      10000         28
   0       14     1955     9912     14140945725     14140955637         6565684       7927       2000      10000         28
   0       14     1955     9911     14140955726     14140965636         6575684       7927       2000      10000         27
   0       14     1955     9915     14140965722     14140975638         6585680       7931       2000      10000         29
   0       14     1955     9909     14140975729     14140985637         6595687       7924       2000      10000         28
   0       14     1955     9895     14140985744     14140995639         6605702       7909       2000      10000         30
   0       14     1955     9909     14140995728     14141005638         6615687       7924       2000      10000         29
   0       14     1955     9911     14141005727     14141015638         6625685       7926       2000      10000         29
   0       14     1955     9911     14141015727     14141025638         6635685       7926       2000      10000         29
   0       14     1955     9912     14141025725     14141035637         6645683       7928       2000      10000         28
   0       14     1955     9911     14141035726     14141045638         6655685       7926       2000      10000         29
   0       14     1955     9915     14141045722     14141055637         6665681       7930       2000      10000         28
   0       14     1955     9910     14141055728     14141065637         6675686       7925       2000      10000         28
   0       14     1955     9911     14141065726     14141075637         6685684       7927       2000      10000         28
   0       14     1955     9911     14141075727     14141085637         6695685       7926       2000      10000         28
   0       14     1955     9913     14141085724     14141095637         6705683       7928       2000      10000         29
   0       14     1955     9910     14141095728     14141105638         6715686       7925       2000      10000         29
   0       14     1955     9913     14141105724     14141115637         6725682       7929       2000      10000         28
   0       14     1955     9911     14141115726     14141125637         6735684       7927       2000      10000         28
   0       14     1955     9912     14141125726     14141135638         6745684       7927       2000      10000         29
   0       14     1955     9909     14141135728     14141145637         6755686       7925       2000      10000         28
   0       14     1955     9913     14141145724     14141155637         6765682       7929       2000      10000         28
   0       14     1955     9912     14141155726     14141165638         6775684       7926       2000      10000         29
   0       14     1955     9888     14141165727     14141175615         6785685       7926       2000      10000          7
   0       14     1955     9984     14141175653     14141185637         6795611       8000       2000      10000         28
   0       14     1955     9912     14141185725     14141195637         6805684       7927       2000      10000         28
   0       14     1955     9911     14141195726     14141205637         6815684       7927       2000      10000         28
   0       14     1955     9890     14141205726     14141215616         6825684       7927       2000      10000          7
   0       14     1955     9962     14141215653     14141225616         6835612       7999       2000      10000          7
   0       14     1955     9989     14141225651     14141235641         6845610       8001       2000      10000         32
   0       14     1955     9928     14141235709     14141245637         6855668       7943       2000      10000         28
   0       14     1955     9912     14141245726     14141255638         6865684       7927       2000      10000         29
   0       14     1955     9911     14141255726     14141265637         6875685       7926       2000      10000         29
   0       14     1955     9912     14141265725     14141275637         6885683       7928       2000      10000         28
   0       14     1955     9911     14141275726     14141285637         6895684       7927       2000      10000         29
   0       14     1955     9911     14141285726     14141295637         6905684       7927       2000      10000         28
   0       14     1955     9909     14141295728     14141305637         6915687       7924       2000      10000         28
   0       14     1955     9911     14141305726     14141315637         6925684       7927       2000      10000         28
   0       14     1955     9897     14141315743     14141325640         6935701       7910       2000      10000         31
   0       14     1955     9909     14141325728     14141335637         6945687       7924       2000      10000         28
   0       14     1955     9915     14141335726     14141345641         6955684       7927       2000      10000         32
   0       14     1955     9908     14141345729     14141355637         6965687       7924       2000      10000         28
   0       14     1955     9910     14141355727     14141365637         6975685       7926       2000      10000         28
   0       14     1955     9911     14141365726     14141375637         6985684       7927       2000      10000         28
   0       14     1955     9908     14141375729     14141385637         6995687       7924       2000      10000         28
   0       14     1955     9911     14141385726     14141395637         7005684       7927       2000      10000         28
   0       14     1955     9910     14141395727     14141405637         7015685       7926       2000      10000         28
   0       14     1955     9912     14141405724     14141415637         7025683       7928       2000      10000         28
   0       14     1955     9911     14141415727     14141425638         7035685       7926       2000      10000         29
   0       14     1955     9910     14141425727     14141435637         7045685       7926       2000      10000         28
   0       14     1955     9910     14141435727     14141445637         7055685       7926       2000      10000         28
   0       14     1955     9912     14141445725     14141455637         7065683       7928       2000      10000         28
   0       14     1955     9908     14141455729     14141465637         7075688       7923       2000      10000         28
   0       14     1955     9911     14141465726     14141475637         7085685       7926       2000      10000         29
   0       14     1955     9914     14141475728     14141485642         7095686       7925       2000      10000         34
   0       14     1955     9935     14141485703     14141495637         7105661       7950       2000      10000         28
   0       14     1955     9910     14141495727     14141505637         7115685       7926       2000      10000         28
   0       14     1955     9910     14141505727     14141515637         7125685       7926       2000      10000         28
   0       14     1955     9910     14141515727     14141525637         7135685       7926       2000      10000         28
   0       14     1955     9910     14141525727     14141535637         7145685       7926       2000      10000         28
   0       14     1955     9908     14141535730     14141545638         7155688       7923       2000      10000         29
   0       14     1955     9912     14141545725     14141555637         7165683       7928       2000      10000         28
   0       14     1955     9907     14141555729     14141565636         7175687       7924       2000      10000         27
   0       14     1955     9910     14141565727     14141575637         7185685       7926       2000      10000         28
   0       14     1955     9910     14141575727     14141585637         7195685       7926       2000      10000         28
   0       14     1955     9910     14141585727     14141595637         7205685       7926       2000      10000         28
   0       14     1955     9910     14141595727     14141605637         7215685       7926       2000      10000         28
   0       14     1955     9911     14141605726     14141615637         7225684       7927       2000      10000         28
   0       14     1955     9908     14141615730     14141625637         7235688       7923       2000      10000         29
   0       14     1955     9913     14141625724     14141635637         7245682       7929       2000      10000         28
   0       14     1955     9908     14141635730     14141645638         7255688       7923       2000      10000         29
   0       14     1955     9897     14141645741     14141655638         7265700       7911       2000      10000         29
   0       14     1955     9911     14141655726     14141665637         7275684       7927       2000      10000         28
   0       14     1955     9909     14141665727     14141675636         7285685       7926       2000      10000         27
   0       14     1955     9911     14141675726     14141685637         7295684       7927       2000      10000         28
   0       14     1955     9914     14141685724     14141695638         7305682       7929       2000      10000         29
   0       14     1955     9911     14141695727     14141705638         7315685       7925       2000      10000         29
   0       14     1955     9911     14141705726     14141715637         7325684       7927       2000      10000         28
   0       14     1955     9909     14141715729     14141725638         7335687       7924       2000      10000         29
   0       14     1956     9914     14141725726     14141735640         7345685       7926       2000      10000         31
   0       14     1955     9910     14141735727     14141745638         7355686       7925       2000      10000         28
   0       14     1955     9910     14141745727     14141755638         7365685       7926       2000      10000         29
   0       14     1955     9910     14141755727     14141765637         7375685       7926       2000      10000         28
   0       14     1955     9911     14141765727     14141775638         7385685       7926       2000      10000         29
   0       14     1955     9906     14141775731     14141785637         7395689       7922       2000      10000         28
   0       14     1955     9910     14141785727     14141795637         7405685       7926       2000      10000         28
   0       14     1955     9909     14141795728     14141805637         7415687       7924       2000      10000         29
   0       14     1955     9912     14141805726     14141815637         7425684       7927       2000      10000         28
   0       14     1955     9910     14141815727     14141825638         7435686       7925       2000      10000         29
   0       14     1955     9910     14141825728     14141835638         7445686       7925       2000      10000         29
   0       14     1955     9911     14141835727     14141845638         7455685       7926       2000      10000         29
   0       14     1955     9912     14141845726     14141855638         7465684       7927       2000      10000         29
   0       14     1955     9912     14141855726     14141865638         7475685       7926       2000      10000         29
   0       14     1955     9913     14141865725     14141875638         7485684       7927       2000      10000         29
   0       14     1955     9913     14141875725     14141885638         7495683       7928       2000      10000         29
   0       14     1955     9911     14141885726     14141895637         7505684       7927       2000      10000         28
   0       14     1955     9912     14141895725     14141905637         7515684       7927       2000      10000         28
   0       14     1955     9908     14141905729     14141915637         7525687       7924       2000      10000         28
   0       14     1955     9912     14141915725     14141925637         7535684       7927       2000      10000         28
   0       14     1955     9913     14141925725     14141935638         7545683       7928       2000      10000         29
   0       14     1955     9911     14141935727     14141945637         7555685       7926       2000      10000         28
   0       14     1955     9912     14141945725     14141955637         7565684       7927       2000      10000         28
   0       14     1955     9913     14141955724     14141965637         7575682       7929       2000      10000         28
   0       14     1955     9911     14141965727     14141975637         7585685       7926       2000      10000         28
   0       14     1955     9897     14141975742     14141985639         7595701       7910       2000      10000         30
   0       14     1955     9912     14141985725     14141995637         7605683       7928       2000      10000         28
   0       14     1955     9912     14141995726     14142005637         7615684       7927       2000      10000         28
   0       14     1955     9911     14142005726     14142015637         7625684       7927       2000      10000         28
   0       14     1955     9911     14142015727     14142025637         7635685       7926       2000      10000         28
   0       14     1955     9909     14142025728     14142035637         7645686       7925       2000      10000         28
   0       14     1955     9914     14142035724     14142045638         7655682       7929       2000      10000         29
   0       14     1955     9911     14142045726     14142055637         7665684       7927       2000      10000         28
   0       14     1955     9911     14142055726     14142065637         7675684       7927       2000      10000         28
   0       14     1955     9887     14142065729     14142075616         7685687       7924       2000      10000          7
   0       14     1955     9985     14142075652     14142085637         7695610       8001       2000      10000         28
   0       14     1955     9912     14142085725     14142095637         7705684       7927       2000      10000         28
   0       14     1955     9912     14142095725     14142105638         7715684       7927       2000      10000         29
   0       14     1955     9912     14142105725     14142115637         7725683       7928       2000      10000         28
   0       14     1955     9911     14142115726     14142125637         7735684       7927       2000      10000         28
   0       14     1955     9910     14142125727     14142135637         7745685       7926       2000      10000         28
   0       14     1955     9913     14142135726     14142145638         7755684       7927       2000      10000         29
   0       14     1955     9911     14142145726     14142155637         7765684       7927       2000      10000         28
   0       14     1955     9910     14142155727     14142165637         7775685       7926       2000      10000         28
   0       14     1955     9912     14142165725     14142175637         7785683       7928       2000      10000         28
   0       14     1955     9889     14142175727     14142185615         7795685       7926       2000      10000          7
   0       14     1955     9964     14142185651     14142195615         7805610       8001       2000      10000          7
   0       14     1955     9988     14142195652     14142205640         7815610       8001       2000      10000         31
   0       14     1955     9940     14142205698     14142215637         7825656       7955       2000      10000         28
   0       14     1955     9911     14142215726     14142225637         7835685       7926       2000      10000         28
   0       14     1955     9912     14142225725     14142235638         7845684       7927       2000      10000         29
   0       14     1955     9910     14142235727     14142245637         7855685       7926       2000      10000         28
   0       14     1955     9912     14142245725     14142255637         7865683       7928       2000      10000         28
   0       14     1955     9911     14142255726     14142265637         7875684       7927       2000      10000         28
   0       14     1955     9912     14142265725     14142275638         7885684       7927       2000      10000         29
   0       14     1955     9913     14142275725     14142285638         7895683       7928       2000      10000         29
   0       14     1955     9910     14142285727     14142295637         7905685       7926       2000      10000         28
   0       14     1955     9911     14142295726     14142305637         7915685       7926       2000      10000         28
   0       14     1955     9897     14142305740     14142315638         7925699       7912       2000      10000         29
   0       14     1955     9911     14142315726     14142325637         7935684       7927       2000      10000         28
   0       14     1955     9911     14142325727     14142335637         7945685       7926       2000      10000         28
   0       14     1955     9909     14142335728     14142345637         7955686       7925       2000      10000         28
   0       14     1955     9912     14142345725     14142355637         7965683       7928       2000      10000         28
   0       14     1955     9910     14142355728     14142365638         7975686       7925       2000      10000         28
   0       14     1955     9910     14142365727     14142375637         7985686       7925       2000      10000         28
   0       14     1955     9912     14142375726     14142385638         7995684       7927       2000      10000         29
   0       14     1955     9911     14142385726     14142395637         8005684       7927       2000      10000         28
   0       14     1955     9911     14142395726     14142405637         8015684       7927       2000      10000         28
   0       14     1955     9912     14142405725     14142415637         8025683       7928       2000      10000         28
   0       14     1955     9910     14142415727     14142425637         8035685       7926       2000      10000         28
   0       14     1955     9913     14142425725     14142435637         8045683       7928       2000      10000         28
   0       14     1955     9911     14142435726     14142445637         8055684       7927       2000      10000         28
   0       14     1955     9909     14142445728     14142455637         8065686       7925       2000      10000         28
   0       14     1955     9912     14142455725     14142465637         8075683       7928       2000      10000         28
   0       14     1955     9911     14142465726     14142475637         8085684       7927       2000      10000         28
   0       14     1955     9910     14142475727     14142485637         8095685       7926       2000      10000         28
   0       14     1955     9911     14142485726     14142495637         8105684       7927       2000      10000         28
   0       14     1955     9910     14142495727     14142505637         8115685       7926       2000      10000         28
   0       14     1955     9913     14142505725     14142515638         8125683       7928       2000      10000         29
   0       14     1955     9911     14142515727     14142525637         8135685       7926       2000      10000         28
   0       14     1955     9909     14142525728     14142535637         8145687       7924       2000      10000         28
   0       14     1955     9912     14142535726     14142545637         8155684       7927       2000      10000         28
   0       14     1955     9911     14142545726     14142555638         8165685       7926       2000      10000         29
   0       14     1955     9911     14142555726     14142565637         8175684       7927       2000      10000         28
   0       14     1955     9910     14142565726     14142575637         8185685       7926       2000      10000         28
   0       14     1955     9910     14142575728     14142585638         8195686       7925       2000      10000         29
   0       14     1955     9913     14142585725     14142595637         8205683       7928       2000      10000         28
   0       14     1955     9911     14142595727     14142605638         8215685       7926       2000      10000         29
   0       14     1955     9908     14142605729     14142615637         8225687       7924       2000      10000         28
   0       14     1955     9911     14142615726     14142625638         8235685       7926       2000      10000         29
   0       14     1955     9909     14142625728     14142635637         8245686       7925       2000      10000         28
   0       14     1955     9897     14142635741     14142645638         8255699       7912       2000      10000         29
   0       14     1955     9911     14142645726     14142655637         8265685       7926       2000      10000         28
   0       14     1955     9910     14142655727     14142665638         8275686       7925       2000      10000         29
   0       14     1955     9890     14142665725     14142675615         8285683       7928       2000      10000          7
   0       14     1956     9984     14142675653     14142685637         8295611       7999       2000      10000         28
   0       14     1955     9907     14142685730     14142695637         8305688       7923       2000      10000         28
   0       14     1955     9912     14142695726     14142705637         8315684       7927       2000      10000         28
   0       14     1955     9909     14142705728     14142715637         8325686       7925       2000      10000         28
   0       14     1955     9911     14142715727     14142725637         8335685       7926       2000      10000         28
   0       14     1955     9917     14142725725     14142735642         8345683       7928       2000      10000         32
   0       14     1955     9910     14142735729     14142745638         8355687       7924       2000      10000         29
   0       14     1955     9911     14142745726     14142755637         8365684       7927       2000      10000         28
   0       14     1955     9911     14142755728     14142765638         8375686       7925       2000      10000         29
   0       14     1955     9908     14142765730     14142775638         8385688       7923       2000      10000         29
   0       14     1955     9910     14142775728     14142785638         8395686       7925       2000      10000         29
   0       14     1955     9910     14142785727     14142795637         8405685       7926       2000      10000         28
   0       14     1955     9911     14142795726     14142805638         8415685       7926       2000      10000         29
   0       14     1955     9911     14142805726     14142815637         8425684       7927       2000      10000         28
   0       14     1955     9908     14142815729     14142825637         8435687       7924       2000      10000         28
   0       14     1955     9913     14142825724     14142835637         8445682       7929       2000      10000         28
   0       14     1955     9909     14142835728     14142845637         8455687       7924       2000      10000         28
   0       14     1955     9913     14142845725     14142855638         8465683       7928       2000      10000         29
   0       14     1955     9912     14142855725     14142865637         8475683       7927       2000      10000         28
   0       14     1955     9913     14142865724     14142875637         8485682       7929       2000      10000         28
   0       14     1955     9911     14142875726     14142885637         8495684       7927       2000      10000         28
   0       14     1955     9913     14142885724     14142895637         8505683       7928       2000      10000         28
   0       14     1955     9908     14142895729     14142905637         8515688       7923       2000      10000         28
   0       14     1955     9912     14142905725     14142915637         8525684       7927       2000      10000         28
   0       14     1955     9910     14142915727     14142925637         8535685       7926       2000      10000         28
   0       14     1955     9907     14142925731     14142935637         8545689       7922       2000      10000         28
   0       14     1955     9889     14142935727     14142945616         8555685       7926       2000      10000          7
   0       14     1955     9965     14142945651     14142955616         8565609       8002       2000      10000          7
   0       14     1955     9984     14142955654     14142965638         8575612       7999       2000      10000         29
   0       14     1955     9889     14142965750     14142975639         8585708       7902       2000      10000         30
   0       14     1955     9907     14142975730     14142985638         8595689       7922       2000      10000         29
   0       14     1955     9911     14142985726     14142995637         8605684       7927       2000      10000         28
   0       14     1955     9911     14142995727     14143005638         8615685       7926       2000      10000         29
   0       14     1955     9907     14143005731     14143015638         8625689       7922       2000      10000         29
   0       14     1955     9910     14143015727     14143025637         8635685       7926       2000      10000         28
   0       14     1955     9914     14143025723     14143035637         8645681       7930       2000      10000         28
   0       14     1955     9909     14143035727     14143045637         8655686       7925       2000      10000         28
   0       14     1955     9912     14143045726     14143055638         8665684       7927       2000      10000         28
   0       14     1955     9908     14143055729     14143065637         8675687       7924       2000      10000         28
   0       14     1955     9913     14143065724     14143075638         8685683       7928       2000      10000         29
   0       14     1955     9912     14143075726     14143085638         8695684       7927       2000      10000         29
   0       14     1955     9912     14143085726     14143095638         8705684       7927       2000      10000         29
   0       14     1955     9911     14143095727     14143105638         8715685       7926       2000      10000         29
   0       14     1955     9913     14143105724     14143115637         8725683       7928       2000      10000         28
   0       14     1955     9910     14143115728     14143125638         8735687       7924       2000      10000         29
   0       14     1955     9914     14143125724     14143135637         8745682       7929       2000      10000         28
   0       14     1955     9907     14143135730     14143145637         8755689       7922       2000      10000         28
   0       14     1955     9913     14143145724     14143155637         8765682       7929       2000      10000         28
   0       14     1955     9889     14143155727     14143165616         8775685       7926       2000      10000          7
   0       14     1955     9963     14143165652     14143175615         8785610       8001       2000      10000          7
   0       14     1955     9983     14143175652     14143185635         8795611       8000       2000      10000         27
   0       14     1955     9966     14143185671     14143195637         8805629       7982       2000      10000         28
   0       14     1955     9909     14143195728     14143205638         8815687       7924       2000      10000         29
   0       14     1955     9913     14143205725     14143215638         8825683       7928       2000      10000         29
   0       14     1955     9911     14143215726     14143225637         8835684       7927       2000      10000         28
   0       14     1955     9914     14143225725     14143235639         8845684       7927       2000      10000         30
   0       14     1955     9907     14143235728     14143245635         8855687       7924       2000      10000         26
   0       14     1955     9913     14143245724     14143255637         8865683       7928       2000      10000         28
   0       14     1955     9910     14143255727     14143265637         8875686       7925       2000      10000         28
   0       14     1955     9915     14143265722     14143275637         8885681       7930       2000      10000         28
   0       14     1955     9909     14143275728     14143285638         8895686       7925       2000      10000         29
   0       14     1955     9911     14143285726     14143295637         8905684       7927       2000      10000         28
   0       14     1955     9888     14143295751     14143305638         8915709       7902       2000      10000         29
   0       14     1955     9912     14143305725     14143315637         8925683       7928       2000      10000         28
   0       14     1955     9911     14143315727     14143325637         8935685       7926       2000      10000         28
   0       14     1955     9913     14143325725     14143335639         8945684       7927       2000      10000         30
   0       14     1955     9908     14143335729     14143345637         8955687       7924       2000      10000         28
   0       14     1955     9911     14143345726     14143355637         8965684       7927       2000      10000         28
   0       14     1955     9909     14143355729     14143365638         8975687       7924       2000      10000         29
   0       14     1955     9914     14143365724     14143375638         8985682       7929       2000      10000         29
   0       14     1955     9910     14143375727     14143385636         8995685       7926       2000      10000         27
   0       14     1955     9912     14143385725     14143395637         9005683       7928       2000      10000         28
   0       14     1955     9911     14143395726     14143405637         9015685       7926       2000      10000         28
   0       14     1955     9912     14143405726     14143415637         9025684       7927       2000      10000         28
   0       14     1955     9911     14143415726     14143425637         9035684       7927       2000      10000         28
   0       14     1955     9912     14143425725     14143435637         9045683       7928       2000      10000         28
   0       14     1955     9908     14143435729     14143445637         9055687       7924       2000      10000         28
   0       14     1955     9911     14143445726     14143455637         9065684       7927       2000      10000         28
   0       14     1955     9910     14143455726     14143465636         9075685       7926       2000      10000         27
   0       14     1955     9911     14143465726     14143475637         9085684       7927       2000      10000         28
   0       14     1955     9909     14143475729     14143485637         9095687       7924       2000      10000         28
   0       14     1955     9912     14143485725     14143495638         9105684       7927       2000      10000         29
   0       14     1955     9910     14143495727     14143505637         9115685       7926       2000      10000         28
   0       14     1955     9912     14143505726     14143515637         9125684       7927       2000      10000         28
   0       14     1955     9908     14143515729     14143525637         9135687       7924       2000      10000         28
   0       14     1955     9913     14143525725     14143535637         9145683       7928       2000      10000         28
   0       14     1955     9909     14143535728     14143545637         9155686       7925       2000      10000         28
   0       14     1955     9913     14143545725     14143555637         9165683       7928       2000      10000         28
   0       14     1955     9910     14143555727     14143565637         9175685       7926       2000      10000         28
   0       14     1955     9912     14143565726     14143575639         9185685       7926       2000      10000         30
   0       14     1955     9909     14143575728     14143585637         9195686       7925       2000      10000         28
   0       14     1955     9913     14143585725     14143595637         9205683       7928       2000      10000         28
   0       14     1955     9908     14143595730     14143605637         9215688       7923       2000      10000         28
   0       14     1955     9910     14143605728     14143615637         9225686       7925       2000      10000         28
   0       14     1955     9908     14143615729     14143625637         9235687       7924       2000      10000         28
   0       14     1955     9896     14143625741     14143635637         9245699       7911       2000      10000         28
   0       14     1955     9910     14143635727     14143645637         9255685       7926       2000      10000         28
   0       14     1955     9911     14143645727     14143655637         9265685       7926       2000      10000         28
   0       14     1955     9910     14143655727     14143665637         9275686       7925       2000      10000         28
   0       14     1955     9912     14143665725     14143675638         9285684       7927       2000      10000         29
   0       14     1955     9905     14143675732     14143685637         9295690       7921       2000      10000         28
   0       14     1955     9913     14143685725     14143695637         9305683       7928       2000      10000         28
   0       14     1955     9910     14143695728     14143705637         9315686       7925       2000      10000         28
   0       14     1955     9912     14143705726     14143715638         9325684       7927       2000      10000         29
   0       14     1955     9909     14143715728     14143725637         9335686       7925       2000      10000         28
   0       14     1955     9913     14143725727     14143735640         9345685       7926       2000      10000         31
   0       14     1955     9910     14143735728     14143745637         9355686       7925       2000      10000         28
   0       14     1955     9911     14143745726     14143755637         9365684       7927       2000      10000         28
   0       14     1955     9912     14143755725     14143765637         9375684       7927       2000      10000         28
   0       14     1955     9911     14143765725     14143775636         9385684       7927       2000      10000         27
   0       14     1955     9904     14143775733     14143785637         9395691       7920       2000      10000         28
   0       14     1955     9913     14143785725     14143795637         9405683       7928       2000      10000         28
   0       14     1955     9909     14143795728     14143805638         9415686       7925       2000      10000         29
   0       14     1955     9911     14143805726     14143815638         9425684       7926       2000      10000         28
   0       14     1955     9912     14143815726     14143825637         9435684       7927       2000      10000         29
   0       14     1955     9911     14143825726     14143835637         9445684       7927       2000      10000         28
   0       14     1955     9911     14143835730     14143845641         9455688       7923       2000      10000         32
   0       14     1955     9909     14143845729     14143855638         9465687       7924       2000      10000         29
   0       14     1955     9909     14143855729     14143865638         9475687       7924       2000      10000         29
   0       14     1955     9912     14143865726     14143875638         9485684       7927       2000      10000         29
   0       14     1955     9912     14143875726     14143885638         9495684       7927       2000      10000         29
   0       14     1955     9909     14143885729     14143895638         9505687       7924       2000      10000         29
   0       14     1955     9911     14143895727     14143905637         9515685       7926       2000      10000         28
   0       14     1955     9911     14143905726     14143915637         9525684       7927       2000      10000         28
   0       14     1955     9911     14143915726     14143925637         9535684       7927       2000      10000         28
   0       14     1955     9911     14143925725     14143935637         9545684       7927       2000      10000         28
   0       14     1955     9907     14143935732     14143945639         9555690       7921       2000      10000         30
   0       14     1955     9911     14143945726     14143955637         9565684       7927       2000      10000         28
   0       14     1955     9893     14143955744     14143965638         9575703       7908       2000      10000         29
   0       14     1955     9909     14143965729     14143975638         9585687       7924       2000      10000         29
   0       14     1955     9910     14143975727     14143985638         9595685       7925       2000      10000         29
   0       14     1955     9912     14143985726     14143995638         9605684       7927       2000      10000         29
   0       14     1955     9907     14143995731     14144005638         9615689       7922       2000      10000         29
   0       14     1955     9912     14144005725     14144015638         9625683       7928       2000      10000         29
   0       14     1955     9913     14144015724     14144025637         9635683       7928       2000      10000         28
   0       14     1955     9912     14144025725     14144035637         9645683       7927       2000      10000         28
   0       14     1955     9910     14144035727     14144045637         9655685       7926       2000      10000         28
   0       14     1955     9910     14144045728     14144055638         9665686       7925       2000      10000         29
   0       14     1955     9911     14144055727     14144065637         9675685       7926       2000      10000         28
   0       14     1955     9911     14144065726     14144075636         9685684       7927       2000      10000         27
   0       14     1955     9911     14144075727     14144085637         9695685       7926       2000      10000         28
   0       14     1955     9912     14144085725     14144095637         9705684       7927       2000      10000         28
   0       14     1955     9911     14144095726     14144105637         9715684       7927       2000      10000         28
   0       14     1955     9912     14144105725     14144115637         9725683       7928       2000      10000         28
   0       14     1955     9912     14144115725     14144125637         9735683       7928       2000      10000         28
   0       14     1955     9891     14144125725     14144135615         9745683       7928       2000      10000          7
   0       14     1955     9963     14144135652     14144145615         9755610       8001       2000      10000          7
   0       14     1955     9974     14144145652     14144155626         9765610       8001       2000      10000         18
   0       14     1955     9972     14144155664     14144165637         9775623       7988       2000      10000         28
   0       14     1955     9912     14144165725     14144175637         9785683       7928       2000      10000         28
   0       14     1955     9914     14144175723     14144185637         9795682       7929       2000      10000         28
   0       14     1955     9910     14144185727     14144195637         9805685       7926       2000      10000         28
   0       14     1955     9911     14144195725     14144205637         9815684       7927       2000      10000         28
   0       14     1955     9911     14144205725     14144215637         9825684       7927       2000      10000         28
   0       14     1955     9910     14144215727     14144225637         9835685       7926       2000      10000         28
   0       14     1955     9912     14144225725     14144235637         9845683       7928       2000      10000         28
   0       14     1955     9910     14144235727     14144245637         9855685       7926       2000      10000         28
   0       14     1955     9912     14144245725     14144255637         9865684       7927       2000      10000         28
   0       14     1955     9912     14144255725     14144265637         9875683       7928       2000      10000         28
   0       14     1955     9909     14144265727     14144275636         9885686       7925       2000      10000         27
   0       14     1955     9911     14144275727     14144285637         9895685       7926       2000      10000         28
   0       14     1955     9894     14144285744     14144295638         9905702       7909       2000      10000         29
   0       14     1955     9910     14144295727     14144305637         9915685       7926       2000      10000         28
   0       14     1955     9909     14144305727     14144315637         9925685       7926       2000      10000         28
   0       14     1955     9910     14144315727     14144325637         9935686       7925       2000      10000         28
   0       14     1955     9913     14144325725     14144335638         9945683       7928       2000      10000         29
   0       14     1955     9912     14144335726     14144345637         9955684       7927       2000      10000         28
   0       14     1955     9911     14144345726     14144355637         9965685       7926       2000      10000         28
   0       14     1955     9911     14144355726     14144365638         9975685       7926       2000      10000         29
   0       14     1955     9907     14144365730     14144375637         9985689       7922       2000      10000         28
   0       14     1955     9894     14144375726     14144385620         9995684       7927       2000      10000         12
   0       14     1955     9959     14144385659     14144395618        10005617       7994       2000      10000          9
   0       14     1955     9966     14144395655     14144405621        10015613       7998       2000      10000         12
   0       14     1955     9978     14144405669     14144415648        10025627       7983       2000      10000         38
   0       14     1955     9902     14144415737     14144425639        10035695       7916       2000      10000         30
   0       14     1955     9907     14144425730     14144435637        10045688       7923       2000      10000         28
   0       14     1955     9911     14144435727     14144445637        10055685       7926       2000      10000         29
   0       14     1955     9911     14144445727     14144455638        10065685       7925       2000      10000         29
   0       14     1955     9910     14144455727     14144465637        10075685       7926       2000      10000         28
   0       14     1955     9911     14144465727     14144475637        10085685       7926       2000      10000         28
   0       14     1955     9910     14144475727     14144485638        10095685       7925       2000      10000         29
   0       14     1955     9912     14144485725     14144495637        10105684       7927       2000      10000         28
   0       14     1955     9912     14144495725     14144505637        10115683       7928       2000      10000         28
   0       14     1955     9909     14144505728     14144515637        10125686       7925       2000      10000         28
   0       14     1955     9911     14144515726     14144525638        10135685       7926       2000      10000         29
   0       14     1955     9911     14144525727     14144535638        10145685       7926       2000      10000         29
   0       14     1955     9910     14144535727     14144545637        10155685       7926       2000      10000         28
   0       14     1955     9910     14144545727     14144555637        10165685       7926       2000      10000         28
   0       14     1955     9911     14144555726     14144565637        10175685       7926       2000      10000         29
   0       14     1955     9912     14144565725     14144575637        10185684       7927       2000      10000         28
   0       14     1955     9910     14144575727     14144585637        10195685       7926       2000      10000         28
   0       14     1955     9908     14144585729     14144595637        10205688       7923       2000      10000         28
   0       14     1955     9911     14144595727     14144605638        10215685       7926       2000      10000         29
   0       14     1955     9910     14144605727     14144615637        10225685       7926       2000      10000         28
   0       14     1955     9912     14144615725     14144625637        10235683       7928       2000      10000         28
   0       14     1955     9890     14144625748     14144635638        10245706       7905       2000      10000         29
   0       14     1955     9908     14144635729     14144645637        10255687       7924       2000      10000         28
   0       14     1955     9912     14144645725     14144655637        10265684       7927       2000      10000         28
   0       14     1955     9911     14144655726     14144665637        10275685       7926       2000      10000         28
   0       14     1955     9908     14144665729     14144675637        10285687       7923       2000      10000         28
   0       14     1955     9913     14144675725     14144685638        10295684       7927       2000      10000         30
   0       14     1955     9908     14144685729     14144695637        10305687       7924       2000      10000         28
   0       14     1955     9912     14144695726     14144705637        10315684       7927       2000      10000         28
   0       14     1955     9912     14144705725     14144715637        10325684       7927       2000      10000         28
   0       14     1955     9911     14144715727     14144725637        10335685       7926       2000      10000         29
   0       14     1955     9915     14144725725     14144735639        10345683       7928       2000      10000         31
   0       14     1955     9912     14144735726     14144745638        10355684       7927       2000      10000         29
   0       14     1955     9907     14144745731     14144755637        10365689       7922       2000      10000         28
   0       14     1955     9912     14144755726     14144765637        10375684       7927       2000      10000         28
   0       14     1955     9909     14144765728     14144775637        10385686       7925       2000      10000         28
   0       14     1955     9911     14144775727     14144785638        10395685       7926       2000      10000         29
   0       14     1955     9912     14144785725     14144795637        10405684       7927       2000      10000         28
   0       14     1955     9909     14144795727     14144805637        10415685       7926       2000      10000         28
   0       14     1955     9912     14144805725     14144815637        10425683       7928       2000      10000         28
   0       14     1955     9910     14144815728     14144825638        10435686       7925       2000      10000         29
   0       14     1955     9906     14144825731     14144835637        10445689       7922       2000      10000         28
   0       14     1955     9911     14144835726     14144845637        10455684       7927       2000      10000         28
   0       14     1955     9909     14144845729     14144855637        10465687       7924       2000      10000         28
   0       14     1955     9910     14144855727     14144865637        10475685       7926       2000      10000         28
   0       14     1955     9891     14144865727     14144875617        10485685       7926       2000      10000          9
   0       14     1955     9985     14144875655     14144885640        10495613       7998       2000      10000         31
   0       14     1955     9909     14144885728     14144895638        10505687       7924       2000      10000         29
   0       14     1955     9910     14144895727     14144905637        10515685       7926       2000      10000         28
   0       14     1955     9912     14144905725     14144915637        10525683       7928       2000      10000         28
   0       14     1955     9912     14144915725     14144925637        10535684       7927       2000      10000         28
   0       14     1955     9910     14144925728     14144935638        10545686       7925       2000      10000         29
   0       14     1955     9911     14144935727     14144945638        10555685       7926       2000      10000         29
   0       14     1955     9910     14144945727     14144955637        10565685       7926       2000      10000         28
   0       14     1955     9891     14144955747     14144965637        10575705       7906       2000      10000         28
   0       14     1955     9911     14144965727     14144975637        10585685       7926       2000      10000         28
   0       14     1955     9912     14144975726     14144985639        10595684       7926       2000      10000         30
   0       14     1955     9905     14144985732     14144995637        10605690       7921       2000      10000         29
   0       14     1955     9913     14144995726     14145005639        10615684       7927       2000      10000         30
   0       14     1955     9914     14145005724     14145015638        10625683       7928       2000      10000         29
   0       14     1955     9909     14145015728     14145025637        10635686       7925       2000      10000         28
   0       14     1955     9912     14145025726     14145035638        10645684       7927       2000      10000         29
   0       14     1955     9910     14145035728     14145045637        10655686       7925       2000      10000         28
   0       14     1955     9911     14145045727     14145055638        10665685       7926       2000      10000         29
   0       14     1955     9911     14145055726     14145065637        10675684       7927       2000      10000         29
   0       14     1955     9911     14145065726     14145075637        10685685       7926       2000      10000         28
   0       14     1955     9913     14145075726     14145085639        10695684       7927       2000      10000         30
   0       14     1955     9910     14145085728     14145095638        10705687       7924       2000      10000         29
   0       14     1955     9911     14145095727     14145105638        10715685       7926       2000      10000         29
   0       14     1955     9889     14145105726     14145115616        10725684       7927       2000      10000          7
   0       14     1955     9963     14145115652     14145125615        10735610       8001       2000      10000          7
   0       14     1955     9988     14145125653     14145135640        10745611       8000       2000      10000         31
   0       14     1955     9926     14145135711     14145145637        10755670       7941       2000      10000         28
   0       14     1955     9911     14145145726     14145155637        10765684       7927       2000      10000         28
   0       14     1955     9912     14145155725     14145165637        10775684       7927       2000      10000         28
   0       14     1955     9914     14145165723     14145175637        10785682       7929       2000      10000         28
   0       14     1955     9909     14145175727     14145185637        10795686       7925       2000      10000         28
   0       14     1955     9911     14145185727     14145195638        10805685       7926       2000      10000         29
   0       14     1955     9907     14145195729     14145205637        10815688       7923       2000      10000         28
   0       14     1955     9911     14145205726     14145215636        10825684       7927       2000      10000         27
   0       14     1955     9911     14145215727     14145225637        10835685       7926       2000      10000         28
   0       14     1955     9910     14145225727     14145235637        10845685       7926       2000      10000         28
   0       14     1955     9910     14145235727     14145245637        10855686       7925       2000      10000         28
   0       14     1955     9914     14145245723     14145255637        10865682       7929       2000      10000         28
   0       14     1955     9909     14145255727     14145265636        10875686       7925       2000      10000         27
   0       14     1955     9911     14145265726     14145275637        10885685       7926       2000      10000         28
   0       14     1955     9908     14145275729     14145285637        10895687       7924       2000      10000         28
   0       14     1955     9892     14145285745     14145295637        10905704       7907       2000      10000         28
   0       14     1955     9909     14145295728     14145305638        10915686       7924       2000      10000         29
   0       14     1955     9910     14145305726     14145315637        10925685       7926       2000      10000         28
   0       14     1955     9911     14145315726     14145325637        10935684       7927       2000      10000         28
   0       14     1955     9913     14145325724     14145335637        10945683       7928       2000      10000         28
   0       14     1955     9911     14145335727     14145345637        10955685       7926       2000      10000         28
   0       14     1955     9909     14145345728     14145355637        10965686       7925       2000      10000         28
   0       14     1955     9912     14145355725     14145365637        10975683       7927       2000      10000         29
   0       14     1955     9911     14145365726     14145375637        10985684       7927       2000      10000         29
   0       14     1955     9910     14145375727     14145385637        10995685       7926       2000      10000         28
   0       14     1955     9911     14145385725     14145395636        11005683       7928       2000      10000         27
   0       14     1955     9912     14145395726     14145405637        11015684       7927       2000      10000         29
   0       14     1955     9911     14145405726     14145415637        11025684       7927       2000      10000         28
   0       14     1955     9909     14145415728     14145425637        11035686       7925       2000      10000         28
   0       14     1955     9912     14145425726     14145435637        11045684       7927       2000      10000         28
   0       14     1955     9911     14145435726     14145445637        11055685       7926       2000      10000         28
   0       14     1955     9911     14145445726     14145455637        11065684       7927       2000      10000         28
   0       14     1955     9912     14145455726     14145465637        11075684       7927       2000      10000         28
   0       14     1955     9912     14145465726     14145475637        11085684       7927       2000      10000         29
   0       14     1955     9912     14145475726     14145485638        11095684       7927       2000      10000         29
   0       14     1955     9911     14145485727     14145495637        11105685       7926       2000      10000         28
   0       14     1955     9909     14145495728     14145505637        11115686       7925       2000      10000         28
   0       14     1955     9890     14145505726     14145515617        11125684       7926       2000      10000          8
   0       14     1955     9985     14145515652     14145525638        11135611       8000       2000      10000         29
   0       14     1955     9912     14145525726     14145535637        11145684       7927       2000      10000         28
   0       14     1955     9910     14145535727     14145545637        11155686       7925       2000      10000         28
   0       14     1955     9911     14145545726     14145555637        11165685       7926       2000      10000         28
   0       14     1955     9911     14145555726     14145565637        11175684       7927       2000      10000         28
   0       14     1955     9911     14145565726     14145575637        11185684       7927       2000      10000         28
   0       14     1955     9910     14145575728     14145585638        11195686       7925       2000      10000         29
   0       14     1955     9911     14145585727     14145595637        11205685       7926       2000      10000         28
   0       14     1955     9911     14145595726     14145605637        11215684       7927       2000      10000         29
   0       14     1955     9910     14145605728     14145615637        11225686       7925       2000      10000         28
   0       14     1955     9895     14145615743     14145625638        11235701       7909       2000      10000         29
   0       14     1955     9910     14145625727     14145635637        11245685       7926       2000      10000         28
   0       14     1955     9911     14145635727     14145645637        11255685       7926       2000      10000         28
   0       14     1955     9910     14145645727     14145655637        11265686       7925       2000      10000         28
   0       14     1955     9908     14145655729     14145665637        11275687       7924       2000      10000         28
   0       14     1955     9911     14145665726     14145675637        11285684       7927       2000      10000         28
   0       14     1955     9889     14145675727     14145685616        11295685       7926       2000      10000          8
   0       14     1955     9986     14145685651     14145695638        11305610       8001       2000      10000         29
   0       14     1955     9911     14145695726     14145705637        11315684       7927       2000      10000         28
   0       14     1955     9910     14145705727     14145715637        11325685       7926       2000      10000         28
   0       14     1955     9911     14145715726     14145725637        11335684       7927       2000      10000         28
   0       14     1955     9914     14145725727     14145735640        11345685       7926       2000      10000         31
   0       14     1955     9910     14145735728     14145745639        11355687       7924       2000      10000         30
   0       14     1955     9910     14145745728     14145755638        11365686       7925       2000      10000         29
   0       14     1955     9910     14145755727     14145765637        11375686       7925       2000      10000         28
   0       14     1955     9911     14145765726     14145775637        11385685       7926       2000      10000         29
   0       14     1955     9911     14145775726     14145785637        11395685       7926       2000      10000         28
   0       14     1955     9910     14145785727     14145795637        11405686       7925       2000      10000         28
   0       14     1955     9910     14145795728     14145805638        11415686       7925       2000      10000         29
   0       14     1955     9910     14145805728     14145815637        11425686       7925       2000      10000         28
   0       14     1955     9908     14145815730     14145825637        11435688       7923       2000      10000         29
   0       14     1955     9912     14145825726     14145835638        11445684       7927       2000      10000         29
   0       14     1955     9908     14145835729     14145845637        11455687       7924       2000      10000         28
   0       14     1955     9911     14145845727     14145855637        11465685       7926       2000      10000         28
   0       14     1955     9911     14145855727     14145865637        11475685       7926       2000      10000         28
   0       14     1955     9908     14145865729     14145875637        11485687       7924       2000      10000         28
   0       14     1955     9911     14145875725     14145885637        11495684       7927       2000      10000         28
   0       14     1955     9912     14145885727     14145895639        11505685       7926       2000      10000         30
   0       14     1955     9908     14145895730     14145905638        11515688       7923       2000      10000         29
   0       14     1955     9911     14145905726     14145915637        11525685       7926       2000      10000         28
   0       14     1955     9909     14145915728     14145925637        11535686       7925       2000      10000         28
   0       14     1955     9911     14145925726     14145935637        11545684       7927       2000      10000         28
   0       14     1955     9912     14145935727     14145945639        11555685       7926       2000      10000         31
   0       14     1955     9893     14145945746     14145955639        11565704       7907       2000      10000         29
   0       14     1955     9909     14145955728     14145965637        11575686       7924       2000      10000         28
   0       14     1955     9911     14145965726     14145975637        11585684       7927       2000      10000         28
   0       14     1955     9912     14145975725     14145985637        11595683       7927       2000      10000         28
   0       14     1955     9911     14145985726     14145995638        11605685       7926       2000      10000         29
   0       14     1955     9915     14145995724     14146005639        11615682       7929       2000      10000         30
   0       14     1955     9910     14146005727     14146015637        11625685       7926       2000      10000         28
   0       14     1955     9913     14146015726     14146025638        11635684       7927       2000      10000         29
   0       14     1955     9910     14146025728     14146035638        11645686       7925       2000      10000         29
   0       14     1955     9912     14146035725     14146045637        11655684       7927       2000      10000         28
   0       14     1955     9912     14146045726     14146055637        11665684       7927       2000      10000         29
   0       14     1955     9910     14146055727     14146065637        11675685       7926       2000      10000         28
   0       14     1955     9912     14146065726     14146075638        11685684       7927       2000      10000         29
   0       14     1955     9910     14146075728     14146085637        11695686       7925       2000      10000         29
   0       14     1955     9890     14146085725     14146095616        11705684       7927       2000      10000          7
   0       14     1955     9962     14146095654     14146105615        11715612       7999       2000      10000          7
   0       14     1955     9985     14146105652     14146115637        11725610       8001       2000      10000         28
   0       14     1955     9914     14146115722     14146125637        11735681       7930       2000      10000         28
   0       14     1955     9910     14146125728     14146135638        11745686       7925       2000      10000         29
   0       14     1955     9911     14146135727     14146145637        11755685       7926       2000      10000         29
   0       14     1955     9912     14146145726     14146155638        11765684       7927       2000      10000         29
   0       14     1955     9913     14146155724     14146165637        11775682       7929       2000      10000         28
   0       14     1955     9911     14146165727     14146175638        11785685       7926       2000      10000         29
   0       14     1955     9909     14146175728     14146185637        11795686       7925       2000      10000         28
   0       14     1955     9909     14146185729     14146195638        11805687       7924       2000      10000         29
   0       14     1955     9909     14146195728     14146205637        11815686       7925       2000      10000         28
   0       14     1955     9911     14146205725     14146215637        11825684       7927       2000      10000         28
   0       14     1955     9912     14146215726     14146225637        11835684       7927       2000      10000         28
   0       14     1955     9912     14146225726     14146235637        11845684       7927       2000      10000         28
   0       14     1955     9914     14146235723     14146245637        11855681       7929       2000      10000         28
   0       14     1955     9909     14146245728     14146255637        11865687       7924       2000      10000         28
   0       14     1955     9911     14146255726     14146265637        11875684       7927       2000      10000         28
   0       14     1955     9908     14146265728     14146275637        11885687       7924       2000      10000         28
   0       14     1955     9895     14146275743     14146285637        11895701       7910       2000      10000         28
   0       14     1955     9909     14146285728     14146295637        11905687       7924       2000      10000         28
   0       14     1955     9910     14146295727     14146305637        11915685       7926       2000      10000         28
   0       14     1955     9910     14146305727     14146315637        11925686       7925       2000      10000         28
   0       14     1955     9911     14146315726     14146325637        11935684       7927       2000      10000         28
   0       14     1955     9910     14146325727     14146335638        11945685       7926       2000      10000         29
   0       14     1955     9910     14146335729     14146345640        11955688       7923       2000      10000         31
   0       14     1955     9906     14146345731     14146355637        11965689       7922       2000      10000         28
   0       14     1955     9912     14146355726     14146365638        11975684       7927       2000      10000         29
   0       14     1955     9912     14146365726     14146375637        11985684       7927       2000      10000         28
   0       14     1955     9909     14146375727     14146385637        11995686       7925       2000      10000         28
   0       14     1955     9911     14146385726     14146395638        12005685       7926       2000      10000         29
   0       14     1955     9914     14146395723     14146405637        12015681       7930       2000      10000         28
   0       14     1955     9910     14146405728     14146415638        12025686       7925       2000      10000         29
   0       14     1955     9911     14146415726     14146425637        12035684       7927       2000      10000         28
   0       14     1955     9911     14146425726     14146435637        12045684       7927       2000      10000         28
   0       14     1955     9910     14146435727     14146445638        12055686       7925       2000      10000         29
   0       14     1955     9910     14146445728     14146455637        12065686       7925       2000      10000         28
   0       14     1955     9911     14146455726     14146465637        12075684       7927       2000      10000         28
   0       14     1955     9911     14146465727     14146475638        12085685       7926       2000      10000         29
   0       14     1955     9910     14146475727     14146485637        12095685       7926       2000      10000         28
   0       14     1955     9909     14146485729     14146495638        12105687       7924       2000      10000         29
   0       14     1955     9911     14146495726     14146505638        12115685       7926       2000      10000         29
   0       14     1955     9911     14146505727     14146515637        12125685       7926       2000      10000         28
   0       14     1955     9911     14146515726     14146525637        12135684       7927       2000      10000         28
   0       14     1955     9910     14146525727     14146535637        12145685       7926       2000      10000         28
   0       14     1955     9911     14146535726     14146545637        12155684       7927       2000      10000         28
   0       14     1955     9912     14146545726     14146555638        12165684       7927       2000      10000         29
   0       14     1955     9913     14146555725     14146565637        12175683       7928       2000      10000         28
   0       14     1955     9909     14146565729     14146575638        12185687       7924       2000      10000         29
   0       14     1955     9912     14146575725     14146585637        12195683       7928       2000      10000         28
   0       14     1955     9912     14146585726     14146595637        12205684       7927       2000      10000         28
   0       14     1955     9912     14146595726     14146605638        12215684       7927       2000      10000         29
   0       14     1955     9895     14146605742     14146615638        12225701       7910       2000      10000         29
   0       14     1955     9911     14146615727     14146625638        12235685       7926       2000      10000         29
   0       14     1955     9912     14146625726     14146635637        12245684       7927       2000      10000         28
   0       14     1955     9911     14146635727     14146645638        12255685       7926       2000      10000         29
   0       14     1955     9908     14146645729     14146655637        12265687       7924       2000      10000         28
   0       14     1955     9911     14146655726     14146665637        12275684       7927       2000      10000         29
   0       14     1955     9911     14146665726     14146675637        12285685       7926       2000      10000         28
   0       14     1955     9912     14146675726     14146685638        12295684       7927       2000      10000         29
   0       14     1955     9910     14146685727     14146695637        12305685       7926       2000      10000         28
   0       14     1955     9910     14146695726     14146705637        12315684       7927       2000      10000         28
   0       14     1955     9911     14146705727     14146715638        12325685       7926       2000      10000         29
   0       14     1955     9911     14146715726     14146725637        12335685       7926       2000      10000         28
   0       14     1955     9912     14146725728     14146735641        12345687       7924       2000      10000         32
   0       14     1955     9910     14146735728     14146745638        12355686       7925       2000      10000         29
   0       14     1955     9909     14146745728     14146755637        12365686       7925       2000      10000         28
   0       14     1955     9911     14146755727     14146765638        12375685       7926       2000      10000         29
   0       14     1955     9909     14146765728     14146775637        12385686       7925       2000      10000         28
   0       14     1955     9910     14146775728     14146785637        12395686       7925       2000      10000         29
   0       14     1955     9910     14146785728     14146795638        12405686       7925       2000      10000         29
   0       14     1955     9910     14146795727     14146805637        12415686       7925       2000      10000         28
   0       14     1955     9908     14146805729     14146815637        12425688       7923       2000      10000         29
   0       14     1955     9910     14146815727     14146825637        12435685       7926       2000      10000         28
   0       14     1955     9910     14146825727     14146835637        12445685       7926       2000      10000         29
   0       14     1955     9910     14146835727     14146845637        12455686       7925       2000      10000         28
   0       14     1955     9910     14146845727     14146855637        12465686       7925       2000      10000         28
   0       14     1955     9910     14146855728     14146865638        12475686       7925       2000      10000         29
   0       14     1955     9910     14146865727     14146875637        12485685       7926       2000      10000         28
   0       14     1955     9911     14146875727     14146885638        12495685       7926       2000      10000         29
   0       14     1955     9908     14146885729     14146895637        12505687       7924       2000      10000         28
   0       14     1955     9911     14146895726     14146905638        12515685       7926       2000      10000         29
   0       14     1955     9910     14146905728     14146915638        12525686       7924       2000      10000         29
   0       14     1955     9909     14146915729     14146925637        12535687       7924       2000      10000         29
   0       14     1955     9910     14146925727     14146935637        12545686       7925       2000      10000         29
   0       14     1955     9895     14146935744     14146945639        12555702       7909       2000      10000         30
   0       14     1955     9909     14146945729     14146955638        12565687       7924       2000      10000         29
   0       14     1955     9910     14146955727     14146965637        12575686       7925       2000      10000         28
   0       14     1955     9908     14146965730     14146975638        12585688       7923       2000      10000         29
   0       14     1955     9912     14146975726     14146985637        12595684       7927       2000      10000         28
   0       14     1955     9909     14146985728     14146995637        12605686       7925       2000      10000         29
   0       14     1955     9912     14146995727     14147005639        12615685       7926       2000      10000         30
   0       14     1955     9912     14147005727     14147015640        12625686       7925       2000      10000         31
   0       14     1956     9904     14147015735     14147025638        12635693       7917       2000      10000         30
   0       14     1955     9911     14147025726     14147035637        12645685       7926       2000      10000         28
   0       14     1955     9910     14147035727     14147045637        12655685       7926       2000      10000         28
   0       14     1955     9885     14147045731     14147055616        12665690       7921       2000      10000          8
   0       14     1955     9959     14147055657     14147065616        12675615       7996       2000      10000          8
   0       14     1955     9987     14147065654     14147075641        12685612       7999       2000      10000         32
   0       14     1955     9913     14147075724     14147085637        12695682       7929       2000      10000         28
   0       14     1955     9911     14147085728     14147095639        12705686       7925       2000      10000         30
   0       14     1955     9907     14147095730     14147105637        12715688       7923       2000      10000         28
   0       14     1955     9910     14147105727     14147115637        12725685       7926       2000      10000         28
   0       14     1955     9909     14147115727     14147125637        12735686       7925       2000      10000         28
   0       14     1955     9912     14147125725     14147135638        12745684       7927       2000      10000         29
   0       14     1955     9909     14147135728     14147145637        12755686       7925       2000      10000         28
   0       14     1955     9913     14147145725     14147155637        12765683       7928       2000      10000         28
   0       14     1955     9910     14147155727     14147165637        12775685       7926       2000      10000         28
   0       14     1955     9910     14147165727     14147175637        12785685       7926       2000      10000         28
   0       14     1955     9908     14147175729     14147185636        12795687       7924       2000      10000         28
   0       14     1955     9911     14147185727     14147195637        12805685       7926       2000      10000         28
   0       14     1955     9911     14147195726     14147205637        12815684       7927       2000      10000         28
   0       14     1955     9910     14147205727     14147215637        12825685       7926       2000      10000         28
   0       14     1955     9911     14147215726     14147225637        12835684       7927       2000      10000         28
   0       14     1955     9912     14147225724     14147235637        12845683       7928       2000      10000         28
   0       14     1955     9910     14147235727     14147245637        12855685       7926       2000      10000         28
   0       14     1955     9911     14147245726     14147255637        12865684       7927       2000      10000         28
   0       14     1955     9909     14147255729     14147265638        12875687       7924       2000      10000         29
   0       14     1955     9891     14147265747     14147275637        12885705       7906       2000      10000         28
   0       14     1955     9909     14147275728     14147285637        12895686       7925       2000      10000         28
   0       14     1955     9910     14147285727     14147295638        12905685       7926       2000      10000         29
   0       14     1955     9911     14147295727     14147305638        12915685       7926       2000      10000         29
   0       14     1955     9913     14147305724     14147315637        12925682       7929       2000      10000         28
   0       14     1955     9910     14147315727     14147325637        12935685       7926       2000      10000         28
   0       14     1955     9911     14147325726     14147335637        12945684       7927       2000      10000         28
   0       14     1955     9908     14147335729     14147345638        12955687       7923       2000      10000         28
   0       14     1955     9911     14147345726     14147355637        12965684       7927       2000      10000         28
   0       14     1955     9911     14147355726     14147365637        12975684       7927       2000      10000         28
   0       14     1955     9911     14147365726     14147375637        12985685       7926       2000      10000         28
   0       14     1955     9911     14147375727     14147385638        12995685       7926       2000      10000         29
   0       14     1955     9912     14147385725     14147395636        13005683       7928       2000      10000         28
   0       14     1955     9908     14147395728     14147405637        13015687       7924       2000      10000         28
   0       14     1955     9911     14147405726     14147415637        13025684       7927       2000      10000         28
   0       14     1955     9908     14147415729     14147425637        13035688       7923       2000      10000         28
   0       14     1955     9911     14147425726     14147435637        13045684       7927       2000      10000         28
   0       14     1955     9910     14147435727     14147445637        13055685       7926       2000      10000         28
   0       14     1955     9909     14147445728     14147455637        13065687       7924       2000      10000         28
   0       14     1955     9911     14147455727     14147465638        13075685       7926       2000      10000         29
   0       14     1955     9912     14147465725     14147475637        13085683       7928       2000      10000         28
   0       14     1955     9909     14147475727     14147485637        13095686       7925       2000      10000         28
   0       14     1955     9911     14147485726     14147495638        13105685       7926       2000      10000         29
   0       14     1955     9912     14147495725     14147505637        13115684       7927       2000      10000         29
   0       14     1955     9911     14147505726     14147515637        13125684       7927       2000      10000         28
   0       14     1955     9911     14147515726     14147525637        13135685       7926       2000      10000         29
   0       14     1955     9909     14147525728     14147535637        13145687       7924       2000      10000         28
   0       14     1955     9911     14147535726     14147545637        13155684       7927       2000      10000         28
   0       14     1955     9911     14147545726     14147555637        13165685       7926       2000      10000         28
   0       14     1955     9908     14147555729     14147565637        13175687       7924       2000      10000         28
   0       14     1955     9911     14147565726     14147575637        13185684       7927       2000      10000         28
   0       14     1955     9911     14147575726     14147585637        13195684       7927       2000      10000         28
   0       14     1955     9912     14147585726     14147595638        13205685       7926       2000      10000         29
   0       14     1955     9893     14147595744     14147605637        13215703       7908       2000      10000         28
   0       14     1955     9910     14147605728     14147615637        13225686       7925       2000      10000         29
   0       14     1955     9911     14147615726     14147625638        13235684       7926       2000      10000         29
   0       14     1955     9911     14147625727     14147635638        13245685       7926       2000      10000         29
   0       14     1955     9909     14147635728     14147645637        13255687       7924       2000      10000         28
   0       14     1955     9911     14147645726     14147655637        13265684       7927       2000      10000         28
   0       14     1955     9912     14147655725     14147665637        13275684       7927       2000      10000         28
   0       14     1955     9911     14147665726     14147675637        13285684       7927       2000      10000         28
   0       14     1955     9910     14147675727     14147685637        13295685       7926       2000      10000         28
   0       14     1955     9910     14147685727     14147695637        13305685       7926       2000      10000         29
   0       14     1955     9910     14147695727     14147705637        13315685       7926       2000      10000         28
   0       14     1955     9913     14147705725     14147715637        13325683       7928       2000      10000         28
   0       14     1955     9909     14147715729     14147725637        13335687       7924       2000      10000         28
   0       14     1955     9915     14147725727     14147735641        13345685       7926       2000      10000         32
   0       14     1955     9910     14147735727     14147745638        13355685       7925       2000      10000         29
   0       14     1955     9910     14147745727     14147755637        13365686       7925       2000      10000         29
   0       14     1955     9911     14147755727     14147765637        13375685       7926       2000      10000         28
   0       14     1955     9910     14147765727     14147775638        13385686       7925       2000      10000         29
   0       14     1955     9911     14147775727     14147785637        13395685       7926       2000      10000         29
   0       14     1955     9912     14147785726     14147795638        13405684       7927       2000      10000         29
   0       14     1955     9908     14147795730     14147805637        13415688       7923       2000      10000         28
   0       14     1955     9910     14147805727     14147815637        13425685       7926       2000      10000         28
   0       14     1955     9910     14147815727     14147825637        13435686       7925       2000      10000         28
   0       14     1955     9911     14147825727     14147835637        13445685       7926       2000      10000         28
   0       14     1955     9910     14147835727     14147845637        13455685       7926       2000      10000         28
   0       14     1955     9910     14147845727     14147855637        13465685       7926       2000      10000         28
   0       14     1955     9911     14147855727     14147865638        13475685       7926       2000      10000         29
   0       14     1955     9910     14147865727     14147875637        13485685       7925       2000      10000         28
   0       14     1955     9909     14147875729     14147885638        13495687       7924       2000      10000         29
   0       14     1955     9909     14147885728     14147895637        13505686       7925       2000      10000         28
   0       14     1956     9910     14147895727     14147905637        13515686       7925       2000      10000         29
   0       14     1955     9910     14147905728     14147915638        13525686       7925       2000      10000         29
   0       14     1955     9911     14147915727     14147925637        13535685       7926       2000      10000         28
   0       14     1955     9892     14147925746     14147935638        13545704       7907       2000      10000         29
   0       14     1955     9908     14147935729     14147945636        13555687       7924       2000      10000         28
   0       14     1955     9926     14147945711     14147955637        13565669       7942       2000      10000         28
   0       14     1955     9908     14147955730     14147965637        13575688       7923       2000      10000         28
   0       14     1955     9910     14147965727     14147975638        13585686       7925       2000      10000         29
   0       14     1955     9910     14147975727     14147985638        13595686       7925       2000      10000         29
   0       14     1955     9888     14147985728     14147995616        13605686       7925       2000      10000          8
   0       14     1955     9987     14147995651     14148005638        13615609       8001       2000      10000         29
   0       14     1955     9889     14148005727     14148015615        13625685       7926       2000      10000          7
   0       14     1955     9963     14148015652     14148025615        13635610       8001       2000      10000          7
   0       14     1955     9984     14148025653     14148035637        13645611       8000       2000      10000         28
   0       14     1955     9929     14148035708     14148045638        13655667       7944       2000      10000         29
   0       14     1955     9909     14148045727     14148055637        13665686       7925       2000      10000         28
   0       14     1955     9910     14148055727     14148065637        13675686       7925       2000      10000         29
   0       14     1955     9888     14148065727     14148075615        13685685       7926       2000      10000          7
   0       14     1955     9985     14148075653     14148085637        13695611       8000       2000      10000         28
   0       14     1955     9908     14148085728     14148095637        13705687       7924       2000      10000         28
   0       14     1955     9911     14148095726     14148105637        13715685       7926       2000      10000         28
   0       14     1955     9911     14148105726     14148115637        13725684       7927       2000      10000         28
   0       14     1955     9911     14148115726     14148125637        13735684       7927       2000      10000         28
   0       14     1955     9911     14148125726     14148135637        13745684       7927       2000      10000         28
   0       14     1956     9910     14148135728     14148145637        13755686       7925       2000      10000         29
   0       14     1955     9910     14148145727     14148155637        13765685       7926       2000      10000         28
   0       14     1955     9910     14148155726     14148165636        13775684       7927       2000      10000         27
   0       14     1955     9908     14148165729     14148175636        13785687       7924       2000      10000         27
   0       14     1955     9913     14148175726     14148185639        13795684       7927       2000      10000         30
   0       14     1955     9907     14148185729     14148195637        13805688       7923       2000      10000         28
   0       14     1956     9912     14148195727     14148205639        13815685       7925       2000      10000         30
   0       14     1955     9908     14148205729     14148215637        13825687       7924       2000      10000         28
   0       14     1955     9913     14148215724     14148225637        13835682       7929       2000      10000         28
   0       14     1955     9912     14148225727     14148235638        13845685       7926       2000      10000         30
   0       14     1955     9907     14148235730     14148245637        13855688       7923       2000      10000         28
   0       14     1955     9908     14148245729     14148255636        13865687       7924       2000      10000         28
   0       14     1955     9895     14148255743     14148265638        13875701       7910       2000      10000         29
   0       14     1955     9910     14148265727     14148275637        13885685       7926       2000      10000         28
   0       14     1955     9906     14148275730     14148285636        13895688       7923       2000      10000         28
   0       14     1955     9910     14148285727     14148295637        13905685       7926       2000      10000         28
   0       14     1955     9909     14148295728     14148305638        13915686       7924       2000      10000         29
   0       14     1955     9910     14148305727     14148315637        13925685       7926       2000      10000         28
   0       14     1955     9909     14148315727     14148325637        13935686       7925       2000      10000         28
   0       14     1955     9908     14148325729     14148335637        13945688       7923       2000      10000         28
   0       14     1955     9909     14148335729     14148345638        13955687       7924       2000      10000         29
   0       14     1955     9910     14148345727     14148355637        13965685       7926       2000      10000         28
   0       14     1955     9909     14148355727     14148365636        13975685       7926       2000      10000         27
   0       14     1955     9910     14148365727     14148375637        13985685       7926       2000      10000         28
   0       14     1955     9915     14148375723     14148385639        13995682       7929       2000      10000         30
   0       14     1955     9910     14148385727     14148395637        14005685       7926       2000      10000         28
   0       14     1955     9910     14148395726     14148405637        14015684       7927       2000      10000         28
   0       14     1955     9907     14148405729     14148415637        14025688       7923       2000      10000         28
   0       14     1955     9910     14148415727     14148425637        14035685       7926       2000      10000         28
   0       14     1955     9910     14148425727     14148435637        14045685       7926       2000      10000         28
   0       14     1955     9905     14148435732     14148445637        14055690       7921       2000      10000         28
   0       14     1955     9909     14148445727     14148455636        14065686       7925       2000      10000         27
   0       14     1955     9913     14148455724     14148465637        14075682       7929       2000      10000         28
   0       14     1955     9909     14148465727     14148475637        14085686       7925       2000      10000         28
   0       14     1955     9910     14148475727     14148485637        14095685       7926       2000      10000         28
   0       14     1955     9907     14148485730     14148495637        14105688       7923       2000      10000         28
   0       14     1955     9911     14148495727     14148505638        14115685       7926       2000      10000         29
   0       14     1955     9909     14148505727     14148515636        14125686       7925       2000      10000         28
   0       14     1955     9912     14148515725     14148525637        14135683       7928       2000      10000         28
   0       14     1955     9911     14148525726     14148535636        14145684       7927       2000      10000         28
   0       14     1955     9913     14148535724     14148545637        14155682       7929       2000      10000         28
   0       14     1955     9909     14148545728     14148555637        14165686       7925       2000      10000         28
   0       14     1955     9911     14148555726     14148565637        14175684       7927       2000      10000         28
   0       14     1955     9911     14148565726     14148575637        14185684       7927       2000      10000         28
   0       14     1955     9911     14148575726     14148585637        14195685       7926       2000      10000         28
   0       14     1955     9891     14148585749     14148595640        14205708       7903       2000      10000         31
   0       14     1955     9886     14148595730     14148605615        14215688       7923       2000      10000          7
   0       14     1955     9985     14148605652     14148615637        14225610       8001       2000      10000         28
   0       14     1955     9913     14148615724     14148625637        14235683       7928       2000      10000         28
   0       14     1955     9908     14148625728     14148635636        14245686       7925       2000      10000         27
   0       14     1955     9911     14148635726     14148645637        14255684       7927       2000      10000         28
   0       14     1955     9911     14148645726     14148655637        14265684       7927       2000      10000         28
   0       14     1955     9909     14148655728     14148665637        14275686       7925       2000      10000         28
   0       14     1955     9910     14148665726     14148675636        14285684       7927       2000      10000         27
   0       14     1955     9911     14148675726     14148685637        14295685       7926       2000      10000         29
   0       14     1955     9911     14148685726     14148695637        14305685       7926       2000      10000         28
   0       14     1955     9911     14148695725     14148705637        14315683       7928       2000      10000         28
   0       14     1955     9909     14148705728     14148715637        14325686       7925       2000      10000         28
   0       14     1955     9909     14148715727     14148725637        14335686       7925       2000      10000         28
   0       14     1955     9914     14148725726     14148735640        14345685       7926       2000      10000         31
   0       14     1955     9907     14148735730     14148745637        14355688       7922       2000      10000         28
   0       14     1955     9910     14148745726     14148755636        14365684       7927       2000      10000         28
   0       14     1955     9910     14148755727     14148765637        14375685       7926       2000      10000         28
   0       14     1955     9911     14148765726     14148775637        14385685       7926       2000      10000         28
   0       14     1955     9911     14148775726     14148785637        14395684       7927       2000      10000         28
   0       14     1955     9907     14148785729     14148795636        14405688       7923       2000      10000         28
   0       14     1955     9909     14148795728     14148805637        14415686       7925       2000      10000         28
   0       14     1955     9910     14148805727     14148815637        14425685       7926       2000      10000         28
   0       14     1955     9910     14148815726     14148825636        14435684       7927       2000      10000         28
   0       14     1955     9909     14148825727     14148835636        14445686       7925       2000      10000         27
   0       14     1955     9916     14148835725     14148845641        14455684       7927       2000      10000         32
   0       14     1955     9908     14148845729     14148855636        14465687       7924       2000      10000         27
   0       14     1955     9911     14148855727     14148865637        14475685       7926       2000      10000         29
   0       14     1955     9908     14148865729     14148875637        14485687       7924       2000      10000         28
   0       14     1955     9908     14148875730     14148885638        14495688       7923       2000      10000         29
   0       14     1955     9909     14148885728     14148895637        14505686       7925       2000      10000         28
   0       14     1955     9912     14148895727     14148905639        14515685       7926       2000      10000         30
   0       14     1955     9909     14148905728     14148915637        14525687       7924       2000      10000         28
   0       14     1955     9884     14148915754     14148925638        14535712       7899       2000      10000         29
   0       14     1955     9911     14148925726     14148935637        14545685       7926       2000      10000         28
   0       14     1955     9911     14148935726     14148945637        14555684       7927       2000      10000         28
   0       14     1955     9907     14148945731     14148955638        14565689       7922       2000      10000         29
   0       14     1955     9911     14148955727     14148965638        14575685       7926       2000      10000         29
   0       14     1955     9888     14148965728     14148975616        14585686       7925       2000      10000          7
   0       14     1955     9963     14148975653     14148985616        14595611       8000       2000      10000          7
   0       14     1955     9925     14148985716     14148995641        14605674       7937       2000      10000         32
   0       14     1955     9936     14148995702     14149005638        14615660       7951       2000      10000         29
   0       14     1955     9910     14149005728     14149015638        14625686       7925       2000      10000         29
   0       14     1955     9908     14149015729     14149025638        14635688       7923       2000      10000         29
   0       14     1955     9905     14149025732     14149035637        14645690       7921       2000      10000         28
   0       14     1955     9908     14149035729     14149045637        14655687       7924       2000      10000         28
   0       14     1955     9908     14149045730     14149055638        14665688       7923       2000      10000         29
   0       14     1955     9908     14149055730     14149065637        14675688       7923       2000      10000         28
   0       14     1955     9908     14149065729     14149075637        14685688       7923       2000      10000         28
   0       14     1955     9908     14149075730     14149085637        14695688       7923       2000      10000         28
   0       14     1955     9908     14149085730     14149095637        14705688       7923       2000      10000         29
   0       14     1955     9909     14149095729     14149105638        14715687       7924       2000      10000         29
   0       14     1955     9905     14149105731     14149115636        14725689       7922       2000      10000         28
   0       14     1955     9907     14149115729     14149125637        14735688       7923       2000      10000         28
   0       14     1955     9908     14149125730     14149135638        14745688       7923       2000      10000         29
   0       14     1955     9910     14149135728     14149145638        14755686       7925       2000      10000         29
   0       14     1955     9910     14149145728     14149155637        14765686       7925       2000      10000         28
   0       14     1955     9907     14149155730     14149165637        14775688       7923       2000      10000         28
   0       14     1955     9909     14149165728     14149175637        14785686       7924       2000      10000         29
   0       14     1955     9909     14149175728     14149185638        14795687       7924       2000      10000         29
   0       14     1955     9910     14149185728     14149195638        14805686       7925       2000      10000         29
   0       14     1955     9909     14149195728     14149205637        14815687       7924       2000      10000         29
   0       14     1955     9909     14149205728     14149215637        14825687       7924       2000      10000         28
   0       14     1955     9910     14149215728     14149225638        14835686       7925       2000      10000         29
   0       14     1955     9910     14149225728     14149235637        14845686       7925       2000      10000         29
   0       14     1955     9907     14149235730     14149245637        14855689       7922       2000      10000         28
   0       14     1955     9892     14149245746     14149255638        14865704       7907       2000      10000         29
   0       14     1955     9907     14149255730     14149265637        14875688       7923       2000      10000         28
   0       14     1955     9911     14149265726     14149275637        14885685       7926       2000      10000         28
   0       14     1955     9910     14149275727     14149285637        14895686       7925       2000      10000         28
   0       14     1955     9908     14149285729     14149295637        14905687       7924       2000      10000         28
   0       14     1955     9911     14149295727     14149305638        14915685       7926       2000      10000         29
   0       14     1955     9911     14149305726     14149315637        14925685       7926       2000      10000         28
   0       14     1955     9908     14149315729     14149325637        14935687       7924       2000      10000         28
   0       14     1955     9910     14149325727     14149335637        14945685       7925       2000      10000         28
   0       14     1955     9911     14149335726     14149345637        14955685       7926       2000      10000         29
   0       14     1955     9910     14149345727     14149355637        14965685       7926       2000      10000         28
   0       14     1956     9884     14149355754     14149365638        14975712       7898       2000      10000         29
   0       14     1955     9903     14149365735     14149375638        14985693       7917       2000      10000         29
   0       14     1955     9884     14149375736     14149385619        14995694       7917       2000      10000         11
   0       14     1956     9959     14149385659     14149395617        15005617       7993       2000      10000          9
   0       14     1955     9967     14149395655     14149405621        15015613       7998       2000      10000         12
   0       14     1955     9981     14149405668     14149415649        15025627       7984       2000      10000         39
   0       14     1955     9901     14149415737     14149425639        15035695       7915       2000      10000         30
   0       14     1955     9908     14149425729     14149435637        15045687       7924       2000      10000         28
   0       14     1955     9911     14149435727     14149445637        15055685       7926       2000      10000         28
   0       14     1955     9914     14149445724     14149455638        15065683       7928       2000      10000         29
   0       14     1955     9909     14149455729     14149465638        15075687       7924       2000      10000         29
   0       14     1955     9912     14149465725     14149475637        15085684       7927       2000      10000         28
   0       14     1955     9910     14149475728     14149485638        15095686       7925       2000      10000         29
   0       14     1955     9912     14149485726     14149495638        15105684       7927       2000      10000         29
   0       14     1955     9911     14149495726     14149505637        15115684       7927       2000      10000         28
   0       14     1955     9911     14149505726     14149515637        15125684       7927       2000      10000         28
   0       14     1955     9913     14149515724     14149525637        15135683       7928       2000      10000         29
   0       14     1955     9912     14149525725     14149535637        15145683       7928       2000      10000         28
   0       14     1955     9911     14149535727     14149545637        15155685       7926       2000      10000         29
   0       14     1955     9912     14149545725     14149555637        15165683       7928       2000      10000         28
   0       14     1955     9913     14149555725     14149565637        15175683       7928       2000      10000         28
   0       14     1955     9909     14149565728     14149575637        15185686       7925       2000      10000         28
   0       14     1955     9892     14149575746     14149585637        15195704       7907       2000      10000         28
   0       14     1955     9910     14149585727     14149595637        15205685       7926       2000      10000         28
   0       14     1955     9910     14149595727     14149605637        15215685       7926       2000      10000         28
   0       14     1955     9912     14149605725     14149615637        15225683       7927       2000      10000         28
   0       14     1955     9911     14149615727     14149625638        15235685       7926       2000      10000         29
   0       14     1955     9911     14149625726     14149635637        15245684       7927       2000      10000         28
   0       14     1955     9907     14149635730     14149645637        15255688       7923       2000      10000         28
   0       14     1955     9912     14149645726     14149655637        15265684       7927       2000      10000         28
   0       14     1955     9910     14149655728     14149665638        15275686       7925       2000      10000         29
   0       14     1955     9909     14149665728     14149675637        15285686       7925       2000      10000         28
   0       14     1955     9910     14149675726     14149685637        15295685       7926       2000      10000         28
   0       14     1955     9914     14149685723     14149695637        15305682       7929       2000      10000         28
   0       14     1955     9909     14149695728     14149705637        15315687       7924       2000      10000         28
   0       14     1955     9912     14149705726     14149715637        15325684       7927       2000      10000         28
   0       14     1955     9908     14149715729     14149725637        15335687       7924       2000      10000         29
   0       14     1955     9915     14149725727     14149735641        15345685       7926       2000      10000         32
   0       14     1955     9910     14149735728     14149745638        15355686       7925       2000      10000         29
   0       14     1955     9909     14149745728     14149755638        15365686       7924       2000      10000         29
   0       14     1955     9910     14149755727     14149765637        15375686       7925       2000      10000         28
   0       14     1955     9911     14149765726     14149775637        15385684       7927       2000      10000         28
   0       14     1955     9910     14149775728     14149785638        15395686       7925       2000      10000         30
   0       14     1955     9912     14149785726     14149795637        15405684       7927       2000      10000         29
   0       14     1955     9911     14149795726     14149805637        15415684       7927       2000      10000         28
   0       14     1955     9910     14149805727     14149815637        15425685       7926       2000      10000         28
   0       14     1955     9911     14149815726     14149825637        15435684       7927       2000      10000         29
   0       14     1955     9911     14149825726     14149835637        15445685       7926       2000      10000         28
   0       14     1955     9911     14149835726     14149845637        15455685       7926       2000      10000         28
   0       14     1955     9912     14149845725     14149855637        15465683       7928       2000      10000         28
   0       14     1955     9907     14149855730     14149865637        15475688       7923       2000      10000         28
   0       14     1955     9911     14149865726     14149875637        15485684       7926       2000      10000         28
   0       14     1955     9908     14149875728     14149885637        15495687       7924       2000      10000         28
   0       14     1955     9910     14149885726     14149895636        15505684       7926       2000      10000         28
   0       14     1955     9910     14149895727     14149905637        15515686       7925       2000      10000         28
   0       14     1955     9893     14149905745     14149915638        15525703       7908       2000      10000         30
   0       14     1955     9909     14149915728     14149925637        15535686       7925       2000      10000         28
   0       14     1955     9913     14149925725     14149935638        15545683       7928       2000      10000         29
   0       14     1955     9907     14149935730     14149945637        15555688       7923       2000      10000         28
   0       14     1955     9910     14149945727     14149955637        15565685       7926       2000      10000         28
   0       14     1955     9888     14149955727     14149965616        15575686       7925       2000      10000          7
   0       14     1955     9963     14149965653     14149975616        15585611       8000       2000      10000          7
   0       14     1955     9984     14149975653     14149985637        15595611       8000       2000      10000         28
   0       14     1955     9909     14149985728     14149995637        15605686       7925       2000      10000         28
   0       14     1955     9911     14149995726     14150005637        15615684       7927       2000      10000         28
   0       14     1955     9912     14150005725     14150015637        15625684       7927       2000      10000         28
   0       14     1955     9907     14150015730     14150025638        15635689       7922       2000      10000         29
   0       14     1955     9911     14150025726     14150035637        15645685       7926       2000      10000         28
   0       14     1955     9910     14150035728     14150045638        15655686       7925       2000      10000         29
   0       14     1955     9910     14150045727     14150055638        15665686       7925       2000      10000         29
   0       14     1955     9911     14150055726     14150065638        15675685       7927       2000      10000         29
   0       14     1955     9911     14150065727     14150075637        15685685       7926       2000      10000         29
   0       14     1955     9910     14150075726     14150085637        15695684       7927       2000      10000         28
   0       14     1955     9911     14150085727     14150095638        15705685       7926       2000      10000         29
   0       14     1955     9905     14150095732     14150105637        15715691       7920       2000      10000         28
   0       14     1955     9911     14150105727     14150115638        15725685       7926       2000      10000         29
   0       14     1955     9908     14150115729     14150125637        15735687       7924       2000      10000         28
   0       14     1955     9910     14150125727     14150135637        15745685       7926       2000      10000         28
   0       14     1955     9911     14150135727     14150145638        15755685       7926       2000      10000         29
   0       14     1955     9909     14150145729     14150155637        15765687       7924       2000      10000         28
   0       14     1955     9888     14150155728     14150165615        15775686       7925       2000      10000          7
   0       14     1955     9985     14150165652     14150175637        15785610       8001       2000      10000         28
   0       14     1955     9906     14150175731     14150185637        15795689       7922       2000      10000         28
   0       14     1955     9910     14150185727     14150195637        15805685       7926       2000      10000         28
   0       14     1955     9908     14150195728     14150205636        15815686       7925       2000      10000         28
   0       14     1955     9910     14150205727     14150215637        15825685       7926       2000      10000         28
   0       14     1955     9909     14150215728     14150225637        15835686       7925       2000      10000         28
   0       14     1955     9909     14150225728     14150235637        15845686       7925       2000      10000         28
   0       14     1955     9895     14150235743     14150245638        15855701       7909       2000      10000         29
   0       14     1955     9909     14150245727     14150255636        15865686       7925       2000      10000         28
   0       14     1955     9906     14150255731     14150265637        15875689       7922       2000      10000         28
   0       14     1955     9910     14150265727     14150275637        15885685       7926       2000      10000         28
   0       14     1955     9903     14150275734     14150285637        15895693       7918       2000      10000         28
   0       14     1955     9911     14150285726     14150295637        15905684       7927       2000      10000         28
   0       14     1955     9910     14150295727     14150305637        15915685       7926       2000      10000         28
   0       14     1955     9909     14150305727     14150315637        15925686       7925       2000      10000         28
   0       14     1955     9910     14150315727     14150325637        15935685       7925       2000      10000         28
   0       14     1955     9910     14150325727     14150335638        15945685       7926       2000      10000         29
   0       14     1955     9912     14150335726     14150345638        15955684       7927       2000      10000         29
   0       14     1955     9912     14150345726     14150355638        15965684       7927       2000      10000         29
   0       14     1955     9913     14150355724     14150365637        15975682       7929       2000      10000         28
   0       14     1955     9911     14150365726     14150375637        15985685       7926       2000      10000         28
   0       14     1955     9910     14150375727     14150385638        15995686       7925       2000      10000         29
   0       14     1955     9908     14150385729     14150395637        16005687       7924       2000      10000         28
   0       14     1955     9910     14150395727     14150405637        16015685       7926       2000      10000         29
   0       14     1955     9911     14150405726     14150415637        16025684       7927       2000      10000         28
   0       14     1955     9910     14150415728     14150425638        16035686       7925       2000      10000         29
   0       14     1955     9911     14150425726     14150435637        16045684       7927       2000      10000         28
   0       14     1955     9912     14150435725     14150445637        16055683       7928       2000      10000         28
   0       14     1955     9910     14150445727     14150455637        16065686       7925       2000      10000         29
   0       14     1955     9910     14150455727     14150465637        16075686       7925       2000      10000         28
   0       14     1955     9908     14150465729     14150475637        16085687       7924       2000      10000         28
   0       14     1955     9911     14150475726     14150485637        16095684       7927       2000      10000         28
   0       14     1956     9912     14150485728     14150495641        16105687       7924       2000      10000         32
   0       14     1955     9904     14150495733     14150505637        16115692       7919       2000      10000         28
   0       14     1955     9910     14150505727     14150515637        16125685       7926       2000      10000         28
   0       14     1955     9913     14150515724     14150525637        16135683       7928       2000      10000         28
   0       14     1955     9911     14150525726     14150535637        16145685       7926       2000      10000         28
   0       14     1955     9910     14150535727     14150545637        16155685       7926       2000      10000         28
   0       14     1955     9908     14150545729     14150555638        16165688       7923       2000      10000         29
   0       14     1955     9910     14150555728     14150565637        16175686       7925       2000      10000         28
   0       14     1955     9895     14150565743     14150575638        16185701       7910       2000      10000         29
   0       14     1955     9909     14150575728     14150585637        16195686       7925       2000      10000         28
   0       14     1955     9911     14150585726     14150595636        16205684       7927       2000      10000         28
   0       14     1955     9914     14150595723     14150605637        16215681       7930       2000      10000         28
   0       14     1955     9909     14150605729     14150615637        16225687       7924       2000      10000         28
   0       14     1955     9910     14150615727     14150625637        16235685       7926       2000      10000         29
   0       14     1955     9911     14150625725     14150635637        16245684       7927       2000      10000         28
   0       14     1955     9911     14150635726     14150645637        16255684       7927       2000      10000         28
   0       14     1955     9911     14150645726     14150655637        16265685       7926       2000      10000         28
   0       14     1955     9912     14150655725     14150665637        16275683       7928       2000      10000         28
   0       14     1955     9911     14150665726     14150675637        16285684       7926       2000      10000         28
   0       14     1955     9913     14150675724     14150685637        16295683       7928       2000      10000         28
   0       14     1955     9910     14150685727     14150695637        16305686       7925       2000      10000         28
   0       14     1955     9910     14150695726     14150705637        16315685       7926       2000      10000         28
   0       14     1955     9911     14150705726     14150715637        16325685       7926       2000      10000         28
   0       14     1955     9911     14150715726     14150725637        16335684       7927       2000      10000         28
   0       14     1955     9913     14150725727     14150735640        16345685       7926       2000      10000         31
   0       14     1955     9908     14150735729     14150745638        16355688       7923       2000      10000         29
   0       14     1955     9911     14150745727     14150755638        16365685       7926       2000      10000         29
   0       14     1955     9913     14150755725     14150765637        16375683       7928       2000      10000         28
   0       14     1955     9909     14150765729     14150775638        16385687       7924       2000      10000         29
   0       14     1955     9909     14150775728     14150785637        16395686       7925       2000      10000         28
   0       14     1955     9911     14150785726     14150795637        16405684       7927       2000      10000         28
   0       14     1955     9909     14150795728     14150805637        16415686       7925       2000      10000         28
   0       14     1955     9910     14150805727     14150815637        16425685       7926       2000      10000         28
   0       14     1955     9910     14150815727     14150825637        16435685       7926       2000      10000         29
   0       14     1955     9911     14150825727     14150835638        16445685       7926       2000      10000         29
   0       14     1955     9913     14150835724     14150845637        16455683       7928       2000      10000         28
   0       14     1955     9909     14150845728     14150855637        16465686       7925       2000      10000         28
   0       14     1955     9909     14150855728     14150865637        16475686       7925       2000      10000         28
   0       14     1955     9907     14150865730     14150875638        16485689       7922       2000      10000         29
   0       14     1955     9909     14150875728     14150885637        16495686       7925       2000      10000         28
   0       14     1955     9912     14150885725     14150895637        16505684       7927       2000      10000         28
   0       14     1955     9895     14150895743     14150905638        16515702       7909       2000      10000         29
   0       14     1955     9911     14150905728     14150915639        16525686       7925       2000      10000         30
   0       14     1955     9887     14150915728     14150925616        16535687       7924       2000      10000          7
   0       14     1955     9963     14150925652     14150935616        16545611       8000       2000      10000          7
   0       14     1955     9984     14150935653     14150945637        16555612       7999       2000      10000         28
   0       14     1955     9936     14150945703     14150955638        16565661       7950       2000      10000         29
   0       14     1955     9909     14150955728     14150965637        16575686       7925       2000      10000         28
   0       14     1955     9911     14150965727     14150975638        16585685       7926       2000      10000         29
   0       14     1955     9910     14150975727     14150985637        16595685       7926       2000      10000         28
   0       14     1955     9910     14150985728     14150995638        16605686       7925       2000      10000         29
   0       14     1955     9912     14150995726     14151005638        16615684       7927       2000      10000         29
   0       14     1955     9908     14151005729     14151015637        16625688       7923       2000      10000         28
   0       14     1955     9910     14151015728     14151025637        16635686       7925       2000      10000         28
   0       14     1955     9911     14151025727     14151035638        16645685       7926       2000      10000         29
   0       14     1955     9910     14151035727     14151045638        16655686       7925       2000      10000         29
   0       14     1955     9911     14151045726     14151055637        16665685       7926       2000      10000         28
   0       14     1955     9910     14151055727     14151065638        16675685       7925       2000      10000         29
   0       14     1955     9912     14151065727     14151075638        16685685       7926       2000      10000         29
   0       14     1955     9910     14151075727     14151085637        16695686       7925       2000      10000         28
   0       14     1955     9908     14151085729     14151095637        16705688       7923       2000      10000         29
   0       14     1955     9911     14151095726     14151105637        16715684       7927       2000      10000         28
   0       14     1955     9911     14151105727     14151115638        16725685       7926       2000      10000         29
   0       14     1955     9912     14151115726     14151125638        16735685       7926       2000      10000         29
   0       14     1955     9911     14151125726     14151135637        16745685       7926       2000      10000         28
   0       14     1955     9911     14151135728     14151145639        16755686       7925       2000      10000         30
   0       14     1955     9912     14151145726     14151155637        16765684       7927       2000      10000         28
   0       14     1955     9911     14151155727     14151165638        16775685       7926       2000      10000         29
   0       14     1955     9908     14151165729     14151175637        16785688       7923       2000      10000         28
   0       14     1955     9912     14151175725     14151185637        16795683       7928       2000      10000         28
   0       14     1955     9910     14151185728     14151195638        16805686       7925       2000      10000         29
   0       14     1955     9910     14151195727     14151205636        16815685       7926       2000      10000         28
   0       14     1955     9910     14151205727     14151215637        16825685       7926       2000      10000         28
   0       14     1955     9909     14151215728     14151225637        16835686       7925       2000      10000         28
   0       14     1955     9896     14151225741     14151235637        16845700       7911       2000      10000         28
   0       14     1955     9910     14151235727     14151245637        16855686       7925       2000      10000         28
   0       14     1955     9908     14151245729     14151255637        16865687       7924       2000      10000         28
   0       14     1955     9911     14151255727     14151265637        16875685       7926       2000      10000         28
   0       14     1955     9909     14151265728     14151275637        16885686       7925       2000      10000         28
   0       14     1955     9910     14151275727     14151285637        16895685       7926       2000      10000         28
   0       14     1955     9910     14151285727     14151295637        16905685       7926       2000      10000         28
   0       14     1955     9909     14151295728     14151305638        16915686       7924       2000      10000         29
   0       14     1955     9910     14151305727     14151315637        16925685       7926       2000      10000         28
   0       14     1955     9911     14151315726     14151325637        16935685       7926       2000      10000         28
   0       14     1955     9908     14151325730     14151335637        16945688       7923       2000      10000         28
   0       14     1955     9914     14151335727     14151345641        16955685       7926       2000      10000         32
   0       14     1955     9907     14151345730     14151355637        16965688       7923       2000      10000         28
   0       14     1955     9910     14151355727     14151365638        16975686       7925       2000      10000         29
   0       14     1955     9910     14151365727     14151375637        16985686       7925       2000      10000         29
   0       14     1955     9909     14151375728     14151385637        16995687       7924       2000      10000         28
   0       14     1955     9912     14151385725     14151395637        17005684       7927       2000      10000         28
   0       14     1955     9910     14151395727     14151405637        17015685       7926       2000      10000         28
   0       14     1955     9912     14151405725     14151415637        17025683       7928       2000      10000         28
   0       14     1955     9911     14151415726     14151425637        17035685       7926       2000      10000         28
   0       14     1955     9913     14151425724     14151435637        17045683       7928       2000      10000         28
   0       14     1955     9910     14151435727     14151445637        17055685       7926       2000      10000         28
   0       14     1955     9911     14151445726     14151455637        17065684       7927       2000      10000         28
   0       14     1955     9907     14151455729     14151465637        17075687       7923       2000      10000         28
   0       14     1955     9912     14151465726     14151475638        17085685       7926       2000      10000         29
   0       14     1955     9910     14151475727     14151485637        17095686       7925       2000      10000         28
   0       14     1955     9911     14151485726     14151495638        17105685       7926       2000      10000         29
   0       14     1955     9910     14151495728     14151505637        17115686       7925       2000      10000         28
   0       14     1955     9914     14151505724     14151515638        17125683       7928       2000      10000         29
   0       14     1955     9911     14151515726     14151525637        17135684       7927       2000      10000         28
   0       14     1955     9910     14151525727     14151535637        17145685       7926       2000      10000         28
   0       14     1955     9908     14151535730     14151545637        17155688       7923       2000      10000         29
   0       14     1955     9911     14151545726     14151555637        17165684       7927       2000      10000         28
   0       14     1955     9896     14151555742     14151565638        17175701       7910       2000      10000         29
   0       14     1955     9909     14151565728     14151575637        17185686       7925       2000      10000         28
   0       14     1955     9911     14151575726     14151585637        17195685       7926       2000      10000         28
   0       14     1955     9907     14151585730     14151595637        17205689       7922       2000      10000         28
   0       14     1955     9910     14151595727     14151605638        17215686       7925       2000      10000         29
   0       14     1955     9909     14151605728     14151615638        17225687       7924       2000      10000         29
   0       14     1955     9908     14151615729     14151625637        17235688       7923       2000      10000         29
   0       14     1955     9911     14151625726     14151635637        17245684       7926       2000      10000         29
   0       14     1955     9910     14151635728     14151645638        17255686       7925       2000      10000         29
   0       14     1955     9910     14151645728     14151655637        17265686       7925       2000      10000         28
   0       14     1955     9910     14151655727     14151665637        17275685       7926       2000      10000         28
   0       14     1955     9913     14151665724     14151675637        17285682       7929       2000      10000         28
   0       14     1955     9909     14151675728     14151685637        17295686       7925       2000      10000         28
   0       14     1955     9911     14151685726     14151695637        17305685       7926       2000      10000         28
   0       14     1955     9913     14151695725     14151705638        17315683       7928       2000      10000         29
   0       14     1955     9912     14151705726     14151715638        17325684       7927       2000      10000         29
   0       14     1955     9908     14151715730     14151725637        17335688       7923       2000      10000         29
   0       14     1955     9914     14151725727     14151735642        17345685       7926       2000      10000         32
   0       14     1955     9906     14151735732     14151745638        17355691       7920       2000      10000         29
   0       14     1955     9911     14151745726     14151755637        17365685       7926       2000      10000         28
   0       14     1955     9909     14151755728     14151765638        17375687       7924       2000      10000         29
   0       14     1955     9911     14151765727     14151775638        17385685       7926       2000      10000         29
   0       14     1955     9907     14151775730     14151785637        17395688       7923       2000      10000         29
   0       14     1955     9910     14151785727     14151795638        17405686       7925       2000      10000         29
   0       14     1955     9912     14151795727     14151805638        17415685       7926       2000      10000         29
   0       14     1955     9912     14151805726     14151815638        17425684       7927       2000      10000         29
   0       14     1955     9911     14151815726     14151825637        17435685       7926       2000      10000         28
   0       14     1955     9912     14151825725     14151835637        17445684       7927       2000      10000         28
   0       14     1955     9910     14151835728     14151845638        17455686       7925       2000      10000         29
   0       14     1955     9910     14151845727     14151855638        17465685       7926       2000      10000         29
   0       14     1955     9911     14151855727     14151865638        17475685       7926       2000      10000         29
   0       14     1955     9888     14151865727     14151875616        17485685       7926       2000      10000          7
   0       14     1955     9963     14151875653     14151885616        17495611       8000       2000      10000          7
   0       14     1955     9945     14151885670     14151895616        17505629       7982       2000      10000          7
   0       14     1955     9984     14151895653     14151905637        17515611       8000       2000      10000         28
   0       14     1955     9909     14151905727     14151915637        17525686       7925       2000      10000         28
   0       14     1955     9909     14151915729     14151925637        17535687       7924       2000      10000         28
   0       14     1955     9912     14151925725     14151935637        17545684       7927       2000      10000         28
   0       14     1955     9889     14151935727     14151945616        17555685       7925       2000      10000          8
   0       14     1955     9985     14151945653     14151955638        17565611       8000       2000      10000         29
   0       14     1955     9909     14151955728     14151965637        17575686       7925       2000      10000         28
   0       14     1955     9913     14151965725     14151975638        17585684       7927       2000      10000         29
   0       14     1955     9911     14151975727     14151985638        17595685       7926       2000      10000         29
   0       14     1955     9913     14151985724     14151995638        17605683       7928       2000      10000         29
   0       14     1955     9909     14151995729     14152005638        17615687       7924       2000      10000         29
   0       14     1955     9911     14152005726     14152015637        17625684       7927       2000      10000         28
   0       14     1955     9910     14152015728     14152025638        17635686       7925       2000      10000         29
   0       14     1955     9910     14152025727     14152035637        17645686       7925       2000      10000         28
   0       14     1955     9911     14152035726     14152045637        17655684       7927       2000      10000         28
   0       14     1955     9911     14152045725     14152055636        17665684       7927       2000      10000         28
   0       14     1955     9911     14152055726     14152065637        17675684       7927       2000      10000         28
   0       14     1955     9910     14152065727     14152075637        17685685       7926       2000      10000         28
   0       14     1955     9909     14152075729     14152085638        17695687       7924       2000      10000         29
   0       14     1955     9910     14152085727     14152095637        17705686       7925       2000      10000         29
   0       14     1955     9910     14152095727     14152105637        17715685       7926       2000      10000         28
   0       14     1955     9910     14152105726     14152115636        17725684       7927       2000      10000         27
   0       14     1955     9912     14152115726     14152125637        17735684       7927       2000      10000         28
   0       14     1955     9910     14152125727     14152135637        17745685       7926       2000      10000         28
   0       14     1955     9912     14152135725     14152145637        17755683       7928       2000      10000         28
   0       14     1955     9913     14152145725     14152155638        17765683       7928       2000      10000         29
   0       14     1955     9909     14152155729     14152165637        17775687       7924       2000      10000         28
   0       14     1955     9911     14152165726     14152175637        17785684       7927       2000      10000         28
   0       14     1955     9911     14152175728     14152185638        17795686       7925       2000      10000         29
   0       14     1955     9906     14152185731     14152195637        17805689       7922       2000      10000         28
   0       14     1955     9889     14152195727     14152205615        17815685       7926       2000      10000          7
   0       14     1955     9984     14152205653     14152215637        17825611       8000       2000      10000         28
   0       14     1956     9897     14152215741     14152225638        17835699       7911       2000      10000         29
   0       14     1955     9908     14152225729     14152235637        17845687       7924       2000      10000         28
   0       14     1955     9909     14152235729     14152245637        17855687       7924       2000      10000         28
   0       14     1955     9911     14152245726     14152255637        17865684       7927       2000      10000         28
   0       14     1955     9909     14152255728     14152265637        17875686       7925       2000      10000         28
   0       14     1955     9913     14152265727     14152275639        17885685       7926       2000      10000         30
   0       14     1955     9906     14152275731     14152285637        17895689       7922       2000      10000         28
   0       14     1955     9909     14152285728     14152295637        17905686       7925       2000      10000         28
   0       14     1955     9910     14152295727     14152305637        17915685       7926       2000      10000         28
   0       14     1955     9910     14152305727     14152315637        17925685       7926       2000      10000         28
   0       14     1955     9908     14152315730     14152325638        17935689       7922       2000      10000         29
   0       14     1955     9911     14152325727     14152335638        17945685       7926       2000      10000         29
   0       14     1955     9910     14152335728     14152345637        17955686       7925       2000      10000         28
   0       14     1955     9909     14152345728     14152355637        17965687       7924       2000      10000         28
   0       14     1955     9909     14152355729     14152365638        17975687       7924       2000      10000         29
   0       14     1955     9910     14152365727     14152375637        17985686       7925       2000      10000         28
   0       14     1955     9912     14152375726     14152385637        17995684       7927       2000      10000         28
   0       14     1955     9911     14152385726     14152395637        18005684       7927       2000      10000         28
   0       14     1955     9907     14152395730     14152405638        18015688       7922       2000      10000         29
   0       14     1955     9912     14152405726     14152415638        18025684       7927       2000      10000         29
   0       14     1955     9909     14152415728     14152425637        18035686       7924       2000      10000         28
   0       14     1955     9911     14152425726     14152435637        18045684       7927       2000      10000         28
   0       14     1955     9911     14152435727     14152445638        18055685       7926       2000      10000         29
   0       14     1955     9909     14152445728     14152455637        18065686       7925       2000      10000         28
   0       14     1955     9911     14152455726     14152465638        18075685       7926       2000      10000         29
   0       14     1955     9911     14152465726     14152475637        18085684       7927       2000      10000         28
   0       14     1955     9911     14152475726     14152485637        18095684       7927       2000      10000         28
   0       14     1955     9911     14152485726     14152495637        18105685       7926       2000      10000         28
   0       14     1955     9909     14152495728     14152505637        18115687       7924       2000      10000         28
   0       14     1955     9911     14152505727     14152515638        18125685       7926       2000      10000         29
   0       14     1955     9910     14152515728     14152525638        18135686       7925       2000      10000         29
   0       14     1955     9909     14152525729     14152535637        18145687       7924       2000      10000         28
   0       14     1955     9911     14152535727     14152545637        18155685       7926       2000      10000         28
   0       14     1955     9897     14152545740     14152555638        18165698       7912       2000      10000         29
   0       14     1955     9911     14152555727     14152565637        18175685       7926       2000      10000         28
   0       14     1955     9911     14152565726     14152575637        18185684       7927       2000      10000         29
   0       14     1955     9912     14152575726     14152585638        18195684       7927       2000      10000         29
   0       14     1955     9911     14152585727     14152595638        18205685       7926       2000      10000         29
   0       14     1955     9904     14152595733     14152605637        18215691       7920       2000      10000         28
   0       14     1955     9908     14152605730     14152615637        18225688       7923       2000      10000         29
   0       14     1955     9910     14152615727     14152625637        18235686       7925       2000      10000         28
   0       14     1955     9910     14152625727     14152635638        18245686       7925       2000      10000         29
   0       14     1955     9910     14152635727     14152645638        18255686       7925       2000      10000         29
   0       14     1955     9911     14152645726     14152655637        18265685       7926       2000      10000         29
   0       14     1955     9913     14152655725     14152665637        18275683       7928       2000      10000         28
   0       14     1955     9911     14152665727     14152675638        18285685       7926       2000      10000         29
   0       14     1955     9912     14152675726     14152685638        18295684       7927       2000      10000         29
   0       14     1955     9907     14152685730     14152695637        18305689       7922       2000      10000         28
   0       14     1955     9911     14152695726     14152705637        18315684       7927       2000      10000         28
   0       14     1955     9911     14152705727     14152715638        18325685       7926       2000      10000         29
   0       14     1955     9909     14152715729     14152725638        18335687       7924       2000      10000         29
   0       14     1955     9915     14152725726     14152735641        18345684       7927       2000      10000         32
   0       14     1955     9911     14152735729     14152745640        18355687       7924       2000      10000         31
   0       14     1955     9909     14152745728     14152755638        18365686       7925       2000      10000         29
   0       14     1955     9912     14152755726     14152765638        18375685       7926       2000      10000         29
   0       14     1955     9911     14152765726     14152775637        18385685       7926       2000      10000         28
   0       14     1955     9911     14152775727     14152785638        18395685       7925       2000      10000         29
   0       14     1955     9910     14152785728     14152795637        18405686       7925       2000      10000         28
   0       14     1955     9910     14152795727     14152805637        18415685       7926       2000      10000         28
   0       14     1955     9910     14152805728     14152815638        18425686       7925       2000      10000         29
   0       14     1955     9913     14152815725     14152825638        18435683       7928       2000      10000         29
   0       14     1955     9910     14152825728     14152835638        18445687       7924       2000      10000         30
   0       14     1955     9913     14152835727     14152845640        18455685       7926       2000      10000         31
   0       14     1955     9907     14152845708     14152855616        18465667       7944       2000      10000          7
   0       14     1955     9967     14152855653     14152865620        18475611       8000       2000      10000         11
   0       14     1955     9981     14152865657     14152875638        18485615       7996       2000      10000         29
   0       14     1955     9892     14152875746     14152885638        18495705       7906       2000      10000         29
   0       14     1955     9910     14152885727     14152895637        18505685       7926       2000      10000         28
   0       14     1955     9913     14152895725     14152905637        18515683       7928       2000      10000         28
   0       14     1955     9909     14152905728     14152915637        18525686       7925       2000      10000         28
   0       14     1955     9911     14152915727     14152925637        18535685       7926       2000      10000         28
   0       14     1955     9911     14152925726     14152935637        18545684       7927       2000      10000         28
   0       14     1955     9911     14152935727     14152945637        18555685       7926       2000      10000         29
   0       14     1955     9910     14152945726     14152955637        18565685       7926       2000      10000         28
   0       14     1955     9911     14152955727     14152965638        18575685       7926       2000      10000         29
   0       14     1955     9910     14152965727     14152975637        18585685       7926       2000      10000         28
   0       14     1955     9912     14152975726     14152985638        18595684       7927       2000      10000         29
   0       14     1955     9909     14152985728     14152995637        18605687       7924       2000      10000         29
   0       14     1955     9907     14152995731     14153005638        18615689       7922       2000      10000         29
   0       14     1955     9906     14153005731     14153015638        18625689       7921       2000      10000         29
   0       14     1955     9910     14153015728     14153025638        18635686       7925       2000      10000         29
   0       14     1955     9910     14153025727     14153035638        18645686       7925       2000      10000         29
   0       14     1955     9911     14153035726     14153045637        18655684       7926       2000      10000         29
   0       14     1955     9912     14153045725     14153055637        18665683       7928       2000      10000         28
   0       14     1955     9910     14153055727     14153065637        18675685       7926       2000      10000         28
   0       14     1955     9910     14153065728     14153075637        18685686       7925       2000      10000         28
   0       14     1955     9911     14153075727     14153085638        18695685       7926       2000      10000         29
   0       14     1955     9911     14153085727     14153095638        18705685       7926       2000      10000         29
   0       14     1955     9910     14153095727     14153105637        18715685       7926       2000      10000         28
   0       14     1955     9911     14153105726     14153115637        18725685       7926       2000      10000         28
   0       14     1955     9909     14153115728     14153125637        18735687       7924       2000      10000         28
   0       14     1955     9890     14153125727     14153135616        18745685       7926       2000      10000          8
   0       14     1955     9983     14153135655     14153145638        18755613       7998       2000      10000         29
   0       14     1955     9908     14153145729     14153155637        18765687       7924       2000      10000         28
   0       14     1955     9911     14153155726     14153165638        18775685       7926       2000      10000         29
   0       14     1955     9911     14153165726     14153175637        18785685       7926       2000      10000         29
   0       14     1955     9911     14153175727     14153185638        18795686       7925       2000      10000         29
   0       14     1955     9911     14153185726     14153195638        18805685       7926       2000      10000         29
   0       14     1956     9935     14153195702     14153205637        18815661       7950       2000      10000         29
   0       14     1955     9894     14153205744     14153215638        18825702       7909       2000      10000         29
   0       14     1955     9909     14153215728     14153225637        18835686       7925       2000      10000         28
   0       14     1955     9908     14153225730     14153235638        18845688       7923       2000      10000         29
   0       14     1955     9907     14153235730     14153245637        18855688       7923       2000      10000         29
   0       14     1955     9909     14153245728     14153255637        18865686       7925       2000      10000         28
   0       14     1957     9912     14153255727     14153265639        18875686       7924       2000      10000         30
   0       14     1955     9909     14153265730     14153275639        18885688       7923       2000      10000         30
   0       14     1955     9908     14153275729     14153285637        18895688       7923       2000      10000         28
   0       14     1955     9911     14153285727     14153295638        18905685       7926       2000      10000         29
   0       14     1955     9910     14153295727     14153305637        18915685       7926       2000      10000         28
   0       14     1955     9907     14153305730     14153315637        18925689       7922       2000      10000         28
   0       14     1955     9909     14153315728     14153325637        18935686       7925       2000      10000         28
   0       14     1955     9912     14153325728     14153335640        18945686       7925       2000      10000         31
   0       14     1955     9908     14153335729     14153345637        18955687       7924       2000      10000         29
   0       14     1955     9911     14153345726     14153355638        18965684       7927       2000      10000         29
   0       14     1955     9910     14153355728     14153365637        18975686       7925       2000      10000         29
   0       14     1955     9912     14153365726     14153375637        18985684       7927       2000      10000         28
   0       14     1955     9910     14153375727     14153385637        18995685       7926       2000      10000         28
   0       14     1955     9907     14153385730     14153395637        19005688       7923       2000      10000         28
   0       14     1955     9911     14153395726     14153405638        19015685       7926       2000      10000         29
   0       14     1955     9910     14153405728     14153415638        19025686       7925       2000      10000         29
   0       14     1955     9910     14153415727     14153425637        19035686       7925       2000      10000         28
   0       14     1955     9910     14153425728     14153435638        19045686       7925       2000      10000         29
   0       14     1955     9909     14153435729     14153445638        19055687       7924       2000      10000         29
   0       14     1955     9912     14153445726     14153455638        19065684       7926       2000      10000         29
   0       14     1955     9908     14153455729     14153465637        19075687       7924       2000      10000         28
   0       14     1955     9911     14153465725     14153475637        19085684       7927       2000      10000         28
   0       14     1955     9910     14153475727     14153485637        19095685       7926       2000      10000         28
   0       14     1955     9909     14153485729     14153495638        19105687       7924       2000      10000         29
   0       14     1955     9909     14153495728     14153505637        19115686       7925       2000      10000         28
   0       14     1955     9905     14153505732     14153515637        19125690       7921       2000      10000         28
   0       14     1955     9909     14153515729     14153525639        19135687       7924       2000      10000         30
   0       14     1955     9910     14153525727     14153535637        19145685       7926       2000      10000         28
   0       14     1955     9894     14153535742     14153545636        19155700       7910       2000      10000         27
   0       14     1955     9911     14153545726     14153555637        19165684       7926       2000      10000         28
   0       14     1955     9909     14153555728     14153565637        19175686       7925       2000      10000         28
   0       14     1955     9905     14153565732     14153575637        19185690       7920       2000      10000         28
   0       14     1955     9909     14153575728     14153585637        19195686       7925       2000      10000         28
   0       14     1955     9912     14153585726     14153595638        19205684       7927       2000      10000         29
   0       14     1955     9908     14153595729     14153605637        19215687       7924       2000      10000         28
   0       14     1955     9908     14153605729     14153615637        19225688       7923       2000      10000         28
   0       14     1955     9907     14153615729     14153625636        19235687       7924       2000      10000         27
   0       14     1955     9910     14153625726     14153635636        19245684       7927       2000      10000         27
   0       14     1955     9910     14153635727     14153645637        19255685       7926       2000      10000         28
   0       14     1955     9912     14153645724     14153655636        19265682       7929       2000      10000         27
   0       14     1955     9909     14153655727     14153665636        19275685       7926       2000      10000         27
   0       14     1955     9911     14153665725     14153675637        19285684       7927       2000      10000         28
   0       14     1955     9908     14153675729     14153685637        19295687       7924       2000      10000         28
   0       14     1955     9911     14153685726     14153695637        19305684       7927       2000      10000         28
   0       14     1955     9909     14153695727     14153705636        19315685       7926       2000      10000         27
   0       14     1955     9911     14153705725     14153715637        19325684       7927       2000      10000         28
   0       14     1955     9911     14153715726     14153725637        19335685       7926       2000      10000         28
   0       14     1955     9912     14153725728     14153735640        19345686       7925       2000      10000         31
   0       14     1955     9904     14153735732     14153745636        19355690       7920       2000      10000         27
   0       14     1955     9910     14153745726     14153755636        19365684       7927       2000      10000         27
   0       14     1955     9908     14153755730     14153765637        19375688       7923       2000      10000         29
   0       14     1955     9911     14153765725     14153775636        19385684       7927       2000      10000         27
   0       14     1955     9910     14153775726     14153785636        19395684       7927       2000      10000         27
   0       14     1955     9910     14153785726     14153795636        19405684       7927       2000      10000         28
   0       14     1955     9909     14153795728     14153805636        19415686       7925       2000      10000         27
   0       14     1955     9913     14153805724     14153815636        19425682       7929       2000      10000         28
   0       14     1955     9887     14153815728     14153825616        19435686       7925       2000      10000          7
   0       14     1955     9963     14153825652     14153835615        19445611       8000       2000      10000          7
   0       14     1955    10010     14153835653     14153845663        19455611       8000       2000      10000         54
   0       14     1955     9938     14153845699     14153855637        19465657       7954       2000      10000         28
   0       14     1955     9909     14153855727     14153865636        19475685       7926       2000      10000         28
   0       14     1955     9893     14153865744     14153875637        19485702       7908       2000      10000         28
   0       14     1955     9907     14153875730     14153885637        19495688       7922       2000      10000         28
   0       14     1955     9912     14153885724     14153895637        19505683       7928       2000      10000         28
   0       14     1955     9909     14153895728     14153905637        19515687       7924       2000      10000         28
   0       14     1955     9910     14153905727     14153915637        19525686       7925       2000      10000         29
   0       14     1955     9908     14153915730     14153925638        19535689       7922       2000      10000         29
   0       14     1955     9910     14153925727     14153935637        19545685       7926       2000      10000         28
   0       14     1955     9910     14153935727     14153945637        19555685       7926       2000      10000         28
   0       14     1955     9909     14153945728     14153955637        19565686       7925       2000      10000         28
   0       14     1955     9912     14153955726     14153965638        19575684       7927       2000      10000         29
   0       14     1955     9912     14153965725     14153975637        19585684       7927       2000      10000         28
   0       14     1955     9909     14153975728     14153985637        19595686       7925       2000      10000         28
   0       14     1955     9911     14153985726     14153995637        19605684       7927       2000      10000         28
   0       14     1955     9906     14153995731     14154005637        19615689       7922       2000      10000         28
   0       14     1955     9911     14154005726     14154015637        19625684       7927       2000      10000         28
   0       14     1955     9910     14154015727     14154025637        19635685       7926       2000      10000         28
   0       14     1955     9911     14154025726     14154035637        19645684       7927       2000      10000         28
   0       14     1955     9911     14154035726     14154045637        19655684       7927       2000      10000         28
   0       14     1955     9913     14154045724     14154055637        19665682       7929       2000      10000         28
   0       14     1955     9910     14154055727     14154065638        19675686       7925       2000      10000         29
   0       14     1955     9911     14154065726     14154075638        19685685       7926       2000      10000         29
   0       14     1955     9911     14154075727     14154085637        19695685       7926       2000      10000         28
   0       14     1955     9910     14154085727     14154095637        19705685       7926       2000      10000         28
   0       14     1955     9910     14154095727     14154105637        19715686       7925       2000      10000         28
   0       14     1955     9912     14154105725     14154115637        19725684       7927       2000      10000         28
   0       14     1955     9911     14154115727     14154125638        19735685       7926       2000      10000         29
   0       14     1955     9910     14154125727     14154135637        19745685       7926       2000      10000         28
   0       14     1955     9910     14154135728     14154145638        19755686       7925       2000      10000         29
   0       14     1955     9911     14154145727     14154155637        19765685       7926       2000      10000         28
   0       14     1955     9911     14154155727     14154165638        19775685       7926       2000      10000         29
   0       14     1955     9907     14154165730     14154175637        19785688       7923       2000      10000         28
   0       14     1955     9909     14154175727     14154185637        19795686       7925       2000      10000         28
   0       14     1955     9910     14154185727     14154195637        19805685       7926       2000      10000         28
   0       14     1955     9891     14154195749     14154205640        19815707       7904       2000      10000         30
   0       14     1955     9909     14154205729     14154215638        19825687       7924       2000      10000         29
   0       14     1955     9909     14154215729     14154225638        19835687       7924       2000      10000         29
   0       14     1955     9910     14154225727     14154235637        19845685       7926       2000      10000         28
   0       14     1955     9910     14154235727     14154245637        19855685       7926       2000      10000         28
   0       14     1955     9909     14154245728     14154255637        19865687       7924       2000      10000         29
   0       14     1955     9910     14154255727     14154265637        19875685       7926       2000      10000         28
   0       14     1955     9911     14154265726     14154275637        19885685       7926       2000      10000         29
   0       14     1955     9911     14154275726     14154285637        19895684       7927       2000      10000         28
   0       14     1955     9911     14154285726     14154295637        19905685       7926       2000      10000         28
   0       14     1955     9909     14154295729     14154305638        19915687       7924       2000      10000         29
   0       14     1955     9911     14154305726     14154315637        19925684       7927       2000      10000         28
   0       14     1955     9909     14154315728     14154325636        19935686       7925       2000      10000         27
   0       14     1955     9911     14154325726     14154335637        19945685       7926       2000      10000         28
   0       14     1955     9910     14154335727     14154345637        19955685       7926       2000      10000         28
   0       14     1955     9910     14154345727     14154355637        19965685       7926       2000      10000         28
   0       14     1955     9910     14154355727     14154365637        19975686       7925       2000      10000         28
   0       14     1955     9910     14154365727     14154375637        19985685       7926       2000      10000         28
