#idx     perf      run   period           start             end          rel_st      slack c_duration   c_period     wu_lat
   0       14     1963     1964      6758725338      6758727302           31268     -22692       2000      10000          0
   0       14     1963    10004      6758727307      6758737311           33237       8031       2000      10000          9
   0       14     1955     9993      6758737316      6758747309           43246       8030       2000      10000          7
   0       14     1955     9996      6758747312      6758757308           53242       8034       2000      10000          7
   0       14     1955     9996      6758757312      6758767308           63242       8034       2000      10000          7
   0       14     1955     9996      6758767312      6758777308           73242       8034       2000      10000          7
   0       14     1955     9996      6758777312      6758787308           83242       8034       2000      10000          7
   0       14     1955     9996      6758787312      6758797308           93242       8034       2000      10000          6
   0       14     1955     9996      6758797312      6758807308          103242       8034       2000      10000          7
   0       14     1955     9996      6758807312      6758817308          113242       8034       2000      10000          6
   0       14     1955     9996      6758817312      6758827308          123242       8034       2000      10000          7
   0       14     1955     9996      6758827312      6758837308          133242       8034       2000      10000          6
   0       14     1955     9996      6758837312      6758847308          143242       8034       2000      10000          6
   0       14     1955     9996      6758847312      6758857308          153242       8034       2000      10000          7
   0       14     1955     9996      6758857312      6758867308          163242       8034       2000      10000          6
   0       14     1955     9997      6758867312      6758877308          173242       8034       2000      10000          7
   0       14     1955     9996      6758877312      6758887308          183242       8034       2000      10000          6
   0       14     1955     9996      6758887312      6758897308          193242       8034       2000      10000          6
   0       14     1955     9996      6758897312      6758907308          203242       8034       2000      10000          6
   0       14     1955     9996      6758907312      6758917308          213242       8034       2000      10000          7
   0       14     1955     9996      6758917312      6758927308          223242       8034       2000      10000          6
   0       14     1955     9996      6758927312      6758937308          233242       8034       2000      10000          6
   0       14     1955     9996      6758937312      6758947308          243242       8034       2000      10000          7
   0       14     1955     9996      6758947312      6758957308          253242       8034       2000      10000          7
   0       14     1955     9996      6758957312      6758967308          263242       8034       2000      10000          7
   0       14     1955     9996      6758967312      6758977308          273242       8034       2000      10000          7
   0       14     1955     9996      6758977312      6758987308          283242       8034       2000      10000          6
   0       14     1955     9997      6758987312      6758997308          293242       8034       2000      10000          7
   0       14     1955     9996      6758997312      6759007308          303242       8034       2000      10000          7
   0       14     1955     9996      6759007312      6759017308          313242       8034       2000      10000          7
   0       14     1955     9996      6759017312      6759027308          323242       8034       2000      10000          7
   0       14     1955     9996      6759027312      6759037308          333242       8034       2000      10000          7
   0       14     1955     9997      6759037312      6759047308          343242       8034       2000      10000          7
   0       14     1955     9972      6759047337      6759057308          353267       8009       2000      10000          7
   0       14     1955     9996      6759057312      6759067308          363242       8034       2000      10000          7
   0       14     1955     9996      6759067312      6759077308          373242       8034       2000      10000          7
   0       14     1955     9996      6759077312      6759087308          383242       8034       2000      10000          6
   0       14     1955     9996      6759087312      6759097308          393242       8034       2000      10000          7
   0       14     1955     9996      6759097312      6759107308          403242       8034       2000      10000          6
   0       14     1955     9996      6759107312      6759117308          413242       8034       2000      10000          6
   0       14     1955     9996      6759117312      6759127308          423242       8034       2000      10000          6
   0       14     1955     9996      6759127312      6759137308          433242       8034       2000      10000          6
   0       14     1955     9996      6759137312      6759147308          443242       8034       2000      10000          6
   0       14     1955     9996      6759147312      6759157308          453242       8034       2000      10000          6
   0       14     1955     9996      6759157312      6759167308          463242       8034       2000      10000          6
   0       14     1955     9996      6759167312      6759177308          473242       8034       2000      10000          7
   0       14     1955     9996      6759177312      6759187308          483242       8034       2000      10000          6
   0       14     1955     9996      6759187312      6759197308          493242       8034       2000      10000          6
   0       14     1955     9996      6759197312      6759207308          503242       8034       2000      10000          6
   0       14     1955     9996      6759207312      6759217308          513242       8034       2000      10000          6
   0       14     1955     9996      6759217312      6759227308          523242       8034       2000      10000          6
   0       14     1955     9996      6759227312      6759237308          533242       8034       2000      10000          6
   0       14     1955     9996      6759237312      6759247308          543242       8034       2000      10000          6
   0       14     1955     9997      6759247312      6759257308          553242       8034       2000      10000          7
   0       14     1955     9996      6759257312      6759267308          563242       8034       2000      10000          6
   0       14     1955     9996      6759267312      6759277308          573242       8034       2000      10000          6
   0       14     1955     9996      6759277312      6759287308          583242       8034       2000      10000          6
   0       14     1955     9996      6759287312      6759297308          593242       8034       2000      10000          6
   0       14     1955     9996      6759297312      6759307308          603242       8034       2000      10000          6
   0       14     1955     9999      6759307312      6759317311          613242       8034       2000      10000          9
   0       14     1984     9994      6759317315      6759327309          623245       8003       2000      10000          7
   0       14     1955     9996      6759327312      6759337308          633242       8034       2000      10000          7
   0       14     1955     9996      6759337312      6759347308          643242       8034       2000      10000          6
   0       14     1955     9996      6759347312      6759357308          653242       8034       2000      10000          6
   0       14     1955     9996      6759357312      6759367308          663242       8034       2000      10000          6
   0       14     1955     9996      6759367312      6759377308          673242       8034       2000      10000          7
   0       14     1955     9981      6759377328      6759387308          683258       8018       2000      10000          7
   0       14     1955     9996      6759387312      6759397308          693242       8034       2000      10000          7
   0       14     1955     9996      6759397312      6759407308          703242       8034       2000      10000          6
   0       14     1955     9997      6759407312      6759417308          713242       8034       2000      10000          7
   0       14     1955     9996      6759417312      6759427308          723242       8034       2000      10000          7
   0       14     1955     9996      6759427312      6759437308          733242       8034       2000      10000          7
   0       14     1955     9996      6759437312      6759447308          743242       8034       2000      10000          6
   0       14     1955     9996      6759447312      6759457308          753242       8034       2000      10000          7
   0       14     1955     9996      6759457312      6759467308          763242       8034       2000      10000          7
   0       14     1955     9996      6759467312      6759477308          773242       8034       2000      10000          7
   0       14     1955     9997      6759477312      6759487309          783242       8034       2000      10000          7
   0       14     1955     9996      6759487312      6759497308          793242       8034       2000      10000          6
   0       14     1955     9996      6759497312      6759507308          803242       8034       2000      10000          7
   0       14     1955     9996      6759507312      6759517308          813242       8034       2000      10000          6
   0       14     1955     9996      6759517312      6759527308          823242       8034       2000      10000          7
   0       14     1955     9996      6759527312      6759537308          833242       8034       2000      10000          6
   0       14     1955     9996      6759537312      6759547308          843242       8034       2000      10000          7
   0       14     1955     9996      6759547312      6759557308          853242       8034       2000      10000          7
   0       14     1955     9996      6759557312      6759567308          863242       8034       2000      10000          7
   0       14     1955     9996      6759567312      6759577308          873242       8034       2000      10000          7
   0       14     1955     9996      6759577312      6759587308          883242       8034       2000      10000          7
   0       14     1955     9996      6759587312      6759597308          893242       8034       2000      10000          7
   0       14     1955     9996      6759597312      6759607308          903242       8034       2000      10000          7
   0       14     1955     9997      6759607312      6759617308          913242       8034       2000      10000          7
   0       14     1955     9996      6759617312      6759627308          923242       8034       2000      10000          7
   0       14     1955     9996      6759627312      6759637308          933242       8034       2000      10000          6
   0       14     1955     9996      6759637312      6759647308          943242       8034       2000      10000          7
   0       14     1955     9997      6759647312      6759657308          953242       8034       2000      10000          7
   0       14     1955     9996      6759657312      6759667308          963242       8034       2000      10000          7
   0       14     1955     9996      6759667312      6759677308          973242       8034       2000      10000          7
   0       14     1955     9996      6759677312      6759687308          983242       8034       2000      10000          6
   0       14     1955     9996      6759687312      6759697308          993242       8034       2000      10000          7
   0       14     1955     9996      6759697312      6759707308         1003242       8034       2000      10000          7
   0       14     1955     9984      6759707324      6759717308         1013254       8022       2000      10000          7
   0       14     1955     9996      6759717312      6759727308         1023242       8034       2000      10000          7
   0       14     1955     9996      6759727312      6759737308         1033242       8034       2000      10000          6
   0       14     1955     9997      6759737312      6759747308         1043242       8034       2000      10000          7
   0       14     1955     9996      6759747312      6759757308         1053242       8034       2000      10000          7
   0       14     1955     9996      6759757312      6759767308         1063242       8034       2000      10000          7
   0       14     1955     9996      6759767312      6759777308         1073242       8034       2000      10000          7
   0       14     1955     9996      6759777312      6759787308         1083242       8034       2000      10000          7
   0       14     1955     9996      6759787312      6759797308         1093242       8034       2000      10000          7
   0       14     1955     9996      6759797312      6759807308         1103242       8034       2000      10000          7
   0       14     1955     9997      6759807312      6759817309         1113242       8034       2000      10000          7
   0       14     1955     9996      6759817313      6759827308         1123243       8034       2000      10000          6
   0       14     1955     9996      6759827312      6759837308         1133242       8034       2000      10000          7
   0       14     1955     9996      6759837312      6759847308         1143242       8034       2000      10000          7
   0       14     1955     9996      6759847312      6759857308         1153242       8034       2000      10000          6
   0       14     1955     9996      6759857312      6759867308         1163242       8034       2000      10000          7
   0       14     1955     9996      6759867312      6759877308         1173242       8034       2000      10000          7
   0       14     1955     9996      6759877312      6759887308         1183242       8034       2000      10000          6
   0       14     1955     9996      6759887312      6759897308         1193242       8034       2000      10000          6
   0       14     1955     9996      6759897312      6759907308         1203242       8034       2000      10000          7
   0       14     1955     9996      6759907312      6759917308         1213242       8034       2000      10000          6
   0       14     1955     9996      6759917312      6759927308         1223242       8034       2000      10000          6
   0       14     1955     9996      6759927312      6759937308         1233242       8034       2000      10000          7
   0       14     1955     9997      6759937312      6759947309         1243242       8034       2000      10000          7
   0       14     1956     9996      6759947313      6759957309         1253243       8033       2000      10000          7
   0       14     1956     9997      6759957313      6759967310         1263243       8032       2000      10000          8
   0       14     1957     9994      6759967314      6759977309         1273244       8030       2000      10000          7
   0       14     1955     9996      6759977313      6759987308         1283243       8033       2000      10000          7
   0       14     1955     9996      6759987312      6759997308         1293242       8034       2000      10000          6
   0       14     1955     9996      6759997312      6760007308         1303242       8034       2000      10000          7
   0       14     1955     9997      6760007312      6760017309         1313242       8034       2000      10000          7
   0       14     1955     9995      6760017313      6760027308         1323243       8033       2000      10000          6
   0       14     1955     9996      6760027312      6760037308         1333242       8034       2000      10000          6
   0       14     1955     9983      6760037325      6760047308         1343255       8021       2000      10000          7
   0       14     1955     9996      6760047312      6760057308         1353242       8034       2000      10000          6
   0       14     1955     9996      6760057312      6760067308         1363242       8034       2000      10000          6
   0       14     1955     9996      6760067312      6760077308         1373242       8034       2000      10000          7
   0       14     1955     9996      6760077312      6760087308         1383242       8034       2000      10000          7
   0       14     1955     9997      6760087312      6760097308         1393242       8034       2000      10000          7
   0       14     1955     9996      6760097312      6760107308         1403242       8034       2000      10000          7
   0       14     1955     9996      6760107312      6760117308         1413242       8034       2000      10000          7
   0       14     1955     9996      6760117312      6760127308         1423242       8034       2000      10000          6
   0       14     1955     9996      6760127312      6760137308         1433242       8034       2000      10000          6
   0       14     1955     9996      6760137312      6760147308         1443242       8034       2000      10000          6
   0       14     1955     9996      6760147312      6760157308         1453242       8034       2000      10000          6
   0       14     1955     9996      6760157312      6760167308         1463242       8034       2000      10000          6
   0       14     1955     9996      6760167312      6760177308         1473242       8034       2000      10000          6
   0       14     1955     9996      6760177312      6760187308         1483242       8034       2000      10000          6
   0       14     1955     9996      6760187312      6760197308         1493242       8034       2000      10000          6
   0       14     1955     9996      6760197312      6760207308         1503242       8034       2000      10000          7
   0       14     1955     9997      6760207312      6760217309         1513242       8034       2000      10000          7
   0       14     1955     9996      6760217312      6760227308         1523242       8034       2000      10000          7
   0       14     1955     9996      6760227312      6760237308         1533242       8034       2000      10000          6
   0       14     1955     9996      6760237312      6760247308         1543242       8034       2000      10000          6
   0       14     1955     9996      6760247312      6760257308         1553242       8034       2000      10000          6
   0       14     1955     9996      6760257312      6760267308         1563242       8034       2000      10000          6
   0       14     1955     9996      6760267312      6760277308         1573242       8034       2000      10000          7
   0       14     1955     9996      6760277312      6760287308         1583242       8034       2000      10000          6
   0       14     1955     9996      6760287312      6760297308         1593242       8034       2000      10000          6
   0       14     1955     9996      6760297312      6760307308         1603242       8034       2000      10000          6
   0       14     1955     9998      6760307312      6760317310         1613242       8034       2000      10000          8
   0       14     1957     9994      6760317314      6760327308         1623244       8030       2000      10000          7
   0       14     1955     9996      6760327312      6760337308         1633242       8034       2000      10000          6
   0       14     1955     9996      6760337312      6760347308         1643242       8034       2000      10000          6
   0       14     1955     9997      6760347312      6760357308         1653242       8034       2000      10000          7
   0       14     1955     9996      6760357312      6760367308         1663242       8034       2000      10000          7
   0       14     1955     9982      6760367326      6760377308         1673256       8020       2000      10000          7
   0       14     1955     9996      6760377312      6760387308         1683242       8034       2000      10000          7
   0       14     1955     9996      6760387312      6760397308         1693242       8034       2000      10000          6
   0       14     1955     9996      6760397312      6760407308         1703242       8034       2000      10000          6
   0       14     1955     9996      6760407312      6760417308         1713242       8034       2000      10000          6
   0       14     1955     9997      6760417312      6760427308         1723242       8034       2000      10000          7
   0       14     1955     9996      6760427312      6760437308         1733242       8034       2000      10000          7
   0       14     1955     9996      6760437312      6760447308         1743242       8034       2000      10000          6
   0       14     1955     9996      6760447312      6760457308         1753242       8034       2000      10000          6
   0       14     1955     9996      6760457312      6760467308         1763242       8034       2000      10000          6
   0       14     1955     9996      6760467312      6760477308         1773242       8034       2000      10000          6
   0       14     1955     9996      6760477312      6760487308         1783242       8034       2000      10000          6
   0       14     1955     9997      6760487312      6760497308         1793242       8034       2000      10000          7
   0       14     1955     9996      6760497312      6760507308         1803242       8034       2000      10000          7
   0       14     1955     9996      6760507312      6760517308         1813242       8034       2000      10000          7
   0       14     1955     9996      6760517312      6760527308         1823242       8034       2000      10000          6
   0       14     1955     9996      6760527312      6760537308         1833242       8034       2000      10000          6
   0       14     1955     9996      6760537312      6760547308         1843242       8034       2000      10000          6
   0       14     1955     9996      6760547312      6760557308         1853242       8034       2000      10000          7
   0       14     1955     9996      6760557312      6760567308         1863242       8034       2000      10000          7
   0       14     1955     9996      6760567312      6760577308         1873242       8034       2000      10000          6
   0       14     1955     9996      6760577312      6760587308         1883242       8034       2000      10000          7
   0       14     1955     9996      6760587312      6760597308         1893242       8034       2000      10000          6
   0       14     1955     9996      6760597312      6760607308         1903242       8034       2000      10000          6
   0       14     1955     9996      6760607312      6760617308         1913242       8034       2000      10000          6
   0       14     1955     9996      6760617312      6760627308         1923242       8034       2000      10000          6
   0       14     1955     9996      6760627312      6760637308         1933242       8034       2000      10000          6
   0       14     1955     9996      6760637312      6760647308         1943242       8034       2000      10000          6
   0       14     1955     9996      6760647312      6760657308         1953242       8034       2000      10000          7
   0       14     1955     9996      6760657312      6760667308         1963242       8034       2000      10000          7
   0       14     1955     9996      6760667312      6760677308         1973242       8034       2000      10000          6
   0       14     1955     9996      6760677312      6760687308         1983242       8034       2000      10000          6
   0       14     1955     9996      6760687312      6760697308         1993242       8034       2000      10000          6
   0       14     1955     9985      6760697323      6760707308         2003253       8023       2000      10000          7
   0       14     1955     9996      6760707312      6760717308         2013242       8034       2000      10000          7
   0       14     1955     9996      6760717312      6760727308         2023242       8034       2000      10000          6
   0       14     1955     9996      6760727312      6760737308         2033242       8034       2000      10000          6
   0       14     1955     9997      6760737312      6760747309         2043242       8034       2000      10000          7
   0       14     1955     9996      6760747312      6760757308         2053242       8034       2000      10000          7
   0       14     1955     9996      6760757312      6760767308         2063242       8034       2000      10000          6
   0       14     1955     9996      6760767312      6760777308         2073242       8034       2000      10000          7
   0       14     1955     9996      6760777312      6760787308         2083242       8034       2000      10000          6
   0       14     1955     9996      6760787312      6760797308         2093242       8034       2000      10000          6
   0       14     1955     9996      6760797312      6760807308         2103242       8034       2000      10000          6
   0       14     1955     9996      6760807312      6760817308         2113242       8034       2000      10000          7
   0       14     1955     9996      6760817312      6760827308         2123242       8034       2000      10000          7
   0       14     1955     9996      6760827312      6760837308         2133242       8034       2000      10000          7
   0       14     1955     9996      6760837312      6760847308         2143242       8034       2000      10000          7
   0       14     1955     9996      6760847312      6760857308         2153242       8034       2000      10000          7
   0       14     1955     9996      6760857312      6760867308         2163242       8034       2000      10000          7
   0       14     1955     9996      6760867312      6760877308         2173242       8034       2000      10000          7
   0       14     1955     9996      6760877312      6760887308         2183242       8034       2000      10000          6
   0       14     1955     9996      6760887312      6760897308         2193242       8034       2000      10000          6
   0       14     1955     9996      6760897312      6760907308         2203242       8034       2000      10000          6
   0       14     1955     9996      6760907312      6760917308         2213242       8034       2000      10000          6
   0       14     1955     9996      6760917312      6760927308         2223242       8034       2000      10000          6
   0       14     1955     9996      6760927312      6760937308         2233242       8034       2000      10000          6
   0       14     1955     9996      6760937312      6760947308         2243242       8034       2000      10000          6
   0       14     1955     9996      6760947312      6760957308         2253242       8034       2000      10000          6
   0       14     1955     9996      6760957312      6760967308         2263242       8034       2000      10000          6
   0       14     1955     9996      6760967312      6760977308         2273242       8035       2000      10000          6
   0       14     1955     9996      6760977312      6760987308         2283242       8034       2000      10000          6
   0       14     1955     9996      6760987312      6760997308         2293242       8034       2000      10000          6
   0       14     1955     9997      6760997312      6761007309         2303242       8034       2000      10000          7
   0       14     1955     9995      6761007313      6761017308         2313243       8033       2000      10000          7
   0       14     1955     9996      6761017312      6761027308         2323242       8034       2000      10000          7
   0       14     1955     9985      6761027324      6761037308         2333254       8022       2000      10000          7
   0       14     1955     9996      6761037312      6761047308         2343242       8034       2000      10000          6
   0       14     1955     9996      6761047312      6761057308         2353242       8034       2000      10000          6
   0       14     1955     9996      6761057312      6761067308         2363242       8034       2000      10000          7
   0       14     1955     9996      6761067312      6761077308         2373242       8034       2000      10000          6
   0       14     1955     9996      6761077312      6761087308         2383242       8034       2000      10000          7
   0       14     1955     9996      6761087312      6761097308         2393242       8034       2000      10000          7
   0       14     1955     9996      6761097312      6761107308         2403242       8034       2000      10000          6
   0       14     1955     9996      6761107312      6761117308         2413242       8034       2000      10000          6
   0       14     1955     9996      6761117312      6761127308         2423242       8034       2000      10000          7
   0       14     1955     9996      6761127312      6761137308         2433242       8034       2000      10000          6
   0       14     1955     9996      6761137312      6761147308         2443242       8034       2000      10000          6
   0       14     1955     9996      6761147312      6761157308         2453242       8034       2000      10000          7
   0       14     1955     9996      6761157312      6761167308         2463242       8034       2000      10000          6
   0       14     1955     9996      6761167312      6761177308         2473242       8034       2000      10000          6
   0       14     1955     9997      6761177312      6761187308         2483242       8034       2000      10000          7
   0       14     1955     9996      6761187312      6761197308         2493242       8034       2000      10000          7
   0       14     1955     9996      6761197312      6761207308         2503242       8034       2000      10000          6
   0       14     1955     9996      6761207312      6761217308         2513242       8034       2000      10000          6
   0       14     1955     9996      6761217312      6761227308         2523242       8034       2000      10000          6
   0       14     1955     9996      6761227312      6761237308         2533242       8034       2000      10000          6
   0       14     1955     9996      6761237312      6761247308         2543242       8034       2000      10000          6
   0       14     1955     9996      6761247312      6761257308         2553242       8034       2000      10000          6
   0       14     1955     9996      6761257312      6761267308         2563242       8034       2000      10000          6
   0       14     1955     9996      6761267312      6761277308         2573242       8034       2000      10000          6
   0       14     1955     9996      6761277312      6761287308         2583242       8034       2000      10000          6
   0       14     1955     9996      6761287312      6761297308         2593242       8034       2000      10000          6
   0       14     1955     9996      6761297312      6761307308         2603242       8034       2000      10000          6
   0       14     1955    10000      6761307312      6761317312         2613242       8034       2000      10000         10
   0       14     1956     9994      6761317316      6761327309         2623246       8029       2000      10000          7
   0       14     1955     9995      6761327313      6761337308         2633243       8033       2000      10000          6
   0       14     1955     9997      6761337312      6761347308         2643242       8034       2000      10000          7
   0       14     1955     9996      6761347312      6761357308         2653242       8034       2000      10000          7
   0       14     1955     9984      6761357324      6761367308         2663254       8022       2000      10000          7
   0       14     1955     9996      6761367312      6761377308         2673242       8034       2000      10000          7
   0       14     1955     9996      6761377312      6761387308         2683242       8034       2000      10000          6
   0       14     1955     9996      6761387312      6761397308         2693242       8034       2000      10000          7
   0       14     1955     9996      6761397312      6761407308         2703242       8034       2000      10000          6
   0       14     1955     9996      6761407312      6761417308         2713242       8034       2000      10000          6
   0       14     1955     9997      6761417312      6761427309         2723242       8034       2000      10000          7
   0       14     1955     9996      6761427312      6761437308         2733242       8034       2000      10000          6
   0       14     1955     9996      6761437312      6761447308         2743242       8034       2000      10000          6
   0       14     1955     9996      6761447312      6761457308         2753242       8034       2000      10000          6
   0       14     1955     9996      6761457312      6761467308         2763242       8034       2000      10000          6
   0       14     1955     9996      6761467312      6761477308         2773242       8034       2000      10000          7
   0       14     1955     9996      6761477312      6761487308         2783242       8034       2000      10000          7
   0       14     1955     9996      6761487312      6761497308         2793242       8034       2000      10000          6
   0       14     1955     9996      6761497312      6761507308         2803242       8034       2000      10000          6
   0       14     1955     9997      6761507312      6761517308         2813242       8035       2000      10000          6
   0       14     1955     9996      6761517312      6761527308         2823242       8034       2000      10000          6
   0       14     1955     9996      6761527312      6761537308         2833242       8034       2000      10000          6
   0       14     1955     9996      6761537312      6761547308         2843242       8034       2000      10000          6
   0       14     1955     9997      6761547311      6761557308         2853241       8035       2000      10000          6
   0       14     1955     9996      6761557312      6761567308         2863242       8034       2000      10000          7
   0       14     1955     9996      6761567312      6761577308         2873242       8034       2000      10000          7
   0       14     1955     9997      6761577312      6761587308         2883242       8034       2000      10000          7
   0       14     1955     9996      6761587312      6761597308         2893242       8034       2000      10000          7
   0       14     1955     9996      6761597312      6761607308         2903242       8034       2000      10000          6
   0       14     1955     9996      6761607312      6761617308         2913242       8034       2000      10000          7
   0       14     1955     9996      6761617312      6761627308         2923242       8034       2000      10000          7
   0       14     1955     9996      6761627312      6761637308         2933242       8034       2000      10000          7
   0       14     1955     9996      6761637312      6761647308         2943242       8034       2000      10000          7
   0       14     1955     9999      6761647312      6761657311         2953242       8034       2000      10000          9
   0       14     1955     9994      6761657315      6761667308         2963245       8031       2000      10000          7
   0       14     1955     9996      6761667312      6761677308         2973242       8034       2000      10000          7
   0       14     1955     9996      6761677312      6761687308         2983242       8034       2000      10000          6
   0       14     1955     9985      6761687323      6761697308         2993253       8023       2000      10000          6
   0       14     1955     9996      6761697312      6761707308         3003242       8034       2000      10000          6
   0       14     1955     9996      6761707312      6761717308         3013242       8034       2000      10000          7
   0       14     1955     9996      6761717312      6761727308         3023242       8034       2000      10000          6
   0       14     1956     9997      6761727312      6761737309         3033242       8034       2000      10000          7
   0       14     1955     9996      6761737313      6761747308         3043243       8034       2000      10000          6
   0       14     1955     9996      6761747312      6761757308         3053242       8034       2000      10000          7
   0       14     1955     9996      6761757312      6761767308         3063242       8034       2000      10000          6
   0       14     1955     9996      6761767312      6761777308         3073242       8034       2000      10000          6
   0       14     1955     9996      6761777312      6761787308         3083242       8034       2000      10000          7
   0       14     1955     9996      6761787312      6761797308         3093242       8034       2000      10000          7
   0       14     1955     9996      6761797312      6761807308         3103242       8034       2000      10000          6
   0       14     1955     9996      6761807312      6761817308         3113242       8034       2000      10000          6
   0       14     1955     9997      6761817312      6761827308         3123242       8034       2000      10000          6
   0       14     1955     9996      6761827312      6761837308         3133242       8034       2000      10000          7
   0       14     1955     9996      6761837312      6761847308         3143242       8034       2000      10000          6
   0       14     1955     9996      6761847312      6761857308         3153242       8034       2000      10000          6
   0       14     1955     9996      6761857312      6761867308         3163242       8034       2000      10000          6
   0       14     1955     9996      6761867312      6761877308         3173242       8034       2000      10000          6
   0       14     1955     9996      6761877312      6761887308         3183242       8034       2000      10000          6
   0       14     1955     9996      6761887312      6761897308         3193242       8034       2000      10000          7
   0       14     1955     9996      6761897312      6761907308         3203242       8034       2000      10000          6
   0       14     1955     9996      6761907312      6761917308         3213242       8034       2000      10000          6
   0       14     1955     9996      6761917312      6761927308         3223242       8034       2000      10000          6
   0       14     1955     9997      6761927312      6761937308         3233242       8034       2000      10000          7
   0       14     1955     9996      6761937312      6761947308         3243242       8034       2000      10000          7
   0       14     1955     9996      6761947312      6761957308         3253242       8034       2000      10000          7
   0       14     1955     9996      6761957312      6761967308         3263242       8034       2000      10000          6
   0       14     1955     9996      6761967312      6761977308         3273242       8034       2000      10000          6
   0       14     1955     9996      6761977312      6761987308         3283242       8034       2000      10000          6
   0       14     1955     9996      6761987312      6761997308         3293242       8034       2000      10000          7
   0       14     1955     9996      6761997312      6762007308         3303242       8034       2000      10000          6
   0       14     1955     9997      6762007312      6762017309         3313242       8034       2000      10000          7
   0       14     1955     9985      6762017324      6762027309         3323254       8022       2000      10000          7
   0       14     1955     9996      6762027312      6762037308         3333242       8034       2000      10000          7
   0       14     1955     9996      6762037312      6762047308         3343242       8034       2000      10000          6
   0       14     1955     9997      6762047312      6762057308         3353242       8034       2000      10000          7
   0       14     1955     9996      6762057312      6762067308         3363242       8034       2000      10000          6
   0       14     1955     9996      6762067312      6762077308         3373242       8034       2000      10000          6
   0       14     1955     9996      6762077312      6762087308         3383242       8034       2000      10000          6
   0       14     1955     9996      6762087312      6762097308         3393242       8034       2000      10000          6
   0       14     1955     9996      6762097312      6762107308         3403242       8034       2000      10000          6
   0       14     1955     9996      6762107312      6762117308         3413242       8034       2000      10000          7
   0       14     1955     9996      6762117312      6762127308         3423242       8034       2000      10000          6
   0       14     1955     9996      6762127312      6762137308         3433242       8034       2000      10000          6
   0       14     1955     9996      6762137312      6762147308         3443242       8034       2000      10000          6
   0       14     1955     9996      6762147312      6762157308         3453242       8034       2000      10000          7
   0       14     1955     9996      6762157312      6762167308         3463242       8034       2000      10000          6
   0       14     1955     9996      6762167312      6762177308         3473242       8034       2000      10000          6
   0       14     1955     9996      6762177312      6762187308         3483242       8034       2000      10000          7
   0       14     1955     9996      6762187312      6762197308         3493242       8034       2000      10000          7
   0       14     1955     9996      6762197312      6762207308         3503242       8034       2000      10000          7
   0       14     1955     9996      6762207312      6762217308         3513242       8034       2000      10000          7
   0       14     1955     9996      6762217312      6762227308         3523242       8034       2000      10000          7
   0       14     1955     9996      6762227312      6762237308         3533242       8034       2000      10000          6
   0       14     1955     9996      6762237312      6762247308         3543242       8034       2000      10000          6
   0       14     1955     9996      6762247312      6762257308         3553242       8034       2000      10000          7
   0       14     1955     9996      6762257312      6762267308         3563242       8034       2000      10000          6
   0       14     1955     9996      6762267312      6762277308         3573242       8034       2000      10000          6
   0       14     1955     9996      6762277312      6762287308         3583242       8034       2000      10000          6
   0       14     1955     9996      6762287312      6762297308         3593242       8034       2000      10000          7
   0       14     1955     9996      6762297312      6762307308         3603242       8034       2000      10000          6
   0       14     1955     9997      6762307312      6762317309         3613242       8034       2000      10000          8
   0       14     1956     9996      6762317313      6762327309         3623243       8032       2000      10000          8
   0       14     1955     9995      6762327313      6762337308         3633243       8033       2000      10000          7
   0       14     1955     9996      6762337312      6762347308         3643242       8034       2000      10000          6
   0       14     1955     9985      6762347324      6762357308         3653254       8022       2000      10000          7
   0       14     1955     9996      6762357312      6762367308         3663242       8034       2000      10000          6
   0       14     1955     9996      6762367312      6762377308         3673242       8034       2000      10000          6
   0       14     1955     9996      6762377312      6762387308         3683242       8034       2000      10000          6
   0       14     1955     9996      6762387312      6762397308         3693242       8034       2000      10000          6
   0       14     1955     9997      6762397312      6762407308         3703242       8034       2000      10000          7
   0       14     1955     9996      6762407312      6762417308         3713242       8034       2000      10000          6
   0       14     1955     9996      6762417312      6762427308         3723242       8034       2000      10000          6
   0       14     1955     9997      6762427312      6762437309         3733242       8034       2000      10000          7
   0       14     1955     9996      6762437312      6762447308         3743242       8034       2000      10000          7
   0       14     1955     9996      6762447312      6762457308         3753242       8034       2000      10000          7
   0       14     1955     9996      6762457312      6762467308         3763242       8034       2000      10000          6
   0       14     1955     9997      6762467312      6762477308         3773242       8034       2000      10000          7
   0       14     1955     9996      6762477312      6762487308         3783242       8034       2000      10000          6
   0       14     1955     9996      6762487312      6762497308         3793242       8034       2000      10000          7
   0       14     1955     9996      6762497312      6762507308         3803242       8034       2000      10000          6
   0       14     1955     9997      6762507312      6762517308         3813242       8034       2000      10000          7
   0       14     1955     9996      6762517312      6762527308         3823242       8034       2000      10000          6
   0       14     1955     9997      6762527312      6762537308         3833242       8034       2000      10000          7
   0       14     1955     9996      6762537312      6762547308         3843242       8034       2000      10000          6
   0       14     1955     9997      6762547312      6762557308         3853242       8034       2000      10000          7
   0       14     1955     9996      6762557312      6762567308         3863242       8034       2000      10000          6
   0       14     1955     9996      6762567312      6762577308         3873242       8034       2000      10000          7
   0       14     1955     9996      6762577312      6762587308         3883242       8034       2000      10000          7
   0       14     1955     9996      6762587312      6762597308         3893242       8034       2000      10000          7
   0       14     1955     9996      6762597312      6762607308         3903242       8034       2000      10000          6
   0       14     1955     9996      6762607312      6762617308         3913242       8034       2000      10000          6
   0       14     1955     9996      6762617312      6762627308         3923242       8034       2000      10000          6
   0       14     1955     9996      6762627312      6762637308         3933242       8034       2000      10000          6
   0       14     1955     9996      6762637312      6762647308         3943242       8034       2000      10000          6
   0       14     1955     9996      6762647312      6762657308         3953242       8034       2000      10000          6
   0       14     1955     9996      6762657312      6762667308         3963242       8034       2000      10000          6
   0       14     1955     9996      6762667312      6762677308         3973242       8034       2000      10000          7
   0       14     1955     9985      6762677323      6762687308         3983253       8023       2000      10000          7
   0       14     1955     9996      6762687312      6762697308         3993242       8034       2000      10000          6
   0       14     1955     9996      6762697312      6762707308         4003242       8034       2000      10000          7
   0       14     1955     9996      6762707312      6762717308         4013242       8034       2000      10000          7
   0       14     1955     9996      6762717312      6762727308         4023242       8034       2000      10000          6
   0       14     1955     9996      6762727312      6762737308         4033242       8034       2000      10000          7
   0       14     1955     9996      6762737312      6762747308         4043242       8034       2000      10000          7
   0       14     1955     9996      6762747312      6762757308         4053242       8034       2000      10000          7
   0       14     1955     9996      6762757312      6762767308         4063242       8034       2000      10000          7
   0       14     1955     9996      6762767312      6762777308         4073242       8034       2000      10000          7
   0       14     1955     9996      6762777312      6762787308         4083242       8034       2000      10000          6
   0       14     1955     9996      6762787312      6762797308         4093242       8034       2000      10000          7
   0       14     1955     9996      6762797312      6762807308         4103242       8034       2000      10000          6
   0       14     1955     9996      6762807312      6762817308         4113242       8034       2000      10000          6
   0       14     1955     9996      6762817312      6762827308         4123242       8034       2000      10000          7
   0       14     1955     9996      6762827312      6762837308         4133242       8034       2000      10000          7
   0       14     1955     9996      6762837312      6762847308         4143242       8034       2000      10000          6
   0       14     1955     9997      6762847312      6762857308         4153242       8034       2000      10000          7
   0       14     1955     9996      6762857312      6762867308         4163242       8034       2000      10000          7
   0       14     1955     9996      6762867312      6762877308         4173242       8034       2000      10000          7
   0       14     1955     9996      6762877312      6762887308         4183242       8034       2000      10000          6
   0       14     1955     9996      6762887312      6762897308         4193242       8034       2000      10000          6
   0       14     1955     9996      6762897312      6762907308         4203242       8034       2000      10000          6
   0       14     1955     9996      6762907312      6762917308         4213242       8034       2000      10000          6
   0       14     1955     9996      6762917312      6762927308         4223242       8034       2000      10000          6
   0       14     1955     9997      6762927312      6762937308         4233242       8034       2000      10000          7
   0       14     1955     9996      6762937312      6762947308         4243242       8034       2000      10000          7
   0       14     1955     9996      6762947312      6762957308         4253242       8034       2000      10000          7
   0       14     1955     9996      6762957312      6762967308         4263242       8034       2000      10000          6
   0       14     1955     9996      6762967312      6762977308         4273242       8034       2000      10000          6
   0       14     1955     9996      6762977312      6762987308         4283242       8034       2000      10000          6
   0       14     1955     9996      6762987312      6762997308         4293242       8034       2000      10000          6
   0       14     1955     9996      6762997312      6763007308         4303242       8034       2000      10000          6
   0       14     1955     9985      6763007323      6763017308         4313253       8023       2000      10000          7
   0       14     1955     9996      6763017312      6763027308         4323242       8034       2000      10000          6
   0       14     1955     9996      6763027312      6763037308         4333242       8034       2000      10000          6
   0       14     1955     9996      6763037312      6763047308         4343242       8034       2000      10000          6
   0       14     1955     9996      6763047312      6763057308         4353242       8034       2000      10000          6
   0       14     1955     9996      6763057312      6763067308         4363242       8034       2000      10000          6
   0       14     1955     9996      6763067312      6763077308         4373242       8034       2000      10000          6
   0       14     1955     9996      6763077312      6763087308         4383242       8034       2000      10000          6
   0       14     1955     9996      6763087312      6763097308         4393242       8034       2000      10000          6
   0       14     1955     9996      6763097312      6763107308         4403242       8034       2000      10000          6
   0       14     1955     9996      6763107312      6763117308         4413242       8034       2000      10000          6
   0       14     1955     9996      6763117312      6763127308         4423242       8034       2000      10000          6
   0       14     1955     9996      6763127312      6763137308         4433242       8034       2000      10000          6
   0       14     1955     9996      6763137312      6763147308         4443242       8034       2000      10000          6
   0       14     1955     9996      6763147312      6763157308         4453242       8034       2000      10000          6
   0       14     1955     9997      6763157312      6763167308         4463242       8034       2000      10000          7
   0       14     1955     9996      6763167312      6763177308         4473242       8034       2000      10000          7
   0       14     1955     9996      6763177312      6763187308         4483242       8034       2000      10000          6
   0       14     1955     9996      6763187312      6763197308         4493242       8034       2000      10000          6
   0       14     1955     9996      6763197312      6763207308         4503242       8034       2000      10000          6
   0       14     1955     9996      6763207312      6763217308         4513242       8034       2000      10000          6
   0       14     1955     9996      6763217312      6763227308         4523242       8034       2000      10000          6
   0       14     1955     9996      6763227312      6763237308         4533242       8034       2000      10000          6
   0       14     1955     9996      6763237312      6763247308         4543242       8034       2000      10000          6
   0       14     1955     9996      6763247312      6763257308         4553242       8034       2000      10000          6
   0       14     1955     9996      6763257312      6763267308         4563242       8034       2000      10000          6
   0       14     1955     9996      6763267312      6763277308         4573242       8034       2000      10000          6
   0       14     1955     9996      6763277312      6763287308         4583242       8034       2000      10000          6
   0       14     1955     9996      6763287312      6763297308         4593242       8034       2000      10000          6
   0       14     1955     9996      6763297312      6763307308         4603242       8034       2000      10000          6
   0       14     1955     9998      6763307312      6763317310         4613242       8034       2000      10000          8
   0       14     1956     9995      6763317313      6763327309         4623243       8032       2000      10000          7
   0       14     1955     9996      6763327312      6763337308         4633242       8034       2000      10000          7
   0       14     1955     9983      6763337326      6763347308         4643256       8020       2000      10000          7
   0       14     1955     9996      6763347312      6763357308         4653242       8034       2000      10000          7
   0       14     1955     9996      6763357312      6763367308         4663242       8034       2000      10000          7
   0       14     1955     9996      6763367312      6763377308         4673242       8034       2000      10000          6
   0       14     1955     9996      6763377312      6763387308         4683242       8034       2000      10000          6
   0       14     1955     9996      6763387312      6763397308         4693242       8034       2000      10000          7
   0       14     1955     9996      6763397312      6763407308         4703242       8034       2000      10000          6
   0       14     1955     9996      6763407312      6763417308         4713242       8034       2000      10000          7
   0       14     1955     9996      6763417312      6763427308         4723242       8034       2000      10000          6
   0       14     1955     9997      6763427312      6763437308         4733242       8034       2000      10000          7
   0       14     1955     9996      6763437312      6763447308         4743242       8034       2000      10000          6
   0       14     1955     9996      6763447312      6763457308         4753242       8034       2000      10000          7
   0       14     1955     9996      6763457312      6763467308         4763242       8034       2000      10000          6
   0       14     1955     9996      6763467312      6763477308         4773242       8034       2000      10000          7
   0       14     1955     9996      6763477312      6763487308         4783242       8034       2000      10000          6
   0       14     1955     9996      6763487312      6763497308         4793242       8034       2000      10000          6
   0       14     1955     9996      6763497312      6763507308         4803242       8034       2000      10000          6
   0       14     1955     9996      6763507312      6763517308         4813242       8034       2000      10000          7
   0       14     1955     9996      6763517312      6763527308         4823242       8034       2000      10000          6
   0       14     1955     9996      6763527312      6763537308         4833242       8034       2000      10000          7
   0       14     1955     9996      6763537312      6763547308         4843242       8034       2000      10000          7
   0       14     1955     9996      6763547312      6763557308         4853242       8034       2000      10000          7
   0       14     1955     9996      6763557312      6763567308         4863242       8034       2000      10000          7
   0       14     1955     9996      6763567312      6763577308         4873242       8034       2000      10000          7
   0       14     1955     9996      6763577312      6763587308         4883242       8034       2000      10000          7
   0       14     1955     9996      6763587312      6763597308         4893242       8034       2000      10000          7
   0       14     1955     9996      6763597312      6763607308         4903242       8034       2000      10000          7
   0       14     1955     9996      6763607312      6763617308         4913242       8034       2000      10000          7
   0       14     1955     9996      6763617312      6763627308         4923242       8034       2000      10000          7
   0       14     1955     9996      6763627312      6763637308         4933242       8034       2000      10000          6
   0       14     1955     9996      6763637312      6763647308         4943242       8034       2000      10000          7
   0       14     1955     9996      6763647312      6763657308         4953242       8034       2000      10000          6
   0       14     1955     9996      6763657312      6763667308         4963242       8034       2000      10000          6
   0       14     1955     9986      6763667322      6763677308         4973252       8024       2000      10000          7
   0       14     1955     9996      6763677312      6763687308         4983242       8034       2000      10000          6
   0       14     1955     9998      6763687312      6763697309         4993242       8034       2000      10000          8
   0       14     1955     9994      6763697314      6763707308         5003244       8031       2000      10000          7
   0       14     1955     9996      6763707312      6763717308         5013242       8034       2000      10000          7
   0       14     1955     9996      6763717312      6763727308         5023242       8034       2000      10000          6
   0       14     1955     9996      6763727312      6763737308         5033242       8034       2000      10000          7
   0       14     1955     9996      6763737312      6763747308         5043242       8034       2000      10000          7
   0       14     1955     9996      6763747312      6763757308         5053242       8034       2000      10000          6
   0       14     1955     9996      6763757312      6763767308         5063242       8034       2000      10000          7
   0       14     1955     9996      6763767312      6763777308         5073242       8034       2000      10000          7
   0       14     1955     9996      6763777312      6763787308         5083242       8034       2000      10000          7
   0       14     1955     9996      6763787312      6763797308         5093242       8034       2000      10000          6
   0       14     1955     9996      6763797312      6763807308         5103242       8034       2000      10000          7
   0       14     1955     9996      6763807312      6763817308         5113242       8034       2000      10000          7
   0       14     1955     9996      6763817312      6763827308         5123242       8034       2000      10000          7
   0       14     1955     9996      6763827312      6763837308         5133242       8034       2000      10000          6
   0       14     1955     9996      6763837312      6763847308         5143242       8034       2000      10000          6
   0       14     1955     9996      6763847312      6763857308         5153242       8034       2000      10000          6
   0       14     1955     9996      6763857312      6763867308         5163242       8034       2000      10000          6
   0       14     1955     9997      6763867312      6763877309         5173242       8034       2000      10000          7
   0       14     1955     9996      6763877312      6763887308         5183242       8034       2000      10000          7
   0       14     1955     9996      6763887312      6763897308         5193242       8034       2000      10000          7
   0       14     1955     9996      6763897312      6763907308         5203242       8034       2000      10000          6
   0       14     1955     9997      6763907312      6763917308         5213242       8034       2000      10000          7
   0       14     1955     9996      6763917312      6763927308         5223242       8034       2000      10000          7
   0       14     1955     9996      6763927312      6763937308         5233242       8034       2000      10000          6
   0       14     1955     9996      6763937312      6763947308         5243242       8034       2000      10000          6
   0       14     1955     9996      6763947312      6763957308         5253242       8034       2000      10000          6
   0       14     1955     9996      6763957312      6763967308         5263242       8034       2000      10000          7
   0       14     1955     9996      6763967312      6763977308         5273242       8034       2000      10000          7
   0       14     1955     9996      6763977312      6763987308         5283242       8034       2000      10000          6
   0       14     1955     9996      6763987312      6763997308         5293242       8034       2000      10000          6
   0       14     1955     9980      6763997329      6764007308         5303259       8017       2000      10000          7
   0       14     1955     9996      6764007312      6764017308         5313242       8034       2000      10000          7
   0       14     1955     9996      6764017312      6764027308         5323242       8034       2000      10000          7
   0       14     1955     9996      6764027312      6764037308         5333242       8034       2000      10000          7
   0       14     1955     9996      6764037312      6764047308         5343242       8034       2000      10000          7
   0       14     1955     9996      6764047312      6764057308         5353242       8034       2000      10000          7
   0       14     1955     9996      6764057312      6764067308         5363242       8034       2000      10000          7
   0       14     1955     9996      6764067312      6764077308         5373242       8034       2000      10000          6
   0       14     1955     9996      6764077312      6764087308         5383242       8034       2000      10000          6
   0       14     1955     9996      6764087312      6764097308         5393242       8034       2000      10000          7
   0       14     1955     9996      6764097312      6764107308         5403242       8034       2000      10000          7
   0       14     1955     9996      6764107312      6764117308         5413242       8034       2000      10000          6
   0       14     1955     9996      6764117312      6764127308         5423242       8034       2000      10000          6
   0       14     1955     9996      6764127312      6764137308         5433242       8034       2000      10000          6
   0       14     1955     9996      6764137312      6764147308         5443242       8034       2000      10000          6
   0       14     1955     9996      6764147312      6764157308         5453242       8034       2000      10000          6
   0       14     1955     9996      6764157312      6764167308         5463242       8034       2000      10000          6
   0       14     1955     9996      6764167312      6764177308         5473242       8034       2000      10000          6
   0       14     1955     9996      6764177312      6764187308         5483242       8034       2000      10000          7
   0       14     1955     9996      6764187312      6764197308         5493242       8034       2000      10000          6
   0       14     1955     9996      6764197312      6764207308         5503242       8034       2000      10000          6
   0       14     1955     9996      6764207312      6764217308         5513242       8034       2000      10000          6
   0       14     1955     9996      6764217312      6764227308         5523242       8034       2000      10000          7
   0       14     1955     9997      6764227312      6764237308         5533242       8034       2000      10000          7
   0       14     1955     9996      6764237312      6764247308         5543242       8034       2000      10000          6
   0       14     1955     9996      6764247312      6764257308         5553242       8034       2000      10000          6
   0       14     1955     9996      6764257312      6764267308         5563242       8034       2000      10000          6
   0       14     1955     9996      6764267312      6764277308         5573242       8034       2000      10000          6
   0       14     1955     9996      6764277312      6764287308         5583242       8034       2000      10000          6
   0       14     1955     9996      6764287312      6764297308         5593242       8034       2000      10000          6
   0       14     1955     9996      6764297312      6764307308         5603242       8034       2000      10000          6
   0       14     1955     9998      6764307312      6764317309         5613242       8034       2000      10000          8
   0       14     1956     9996      6764317313      6764327309         5623243       8032       2000      10000          7
   0       14     1955     9981      6764327327      6764337309         5633257       8019       2000      10000          7
   0       14     1955     9996      6764337312      6764347308         5643242       8034       2000      10000          6
   0       14     1955     9996      6764347312      6764357308         5653242       8034       2000      10000          7
   0       14     1955     9996      6764357312      6764367308         5663242       8034       2000      10000          7
   0       14     1955     9996      6764367312      6764377308         5673242       8034       2000      10000          6
   0       14     1955     9996      6764377312      6764387308         5683242       8034       2000      10000          6
   0       14     1955     9996      6764387312      6764397308         5693242       8034       2000      10000          7
   0       14     1955     9996      6764397312      6764407308         5703242       8034       2000      10000          6
   0       14     1955     9996      6764407312      6764417308         5713242       8034       2000      10000          6
   0       14     1955     9996      6764417312      6764427308         5723242       8034       2000      10000          6
   0       14     1955     9996      6764427312      6764437308         5733242       8034       2000      10000          6
   0       14     1955     9996      6764437312      6764447308         5743242       8034       2000      10000          6
   0       14     1955     9996      6764447312      6764457308         5753242       8034       2000      10000          6
   0       14     1955     9996      6764457312      6764467308         5763242       8034       2000      10000          6
   0       14     1955     9997      6764467312      6764477309         5773242       8034       2000      10000          7
   0       14     1955     9996      6764477312      6764487309         5783242       8034       2000      10000          7
   0       14     1955     9996      6764487312      6764497308         5793242       8034       2000      10000          6
   0       14     1955     9996      6764497312      6764507308         5803242       8034       2000      10000          6
   0       14     1955     9996      6764507312      6764517308         5813242       8034       2000      10000          6
   0       14     1955     9996      6764517312      6764527308         5823242       8034       2000      10000          6
   0       14     1955     9996      6764527312      6764537308         5833242       8034       2000      10000          6
   0       14     1955     9996      6764537312      6764547308         5843242       8034       2000      10000          6
   0       14     1955     9996      6764547312      6764557308         5853242       8034       2000      10000          6
   0       14     1955     9996      6764557312      6764567308         5863242       8034       2000      10000          6
   0       14     1955     9997      6764567312      6764577308         5873242       8034       2000      10000          7
   0       14     1955     9996      6764577312      6764587308         5883242       8034       2000      10000          7
   0       14     1955     9996      6764587312      6764597308         5893242       8034       2000      10000          7
   0       14     1955     9996      6764597312      6764607308         5903242       8034       2000      10000          6
   0       14     1955     9996      6764607312      6764617308         5913242       8034       2000      10000          6
   0       14     1955     9996      6764617312      6764627308         5923242       8034       2000      10000          6
   0       14     1955     9996      6764627312      6764637308         5933242       8034       2000      10000          6
   0       14     1955     9997      6764637312      6764647308         5943242       8035       2000      10000          6
   0       14     1955     9996      6764647312      6764657308         5953242       8034       2000      10000          6
   0       14     1955     9986      6764657323      6764667308         5963253       8023       2000      10000          7
   0       14     1955     9996      6764667312      6764677308         5973242       8034       2000      10000          7
   0       14     1955     9996      6764677312      6764687308         5983242       8034       2000      10000          7
   0       14     1955     9996      6764687312      6764697308         5993242       8034       2000      10000          7
   0       14     1955     9996      6764697312      6764707308         6003242       8034       2000      10000          6
   0       14     1955     9996      6764707312      6764717308         6013242       8034       2000      10000          7
   0       14     1955     9996      6764717312      6764727308         6023242       8034       2000      10000          7
   0       14     1955     9996      6764727312      6764737308         6033242       8034       2000      10000          7
   0       14     1955     9996      6764737312      6764747308         6043242       8034       2000      10000          6
   0       14     1955     9996      6764747312      6764757308         6053242       8034       2000      10000          6
   0       14     1955     9996      6764757312      6764767308         6063242       8034       2000      10000          6
   0       14     1955     9996      6764767312      6764777308         6073242       8034       2000      10000          6
   0       14     1955     9996      6764777312      6764787308         6083242       8034       2000      10000          6
   0       14     1955     9996      6764787312      6764797308         6093242       8034       2000      10000          6
   0       14     1955     9996      6764797312      6764807308         6103242       8034       2000      10000          6
   0       14     1955     9996      6764807312      6764817308         6113242       8034       2000      10000          7
   0       14     1955     9996      6764817312      6764827308         6123242       8034       2000      10000          6
   0       14     1955     9996      6764827312      6764837308         6133242       8034       2000      10000          6
   0       14     1955     9996      6764837312      6764847308         6143242       8034       2000      10000          7
   0       14     1955     9996      6764847312      6764857308         6153242       8034       2000      10000          7
   0       14     1955     9996      6764857312      6764867308         6163242       8034       2000      10000          7
   0       14     1955     9996      6764867312      6764877308         6173242       8034       2000      10000          7
   0       14     1955     9996      6764877312      6764887308         6183242       8034       2000      10000          6
   0       14     1955     9996      6764887312      6764897308         6193242       8034       2000      10000          7
   0       14     1955     9996      6764897312      6764907308         6203242       8034       2000      10000          6
   0       14     1955     9996      6764907312      6764917308         6213242       8034       2000      10000          7
   0       14     1955     9996      6764917312      6764927308         6223242       8034       2000      10000          6
   0       14     1955     9996      6764927312      6764937308         6233242       8034       2000      10000          7
   0       14     1955     9996      6764937312      6764947308         6243242       8034       2000      10000          6
   0       14     1955     9996      6764947312      6764957308         6253242       8034       2000      10000          6
   0       14     1955     9996      6764957312      6764967308         6263242       8034       2000      10000          6
   0       14     1955     9996      6764967312      6764977308         6273242       8034       2000      10000          7
   0       14     1955     9996      6764977312      6764987308         6283242       8034       2000      10000          6
   0       14     1955     9986      6764987322      6764997308         6293252       8024       2000      10000          7
   0       14     1955     9996      6764997312      6765007308         6303242       8034       2000      10000          7
   0       14     1955     9996      6765007312      6765017308         6313242       8034       2000      10000          7
   0       14     1955     9996      6765017312      6765027308         6323242       8034       2000      10000          7
   0       14     1955     9996      6765027312      6765037308         6333242       8034       2000      10000          7
   0       14     1955     9996      6765037312      6765047308         6343242       8034       2000      10000          6
   0       14     1955     9996      6765047312      6765057308         6353242       8034       2000      10000          6
   0       14     1955     9996      6765057312      6765067308         6363242       8034       2000      10000          6
   0       14     1955     9996      6765067312      6765077308         6373242       8034       2000      10000          6
   0       14     1955     9996      6765077312      6765087308         6383242       8034       2000      10000          6
   0       14     1955     9996      6765087311      6765097307         6393241       8035       2000      10000          6
   0       14     1955     9997      6765097311      6765107308         6403241       8035       2000      10000          6
   0       14     1955     9996      6765107312      6765117308         6413242       8034       2000      10000          6
   0       14     1955     9996      6765117312      6765127308         6423242       8034       2000      10000          7
   0       14     1955     9996      6765127312      6765137308         6433242       8034       2000      10000          7
   0       14     1955     9996      6765137312      6765147308         6443242       8034       2000      10000          6
   0       14     1955     9996      6765147312      6765157308         6453242       8034       2000      10000          7
   0       14     1955     9996      6765157312      6765167308         6463242       8034       2000      10000          7
   0       14     1955     9996      6765167312      6765177308         6473242       8034       2000      10000          6
   0       14     1955     9996      6765177312      6765187308         6483242       8034       2000      10000          6
   0       14     1955     9997      6765187312      6765197308         6493242       8034       2000      10000          7
   0       14     1955     9996      6765197312      6765207308         6503242       8034       2000      10000          7
   0       14     1955     9996      6765207312      6765217308         6513242       8034       2000      10000          7
   0       14     1955     9996      6765217312      6765227308         6523242       8034       2000      10000          7
   0       14     1955     9996      6765227312      6765237308         6533242       8034       2000      10000          7
   0       14     1955     9996      6765237312      6765247308         6543242       8034       2000      10000          6
   0       14     1955     9997      6765247311      6765257308         6553241       8035       2000      10000          6
   0       14     1955     9996      6765257312      6765267308         6563242       8034       2000      10000          6
   0       14     1955     9996      6765267312      6765277308         6573242       8034       2000      10000          6
   0       14     1955     9996      6765277312      6765287308         6583242       8034       2000      10000          6
   0       14     1955     9996      6765287312      6765297308         6593242       8034       2000      10000          7
   0       14     1955     9996      6765297312      6765307308         6603242       8034       2000      10000          6
   0       14     1955     9999      6765307312      6765317310         6613242       8034       2000      10000          9
   0       14     1956     9983      6765317327      6765327309         6623257       8018       2000      10000          8
   0       14     1955     9995      6765327313      6765337308         6633243       8033       2000      10000          7
   0       14     1955     9996      6765337312      6765347308         6643242       8034       2000      10000          7
   0       14     1955     9997      6765347312      6765357309         6653242       8034       2000      10000          7
   0       14     1955     9996      6765357312      6765367308         6663242       8034       2000      10000          7
   0       14     1955     9996      6765367312      6765377308         6673242       8034       2000      10000          7
   0       14     1955     9996      6765377312      6765387308         6683242       8034       2000      10000          6
   0       14     1955     9997      6765387312      6765397308         6693242       8034       2000      10000          7
   0       14     1955     9996      6765397312      6765407308         6703242       8034       2000      10000          7
   0       14     1955     9997      6765407312      6765417308         6713242       8034       2000      10000          7
   0       14     1955     9996      6765417312      6765427308         6723242       8034       2000      10000          7
   0       14     1955     9996      6765427312      6765437308         6733242       8034       2000      10000          7
   0       14     1955     9996      6765437312      6765447308         6743242       8034       2000      10000          7
   0       14     1955     9996      6765447312      6765457308         6753242       8034       2000      10000          7
   0       14     1955     9996      6765457312      6765467308         6763242       8034       2000      10000          6
   0       14     1955     9996      6765467312      6765477308         6773242       8034       2000      10000          6
   0       14     1955     9997      6765477312      6765487308         6783242       8034       2000      10000          7
   0       14     1955     9996      6765487312      6765497308         6793242       8034       2000      10000          6
   0       14     1955     9998      6765497311      6765507309         6803241       8035       2000      10000          7
   0       14     1955     9995      6765507313      6765517308         6813243       8033       2000      10000          7
   0       14     1955     9996      6765517312      6765527308         6823242       8034       2000      10000          6
   0       14     1955     9996      6765527312      6765537308         6833242       8034       2000      10000          6
   0       14     1955     9996      6765537312      6765547308         6843242       8034       2000      10000          6
   0       14     1955     9996      6765547312      6765557308         6853242       8034       2000      10000          6
   0       14     1955     9996      6765557312      6765567308         6863242       8034       2000      10000          6
   0       14     1955     9996      6765567312      6765577308         6873242       8034       2000      10000          6
   0       14     1955     9996      6765577312      6765587308         6883242       8034       2000      10000          7
   0       14     1955     9996      6765587312      6765597308         6893242       8034       2000      10000          6
   0       14     1955     9996      6765597312      6765607308         6903242       8034       2000      10000          6
   0       14     1955     9996      6765607312      6765617308         6913242       8034       2000      10000          6
   0       14     1955     9996      6765617312      6765627308         6923242       8034       2000      10000          6
   0       14     1955     9996      6765627312      6765637308         6933242       8034       2000      10000          6
   0       14     1955     9996      6765637312      6765647308         6943242       8034       2000      10000          6
   0       14     1955     9985      6765647323      6765657308         6953253       8023       2000      10000          7
   0       14     1955     9996      6765657312      6765667308         6963242       8034       2000      10000          6
   0       14     1955     9996      6765667312      6765677308         6973242       8034       2000      10000          6
   0       14     1955     9996      6765677312      6765687308         6983242       8034       2000      10000          6
   0       14     1955     9996      6765687312      6765697308         6993242       8034       2000      10000          7
   0       14     1955     9996      6765697312      6765707308         7003242       8034       2000      10000          7
   0       14     1955     9996      6765707312      6765717308         7013242       8034       2000      10000          6
   0       14     1955     9996      6765717312      6765727308         7023242       8034       2000      10000          6
   0       14     1955     9996      6765727312      6765737308         7033242       8034       2000      10000          6
   0       14     1955     9996      6765737312      6765747308         7043242       8034       2000      10000          6
   0       14     1955     9996      6765747312      6765757308         7053242       8034       2000      10000          6
   0       14     1955     9996      6765757312      6765767308         7063242       8034       2000      10000          6
   0       14     1955     9996      6765767312      6765777308         7073242       8034       2000      10000          6
   0       14     1955     9996      6765777312      6765787308         7083242       8034       2000      10000          7
   0       14     1955     9996      6765787312      6765797308         7093242       8034       2000      10000          6
   0       14     1955     9996      6765797312      6765807308         7103242       8034       2000      10000          6
   0       14     1955     9996      6765807312      6765817308         7113242       8034       2000      10000          6
   0       14     1955     9996      6765817312      6765827308         7123242       8034       2000      10000          6
   0       14     1955     9996      6765827312      6765837308         7133242       8034       2000      10000          6
   0       14     1955     9996      6765837312      6765847308         7143242       8034       2000      10000          6
   0       14     1955     9996      6765847312      6765857308         7153242       8034       2000      10000          6
   0       14     1955     9996      6765857312      6765867308         7163242       8034       2000      10000          6
   0       14     1955     9996      6765867312      6765877308         7173242       8034       2000      10000          7
   0       14     1955     9996      6765877312      6765887308         7183242       8034       2000      10000          7
   0       14     1955     9996      6765887312      6765897308         7193242       8034       2000      10000          6
   0       14     1955     9996      6765897312      6765907308         7203242       8034       2000      10000          6
   0       14     1955     9996      6765907312      6765917308         7213242       8034       2000      10000          6
   0       14     1955     9996      6765917312      6765927308         7223242       8034       2000      10000          6
   0       14     1955     9996      6765927312      6765937308         7233242       8034       2000      10000          7
   0       14     1955     9996      6765937312      6765947308         7243242       8034       2000      10000          6
   0       14     1955     9996      6765947312      6765957308         7253242       8034       2000      10000          6
   0       14     1955     9996      6765957312      6765967308         7263242       8034       2000      10000          6
   0       14     1955     9996      6765967312      6765977308         7273242       8034       2000      10000          6
   0       14     1955     9986      6765977322      6765987308         7283252       8024       2000      10000          7
   0       14     1955     9996      6765987312      6765997308         7293242       8034       2000      10000          6
   0       14     1955     9997      6765997312      6766007308         7303242       8034       2000      10000          7
   0       14     1955     9996      6766007312      6766017308         7313242       8034       2000      10000          7
   0       14     1955     9996      6766017312      6766027308         7323242       8034       2000      10000          7
   0       14     1955     9996      6766027312      6766037308         7333242       8034       2000      10000          7
   0       14     1955     9996      6766037312      6766047308         7343242       8034       2000      10000          6
   0       14     1955     9996      6766047312      6766057308         7353242       8034       2000      10000          6
   0       14     1955     9996      6766057312      6766067308         7363242       8034       2000      10000          7
   0       14     1955     9996      6766067312      6766077308         7373242       8034       2000      10000          6
   0       14     1955     9996      6766077312      6766087308         7383242       8034       2000      10000          7
   0       14     1955     9996      6766087312      6766097308         7393242       8034       2000      10000          7
   0       14     1955     9996      6766097312      6766107308         7403242       8034       2000      10000          7
   0       14     1955     9996      6766107312      6766117308         7413242       8034       2000      10000          7
   0       14     1955     9996      6766117312      6766127308         7423242       8034       2000      10000          7
   0       14     1955     9996      6766127312      6766137308         7433242       8034       2000      10000          6
   0       14     1955     9996      6766137312      6766147308         7443242       8034       2000      10000          7
   0       14     1955     9996      6766147312      6766157308         7453242       8034       2000      10000          6
   0       14     1955     9996      6766157312      6766167308         7463242       8034       2000      10000          6
   0       14     1955     9996      6766167312      6766177308         7473242       8034       2000      10000          7
   0       14     1955     9996      6766177312      6766187308         7483242       8034       2000      10000          7
   0       14     1955     9996      6766187312      6766197308         7493242       8034       2000      10000          6
   0       14     1955     9996      6766197312      6766207308         7503242       8034       2000      10000          6
   0       14     1955     9996      6766207312      6766217308         7513242       8034       2000      10000          6
   0       14     1955     9996      6766217312      6766227308         7523242       8034       2000      10000          6
   0       14     1955     9996      6766227312      6766237308         7533242       8034       2000      10000          6
   0       14     1955     9996      6766237312      6766247308         7543242       8034       2000      10000          6
   0       14     1955     9996      6766247312      6766257308         7553242       8034       2000      10000          6
   0       14     1955     9996      6766257312      6766267308         7563242       8034       2000      10000          6
   0       14     1955     9996      6766267312      6766277308         7573242       8034       2000      10000          6
   0       14     1955     9996      6766277312      6766287308         7583242       8034       2000      10000          6
   0       14     1955     9996      6766287312      6766297308         7593242       8034       2000      10000          6
   0       14     1955     9996      6766297312      6766307308         7603242       8034       2000      10000          6
   0       14     1955     9988      6766307322      6766317310         7613252       8024       2000      10000          8
   0       14     1956     9995      6766317314      6766327309         7623244       8031       2000      10000          7
   0       14     1955     9995      6766327313      6766337308         7633243       8033       2000      10000          6
   0       14     1955     9997      6766337312      6766347309         7643242       8034       2000      10000          7
   0       14     1955     9996      6766347312      6766357308         7653242       8034       2000      10000          7
   0       14     1955     9996      6766357312      6766367308         7663242       8034       2000      10000          6
   0       14     1955     9997      6766367312      6766377308         7673242       8034       2000      10000          7
   0       14     1955     9996      6766377312      6766387308         7683242       8034       2000      10000          6
   0       14     1955     9996      6766387312      6766397308         7693242       8034       2000      10000          6
   0       14     1955     9996      6766397312      6766407308         7703242       8034       2000      10000          6
   0       14     1955     9996      6766407312      6766417308         7713242       8034       2000      10000          7
   0       14     1955     9996      6766417312      6766427308         7723242       8034       2000      10000          6
   0       14     1955     9996      6766427312      6766437308         7733242       8034       2000      10000          6
   0       14     1955     9996      6766437312      6766447308         7743242       8034       2000      10000          6
   0       14     1955     9996      6766447312      6766457308         7753242       8034       2000      10000          6
   0       14     1955     9996      6766457312      6766467308         7763242       8034       2000      10000          6
   0       14     1955     9996      6766467312      6766477308         7773242       8034       2000      10000          6
   0       14     1955     9996      6766477312      6766487308         7783242       8034       2000      10000          6
   0       14     1955     9996      6766487312      6766497308         7793242       8034       2000      10000          6
   0       14     1955     9997      6766497312      6766507308         7803242       8034       2000      10000          7
   0       14     1955     9996      6766507312      6766517308         7813242       8034       2000      10000          6
   0       14     1955     9996      6766517312      6766527308         7823242       8034       2000      10000          6
   0       14     1955     9996      6766527312      6766537308         7833242       8034       2000      10000          6
   0       14     1955     9996      6766537312      6766547308         7843242       8034       2000      10000          6
   0       14     1955     9996      6766547312      6766557308         7853242       8034       2000      10000          6
   0       14     1955     9996      6766557312      6766567308         7863242       8034       2000      10000          6
   0       14     1955     9997      6766567312      6766577308         7873242       8034       2000      10000          7
   0       14     1955     9997      6766577312      6766587309         7883242       8034       2000      10000          7
   0       14     1955     9996      6766587312      6766597308         7893242       8034       2000      10000          6
   0       14     1955     9996      6766597312      6766607308         7903242       8034       2000      10000          6
   0       14     1955     9996      6766607312      6766617308         7913242       8034       2000      10000          7
   0       14     1955     9996      6766617312      6766627308         7923242       8034       2000      10000          7
   0       14     1955     9996      6766627312      6766637308         7933242       8034       2000      10000          7
   0       14     1955     9985      6766637323      6766647308         7943253       8023       2000      10000          7
   0       14     1955     9996      6766647312      6766657308         7953242       8034       2000      10000          7
   0       14     1955     9996      6766657312      6766667308         7963242       8034       2000      10000          7
   0       14     1955     9996      6766667312      6766677308         7973242       8034       2000      10000          7
   0       14     1955     9996      6766677312      6766687308         7983242       8034       2000      10000          7
   0       14     1955     9996      6766687312      6766697308         7993242       8034       2000      10000          7
   0       14     1955     9996      6766697312      6766707308         8003242       8034       2000      10000          7
   0       14     1955     9996      6766707312      6766717308         8013242       8034       2000      10000          7
   0       14     1955     9996      6766717312      6766727308         8023242       8034       2000      10000          7
   0       14     1955     9996      6766727312      6766737308         8033242       8034       2000      10000          7
   0       14     1955     9996      6766737312      6766747308         8043242       8034       2000      10000          7
   0       14     1955     9996      6766747312      6766757308         8053242       8034       2000      10000          7
   0       14     1955     9996      6766757312      6766767308         8063242       8034       2000      10000          7
   0       14     1955     9996      6766767312      6766777308         8073242       8034       2000      10000          6
   0       14     1955     9996      6766777312      6766787308         8083242       8034       2000      10000          6
   0       14     1955     9996      6766787312      6766797308         8093242       8034       2000      10000          6
   0       14     1955     9996      6766797312      6766807308         8103242       8034       2000      10000          7
   0       14     1955     9996      6766807312      6766817308         8113242       8034       2000      10000          7
   0       14     1955     9996      6766817312      6766827308         8123242       8034       2000      10000          7
   0       14     1955     9996      6766827312      6766837308         8133242       8034       2000      10000          7
   0       14     1955     9996      6766837312      6766847308         8143242       8034       2000      10000          7
   0       14     1955     9997      6766847312      6766857308         8153242       8034       2000      10000          7
   0       14     1955     9996      6766857312      6766867308         8163242       8034       2000      10000          7
   0       14     1955     9996      6766867312      6766877308         8173242       8034       2000      10000          7
   0       14     1955     9996      6766877312      6766887308         8183242       8034       2000      10000          7
   0       14     1955     9996      6766887312      6766897308         8193242       8034       2000      10000          7
   0       14     1955     9996      6766897312      6766907308         8203242       8034       2000      10000          7
   0       14     1955     9996      6766907312      6766917308         8213242       8034       2000      10000          7
   0       14     1955     9996      6766917312      6766927308         8223242       8034       2000      10000          7
   0       14     1955     9997      6766927312      6766937309         8233242       8034       2000      10000          7
   0       14     1955     9996      6766937312      6766947309         8243242       8034       2000      10000          7
   0       14     1955     9996      6766947312      6766957308         8253242       8034       2000      10000          7
   0       14     1955     9996      6766957312      6766967308         8263242       8034       2000      10000          6
   0       14     1955     9986      6766967323      6766977308         8273253       8023       2000      10000          7
   0       14     1955     9996      6766977312      6766987308         8283242       8034       2000      10000          6
   0       14     1955     9996      6766987312      6766997308         8293242       8034       2000      10000          6
   0       14     1955     9996      6766997312      6767007308         8303242       8034       2000      10000          7
   0       14     1956     9998      6767007312      6767017310         8313242       8033       2000      10000          8
   0       14     1955     9995      6767017314      6767027308         8323244       8032       2000      10000          7
   0       14     1955     9996      6767027312      6767037308         8333242       8034       2000      10000          7
   0       14     1955     9996      6767037312      6767047308         8343242       8034       2000      10000          7
   0       14     1955     9996      6767047312      6767057308         8353242       8034       2000      10000          7
   0       14     1955     9996      6767057312      6767067308         8363242       8034       2000      10000          6
   0       14     1955     9996      6767067312      6767077308         8373242       8034       2000      10000          7
   0       14     1955     9996      6767077312      6767087308         8383242       8034       2000      10000          6
   0       14     1955     9996      6767087312      6767097308         8393242       8034       2000      10000          7
   0       14     1955     9996      6767097312      6767107308         8403242       8034       2000      10000          6
   0       14     1955     9996      6767107312      6767117308         8413242       8034       2000      10000          6
   0       14     1955     9996      6767117312      6767127308         8423242       8034       2000      10000          6
   0       14     1955     9996      6767127312      6767137308         8433242       8034       2000      10000          7
   0       14     1955     9996      6767137312      6767147308         8443242       8034       2000      10000          7
   0       14     1955     9996      6767147312      6767157308         8453242       8034       2000      10000          7
   0       14     1955     9996      6767157312      6767167308         8463242       8034       2000      10000          6
   0       14     1955     9996      6767167312      6767177308         8473242       8034       2000      10000          6
   0       14     1955     9996      6767177312      6767187308         8483242       8034       2000      10000          7
   0       14     1955     9996      6767187312      6767197308         8493242       8034       2000      10000          7
   0       14     1955     9996      6767197312      6767207308         8503242       8034       2000      10000          6
   0       14     1955     9996      6767207312      6767217308         8513242       8034       2000      10000          6
   0       14     1955     9996      6767217312      6767227308         8523242       8034       2000      10000          7
   0       14     1955     9996      6767227312      6767237308         8533242       8034       2000      10000          7
   0       14     1955     9996      6767237312      6767247308         8543242       8034       2000      10000          6
   0       14     1955     9996      6767247312      6767257308         8553242       8034       2000      10000          7
   0       14     1955     9996      6767257312      6767267308         8563242       8034       2000      10000          6
   0       14     1955     9996      6767267312      6767277308         8573242       8034       2000      10000          6
   0       14     1955     9996      6767277312      6767287308         8583242       8034       2000      10000          6
   0       14     1955     9996      6767287312      6767297308         8593242       8034       2000      10000          7
   0       14     1955     9985      6767297323      6767307308         8603253       8023       2000      10000          7
   0       14     1955     9998      6767307312      6767317310         8613242       8034       2000      10000          8
   0       14     1957     9996      6767317314      6767327309         8623244       8031       2000      10000          8
   0       14     1955     9995      6767327313      6767337308         8633243       8033       2000      10000          7
   0       14     1955     9996      6767337312      6767347308         8643242       8034       2000      10000          7
   0       14     1955     9996      6767347312      6767357308         8653242       8034       2000      10000          7
   0       14     1955     9996      6767357312      6767367308         8663242       8034       2000      10000          6
   0       14     1955     9996      6767367312      6767377308         8673242       8034       2000      10000          6
   0       14     1955     9996      6767377312      6767387308         8683242       8034       2000      10000          6
   0       14     1955     9996      6767387312      6767397308         8693242       8034       2000      10000          7
   0       14     1955     9996      6767397312      6767407308         8703242       8034       2000      10000          6
   0       14     1955     9997      6767407312      6767417308         8713242       8034       2000      10000          7
   0       14     1955     9996      6767417312      6767427308         8723242       8034       2000      10000          6
   0       14     1955     9996      6767427312      6767437308         8733242       8034       2000      10000          6
   0       14     1955     9996      6767437312      6767447308         8743242       8034       2000      10000          6
   0       14     1955     9996      6767447312      6767457308         8753242       8034       2000      10000          6
   0       14     1955     9996      6767457312      6767467308         8763242       8034       2000      10000          6
   0       14     1955     9996      6767467312      6767477308         8773242       8034       2000      10000          6
   0       14     1955     9997      6767477312      6767487308         8783242       8034       2000      10000          7
   0       14     1955     9996      6767487312      6767497308         8793242       8034       2000      10000          7
   0       14     1955     9996      6767497312      6767507308         8803242       8034       2000      10000          6
   0       14     1955     9996      6767507312      6767517308         8813242       8034       2000      10000          6
   0       14     1955     9996      6767517312      6767527308         8823242       8034       2000      10000          6
   0       14     1955     9996      6767527312      6767537308         8833242       8034       2000      10000          7
   0       14     1955     9996      6767537312      6767547308         8843242       8034       2000      10000          6
   0       14     1955     9996      6767547312      6767557308         8853242       8034       2000      10000          6
   0       14     1955     9996      6767557312      6767567308         8863242       8034       2000      10000          6
   0       14     1955     9996      6767567312      6767577308         8873242       8034       2000      10000          6
   0       14     1955     9996      6767577312      6767587308         8883242       8034       2000      10000          6
   0       14     1955     9997      6767587312      6767597309         8893242       8034       2000      10000          7
   0       14     1955     9996      6767597313      6767607308         8903243       8034       2000      10000          7
   0       14     1955     9996      6767607312      6767617308         8913242       8034       2000      10000          6
   0       14     1955     9996      6767617312      6767627308         8923242       8034       2000      10000          6
   0       14     1955     9985      6767627323      6767637308         8933253       8023       2000      10000          7
   0       14     1955     9996      6767637312      6767647308         8943242       8034       2000      10000          6
   0       14     1955     9996      6767647312      6767657308         8953242       8034       2000      10000          6
   0       14     1955     9996      6767657312      6767667308         8963242       8034       2000      10000          7
   0       14     1955     9996      6767667312      6767677308         8973242       8034       2000      10000          7
   0       14     1955     9996      6767677312      6767687308         8983242       8034       2000      10000          6
   0       14     1955     9996      6767687312      6767697308         8993242       8034       2000      10000          7
   0       14     1955     9996      6767697312      6767707308         9003242       8034       2000      10000          7
   0       14     1955     9996      6767707312      6767717308         9013242       8034       2000      10000          6
   0       14     1955     9996      6767717312      6767727308         9023242       8034       2000      10000          6
   0       14     1955     9996      6767727312      6767737308         9033242       8034       2000      10000          6
   0       14     1955     9996      6767737312      6767747308         9043242       8034       2000      10000          6
   0       14     1955     9996      6767747312      6767757308         9053242       8034       2000      10000          7
   0       14     1955     9996      6767757312      6767767308         9063242       8034       2000      10000          7
   0       14     1955     9996      6767767312      6767777308         9073242       8034       2000      10000          6
   0       14     1955     9996      6767777312      6767787308         9083242       8034       2000      10000          6
   0       14     1955     9996      6767787312      6767797308         9093242       8034       2000      10000          6
   0       14     1955     9996      6767797312      6767807308         9103242       8034       2000      10000          7
   0       14     1955     9996      6767807312      6767817308         9113242       8034       2000      10000          7
   0       14     1955     9996      6767817312      6767827308         9123242       8034       2000      10000          6
   0       14     1955     9996      6767827312      6767837308         9133242       8034       2000      10000          6
   0       14     1955     9996      6767837312      6767847308         9143242       8034       2000      10000          7
   0       14     1955     9996      6767847312      6767857308         9153242       8034       2000      10000          7
   0       14     1955     9996      6767857312      6767867308         9163242       8034       2000      10000          7
   0       14     1955     9996      6767867312      6767877308         9173242       8034       2000      10000          7
   0       14     1955     9996      6767877312      6767887308         9183242       8034       2000      10000          7
   0       14     1955     9996      6767887312      6767897308         9193242       8034       2000      10000          7
   0       14     1955     9996      6767897312      6767907308         9203242       8034       2000      10000          6
   0       14     1955     9996      6767907312      6767917308         9213242       8034       2000      10000          7
   0       14     1955     9996      6767917312      6767927308         9223242       8034       2000      10000          6
   0       14     1955     9996      6767927312      6767937308         9233242       8034       2000      10000          6
   0       14     1955     9996      6767937312      6767947308         9243242       8034       2000      10000          7
   0       14     1955     9996      6767947312      6767957308         9253242       8034       2000      10000          6
   0       14     1955     9986      6767957323      6767967308         9263253       8023       2000      10000          7
   0       14     1955     9996      6767967312      6767977308         9273242       8034       2000      10000          7
   0       14     1955     9996      6767977312      6767987308         9283242       8034       2000      10000          6
   0       14     1955     9996      6767987312      6767997308         9293242       8034       2000      10000          6
   0       14     1955     9996      6767997312      6768007308         9303242       8034       2000      10000          6
   0       14     1955     9996      6768007312      6768017308         9313242       8034       2000      10000          6
   0       14     1955     9996      6768017312      6768027308         9323242       8034       2000      10000          6
   0       14     1955     9996      6768027312      6768037308         9333242       8034       2000      10000          7
   0       14     1955     9996      6768037312      6768047308         9343242       8034       2000      10000          7
   0       14     1955     9996      6768047312      6768057308         9353242       8034       2000      10000          6
   0       14     1955     9996      6768057312      6768067308         9363242       8034       2000      10000          7
   0       14     1955     9996      6768067312      6768077308         9373242       8034       2000      10000          7
   0       14     1955     9996      6768077312      6768087308         9383242       8034       2000      10000          7
   0       14     1955     9996      6768087312      6768097308         9393242       8034       2000      10000          6
   0       14     1955     9996      6768097312      6768107308         9403242       8034       2000      10000          6
   0       14     1955     9996      6768107312      6768117308         9413242       8034       2000      10000          6
   0       14     1955     9996      6768117312      6768127308         9423242       8034       2000      10000          6
   0       14     1955     9996      6768127312      6768137308         9433242       8034       2000      10000          6
   0       14     1955     9996      6768137312      6768147308         9443242       8034       2000      10000          6
   0       14     1955     9996      6768147312      6768157308         9453242       8034       2000      10000          7
   0       14     1955     9996      6768157312      6768167308         9463242       8034       2000      10000          7
   0       14     1955     9996      6768167312      6768177308         9473242       8034       2000      10000          6
   0       14     1955     9996      6768177312      6768187308         9483242       8034       2000      10000          7
   0       14     1955     9996      6768187312      6768197308         9493242       8034       2000      10000          7
   0       14     1955     9996      6768197312      6768207308         9503242       8034       2000      10000          7
   0       14     1955     9996      6768207312      6768217308         9513242       8034       2000      10000          7
   0       14     1955     9996      6768217312      6768227308         9523242       8034       2000      10000          7
   0       14     1955     9996      6768227312      6768237308         9533242       8034       2000      10000          7
   0       14     1955     9996      6768237312      6768247308         9543242       8034       2000      10000          7
   0       14     1955     9996      6768247312      6768257308         9553242       8034       2000      10000          7
   0       14     1955     9996      6768257312      6768267308         9563242       8034       2000      10000          7
   0       14     1955     9996      6768267312      6768277308         9573242       8034       2000      10000          7
   0       14     1955     9996      6768277312      6768287308         9583242       8034       2000      10000          7
   0       14     1955     9986      6768287322      6768297309         9593252       8024       2000      10000          7
   0       14     1955     9996      6768297313      6768307308         9603243       8034       2000      10000          6
   0       14     1955     9998      6768307312      6768317309         9613242       8034       2000      10000          8
   0       14     1956     9995      6768317313      6768327309         9623243       8032       2000      10000          7
   0       14     1955     9996      6768327313      6768337308         9633243       8033       2000      10000          7
   0       14     1955     9996      6768337312      6768347308         9643242       8034       2000      10000          6
   0       14     1955     9996      6768347312      6768357308         9653242       8034       2000      10000          7
   0       14     1955     9996      6768357312      6768367308         9663242       8034       2000      10000          6
   0       14     1955     9996      6768367312      6768377308         9673242       8034       2000      10000          6
   0       14     1955     9996      6768377312      6768387308         9683242       8034       2000      10000          7
   0       14     1955     9996      6768387312      6768397308         9693242       8034       2000      10000          6
   0       14     1955     9996      6768397312      6768407308         9703242       8034       2000      10000          7
   0       14     1955     9996      6768407312      6768417308         9713242       8034       2000      10000          6
   0       14     1955     9996      6768417312      6768427308         9723242       8034       2000      10000          6
   0       14     1955     9996      6768427312      6768437308         9733242       8034       2000      10000          6
   0       14     1955     9996      6768437312      6768447308         9743242       8034       2000      10000          6
   0       14     1955     9996      6768447312      6768457308         9753242       8034       2000      10000          6
   0       14     1955     9996      6768457312      6768467308         9763242       8034       2000      10000          6
   0       14     1955     9996      6768467312      6768477308         9773242       8034       2000      10000          7
   0       14     1955     9996      6768477312      6768487308         9783242       8034       2000      10000          6
   0       14     1955     9996      6768487312      6768497308         9793242       8034       2000      10000          6
   0       14     1955     9996      6768497312      6768507308         9803242       8034       2000      10000          6
   0       14     1955     9996      6768507312      6768517308         9813242       8035       2000      10000          6
   0       14     1955     9996      6768517312      6768527308         9823242       8034       2000      10000          6
   0       14     1955     9996      6768527312      6768537308         9833242       8034       2000      10000          6
   0       14     1955     9996      6768537312      6768547308         9843242       8034       2000      10000          6
   0       14     1955     9996      6768547312      6768557308         9853242       8034       2000      10000          7
   0       14     1955     9996      6768557312      6768567308         9863242       8034       2000      10000          6
   0       14     1955     9996      6768567312      6768577308         9873242       8034       2000      10000          6
   0       14     1955     9996      6768577312      6768587308         9883242       8034       2000      10000          6
   0       14     1955     9996      6768587312      6768597308         9893242       8034       2000      10000          6
   0       14     1955     9996      6768597312      6768607308         9903242       8034       2000      10000          6
   0       14     1955     9996      6768607312      6768617308         9913242       8034       2000      10000          6
   0       14     1955     9985      6768617323      6768627308         9923253       8023       2000      10000          7
   0       14     1955     9996      6768627312      6768637308         9933242       8034       2000      10000          7
   0       14     1955     9996      6768637312      6768647308         9943242       8034       2000      10000          6
   0       14     1955     9996      6768647312      6768657308         9953242       8034       2000      10000          6
   0       14     1955     9996      6768657312      6768667308         9963242       8034       2000      10000          6
   0       14     1955     9996      6768667312      6768677308         9973242       8034       2000      10000          6
   0       14     1955     9996      6768677312      6768687308         9983242       8034       2000      10000          7
   0       14     1955     9997      6768687312      6768697308         9993242       8034       2000      10000          7
   0       14     1955     9996      6768697312      6768707308        10003242       8034       2000      10000          6
   0       14     1955     9996      6768707312      6768717308        10013242       8034       2000      10000          7
   0       14     1955     9996      6768717312      6768727308        10023242       8034       2000      10000          7
   0       14     1955     9996      6768727312      6768737308        10033242       8034       2000      10000          7
   0       14     1955     9996      6768737312      6768747308        10043242       8034       2000      10000          6
   0       14     1955     9996      6768747312      6768757308        10053242       8034       2000      10000          6
   0       14     1955     9996      6768757312      6768767308        10063242       8034       2000      10000          6
   0       14     1955     9996      6768767312      6768777308        10073242       8034       2000      10000          6
   0       14     1955     9996      6768777312      6768787308        10083242       8034       2000      10000          6
   0       14     1955     9996      6768787312      6768797308        10093242       8034       2000      10000          6
   0       14     1955     9996      6768797312      6768807308        10103242       8034       2000      10000          7
   0       14     1955     9996      6768807312      6768817308        10113242       8034       2000      10000          6
   0       14     1955     9996      6768817312      6768827308        10123242       8034       2000      10000          6
   0       14     1955     9996      6768827312      6768837308        10133242       8034       2000      10000          7
   0       14     1955     9996      6768837312      6768847308        10143242       8034       2000      10000          6
   0       14     1955     9996      6768847312      6768857308        10153242       8034       2000      10000          7
   0       14     1955     9996      6768857312      6768867308        10163242       8034       2000      10000          6
   0       14     1955     9996      6768867312      6768877308        10173242       8034       2000      10000          6
   0       14     1955     9997      6768877312      6768887308        10183242       8034       2000      10000          7
   0       14     1955     9996      6768887312      6768897308        10193242       8034       2000      10000          6
   0       14     1955     9996      6768897312      6768907308        10203242       8034       2000      10000          6
   0       14     1955     9996      6768907312      6768917308        10213242       8034       2000      10000          6
   0       14     1955     9996      6768917312      6768927308        10223242       8035       2000      10000          6
   0       14     1955     9996      6768927312      6768937308        10233242       8034       2000      10000          6
   0       14     1955     9996      6768937312      6768947308        10243242       8034       2000      10000          6
   0       14     1955     9996      6768947312      6768957308        10253242       8034       2000      10000          6
   0       14     1955     9984      6768957324      6768967308        10263254       8022       2000      10000          7
   0       14     1955     9996      6768967312      6768977308        10273242       8034       2000      10000          7
   0       14     1955     9996      6768977312      6768987308        10283242       8034       2000      10000          7
   0       14     1955     9996      6768987312      6768997308        10293242       8034       2000      10000          7
   0       14     1955     9997      6768997312      6769007309        10303242       8034       2000      10000          7
   0       14     1955     9996      6769007312      6769017308        10313242       8034       2000      10000          6
   0       14     1955     9996      6769017312      6769027308        10323242       8034       2000      10000          6
   0       14     1955     9996      6769027312      6769037308        10333242       8034       2000      10000          6
   0       14     1955     9997      6769037312      6769047308        10343242       8034       2000      10000          7
   0       14     1955     9996      6769047312      6769057308        10353242       8034       2000      10000          6
   0       14     1955     9996      6769057312      6769067308        10363242       8034       2000      10000          6
   0       14     1955     9997      6769067312      6769077308        10373242       8035       2000      10000          6
   0       14     1955     9996      6769077312      6769087308        10383242       8034       2000      10000          6
   0       14     1955     9996      6769087312      6769097308        10393242       8034       2000      10000          6
   0       14     1955     9996      6769097312      6769107308        10403242       8034       2000      10000          6
   0       14     1955     9996      6769107312      6769117308        10413242       8034       2000      10000          6
   0       14     1955     9996      6769117312      6769127308        10423242       8034       2000      10000          6
   0       14     1955     9996      6769127312      6769137308        10433242       8034       2000      10000          6
   0       14     1955     9996      6769137312      6769147308        10443242       8034       2000      10000          6
   0       14     1955     9996      6769147312      6769157308        10453242       8034       2000      10000          6
   0       14     1955     9996      6769157312      6769167308        10463242       8034       2000      10000          6
   0       14     1955     9996      6769167312      6769177308        10473242       8034       2000      10000          6
   0       14     1955     9996      6769177312      6769187308        10483242       8034       2000      10000          6
   0       14     1955     9996      6769187312      6769197308        10493242       8034       2000      10000          6
   0       14     1955     9996      6769197312      6769207308        10503242       8034       2000      10000          7
   0       14     1955     9996      6769207312      6769217308        10513242       8034       2000      10000          6
   0       14     1955     9996      6769217312      6769227308        10523242       8034       2000      10000          7
   0       14     1955     9996      6769227312      6769237308        10533242       8034       2000      10000          6
   0       14     1955     9996      6769237312      6769247308        10543242       8034       2000      10000          6
   0       14     1955     9996      6769247312      6769257308        10553242       8034       2000      10000          6
   0       14     1955     9996      6769257312      6769267308        10563242       8034       2000      10000          6
   0       14     1955     9996      6769267312      6769277308        10573242       8034       2000      10000          6
   0       14     1955     9996      6769277312      6769287308        10583242       8034       2000      10000          6
   0       14     1955     9986      6769287323      6769297308        10593253       8023       2000      10000          7
   0       14     1955     9996      6769297312      6769307308        10603242       8034       2000      10000          6
   0       14     1955     9999      6769307312      6769317311        10613242       8034       2000      10000          9
   0       14     1956     9994      6769317315      6769327309        10623245       8030       2000      10000          7
   0       14     1955     9995      6769327313      6769337308        10633243       8033       2000      10000          7
   0       14     1955     9996      6769337312      6769347308        10643242       8034       2000      10000          7
   0       14     1955     9996      6769347312      6769357308        10653242       8034       2000      10000          7
   0       14     1955     9996      6769357312      6769367308        10663242       8034       2000      10000          7
   0       14     1955     9996      6769367312      6769377308        10673242       8034       2000      10000          6
   0       14     1955     9997      6769377312      6769387308        10683242       8034       2000      10000          7
   0       14     1955     9996      6769387312      6769397308        10693242       8034       2000      10000          6
   0       14     1955     9996      6769397312      6769407308        10703242       8034       2000      10000          6
   0       14     1955     9997      6769407312      6769417308        10713242       8034       2000      10000          7
   0       14     1955     9996      6769417312      6769427308        10723242       8034       2000      10000          6
   0       14     1955     9996      6769427312      6769437308        10733242       8034       2000      10000          7
   0       14     1955     9996      6769437312      6769447308        10743242       8034       2000      10000          6
   0       14     1955     9996      6769447312      6769457308        10753242       8034       2000      10000          6
   0       14     1955     9996      6769457312      6769467308        10763242       8034       2000      10000          6
   0       14     1955     9996      6769467312      6769477308        10773242       8034       2000      10000          6
   0       14     1955     9996      6769477312      6769487308        10783242       8034       2000      10000          7
   0       14     1955     9996      6769487312      6769497308        10793242       8034       2000      10000          7
   0       14     1955     9996      6769497312      6769507308        10803242       8034       2000      10000          7
   0       14     1955     9996      6769507312      6769517308        10813242       8034       2000      10000          6
   0       14     1955     9996      6769517312      6769527308        10823242       8034       2000      10000          7
   0       14     1955     9996      6769527312      6769537308        10833242       8034       2000      10000          7
   0       14     1955     9996      6769537312      6769547308        10843242       8034       2000      10000          7
   0       14     1955     9996      6769547312      6769557308        10853242       8034       2000      10000          7
   0       14     1955     9996      6769557312      6769567308        10863242       8034       2000      10000          6
   0       14     1955     9996      6769567312      6769577308        10873242       8034       2000      10000          7
   0       14     1955     9996      6769577312      6769587308        10883242       8034       2000      10000          7
   0       14     1955     9996      6769587312      6769597308        10893242       8034       2000      10000          7
   0       14     1955     9996      6769597312      6769607308        10903242       8034       2000      10000          6
   0       14     1955     9996      6769607312      6769617308        10913242       8034       2000      10000          6
   0       14     1955     9984      6769617325      6769627308        10923255       8021       2000      10000          7
   0       14     1955     9996      6769627312      6769637308        10933242       8034       2000      10000          7
   0       14     1955     9996      6769637312      6769647308        10943242       8034       2000      10000          6
   0       14     1955     9996      6769647312      6769657308        10953242       8034       2000      10000          7
   0       14     1955     9996      6769657312      6769667308        10963242       8034       2000      10000          6
   0       14     1955     9997      6769667312      6769677308        10973242       8034       2000      10000          7
   0       14     1955     9996      6769677312      6769687308        10983242       8034       2000      10000          7
   0       14     1955     9996      6769687312      6769697308        10993242       8034       2000      10000          7
   0       14     1955     9996      6769697312      6769707308        11003242       8034       2000      10000          7
   0       14     1955     9996      6769707312      6769717308        11013242       8034       2000      10000          7
   0       14     1955     9996      6769717312      6769727308        11023242       8034       2000      10000          7
   0       14     1955     9996      6769727312      6769737308        11033242       8034       2000      10000          7
   0       14     1955     9996      6769737312      6769747309        11043242       8034       2000      10000          7
   0       14     1955     9996      6769747312      6769757308        11053242       8034       2000      10000          7
   0       14     1955     9996      6769757312      6769767308        11063242       8034       2000      10000          7
   0       14     1955     9997      6769767312      6769777309        11073242       8034       2000      10000          7
   0       14     1955     9995      6769777313      6769787308        11083243       8033       2000      10000          6
   0       14     1955     9996      6769787312      6769797308        11093242       8034       2000      10000          6
   0       14     1955     9996      6769797312      6769807308        11103242       8034       2000      10000          6
   0       14     1955     9996      6769807312      6769817308        11113242       8034       2000      10000          6
   0       14     1955     9996      6769817312      6769827308        11123242       8034       2000      10000          6
   0       14     1955     9996      6769827312      6769837308        11133242       8034       2000      10000          6
   0       14     1955     9996      6769837312      6769847308        11143242       8034       2000      10000          6
   0       14     1955     9996      6769847312      6769857308        11153242       8034       2000      10000          6
   0       14     1955     9996      6769857312      6769867308        11163242       8034       2000      10000          6
   0       14     1955     9996      6769867312      6769877308        11173242       8034       2000      10000          6
   0       14     1955     9996      6769877312      6769887308        11183242       8034       2000      10000          6
   0       14     1955     9996      6769887312      6769897308        11193242       8034       2000      10000          6
   0       14     1955     9996      6769897312      6769907308        11203242       8034       2000      10000          7
   0       14     1955     9997      6769907312      6769917308        11213242       8034       2000      10000          7
   0       14     1955     9996      6769917312      6769927308        11223242       8034       2000      10000          7
   0       14     1955     9996      6769927312      6769937308        11233242       8034       2000      10000          6
   0       14     1955     9997      6769937312      6769947308        11243242       8034       2000      10000          7
   0       14     1955     9986      6769947322      6769957308        11253252       8024       2000      10000          7
   0       14     1955     9996      6769957312      6769967308        11263242       8034       2000      10000          7
   0       14     1955     9996      6769967312      6769977308        11273242       8034       2000      10000          6
   0       14     1955     9996      6769977312      6769987308        11283242       8034       2000      10000          6
   0       14     1955     9996      6769987312      6769997308        11293242       8034       2000      10000          6
   0       14     1955     9997      6769997312      6770007308        11303242       8035       2000      10000          7
   0       14     1955     9996      6770007312      6770017308        11313242       8034       2000      10000          7
   0       14     1955     9996      6770017312      6770027308        11323242       8034       2000      10000          6
   0       14     1955     9996      6770027312      6770037308        11333242       8034       2000      10000          6
   0       14     1955     9996      6770037312      6770047308        11343242       8034       2000      10000          6
   0       14     1955     9996      6770047312      6770057308        11353242       8034       2000      10000          6
   0       14     1955     9996      6770057312      6770067308        11363242       8034       2000      10000          6
   0       14     1955     9996      6770067312      6770077308        11373242       8034       2000      10000          6
   0       14     1955     9996      6770077312      6770087308        11383242       8034       2000      10000          6
   0       14     1955     9997      6770087312      6770097308        11393242       8034       2000      10000          7
   0       14     1955     9996      6770097312      6770107308        11403242       8034       2000      10000          6
   0       14     1955     9996      6770107312      6770117308        11413242       8034       2000      10000          6
   0       14     1955     9996      6770117312      6770127308        11423242       8034       2000      10000          6
   0       14     1955     9996      6770127312      6770137308        11433242       8034       2000      10000          6
   0       14     1955     9996      6770137312      6770147308        11443242       8034       2000      10000          6
   0       14     1955     9996      6770147312      6770157308        11453242       8034       2000      10000          6
   0       14     1955     9999      6770157312      6770167310        11463242       8034       2000      10000          9
   0       14     1955     9994      6770167314      6770177309        11473244       8032       2000      10000          7
   0       14     1955     9996      6770177312      6770187308        11483242       8034       2000      10000          6
   0       14     1955     9996      6770187312      6770197308        11493242       8034       2000      10000          6
   0       14     1955     9996      6770197312      6770207308        11503242       8034       2000      10000          6
   0       14     1955     9997      6770207312      6770217308        11513242       8034       2000      10000          7
   0       14     1955     9996      6770217312      6770227308        11523242       8034       2000      10000          7
   0       14     1955     9996      6770227312      6770237308        11533242       8034       2000      10000          7
   0       14     1955     9996      6770237312      6770247308        11543242       8034       2000      10000          7
   0       14     1955     9996      6770247312      6770257308        11553242       8034       2000      10000          7
   0       14     1955     9996      6770257312      6770267308        11563242       8034       2000      10000          7
   0       14     1955     9996      6770267312      6770277308        11573242       8034       2000      10000          7
   0       14     1955     9985      6770277323      6770287308        11583253       8023       2000      10000          7
   0       14     1955     9996      6770287312      6770297308        11593242       8034       2000      10000          6
   0       14     1955     9997      6770297312      6770307308        11603242       8034       2000      10000          7
   0       14     1955     9998      6770307312      6770317310        11613242       8034       2000      10000          8
   0       14     1956     9996      6770317313      6770327309        11623243       8032       2000      10000          7
   0       14     1955     9995      6770327313      6770337308        11633243       8033       2000      10000          7
   0       14     1955     9996      6770337312      6770347308        11643242       8034       2000      10000          7
   0       14     1955     9996      6770347312      6770357308        11653242       8034       2000      10000          6
   0       14     1955     9996      6770357312      6770367308        11663242       8034       2000      10000          7
   0       14     1955     9996      6770367312      6770377308        11673242       8034       2000      10000          6
   0       14     1955     9996      6770377312      6770387308        11683242       8034       2000      10000          6
   0       14     1955     9996      6770387312      6770397308        11693242       8034       2000      10000          7
   0       14     1955     9996      6770397312      6770407308        11703242       8034       2000      10000          7
   0       14     1955     9996      6770407312      6770417308        11713242       8034       2000      10000          7
   0       14     1955     9996      6770417312      6770427308        11723242       8034       2000      10000          6
   0       14     1955     9996      6770427312      6770437308        11733242       8034       2000      10000          6
   0       14     1955     9996      6770437312      6770447308        11743242       8034       2000      10000          6
   0       14     1955     9996      6770447312      6770457308        11753242       8034       2000      10000          7
   0       14     1955     9996      6770457312      6770467308        11763242       8034       2000      10000          6
   0       14     1955     9996      6770467312      6770477308        11773242       8034       2000      10000          7
   0       14     1955     9996      6770477312      6770487308        11783242       8034       2000      10000          6
   0       14     1955     9996      6770487312      6770497308        11793242       8034       2000      10000          6
   0       14     1955     9996      6770497312      6770507308        11803242       8034       2000      10000          6
   0       14     1955     9996      6770507312      6770517308        11813242       8034       2000      10000          6
   0       14     1955     9996      6770517312      6770527308        11823242       8034       2000      10000          6
   0       14     1955     9996      6770527312      6770537308        11833242       8034       2000      10000          6
   0       14     1955     9996      6770537312      6770547308        11843242       8034       2000      10000          6
   0       14     1955     9996      6770547312      6770557308        11853242       8034       2000      10000          7
   0       14     1955     9996      6770557312      6770567308        11863242       8034       2000      10000          7
   0       14     1955     9996      6770567312      6770577308        11873242       8034       2000      10000          7
   0       14     1955     9996      6770577312      6770587308        11883242       8034       2000      10000          7
   0       14     1955     9996      6770587312      6770597308        11893242       8034       2000      10000          7
   0       14     1955     9996      6770597312      6770607308        11903242       8034       2000      10000          7
   0       14     1955     9986      6770607323      6770617308        11913253       8023       2000      10000          7
   0       14     1955     9996      6770617312      6770627308        11923242       8034       2000      10000          7
   0       14     1955     9996      6770627312      6770637308        11933242       8034       2000      10000          6
   0       14     1955     9996      6770637312      6770647308        11943242       8034       2000      10000          7
   0       14     1955     9997      6770647312      6770657309        11953242       8034       2000      10000          7
   0       14     1955     9996      6770657312      6770667308        11963242       8034       2000      10000          6
   0       14     1955     9996      6770667312      6770677308        11973242       8034       2000      10000          6
   0       14     1955     9997      6770677312      6770687308        11983242       8034       2000      10000          7
   0       14     1955     9996      6770687312      6770697308        11993242       8034       2000      10000          6
   0       14     1955     9996      6770697312      6770707308        12003242       8034       2000      10000          6
   0       14     1955     9996      6770707312      6770717308        12013242       8034       2000      10000          7
   0       14     1955     9996      6770717312      6770727308        12023242       8034       2000      10000          7
   0       14     1955     9996      6770727312      6770737308        12033242       8034       2000      10000          6
   0       14     1955     9996      6770737312      6770747308        12043242       8034       2000      10000          6
   0       14     1955     9996      6770747312      6770757308        12053242       8034       2000      10000          6
   0       14     1955     9996      6770757312      6770767308        12063242       8034       2000      10000          7
   0       14     1955     9996      6770767312      6770777308        12073242       8034       2000      10000          6
   0       14     1955     9996      6770777312      6770787308        12083242       8034       2000      10000          7
   0       14     1955     9996      6770787312      6770797308        12093242       8034       2000      10000          7
   0       14     1955     9996      6770797312      6770807308        12103242       8034       2000      10000          6
   0       14     1955     9996      6770807312      6770817308        12113242       8034       2000      10000          6
   0       14     1955     9996      6770817312      6770827308        12123242       8034       2000      10000          6
   0       14     1955     9996      6770827312      6770837308        12133242       8034       2000      10000          6
   0       14     1955     9997      6770837312      6770847308        12143242       8034       2000      10000          7
   0       14     1955     9996      6770847312      6770857308        12153242       8034       2000      10000          7
   0       14     1955     9996      6770857312      6770867308        12163242       8034       2000      10000          6
   0       14     1955     9996      6770867312      6770877308        12173242       8034       2000      10000          6
   0       14     1955     9996      6770877312      6770887308        12183242       8034       2000      10000          6
   0       14     1955     9996      6770887312      6770897308        12193242       8034       2000      10000          7
   0       14     1955     9996      6770897312      6770907308        12203242       8034       2000      10000          7
   0       14     1955     9996      6770907312      6770917308        12213242       8034       2000      10000          6
   0       14     1955     9996      6770917312      6770927308        12223242       8034       2000      10000          7
   0       14     1955     9996      6770927312      6770937308        12233242       8034       2000      10000          7
   0       14     1955     9985      6770937323      6770947308        12243253       8023       2000      10000          7
   0       14     1955     9996      6770947312      6770957308        12253242       8034       2000      10000          7
   0       14     1955     9996      6770957312      6770967308        12263242       8034       2000      10000          7
   0       14     1955     9996      6770967312      6770977308        12273242       8034       2000      10000          7
   0       14     1955     9996      6770977312      6770987308        12283242       8034       2000      10000          7
   0       14     1955     9996      6770987312      6770997308        12293242       8034       2000      10000          7
   0       14     1955     9996      6770997312      6771007308        12303242       8034       2000      10000          7
   0       14     1955     9996      6771007312      6771017308        12313242       8034       2000      10000          7
   0       14     1955     9996      6771017312      6771027308        12323242       8034       2000      10000          7
   0       14     1955     9996      6771027312      6771037308        12333242       8034       2000      10000          7
   0       14     1955     9996      6771037312      6771047308        12343242       8034       2000      10000          7
   0       14     1955     9997      6771047312      6771057309        12353242       8034       2000      10000          7
   0       14     1955     9996      6771057312      6771067308        12363242       8034       2000      10000          7
   0       14     1955     9996      6771067312      6771077308        12373242       8034       2000      10000          7
   0       14     1955     9996      6771077312      6771087308        12383242       8034       2000      10000          7
   0       14     1955     9996      6771087312      6771097308        12393242       8034       2000      10000          7
   0       14     1955     9996      6771097312      6771107309        12403242       8034       2000      10000          7
   0       14     1955     9996      6771107312      6771117309        12413242       8034       2000      10000          7
   0       14     1955     9996      6771117312      6771127309        12423242       8034       2000      10000          7
   0       14     1955     9996      6771127312      6771137308        12433242       8034       2000      10000          7
   0       14     1955     9997      6771137312      6771147309        12443242       8034       2000      10000          8
   0       14     1955     9995      6771147313      6771157308        12453243       8033       2000      10000          6
   0       14     1955     9996      6771157312      6771167308        12463242       8034       2000      10000          7
   0       14     1955     9996      6771167312      6771177308        12473242       8034       2000      10000          7
   0       14     1955     9997      6771177312      6771187309        12483242       8034       2000      10000          8
   0       14     1955     9995      6771187313      6771197308        12493243       8033       2000      10000          6
   0       14     1955     9996      6771197312      6771207308        12503242       8034       2000      10000          7
   0       14     1955     9996      6771207312      6771217308        12513242       8034       2000      10000          7
   0       14     1955     9996      6771217312      6771227308        12523242       8034       2000      10000          7
   0       14     1955     9996      6771227312      6771237308        12533242       8034       2000      10000          6
   0       14     1955     9996      6771237312      6771247308        12543242       8034       2000      10000          7
   0       14     1955     9996      6771247312      6771257308        12553242       8034       2000      10000          7
   0       14     1955     9996      6771257312      6771267308        12563242       8034       2000      10000          7
   0       14     1955     9986      6771267322      6771277308        12573252       8024       2000      10000          7
   0       14     1955     9996      6771277312      6771287308        12583242       8034       2000      10000          6
   0       14     1955     9996      6771287312      6771297308        12593242       8034       2000      10000          7
   0       14     1955     9996      6771297312      6771307308        12603242       8034       2000      10000          7
   0       14     1955     9999      6771307312      6771317311        12613242       8034       2000      10000          9
   0       14     1956     9994      6771317314      6771327309        12623244       8031       2000      10000          7
   0       14     1955     9995      6771327313      6771337308        12633243       8033       2000      10000          6
   0       14     1955     9997      6771337312      6771347309        12643242       8034       2000      10000          7
   0       14     1955     9996      6771347313      6771357308        12653243       8033       2000      10000          7
   0       14     1955     9996      6771357312      6771367308        12663242       8034       2000      10000          6
   0       14     1955     9996      6771367312      6771377308        12673242       8034       2000      10000          7
   0       14     1955     9996      6771377312      6771387308        12683242       8034       2000      10000          6
   0       14     1955     9996      6771387312      6771397308        12693242       8034       2000      10000          6
   0       14     1955     9996      6771397312      6771407308        12703242       8034       2000      10000          6
   0       14     1955     9996      6771407312      6771417308        12713242       8034       2000      10000          7
   0       14     1955     9996      6771417312      6771427308        12723242       8034       2000      10000          6
   0       14     1955     9996      6771427312      6771437308        12733242       8034       2000      10000          6
   0       14     1955     9996      6771437312      6771447308        12743242       8034       2000      10000          6
   0       14     1955     9996      6771447312      6771457308        12753242       8034       2000      10000          7
   0       14     1955     9996      6771457312      6771467308        12763242       8034       2000      10000          6
   0       14     1955     9996      6771467312      6771477308        12773242       8034       2000      10000          7
   0       14     1955     9996      6771477312      6771487308        12783242       8034       2000      10000          6
   0       14     1955     9996      6771487312      6771497308        12793242       8034       2000      10000          6
   0       14     1955     9996      6771497312      6771507308        12803242       8034       2000      10000          6
   0       14     1955     9996      6771507312      6771517308        12813242       8034       2000      10000          7
   0       14     1955     9996      6771517312      6771527308        12823242       8034       2000      10000          6
   0       14     1955     9996      6771527312      6771537308        12833242       8034       2000      10000          6
   0       14     1955     9996      6771537312      6771547308        12843242       8034       2000      10000          6
   0       14     1955     9996      6771547312      6771557308        12853242       8034       2000      10000          6
   0       14     1955     9996      6771557312      6771567308        12863242       8034       2000      10000          6
   0       14     1955     9996      6771567312      6771577308        12873242       8034       2000      10000          6
   0       14     1955     9997      6771577312      6771587309        12883242       8034       2000      10000          7
   0       14     1955     9996      6771587312      6771597308        12893242       8034       2000      10000          7
   0       14     1955     9985      6771597323      6771607308        12903253       8023       2000      10000          7
   0       14     1955     9996      6771607312      6771617308        12913242       8034       2000      10000          6
   0       14     1955     9996      6771617312      6771627308        12923242       8034       2000      10000          6
   0       14     1955     9996      6771627312      6771637308        12933242       8034       2000      10000          6
   0       14     1955     9996      6771637312      6771647308        12943242       8034       2000      10000          6
   0       14     1955     9997      6771647312      6771657308        12953242       8035       2000      10000          6
   0       14     1955     9996      6771657312      6771667308        12963242       8034       2000      10000          6
   0       14     1955     9996      6771667312      6771677308        12973242       8034       2000      10000          7
   0       14     1955     9996      6771677312      6771687308        12983242       8034       2000      10000          7
   0       14     1955     9997      6771687312      6771697309        12993242       8034       2000      10000          7
   0       14     1955     9996      6771697312      6771707308        13003242       8034       2000      10000          7
   0       14     1955     9996      6771707312      6771717308        13013242       8034       2000      10000          6
   0       14     1955     9996      6771717312      6771727308        13023242       8034       2000      10000          6
   0       14     1955     9996      6771727312      6771737308        13033242       8034       2000      10000          6
   0       14     1955     9996      6771737312      6771747308        13043242       8034       2000      10000          6
   0       14     1955     9996      6771747312      6771757308        13053242       8034       2000      10000          6
   0       14     1955     9996      6771757312      6771767308        13063242       8034       2000      10000          6
   0       14     1955     9996      6771767312      6771777308        13073242       8034       2000      10000          6
   0       14     1955     9996      6771777312      6771787308        13083242       8034       2000      10000          6
   0       14     1955     9996      6771787312      6771797308        13093242       8034       2000      10000          6
   0       14     1955     9996      6771797312      6771807308        13103242       8034       2000      10000          6
   0       14     1955     9997      6771807312      6771817308        13113242       8034       2000      10000          7
   0       14     1955     9996      6771817312      6771827308        13123242       8034       2000      10000          6
   0       14     1955     9996      6771827312      6771837308        13133242       8034       2000      10000          6
   0       14     1955     9996      6771837312      6771847308        13143242       8034       2000      10000          6
   0       14     1955     9996      6771847312      6771857308        13153242       8034       2000      10000          7
   0       14     1955     9996      6771857312      6771867308        13163242       8034       2000      10000          6
   0       14     1955     9996      6771867312      6771877308        13173242       8034       2000      10000          6
   0       14     1955     9996      6771877312      6771887308        13183242       8034       2000      10000          6
   0       14     1955     9996      6771887312      6771897308        13193242       8034       2000      10000          6
   0       14     1955     9996      6771897312      6771907308        13203242       8034       2000      10000          6
   0       14     1955     9996      6771907312      6771917308        13213242       8034       2000      10000          7
   0       14     1955     9996      6771917312      6771927308        13223242       8034       2000      10000          6
   0       14     1955     9986      6771927322      6771937308        13233252       8024       2000      10000          7
   0       14     1955     9996      6771937312      6771947308        13243242       8034       2000      10000          7
   0       14     1955     9996      6771947312      6771957308        13253242       8034       2000      10000          6
   0       14     1955     9997      6771957312      6771967308        13263242       8034       2000      10000          7
   0       14     1955     9996      6771967312      6771977308        13273242       8034       2000      10000          6
   0       14     1955     9996      6771977312      6771987308        13283242       8034       2000      10000          7
   0       14     1955     9996      6771987312      6771997308        13293242       8034       2000      10000          7
   0       14     1955     9996      6771997312      6772007308        13303242       8034       2000      10000          6
   0       14     1955     9996      6772007312      6772017308        13313242       8034       2000      10000          6
   0       14     1955     9996      6772017312      6772027308        13323242       8034       2000      10000          6
   0       14     1955     9996      6772027312      6772037308        13333242       8034       2000      10000          6
   0       14     1955     9996      6772037312      6772047308        13343242       8034       2000      10000          6
   0       14     1955     9996      6772047312      6772057308        13353242       8034       2000      10000          6
   0       14     1955     9996      6772057312      6772067308        13363242       8034       2000      10000          6
   0       14     1955     9997      6772067312      6772077308        13373242       8034       2000      10000          7
   0       14     1955     9996      6772077312      6772087308        13383242       8034       2000      10000          6
   0       14     1955     9996      6772087312      6772097308        13393242       8034       2000      10000          7
   0       14     1955     9996      6772097312      6772107308        13403242       8034       2000      10000          6
   0       14     1955     9997      6772107312      6772117308        13413242       8034       2000      10000          7
   0       14     1955     9996      6772117312      6772127308        13423242       8034       2000      10000          6
   0       14     1955     9996      6772127312      6772137308        13433242       8034       2000      10000          7
   0       14     1955     9996      6772137312      6772147308        13443242       8034       2000      10000          6
   0       14     1955     9996      6772147312      6772157308        13453242       8034       2000      10000          6
   0       14     1955     9996      6772157312      6772167308        13463242       8034       2000      10000          6
   0       14     1955     9996      6772167312      6772177308        13473242       8034       2000      10000          6
   0       14     1955     9996      6772177312      6772187308        13483242       8034       2000      10000          6
   0       14     1955     9997      6772187312      6772197309        13493242       8034       2000      10000          7
   0       14     1955     9995      6772197313      6772207308        13503243       8034       2000      10000          6
   0       14     1955     9996      6772207312      6772217308        13513242       8034       2000      10000          6
   0       14     1955     9996      6772217312      6772227308        13523242       8034       2000      10000          7
   0       14     1955     9996      6772227312      6772237308        13533242       8034       2000      10000          6
   0       14     1955     9996      6772237312      6772247308        13543242       8034       2000      10000          6
   0       14     1955     9997      6772247312      6772257308        13553242       8034       2000      10000          7
   0       14     1955     9986      6772257323      6772267309        13563253       8023       2000      10000          7
   0       14     1955     9996      6772267312      6772277308        13573242       8034       2000      10000          7
   0       14     1955     9996      6772277312      6772287308        13583242       8034       2000      10000          6
   0       14     1955     9996      6772287312      6772297308        13593242       8034       2000      10000          6
   0       14     1955     9996      6772297312      6772307308        13603242       8034       2000      10000          6
   0       14     1955    10012      6772307312      6772317324        13613242       8034       2000      10000         22
   0       14     1956     9981      6772317328      6772327309        13623258       8016       2000      10000          7
   0       14     1955     9995      6772327313      6772337308        13633243       8033       2000      10000          7
   0       14     1955     9996      6772337312      6772347308        13643242       8034       2000      10000          6
   0       14     1955     9996      6772347312      6772357308        13653242       8034       2000      10000          6
   0       14     1955     9996      6772357312      6772367308        13663242       8034       2000      10000          6
   0       14     1955     9997      6772367312      6772377308        13673242       8034       2000      10000          7
   0       14     1955     9996      6772377312      6772387308        13683242       8034       2000      10000          6
   0       14     1955     9996      6772387312      6772397308        13693242       8034       2000      10000          6
   0       14     1955     9996      6772397312      6772407308        13703242       8034       2000      10000          7
   0       14     1955     9996      6772407312      6772417308        13713242       8034       2000      10000          7
   0       14     1955     9995      6772417312      6772427308        13723242       8034       2000      10000          6
   0       14     1955     9997      6772427311      6772437308        13733241       8035       2000      10000          7
   0       14     1955     9996      6772437312      6772447308        13743242       8034       2000      10000          6
   0       14     1955     9996      6772447312      6772457308        13753242       8034       2000      10000          6
   0       14     1955     9996      6772457312      6772467308        13763242       8034       2000      10000          6
   0       14     1955     9996      6772467312      6772477308        13773242       8034       2000      10000          7
   0       14     1955     9996      6772477312      6772487308        13783242       8034       2000      10000          6
   0       14     1955     9996      6772487312      6772497308        13793242       8034       2000      10000          7
   0       14     1955     9996      6772497312      6772507308        13803242       8034       2000      10000          7
   0       14     1955     9996      6772507312      6772517308        13813242       8034       2000      10000          6
   0       14     1955     9996      6772517312      6772527308        13823242       8034       2000      10000          6
   0       14     1955     9996      6772527312      6772537308        13833242       8034       2000      10000          6
   0       14     1955     9996      6772537312      6772547308        13843242       8034       2000      10000          7
   0       14     1955     9996      6772547312      6772557308        13853242       8034       2000      10000          7
   0       14     1955     9996      6772557312      6772567308        13863242       8034       2000      10000          7
   0       14     1955     9996      6772567312      6772577308        13873242       8034       2000      10000          7
   0       14     1955     9996      6772577312      6772587308        13883242       8034       2000      10000          7
   0       14     1955     9985      6772587324      6772597309        13893254       8022       2000      10000          7
   0       14     1955     9995      6772597313      6772607308        13903243       8033       2000      10000          6
   0       14     1955     9996      6772607312      6772617308        13913242       8034       2000      10000          7
   0       14     1955     9996      6772617312      6772627308        13923242       8034       2000      10000          7
   0       14     1955     9996      6772627312      6772637308        13933242       8034       2000      10000          7
   0       14     1955     9996      6772637312      6772647308        13943242       8034       2000      10000          6
   0       14     1955     9996      6772647312      6772657308        13953242       8034       2000      10000          7
   0       14     1955     9996      6772657312      6772667308        13963242       8034       2000      10000          6
   0       14     1955     9996      6772667312      6772677308        13973242       8034       2000      10000          6
   0       14     1955     9996      6772677312      6772687308        13983242       8034       2000      10000          7
   0       14     1955     9996      6772687312      6772697308        13993242       8034       2000      10000          6
   0       14     1955     9996      6772697312      6772707308        14003242       8034       2000      10000          6
   0       14     1955     9996      6772707312      6772717308        14013242       8034       2000      10000          6
   0       14     1955     9996      6772717312      6772727308        14023242       8034       2000      10000          6
   0       14     1955     9996      6772727312      6772737308        14033242       8034       2000      10000          7
   0       14     1955     9996      6772737312      6772747308        14043242       8034       2000      10000          7
   0       14     1955     9996      6772747312      6772757308        14053242       8034       2000      10000          7
   0       14     1955     9996      6772757312      6772767308        14063242       8034       2000      10000          6
   0       14     1955     9996      6772767312      6772777308        14073242       8034       2000      10000          6
   0       14     1955     9996      6772777312      6772787308        14083242       8034       2000      10000          7
   0       14     1955     9996      6772787312      6772797308        14093242       8034       2000      10000          6
   0       14     1955     9996      6772797312      6772807308        14103242       8034       2000      10000          6
   0       14     1955     9996      6772807312      6772817308        14113242       8034       2000      10000          7
   0       14     1955     9996      6772817312      6772827308        14123242       8034       2000      10000          6
   0       14     1955     9996      6772827312      6772837308        14133242       8034       2000      10000          6
   0       14     1955     9996      6772837312      6772847308        14143242       8034       2000      10000          7
   0       14     1955     9996      6772847312      6772857308        14153242       8034       2000      10000          6
   0       14     1955     9996      6772857312      6772867308        14163242       8034       2000      10000          7
   0       14     1955     9996      6772867312      6772877308        14173242       8034       2000      10000          6
   0       14     1955     9996      6772877312      6772887308        14183242       8034       2000      10000          7
   0       14     1955     9996      6772887312      6772897308        14193242       8034       2000      10000          7
   0       14     1955     9996      6772897312      6772907308        14203242       8034       2000      10000          6
   0       14     1955     9996      6772907312      6772917308        14213242       8034       2000      10000          6
   0       14     1955     9985      6772917323      6772927308        14223253       8023       2000      10000          7
   0       14     1955     9996      6772927312      6772937308        14233242       8034       2000      10000          6
   0       14     1955     9996      6772937312      6772947308        14243242       8034       2000      10000          6
   0       14     1955     9996      6772947312      6772957308        14253242       8034       2000      10000          6
   0       14     1955     9996      6772957312      6772967308        14263242       8034       2000      10000          6
   0       14     1955     9996      6772967312      6772977308        14273242       8034       2000      10000          6
   0       14     1955     9996      6772977312      6772987308        14283242       8034       2000      10000          6
   0       14     1955     9996      6772987312      6772997308        14293242       8034       2000      10000          6
   0       14     1955     9998      6772997312      6773007309        14303242       8034       2000      10000          8
   0       14     1955     9995      6773007313      6773017308        14313243       8033       2000      10000          7
   0       14     1955     9996      6773017312      6773027308        14323242       8034       2000      10000          7
   0       14     1955     9996      6773027312      6773037308        14333242       8034       2000      10000          6
   0       14     1955     9996      6773037312      6773047308        14343242       8034       2000      10000          6
   0       14     1955     9996      6773047312      6773057308        14353242       8034       2000      10000          6
   0       14     1955     9996      6773057312      6773067308        14363242       8034       2000      10000          6
   0       14     1955     9996      6773067312      6773077308        14373242       8034       2000      10000          6
   0       14     1955     9997      6773077312      6773087308        14383242       8034       2000      10000          7
   0       14     1955     9996      6773087312      6773097308        14393242       8034       2000      10000          7
   0       14     1955     9996      6773097312      6773107308        14403242       8034       2000      10000          6
   0       14     1955     9996      6773107312      6773117308        14413242       8034       2000      10000          7
   0       14     1955     9996      6773117312      6773127308        14423242       8034       2000      10000          7
   0       14     1955     9996      6773127312      6773137308        14433242       8034       2000      10000          6
   0       14     1955     9996      6773137312      6773147308        14443242       8034       2000      10000          6
   0       14     1955     9996      6773147312      6773157308        14453242       8034       2000      10000          6
   0       14     1955     9996      6773157312      6773167308        14463242       8034       2000      10000          7
   0       14     1955     9996      6773167312      6773177308        14473242       8034       2000      10000          6
   0       14     1955     9996      6773177312      6773187308        14483242       8034       2000      10000          6
   0       14     1955     9996      6773187312      6773197308        14493242       8034       2000      10000          6
   0       14     1955     9996      6773197312      6773207308        14503242       8034       2000      10000          6
   0       14     1955     9996      6773207312      6773217308        14513242       8034       2000      10000          6
   0       14     1955     9997      6773217312      6773227309        14523242       8034       2000      10000          7
   0       14     1955     9995      6773227313      6773237308        14533243       8034       2000      10000          6
   0       14     1955     9996      6773237312      6773247308        14543242       8034       2000      10000          6
   0       14     1955     9985      6773247323      6773257308        14553253       8023       2000      10000          7
   0       14     1955     9996      6773257312      6773267308        14563242       8034       2000      10000          6
   0       14     1955     9996      6773267312      6773277308        14573242       8034       2000      10000          6
   0       14     1955     9996      6773277312      6773287308        14583242       8034       2000      10000          7
   0       14     1955     9996      6773287312      6773297308        14593242       8034       2000      10000          7
   0       14     1955     9996      6773297312      6773307308        14603242       8034       2000      10000          7
   0       14     1955     9999      6773307312      6773317311        14613242       8034       2000      10000          9
   0       14     1956     9994      6773317315      6773327309        14623245       8030       2000      10000          8
   0       14     1955     9995      6773327313      6773337308        14633243       8033       2000      10000          7
   0       14     1955     9996      6773337312      6773347308        14643242       8034       2000      10000          7
   0       14     1955     9996      6773347312      6773357308        14653242       8034       2000      10000          6
   0       14     1955     9996      6773357312      6773367308        14663242       8034       2000      10000          7
   0       14     1955     9996      6773367312      6773377308        14673242       8034       2000      10000          7
   0       14     1955     9996      6773377312      6773387308        14683242       8034       2000      10000          7
   0       14     1955     9996      6773387312      6773397308        14693242       8034       2000      10000          6
   0       14     1955     9996      6773397312      6773407308        14703242       8034       2000      10000          6
   0       14     1955     9997      6773407312      6773417308        14713242       8034       2000      10000          7
   0       14     1955     9996      6773417312      6773427308        14723242       8034       2000      10000          6
   0       14     1955     9996      6773427312      6773437308        14733242       8034       2000      10000          6
   0       14     1955     9996      6773437312      6773447308        14743242       8034       2000      10000          6
   0       14     1955     9996      6773447312      6773457308        14753242       8034       2000      10000          7
   0       14     1955     9996      6773457312      6773467308        14763242       8034       2000      10000          6
   0       14     1955     9996      6773467312      6773477308        14773242       8034       2000      10000          6
   0       14     1955     9996      6773477312      6773487308        14783242       8034       2000      10000          7
   0       14     1955     9996      6773487312      6773497308        14793242       8034       2000      10000          7
   0       14     1955     9996      6773497312      6773507308        14803242       8034       2000      10000          6
   0       14     1955     9996      6773507312      6773517308        14813242       8034       2000      10000          6
   0       14     1955     9996      6773517312      6773527308        14823242       8034       2000      10000          6
   0       14     1955     9996      6773527312      6773537308        14833242       8034       2000      10000          6
   0       14     1955     9996      6773537312      6773547308        14843242       8034       2000      10000          6
   0       14     1955     9996      6773547312      6773557308        14853242       8034       2000      10000          7
   0       14     1955     9996      6773557312      6773567308        14863242       8034       2000      10000          6
   0       14     1955     9996      6773567312      6773577308        14873242       8034       2000      10000          6
   0       14     1955     9985      6773577323      6773587308        14883253       8023       2000      10000          7
   0       14     1955     9996      6773587312      6773597308        14893242       8034       2000      10000          7
   0       14     1955     9996      6773597312      6773607308        14903242       8034       2000      10000          6
   0       14     1955     9996      6773607312      6773617308        14913242       8034       2000      10000          6
   0       14     1955     9996      6773617312      6773627308        14923242       8034       2000      10000          6
   0       14     1955     9996      6773627312      6773637308        14933242       8034       2000      10000          6
   0       14     1955     9996      6773637312      6773647308        14943242       8034       2000      10000          7
   0       14     1955     9996      6773647312      6773657308        14953242       8034       2000      10000          6
   0       14     1955     9996      6773657312      6773667308        14963242       8034       2000      10000          6
   0       14     1955     9996      6773667312      6773677308        14973242       8034       2000      10000          6
   0       14     1955     9997      6773677312      6773687308        14983242       8034       2000      10000          7
   0       14     1955     9996      6773687312      6773697308        14993242       8034       2000      10000          7
   0       14     1955     9996      6773697312      6773707308        15003242       8034       2000      10000          6
   0       14     1955     9996      6773707312      6773717308        15013242       8034       2000      10000          6
   0       14     1955     9996      6773717312      6773727308        15023242       8034       2000      10000          6
   0       14     1955     9996      6773727312      6773737308        15033242       8034       2000      10000          6
   0       14     1955     9996      6773737312      6773747308        15043242       8034       2000      10000          6
   0       14     1955     9996      6773747312      6773757308        15053242       8034       2000      10000          6
   0       14     1955     9996      6773757312      6773767308        15063242       8034       2000      10000          6
   0       14     1955     9996      6773767312      6773777308        15073242       8034       2000      10000          7
   0       14     1955     9996      6773777312      6773787308        15083242       8034       2000      10000          7
   0       14     1955     9996      6773787312      6773797308        15093242       8034       2000      10000          6
   0       14     1955     9996      6773797312      6773807308        15103242       8034       2000      10000          7
   0       14     1955     9996      6773807312      6773817308        15113242       8034       2000      10000          6
   0       14     1955     9996      6773817312      6773827308        15123242       8034       2000      10000          6
   0       14     1955     9996      6773827312      6773837308        15133242       8034       2000      10000          6
   0       14     1955     9996      6773837312      6773847308        15143242       8034       2000      10000          6
   0       14     1955     9996      6773847312      6773857308        15153242       8034       2000      10000          6
   0       14     1955     9996      6773857312      6773867308        15163242       8034       2000      10000          6
   0       14     1955     9996      6773867312      6773877308        15173242       8034       2000      10000          6
   0       14     1955     9997      6773877312      6773887308        15183242       8034       2000      10000          7
   0       14     1955     9996      6773887312      6773897308        15193242       8034       2000      10000          6
   0       14     1955     9996      6773897312      6773907308        15203242       8034       2000      10000          6
   0       14     1955     9977      6773907331      6773917308        15213261       8015       2000      10000          7
   0       14     1955     9996      6773917312      6773927308        15223242       8034       2000      10000          6
   0       14     1955     9996      6773927312      6773937308        15233242       8034       2000      10000          6
   0       14     1955     9996      6773937312      6773947308        15243242       8034       2000      10000          6
   0       14     1955     9996      6773947312      6773957308        15253242       8034       2000      10000          6
   0       14     1955     9996      6773957312      6773967308        15263242       8034       2000      10000          6
   0       14     1955     9996      6773967312      6773977308        15273242       8034       2000      10000          6
   0       14     1955     9996      6773977312      6773987308        15283242       8034       2000      10000          6
   0       14     1955     9996      6773987312      6773997308        15293242       8034       2000      10000          6
   0       14     1955     9997      6773997312      6774007308        15303242       8034       2000      10000          7
   0       14     1955     9996      6774007312      6774017308        15313242       8034       2000      10000          6
   0       14     1955     9996      6774017312      6774027308        15323242       8034       2000      10000          7
   0       14     1955     9996      6774027312      6774037308        15333242       8034       2000      10000          7
   0       14     1955     9996      6774037312      6774047308        15343242       8034       2000      10000          6
   0       14     1955     9996      6774047312      6774057308        15353242       8034       2000      10000          6
   0       14     1955     9997      6774057312      6774067308        15363242       8034       2000      10000          7
   0       14     1955     9996      6774067312      6774077308        15373242       8034       2000      10000          6
   0       14     1955     9996      6774077312      6774087308        15383242       8034       2000      10000          6
   0       14     1955     9996      6774087312      6774097308        15393242       8034       2000      10000          7
   0       14     1955     9996      6774097312      6774107308        15403242       8034       2000      10000          7
   0       14     1955     9996      6774107312      6774117308        15413242       8034       2000      10000          7
   0       14     1955     9996      6774117312      6774127308        15423242       8034       2000      10000          7
   0       14     1955     9996      6774127312      6774137308        15433242       8034       2000      10000          7
   0       14     1955     9996      6774137312      6774147308        15443242       8034       2000      10000          6
   0       14     1955     9996      6774147312      6774157308        15453242       8034       2000      10000          6
   0       14     1955     9996      6774157312      6774167308        15463242       8034       2000      10000          6
   0       14     1955     9996      6774167312      6774177308        15473242       8034       2000      10000          6
   0       14     1955     9996      6774177312      6774187308        15483242       8034       2000      10000          6
   0       14     1955     9996      6774187312      6774197308        15493242       8034       2000      10000          6
   0       14     1955     9996      6774197312      6774207308        15503242       8034       2000      10000          6
   0       14     1955     9996      6774207312      6774217308        15513242       8034       2000      10000          7
   0       14     1955     9996      6774217312      6774227308        15523242       8034       2000      10000          6
   0       14     1955     9996      6774227312      6774237308        15533242       8034       2000      10000          6
   0       14     1955     9985      6774237323      6774247308        15543253       8023       2000      10000          6
   0       14     1955     9996      6774247312      6774257308        15553242       8034       2000      10000          6
   0       14     1955     9996      6774257312      6774267308        15563242       8034       2000      10000          6
   0       14     1955     9996      6774267312      6774277308        15573242       8034       2000      10000          6
   0       14     1955     9996      6774277312      6774287308        15583242       8034       2000      10000          7
   0       14     1955     9996      6774287312      6774297308        15593242       8034       2000      10000          6
   0       14     1955     9996      6774297312      6774307308        15603242       8034       2000      10000          6
   0       14     1955     9999      6774307312      6774317311        15613242       8034       2000      10000          9
   0       14     1957     9994      6774317314      6774327309        15623244       8030       2000      10000          7
   0       14     1955     9995      6774327313      6774337308        15633243       8033       2000      10000          6
   0       14     1955     9996      6774337312      6774347308        15643242       8034       2000      10000          6
   0       14     1955     9997      6774347311      6774357308        15653241       8035       2000      10000          6
   0       14     1955     9996      6774357312      6774367308        15663242       8034       2000      10000          6
   0       14     1955     9997      6774367312      6774377308        15673242       8034       2000      10000          7
   0       14     1955     9996      6774377312      6774387308        15683242       8034       2000      10000          7
   0       14     1955     9996      6774387312      6774397308        15693242       8034       2000      10000          7
   0       14     1955     9996      6774397312      6774407308        15703242       8034       2000      10000          6
   0       14     1955     9996      6774407312      6774417308        15713242       8034       2000      10000          6
   0       14     1955     9996      6774417312      6774427308        15723242       8034       2000      10000          7
   0       14     1955     9996      6774427312      6774437308        15733242       8034       2000      10000          6
   0       14     1955     9996      6774437312      6774447308        15743242       8034       2000      10000          6
   0       14     1955     9996      6774447312      6774457308        15753242       8035       2000      10000          6
   0       14     1955     9996      6774457312      6774467308        15763242       8034       2000      10000          6
   0       14     1955     9996      6774467312      6774477308        15773242       8034       2000      10000          7
   0       14     1955     9996      6774477312      6774487308        15783242       8034       2000      10000          6
   0       14     1955     9997      6774487312      6774497308        15793242       8034       2000      10000          7
   0       14     1955     9996      6774497312      6774507308        15803242       8034       2000      10000          6
   0       14     1955     9996      6774507312      6774517308        15813242       8034       2000      10000          6
   0       14     1955     9996      6774517312      6774527308        15823242       8034       2000      10000          7
   0       14     1955     9996      6774527312      6774537308        15833242       8034       2000      10000          6
   0       14     1955     9996      6774537312      6774547308        15843242       8034       2000      10000          6
   0       14     1955     9996      6774547312      6774557308        15853242       8034       2000      10000          7
   0       14     1955     9996      6774557312      6774567308        15863242       8034       2000      10000          6
   0       14     1955     9985      6774567323      6774577308        15873253       8023       2000      10000          7
   0       14     1955     9996      6774577312      6774587308        15883242       8034       2000      10000          6
   0       14     1955     9996      6774587312      6774597308        15893242       8034       2000      10000          6
   0       14     1955     9996      6774597312      6774607308        15903242       8034       2000      10000          6
   0       14     1955     9996      6774607312      6774617308        15913242       8034       2000      10000          7
   0       14     1955     9996      6774617312      6774627308        15923242       8034       2000      10000          6
   0       14     1955     9996      6774627312      6774637308        15933242       8034       2000      10000          7
   0       14     1955     9996      6774637312      6774647308        15943242       8034       2000      10000          7
   0       14     1955     9996      6774647312      6774657308        15953242       8034       2000      10000          7
   0       14     1955     9996      6774657312      6774667308        15963242       8034       2000      10000          7
   0       14     1955     9996      6774667312      6774677308        15973242       8034       2000      10000          7
   0       14     1955     9996      6774677312      6774687308        15983242       8034       2000      10000          7
   0       14     1955     9996      6774687312      6774697308        15993242       8034       2000      10000          6
   0       14     1955     9996      6774697312      6774707308        16003242       8034       2000      10000          6
   0       14     1955     9996      6774707312      6774717308        16013242       8034       2000      10000          6
   0       14     1955     9996      6774717312      6774727308        16023242       8034       2000      10000          6
   0       14     1955     9996      6774727312      6774737308        16033242       8034       2000      10000          6
   0       14     1955     9996      6774737312      6774747308        16043242       8034       2000      10000          6
   0       14     1955     9996      6774747312      6774757308        16053242       8034       2000      10000          6
   0       14     1955     9996      6774757312      6774767308        16063242       8034       2000      10000          7
   0       14     1955     9996      6774767312      6774777308        16073242       8034       2000      10000          6
   0       14     1955     9996      6774777312      6774787308        16083242       8034       2000      10000          6
   0       14     1955     9996      6774787312      6774797308        16093242       8034       2000      10000          6
   0       14     1955     9996      6774797312      6774807308        16103242       8034       2000      10000          6
   0       14     1955     9996      6774807312      6774817308        16113242       8034       2000      10000          6
   0       14     1955     9996      6774817312      6774827308        16123242       8034       2000      10000          7
   0       14     1955     9996      6774827312      6774837308        16133242       8034       2000      10000          6
   0       14     1955     9996      6774837312      6774847308        16143242       8034       2000      10000          6
   0       14     1955     9996      6774847312      6774857308        16153242       8034       2000      10000          6
   0       14     1955     9996      6774857312      6774867308        16163242       8034       2000      10000          6
   0       14     1955     9996      6774867312      6774877308        16173242       8034       2000      10000          6
   0       14     1955     9996      6774877312      6774887308        16183242       8034       2000      10000          6
   0       14     1955     9996      6774887312      6774897308        16193242       8034       2000      10000          7
   0       14     1955     9985      6774897323      6774907308        16203253       8023       2000      10000          7
   0       14     1955     9997      6774907312      6774917309        16213242       8034       2000      10000          7
   0       14     1955     9996      6774917312      6774927308        16223242       8034       2000      10000          7
   0       14     1955     9996      6774927312      6774937308        16233242       8034       2000      10000          6
   0       14     1955     9997      6774937312      6774947308        16243242       8034       2000      10000          7
   0       14     1955     9996      6774947312      6774957308        16253242       8034       2000      10000          7
   0       14     1955     9996      6774957312      6774967308        16263242       8034       2000      10000          6
   0       14     1955     9996      6774967312      6774977308        16273242       8034       2000      10000          6
   0       14     1955     9996      6774977312      6774987308        16283242       8034       2000      10000          6
   0       14     1955     9996      6774987312      6774997308        16293242       8034       2000      10000          6
   0       14     1955     9996      6774997312      6775007308        16303242       8034       2000      10000          7
   0       14     1955     9996      6775007312      6775017308        16313242       8034       2000      10000          6
   0       14     1955     9997      6775017312      6775027308        16323242       8034       2000      10000          7
   0       14     1955     9996      6775027312      6775037308        16333242       8034       2000      10000          7
   0       14     1955     9996      6775037312      6775047308        16343242       8034       2000      10000          6
   0       14     1955     9996      6775047312      6775057308        16353242       8034       2000      10000          6
   0       14     1955     9996      6775057312      6775067308        16363242       8034       2000      10000          7
   0       14     1955     9996      6775067312      6775077308        16373242       8034       2000      10000          6
   0       14     1955     9996      6775077312      6775087308        16383242       8034       2000      10000          7
   0       14     1955     9995      6775087312      6775097307        16393242       8034       2000      10000          6
   0       14     1955     9997      6775097311      6775107308        16403241       8035       2000      10000          7
   0       14     1955     9996      6775107312      6775117308        16413242       8034       2000      10000          7
   0       14     1955     9996      6775117312      6775127308        16423242       8034       2000      10000          6
   0       14     1955     9996      6775127312      6775137308        16433242       8034       2000      10000          6
   0       14     1955     9996      6775137312      6775147308        16443242       8034       2000      10000          7
   0       14     1955     9996      6775147312      6775157308        16453242       8034       2000      10000          7
   0       14     1955     9996      6775157312      6775167308        16463242       8034       2000      10000          6
   0       14     1955     9996      6775167312      6775177308        16473242       8034       2000      10000          6
   0       14     1955     9996      6775177312      6775187308        16483242       8034       2000      10000          7
   0       14     1955     9996      6775187312      6775197308        16493242       8034       2000      10000          7
   0       14     1955     9996      6775197312      6775207308        16503242       8034       2000      10000          7
   0       14     1955     9996      6775207312      6775217308        16513242       8034       2000      10000          6
   0       14     1955     9996      6775217312      6775227308        16523242       8034       2000      10000          7
   0       14     1955     9986      6775227323      6775237308        16533253       8023       2000      10000          7
   0       14     1955     9996      6775237312      6775247308        16543242       8034       2000      10000          7
   0       14     1955     9996      6775247312      6775257308        16553242       8034       2000      10000          7
   0       14     1955     9996      6775257312      6775267308        16563242       8034       2000      10000          7
   0       14     1955     9996      6775267312      6775277308        16573242       8034       2000      10000          6
   0       14     1955     9996      6775277312      6775287308        16583242       8034       2000      10000          6
   0       14     1955     9997      6775287312      6775297308        16593242       8034       2000      10000          7
   0       14     1955     9996      6775297312      6775307308        16603242       8034       2000      10000          7
   0       14     1955     9998      6775307312      6775317310        16613242       8034       2000      10000          8
   0       14     1957     9995      6775317314      6775327309        16623244       8031       2000      10000          8
   0       14     1955     9995      6775327313      6775337308        16633243       8033       2000      10000          7
   0       14     1955     9996      6775337312      6775347308        16643242       8034       2000      10000          7
   0       14     1955     9996      6775347312      6775357308        16653242       8034       2000      10000          6
   0       14     1955     9996      6775357312      6775367308        16663242       8034       2000      10000          6
   0       14     1955     9996      6775367312      6775377308        16673242       8034       2000      10000          6
   0       14     1955     9996      6775377312      6775387308        16683242       8034       2000      10000          7
   0       14     1955     9996      6775387312      6775397308        16693242       8034       2000      10000          7
   0       14     1955     9996      6775397312      6775407308        16703242       8034       2000      10000          7
   0       14     1955     9996      6775407312      6775417308        16713242       8034       2000      10000          7
   0       14     1955     9996      6775417312      6775427308        16723242       8034       2000      10000          7
   0       14     1955     9996      6775427312      6775437308        16733242       8034       2000      10000          7
   0       14     1955     9996      6775437312      6775447308        16743242       8034       2000      10000          7
   0       14     1955     9996      6775447312      6775457308        16753242       8034       2000      10000          7
   0       14     1955     9996      6775457312      6775467308        16763242       8034       2000      10000          7
   0       14     1955     9996      6775467312      6775477308        16773242       8034       2000      10000          7
   0       14     1955     9996      6775477312      6775487308        16783242       8034       2000      10000          7
   0       14     1955     9996      6775487312      6775497308        16793242       8034       2000      10000          7
   0       14     1955     9996      6775497312      6775507308        16803242       8034       2000      10000          7
   0       14     1955     9996      6775507312      6775517308        16813242       8034       2000      10000          7
   0       14     1955     9996      6775517312      6775527308        16823242       8034       2000      10000          6
   0       14     1955     9996      6775527312      6775537308        16833242       8034       2000      10000          6
   0       14     1955     9996      6775537312      6775547308        16843242       8034       2000      10000          7
   0       14     1955     9997      6775547312      6775557308        16853242       8034       2000      10000          7
   0       14     1955     9985      6775557324      6775567308        16863254       8022       2000      10000          7
   0       14     1955     9997      6775567312      6775577310        16873242       8034       2000      10000          8
   0       14     1955     9995      6775577313      6775587308        16883243       8033       2000      10000          7
   0       14     1955     9996      6775587312      6775597308        16893242       8034       2000      10000          7
   0       14     1955     9996      6775597312      6775607308        16903242       8034       2000      10000          6
   0       14     1955     9996      6775607312      6775617308        16913242       8034       2000      10000          6
   0       14     1955     9996      6775617312      6775627308        16923242       8034       2000      10000          6
   0       14     1955     9997      6775627312      6775637308        16933242       8034       2000      10000          7
   0       14     1955     9996      6775637312      6775647308        16943242       8034       2000      10000          6
   0       14     1955     9996      6775647312      6775657308        16953242       8034       2000      10000          6
   0       14     1955     9996      6775657312      6775667308        16963242       8034       2000      10000          7
   0       14     1955     9996      6775667312      6775677308        16973242       8034       2000      10000          6
   0       14     1955     9996      6775677312      6775687308        16983242       8034       2000      10000          7
   0       14     1955     9996      6775687312      6775697308        16993242       8034       2000      10000          6
   0       14     1955     9997      6775697312      6775707308        17003242       8034       2000      10000          7
   0       14     1955     9996      6775707312      6775717308        17013242       8034       2000      10000          6
   0       14     1955     9996      6775717312      6775727308        17023242       8034       2000      10000          6
   0       14     1955     9996      6775727312      6775737308        17033242       8034       2000      10000          6
   0       14     1955     9996      6775737312      6775747308        17043242       8034       2000      10000          7
   0       14     1955     9996      6775747312      6775757308        17053242       8034       2000      10000          6
   0       14     1955     9996      6775757312      6775767308        17063242       8034       2000      10000          6
   0       14     1955     9996      6775767312      6775777308        17073242       8034       2000      10000          6
   0       14     1955     9997      6775777312      6775787308        17083242       8034       2000      10000          6
   0       14     1955     9996      6775787312      6775797308        17093242       8034       2000      10000          6
   0       14     1955     9996      6775797312      6775807308        17103242       8034       2000      10000          7
   0       14     1955     9996      6775807312      6775817308        17113242       8034       2000      10000          6
   0       14     1955     9996      6775817312      6775827308        17123242       8034       2000      10000          6
   0       14     1955     9996      6775827312      6775837308        17133242       8034       2000      10000          7
   0       14     1955     9996      6775837312      6775847308        17143242       8034       2000      10000          7
   0       14     1955     9996      6775847312      6775857308        17153242       8034       2000      10000          6
   0       14     1955     9996      6775857312      6775867308        17163242       8034       2000      10000          6
   0       14     1955     9996      6775867312      6775877308        17173242       8034       2000      10000          7
   0       14     1955     9996      6775877312      6775887308        17183242       8034       2000      10000          7
   0       14     1955     9986      6775887323      6775897308        17193253       8023       2000      10000          7
   0       14     1955     9996      6775897312      6775907308        17203242       8034       2000      10000          6
   0       14     1955     9996      6775907312      6775917308        17213242       8034       2000      10000          6
   0       14     1955     9996      6775917312      6775927308        17223242       8034       2000      10000          7
   0       14     1955     9996      6775927312      6775937308        17233242       8034       2000      10000          6
   0       14     1955     9996      6775937312      6775947308        17243242       8034       2000      10000          6
   0       14     1955     9996      6775947312      6775957308        17253242       8034       2000      10000          6
   0       14     1955     9996      6775957312      6775967308        17263242       8034       2000      10000          6
   0       14     1955     9996      6775967312      6775977308        17273242       8034       2000      10000          6
   0       14     1955     9996      6775977312      6775987308        17283242       8034       2000      10000          6
   0       14     1955     9996      6775987312      6775997308        17293242       8034       2000      10000          6
   0       14     1955     9996      6775997312      6776007308        17303242       8034       2000      10000          6
   0       14     1955     9996      6776007312      6776017308        17313242       8034       2000      10000          7
   0       14     1955     9996      6776017312      6776027308        17323242       8034       2000      10000          6
   0       14     1955     9996      6776027312      6776037308        17333242       8034       2000      10000          6
   0       14     1955     9996      6776037312      6776047308        17343242       8034       2000      10000          6
   0       14     1955     9996      6776047312      6776057308        17353242       8034       2000      10000          6
   0       14     1955     9997      6776057312      6776067308        17363242       8034       2000      10000          7
   0       14     1955     9996      6776067312      6776077308        17373242       8034       2000      10000          6
   0       14     1955     9996      6776077312      6776087308        17383242       8034       2000      10000          6
   0       14     1955     9996      6776087312      6776097308        17393242       8034       2000      10000          6
   0       14     1955     9996      6776097312      6776107308        17403242       8034       2000      10000          6
   0       14     1955     9996      6776107312      6776117308        17413242       8034       2000      10000          6
   0       14     1955     9996      6776117312      6776127308        17423242       8034       2000      10000          6
   0       14     1955     9996      6776127312      6776137308        17433242       8034       2000      10000          6
   0       14     1955     9996      6776137312      6776147308        17443242       8034       2000      10000          6
   0       14     1955     9996      6776147312      6776157308        17453242       8034       2000      10000          6
   0       14     1955     9996      6776157312      6776167308        17463242       8034       2000      10000          7
   0       14     1955     9996      6776167312      6776177308        17473242       8034       2000      10000          6
   0       14     1955     9996      6776177312      6776187308        17483242       8034       2000      10000          7
   0       14     1955     9996      6776187312      6776197308        17493242       8034       2000      10000          6
   0       14     1955     9996      6776197312      6776207308        17503242       8034       2000      10000          6
   0       14     1955     9996      6776207312      6776217308        17513242       8034       2000      10000          7
   0       14     1955     9985      6776217323      6776227308        17523253       8023       2000      10000          7
   0       14     1955     9996      6776227312      6776237308        17533242       8034       2000      10000          6
   0       14     1955     9996      6776237312      6776247308        17543242       8034       2000      10000          6
   0       14     1955     9996      6776247312      6776257308        17553242       8034       2000      10000          7
   0       14     1955     9996      6776257312      6776267308        17563242       8034       2000      10000          7
   0       14     1955     9996      6776267312      6776277308        17573242       8034       2000      10000          6
   0       14     1955     9996      6776277312      6776287308        17583242       8034       2000      10000          7
   0       14     1955     9996      6776287312      6776297308        17593242       8034       2000      10000          6
   0       14     1955     9996      6776297312      6776307308        17603242       8034       2000      10000          6
   0       14     1955     9999      6776307312      6776317311        17613242       8034       2000      10000          9
   0       14     1957     9994      6776317315      6776327309        17623245       8030       2000      10000          7
   0       14     1955     9995      6776327313      6776337308        17633243       8033       2000      10000          6
   0       14     1955     9996      6776337312      6776347308        17643242       8034       2000      10000          7
   0       14     1955     9996      6776347312      6776357308        17653242       8034       2000      10000          7
   0       14     1955     9996      6776357312      6776367308        17663242       8034       2000      10000          6
   0       14     1955     9996      6776367312      6776377308        17673242       8034       2000      10000          7
   0       14     1955     9996      6776377312      6776387308        17683242       8034       2000      10000          7
   0       14     1955     9996      6776387312      6776397308        17693242       8034       2000      10000          7
   0       14     1955     9996      6776397312      6776407308        17703242       8034       2000      10000          7
   0       14     1955     9996      6776407312      6776417308        17713242       8034       2000      10000          6
   0       14     1955     9996      6776417312      6776427308        17723242       8034       2000      10000          7
   0       14     1955     9996      6776427312      6776437308        17733242       8034       2000      10000          6
   0       14     1955     9996      6776437312      6776447308        17743242       8034       2000      10000          6
   0       14     1955     9996      6776447312      6776457308        17753242       8034       2000      10000          6
   0       14     1955     9996      6776457312      6776467308        17763242       8034       2000      10000          7
   0       14     1955     9996      6776467312      6776477308        17773242       8034       2000      10000          6
   0       14     1955     9996      6776477312      6776487308        17783242       8034       2000      10000          6
   0       14     1955     9996      6776487312      6776497308        17793242       8034       2000      10000          7
   0       14     1955     9996      6776497312      6776507308        17803242       8034       2000      10000          7
   0       14     1955     9996      6776507312      6776517308        17813242       8034       2000      10000          7
   0       14     1955     9996      6776517312      6776527308        17823242       8034       2000      10000          7
   0       14     1955     9996      6776527312      6776537308        17833242       8034       2000      10000          7
   0       14     1955     9996      6776537312      6776547308        17843242       8034       2000      10000          7
   0       14     1955     9986      6776547323      6776557309        17853253       8023       2000      10000          7
   0       14     1955     9996      6776557312      6776567308        17863242       8034       2000      10000          6
   0       14     1955     9997      6776567312      6776577308        17873242       8034       2000      10000          7
   0       14     1955     9996      6776577312      6776587308        17883242       8034       2000      10000          7
   0       14     1955     9997      6776587312      6776597309        17893242       8034       2000      10000          7
   0       14     1955     9996      6776597312      6776607308        17903242       8034       2000      10000          7
   0       14     1955     9996      6776607312      6776617308        17913242       8034       2000      10000          7
   0       14     1955     9996      6776617312      6776627308        17923242       8034       2000      10000          7
   0       14     1955     9996      6776627312      6776637308        17933242       8034       2000      10000          7
   0       14     1955     9996      6776637312      6776647308        17943242       8034       2000      10000          6
   0       14     1955     9996      6776647312      6776657308        17953242       8034       2000      10000          6
   0       14     1955     9996      6776657312      6776667308        17963242       8034       2000      10000          6
   0       14     1955     9997      6776667312      6776677308        17973242       8034       2000      10000          7
   0       14     1955     9996      6776677312      6776687308        17983242       8034       2000      10000          7
   0       14     1955     9996      6776687312      6776697308        17993242       8034       2000      10000          7
   0       14     1955     9996      6776697312      6776707308        18003242       8034       2000      10000          7
   0       14     1955     9996      6776707312      6776717308        18013242       8034       2000      10000          7
   0       14     1955     9996      6776717312      6776727308        18023242       8034       2000      10000          7
   0       14     1955     9996      6776727312      6776737308        18033242       8034       2000      10000          6
   0       14     1955     9996      6776737312      6776747308        18043242       8034       2000      10000          7
   0       14     1955     9996      6776747312      6776757308        18053242       8034       2000      10000          6
   0       14     1955     9996      6776757312      6776767308        18063242       8034       2000      10000          6
   0       14     1955     9996      6776767312      6776777308        18073242       8034       2000      10000          7
   0       14     1955     9996      6776777312      6776787308        18083242       8034       2000      10000          7
   0       14     1955     9996      6776787312      6776797308        18093242       8034       2000      10000          6
   0       14     1955     9997      6776797312      6776807308        18103242       8034       2000      10000          7
   0       14     1955     9996      6776807312      6776817308        18113242       8034       2000      10000          7
   0       14     1955     9996      6776817312      6776827308        18123242       8034       2000      10000          7
   0       14     1955     9996      6776827312      6776837308        18133242       8034       2000      10000          7
   0       14     1955     9996      6776837312      6776847308        18143242       8034       2000      10000          7
   0       14     1955     9996      6776847312      6776857308        18153242       8034       2000      10000          7
   0       14     1955     9996      6776857312      6776867308        18163242       8034       2000      10000          6
   0       14     1955     9997      6776867312      6776877308        18173242       8034       2000      10000          7
   0       14     1955     9985      6776877323      6776887308        18183253       8023       2000      10000          7
   0       14     1955     9996      6776887312      6776897308        18193242       8034       2000      10000          7
   0       14     1955     9996      6776897312      6776907308        18203242       8034       2000      10000          7
   0       14     1955     9996      6776907312      6776917308        18213242       8034       2000      10000          6
   0       14     1955     9996      6776917312      6776927308        18223242       8034       2000      10000          7
   0       14     1955     9996      6776927312      6776937308        18233242       8034       2000      10000          7
   0       14     1955     9999      6776937312      6776947311        18243242       8034       2000      10000          9
   0       14     1955     9996      6776947315      6776957310        18253245       8031       2000      10000          9
   0       14     1956     9997      6776957314      6776967311        18263244       8031       2000      10000         10
   0       14     1956     9994      6776967316      6776977309        18273246       8029       2000      10000          8
   0       14     1955     9995      6776977313      6776987309        18283243       8033       2000      10000          7
   0       14     1955     9996      6776987312      6776997308        18293242       8034       2000      10000          7
   0       14     1955     9996      6776997312      6777007309        18303242       8034       2000      10000          7
   0       14     1955     9996      6777007312      6777017308        18313242       8034       2000      10000          7
   0       14     1955     9996      6777017312      6777027308        18323242       8034       2000      10000          6
   0       14     1955     9997      6777027312      6777037308        18333242       8034       2000      10000          7
   0       14     1955     9996      6777037312      6777047308        18343242       8034       2000      10000          7
   0       14     1955     9996      6777047312      6777057308        18353242       8034       2000      10000          7
   0       14     1955     9996      6777057312      6777067308        18363242       8034       2000      10000          7
   0       14     1955     9996      6777067312      6777077308        18373242       8034       2000      10000          7
   0       14     1955     9996      6777077312      6777087308        18383242       8034       2000      10000          6
   0       14     1955     9996      6777087312      6777097308        18393242       8034       2000      10000          7
   0       14     1955     9996      6777097312      6777107308        18403242       8034       2000      10000          7
   0       14     1955     9996      6777107312      6777117308        18413242       8034       2000      10000          7
   0       14     1955     9996      6777117312      6777127308        18423242       8034       2000      10000          7
   0       14     1955     9996      6777127312      6777137308        18433242       8034       2000      10000          7
   0       14     1955     9996      6777137312      6777147308        18443242       8034       2000      10000          7
   0       14     1955     9996      6777147312      6777157308        18453242       8034       2000      10000          6
   0       14     1955     9996      6777157312      6777167308        18463242       8034       2000      10000          7
   0       14     1955     9996      6777167312      6777177308        18473242       8034       2000      10000          6
   0       14     1955     9996      6777177312      6777187308        18483242       8034       2000      10000          7
   0       14     1955     9996      6777187312      6777197308        18493242       8034       2000      10000          6
   0       14     1955     9996      6777197312      6777207308        18503242       8034       2000      10000          6
   0       14     1955     9984      6777207325      6777217308        18513255       8021       2000      10000          7
   0       14     1955     9996      6777217312      6777227308        18523242       8034       2000      10000          7
   0       14     1955     9996      6777227312      6777237308        18533242       8034       2000      10000          7
   0       14     1955     9996      6777237312      6777247308        18543242       8034       2000      10000          6
   0       14     1955     9996      6777247312      6777257308        18553242       8034       2000      10000          7
   0       14     1955     9996      6777257312      6777267308        18563242       8034       2000      10000          6
   0       14     1955     9996      6777267312      6777277308        18573242       8034       2000      10000          6
   0       14     1955     9996      6777277312      6777287308        18583242       8034       2000      10000          6
   0       14     1955     9996      6777287312      6777297308        18593242       8034       2000      10000          6
   0       14     1955     9996      6777297312      6777307308        18603242       8034       2000      10000          6
   0       14     1955     9998      6777307312      6777317310        18613242       8034       2000      10000          8
   0       14     1956     9995      6777317314      6777327309        18623244       8031       2000      10000          7
   0       14     1955     9995      6777327313      6777337308        18633243       8033       2000      10000          6
   0       14     1955     9996      6777337312      6777347308        18643242       8034       2000      10000          6
   0       14     1955     9996      6777347312      6777357308        18653242       8034       2000      10000          6
   0       14     1955     9996      6777357312      6777367308        18663242       8034       2000      10000          6
   0       14     1955     9996      6777367312      6777377308        18673242       8034       2000      10000          7
   0       14     1955     9996      6777377312      6777387308        18683242       8034       2000      10000          6
   0       14     1955     9996      6777387312      6777397308        18693242       8034       2000      10000          6
   0       14     1955     9996      6777397312      6777407308        18703242       8034       2000      10000          6
   0       14     1955     9996      6777407312      6777417308        18713242       8034       2000      10000          6
   0       14     1955     9996      6777417312      6777427308        18723242       8034       2000      10000          6
   0       14     1955     9996      6777427312      6777437308        18733242       8034       2000      10000          6
   0       14     1955     9997      6777437312      6777447309        18743242       8034       2000      10000          7
   0       14     1955     9996      6777447313      6777457308        18753243       8034       2000      10000          7
   0       14     1955     9996      6777457312      6777467308        18763242       8034       2000      10000          6
   0       14     1955     9996      6777467312      6777477308        18773242       8034       2000      10000          7
   0       14     1955     9996      6777477312      6777487308        18783242       8034       2000      10000          6
   0       14     1955     9996      6777487312      6777497308        18793242       8034       2000      10000          6
   0       14     1955     9996      6777497312      6777507308        18803242       8034       2000      10000          7
   0       14     1955     9996      6777507312      6777517308        18813242       8034       2000      10000          6
   0       14     1955     9996      6777517312      6777527308        18823242       8034       2000      10000          7
   0       14     1955     9996      6777527312      6777537308        18833242       8034       2000      10000          7
   0       14     1955     9984      6777537324      6777547308        18843254       8022       2000      10000          7
   0       14     1955     9996      6777547312      6777557308        18853242       8034       2000      10000          7
   0       14     1955     9996      6777557312      6777567308        18863242       8034       2000      10000          7
   0       14     1955     9996      6777567312      6777577308        18873242       8034       2000      10000          6
   0       14     1955     9996      6777577312      6777587308        18883242       8034       2000      10000          7
   0       14     1955     9997      6777587312      6777597309        18893242       8034       2000      10000          7
   0       14     1955     9996      6777597313      6777607308        18903243       8034       2000      10000          7
   0       14     1955     9996      6777607312      6777617308        18913242       8034       2000      10000          6
   0       14     1955     9996      6777617312      6777627308        18923242       8034       2000      10000          6
   0       14     1955     9996      6777627312      6777637308        18933242       8034       2000      10000          6
   0       14     1955     9996      6777637312      6777647308        18943242       8034       2000      10000          6
   0       14     1955     9996      6777647312      6777657308        18953242       8034       2000      10000          7
   0       14     1955     9996      6777657312      6777667308        18963242       8034       2000      10000          6
   0       14     1955     9997      6777667312      6777677309        18973242       8034       2000      10000          7
   0       14     1955     9996      6777677312      6777687308        18983242       8034       2000      10000          7
   0       14     1955     9996      6777687312      6777697308        18993242       8034       2000      10000          6
   0       14     1955     9996      6777697312      6777707308        19003242       8034       2000      10000          7
   0       14     1955     9996      6777707312      6777717308        19013242       8034       2000      10000          6
   0       14     1955     9996      6777717312      6777727308        19023242       8034       2000      10000          6
   0       14     1955     9996      6777727312      6777737308        19033242       8034       2000      10000          6
   0       14     1955     9996      6777737312      6777747308        19043242       8034       2000      10000          7
   0       14     1955     9996      6777747312      6777757308        19053242       8034       2000      10000          6
   0       14     1955     9996      6777757312      6777767308        19063242       8034       2000      10000          6
   0       14     1955     9996      6777767312      6777777308        19073242       8034       2000      10000          6
   0       14     1955     9997      6777777312      6777787308        19083242       8034       2000      10000          7
   0       14     1955     9996      6777787312      6777797308        19093242       8034       2000      10000          7
   0       14     1955     9996      6777797312      6777807308        19103242       8034       2000      10000          6
   0       14     1955     9997      6777807312      6777817308        19113242       8034       2000      10000          7
   0       14     1955     9996      6777817312      6777827308        19123242       8034       2000      10000          6
   0       14     1955     9996      6777827312      6777837308        19133242       8034       2000      10000          6
   0       14     1955     9996      6777837312      6777847308        19143242       8034       2000      10000          6
   0       14     1955     9996      6777847312      6777857308        19153242       8034       2000      10000          7
   0       14     1955     9996      6777857312      6777867308        19163242       8034       2000      10000          6
   0       14     1955     9986      6777867322      6777877308        19173252       8024       2000      10000          6
   0       14     1955     9997      6777877312      6777887308        19183242       8034       2000      10000          7
   0       14     1955     9996      6777887312      6777897308        19193242       8034       2000      10000          7
   0       14     1955     9996      6777897312      6777907308        19203242       8034       2000      10000          7
   0       14     1955     9996      6777907312      6777917308        19213242       8034       2000      10000          7
   0       14     1955     9996      6777917312      6777927308        19223242       8034       2000      10000          6
   0       14     1955     9996      6777927312      6777937308        19233242       8034       2000      10000          7
   0       14     1955     9996      6777937312      6777947308        19243242       8034       2000      10000          6
   0       14     1955     9996      6777947312      6777957308        19253242       8034       2000      10000          7
   0       14     1955     9996      6777957312      6777967308        19263242       8034       2000      10000          6
   0       14     1955     9997      6777967312      6777977309        19273242       8034       2000      10000          7
   0       14     1955     9995      6777977313      6777987308        19283243       8033       2000      10000          6
   0       14     1955     9996      6777987312      6777997308        19293242       8034       2000      10000          6
   0       14     1955     9996      6777997312      6778007308        19303242       8034       2000      10000          7
   0       14     1955     9996      6778007312      6778017308        19313242       8034       2000      10000          6
   0       14     1955     9996      6778017312      6778027308        19323242       8034       2000      10000          6
   0       14     1955     9996      6778027312      6778037308        19333242       8034       2000      10000          6
   0       14     1955     9996      6778037312      6778047308        19343242       8034       2000      10000          6
   0       14     1955     9996      6778047312      6778057308        19353242       8034       2000      10000          6
   0       14     1955     9996      6778057312      6778067308        19363242       8034       2000      10000          6
   0       14     1955     9996      6778067312      6778077308        19373242       8034       2000      10000          6
   0       14     1955     9996      6778077312      6778087308        19383242       8034       2000      10000          6
   0       14     1955     9996      6778087312      6778097308        19393242       8034       2000      10000          6
   0       14     1955     9997      6778097312      6778107308        19403242       8035       2000      10000          7
   0       14     1955     9996      6778107312      6778117308        19413242       8034       2000      10000          6
   0       14     1955     9996      6778117312      6778127308        19423242       8034       2000      10000          7
   0       14     1955     9996      6778127312      6778137308        19433242       8034       2000      10000          7
   0       14     1955     9996      6778137312      6778147308        19443242       8034       2000      10000          7
   0       14     1955     9996      6778147312      6778157308        19453242       8034       2000      10000          7
   0       14     1955     9996      6778157312      6778167308        19463242       8034       2000      10000          7
   0       14     1955     9996      6778167312      6778177308        19473242       8034       2000      10000          6
   0       14     1955     9996      6778177312      6778187308        19483242       8034       2000      10000          7
   0       14     1955     9996      6778187312      6778197308        19493242       8034       2000      10000          6
   0       14     1955     9985      6778197323      6778207308        19503253       8023       2000      10000          7
   0       14     1955     9996      6778207312      6778217308        19513242       8034       2000      10000          7
   0       14     1955     9996      6778217312      6778227308        19523242       8034       2000      10000          6
   0       14     1955     9997      6778227312      6778237308        19533242       8034       2000      10000          7
   0       14     1955     9996      6778237312      6778247308        19543242       8034       2000      10000          7
   0       14     1955     9996      6778247312      6778257308        19553242       8034       2000      10000          7
   0       14     1955     9996      6778257312      6778267308        19563242       8034       2000      10000          7
   0       14     1955     9996      6778267312      6778277308        19573242       8034       2000      10000          7
   0       14     1955     9996      6778277312      6778287308        19583242       8034       2000      10000          7
   0       14     1955     9996      6778287312      6778297308        19593242       8034       2000      10000          7
   0       14     1955     9996      6778297312      6778307308        19603242       8034       2000      10000          7
   0       14     1955     9998      6778307312      6778317310        19613242       8034       2000      10000          8
   0       14     1956     9996      6778317313      6778327309        19623243       8031       2000      10000          7
   0       14     1955     9995      6778327313      6778337308        19633243       8033       2000      10000          6
   0       14     1955     9996      6778337312      6778347308        19643242       8034       2000      10000          6
   0       14     1955     9997      6778347312      6778357308        19653242       8034       2000      10000          7
   0       14     1955     9996      6778357312      6778367308        19663242       8034       2000      10000          6
   0       14     1955     9997      6778367312      6778377308        19673242       8034       2000      10000          7
   0       14     1955     9996      6778377312      6778387308        19683242       8034       2000      10000          7
   0       14     1955     9996      6778387312      6778397308        19693242       8034       2000      10000          7
   0       14     1955     9998      6778397312      6778407310        19703242       8034       2000      10000          8
   0       14     1955     9995      6778407314      6778417309        19713244       8032       2000      10000          7
   0       14     1955     9996      6778417312      6778427308        19723242       8034       2000      10000          6
   0       14     1955     9996      6778427312      6778437308        19733242       8034       2000      10000          6
   0       14     1955     9996      6778437312      6778447308        19743242       8034       2000      10000          6
   0       14     1955     9996      6778447312      6778457308        19753242       8034       2000      10000          7
   0       14     1955     9996      6778457312      6778467308        19763242       8034       2000      10000          6
   0       14     1955     9996      6778467312      6778477308        19773242       8034       2000      10000          6
   0       14     1955     9996      6778477312      6778487308        19783242       8034       2000      10000          6
   0       14     1955     9996      6778487312      6778497308        19793242       8034       2000      10000          7
   0       14     1955     9997      6778497312      6778507308        19803242       8034       2000      10000          7
   0       14     1955     9996      6778507312      6778517308        19813242       8034       2000      10000          7
   0       14     1955     9996      6778517312      6778527308        19823242       8034       2000      10000          6
   0       14     1955     9985      6778527324      6778537308        19833254       8022       2000      10000          7
   0       14     1955     9996      6778537312      6778547308        19843242       8034       2000      10000          6
   0       14     1955     9996      6778547312      6778557308        19853242       8034       2000      10000          7
   0       14     1955     9996      6778557312      6778567308        19863242       8034       2000      10000          7
   0       14     1955     9997      6778567312      6778577309        19873242       8034       2000      10000          7
   0       14     1955     9996      6778577312      6778587308        19883242       8034       2000      10000          7
   0       14     1955     9996      6778587312      6778597308        19893242       8034       2000      10000          6
   0       14     1955     9997      6778597312      6778607308        19903242       8034       2000      10000          7
   0       14     1955     9996      6778607312      6778617308        19913242       8034       2000      10000          7
   0       14     1955     9996      6778617312      6778627308        19923242       8034       2000      10000          7
   0       14     1955     9996      6778627312      6778637308        19933242       8034       2000      10000          7
   0       14     1955     9996      6778637312      6778647308        19943242       8034       2000      10000          6
   0       14     1955     9996      6778647312      6778657308        19953242       8034       2000      10000          6
   0       14     1955     9996      6778657312      6778667308        19963242       8034       2000      10000          6
   0       14     1955     9996      6778667312      6778677308        19973242       8034       2000      10000          6
   0       14     1955     9996      6778677312      6778687308        19983242       8034       2000      10000          6
