#idx     perf      run   period           start             end          rel_st      slack c_duration   c_period     wu_lat
   0       14     1967     1968     15577956539     15577958507           13994      -5819       2000      10000          0
   0       14     1963     9609     15577958906     15577968516           16361       7636       2000      10000          9
   0       14     1963     9636     15577968879     15577978515           26334       7664       2000      10000          8
   0       14     1963     9645     15577978870     15577988515           36325       7673       2000      10000          8
   0       14     1963     9647     15577988868     15577998515           46323       7675       2000      10000          8
   0       14     1963     9644     15577998871     15578008515           56326       7672       2000      10000          8
   0       14     1963     9643     15578008872     15578018515           66327       7671       2000      10000          8
   0       14     1963     9647     15578018868     15578028515           76323       7675       2000      10000          8
   0       14     1963     9648     15578028867     15578038515           86322       7676       2000      10000          8
   0       14     1963     9652     15578038863     15578048515           96318       7680       2000      10000          8
   0       14     1963     9641     15578048874     15578058515          106329       7669       2000      10000          8
   0       14     1963     9647     15578058867     15578068515          116322       7675       2000      10000          8
   0       14     1963     9652     15578068862     15578078515          126317       7681       2000      10000          8
   0       14     1963     9650     15578078864     15578088515          136319       7678       2000      10000          8
   0       14     1963     9653     15578088862     15578098515          146317       7681       2000      10000          8
   0       14     1963     9652     15578098863     15578108515          156318       7680       2000      10000          8
   0       14     1963     9652     15578108863     15578118515          166318       7680       2000      10000          8
   0       14     1963     9649     15578118865     15578128515          176320       7677       2000      10000          8
   0       14     1963     9651     15578128864     15578138515          186319       7679       2000      10000          8
   0       14     1963     9651     15578138864     15578148515          196319       7679       2000      10000          8
   0       14     1963     9653     15578148863     15578158515          206318       7680       2000      10000          8
   0       14     1963     9652     15578158863     15578168515          216318       7680       2000      10000          8
   0       14     1963     9652     15578168863     15578178515          226318       7680       2000      10000          8
   0       14     1963     9650     15578178865     15578188515          236320       7678       2000      10000          8
   0       14     1963     9652     15578188863     15578198515          246318       7680       2000      10000          8
   0       14     1963     9642     15578198873     15578208515          256328       7670       2000      10000          8
   0       14     1963     9651     15578208864     15578218515          266319       7679       2000      10000          8
   0       14     1963     9649     15578218866     15578228515          276321       7677       2000      10000          8
   0       14     1963     9653     15578228861     15578238515          286316       7681       2000      10000          8
   0       14     1963     9652     15578238863     15578248515          296318       7680       2000      10000          8
   0       14     1963     9650     15578248865     15578258515          306320       7678       2000      10000          8
   0       14     1963     9651     15578258864     15578268515          316319       7679       2000      10000          8
   0       14     1963     9651     15578268864     15578278515          326319       7679       2000      10000          8
   0       14     1963     9624     15578278891     15578288515          336346       7651       2000      10000          8
   0       14     1963     9652     15578288863     15578298515          346318       7680       2000      10000          8
   0       14     1963     9652     15578298863     15578308515          356318       7680       2000      10000          8
   0       14     1963     9650     15578308865     15578318515          366320       7678       2000      10000          8
   0       14     1963     9652     15578318863     15578328515          376318       7680       2000      10000          8
   0       14     1963     9653     15578328862     15578338515          386317       7681       2000      10000          8
   0       14     1963     9653     15578338862     15578348515          396317       7681       2000      10000          8
   0       14     1963     9640     15578348875     15578358515          406330       7668       2000      10000          8
   0       14     1963     9647     15578358868     15578368515          416323       7675       2000      10000          8
   0       14     1963     9652     15578368863     15578378515          426318       7679       2000      10000          8
   0       14     1963     9649     15578378866     15578388515          436321       7677       2000      10000          8
   0       14     1963     9651     15578388863     15578398515          446318       7679       2000      10000          8
   0       14     1963     9651     15578398864     15578408515          456319       7679       2000      10000          8
   0       14     1963     9650     15578408865     15578418515          466320       7678       2000      10000          8
   0       14     1963     9654     15578418861     15578428515          476316       7682       2000      10000          8
   0       14     1963     9652     15578428863     15578438515          486318       7680       2000      10000          8
   0       14     1963     9652     15578438863     15578448515          496318       7680       2000      10000          8
   0       14     1963     9654     15578448861     15578458515          506316       7682       2000      10000          8
   0       14     1963     9653     15578458862     15578468515          516317       7681       2000      10000          8
   0       14     1963     9655     15578468859     15578478515          526314       7684       2000      10000          8
   0       14     1963     9650     15578478865     15578488515          536320       7678       2000      10000          8
   0       14     1963     9650     15578488865     15578498515          546320       7678       2000      10000          8
   0       14     1963     9640     15578498874     15578508515          556329       7668       2000      10000          8
   0       14     1963     9648     15578508867     15578518515          566322       7676       2000      10000          8
   0       14     1963     9645     15578518869     15578528515          576324       7674       2000      10000          8
   0       14     1963     9650     15578528866     15578538515          586321       7677       2000      10000          8
   0       14     1963     9651     15578538864     15578548515          596319       7679       2000      10000          8
   0       14     1963     9653     15578548862     15578558515          606317       7681       2000      10000          8
   0       14     1963     9646     15578558869     15578568515          616324       7674       2000      10000          8
   0       14     1963     9650     15578568865     15578578515          626320       7678       2000      10000          8
   0       14     1963     9645     15578578870     15578588515          636325       7673       2000      10000          8
   0       14     1963     9648     15578588867     15578598515          646322       7676       2000      10000          8
   0       14     1963     9643     15578598872     15578608515          656327       7671       2000      10000          8
   0       14     1963     9627     15578608888     15578618515          666343       7655       2000      10000          8
   0       14     1963     9646     15578618869     15578628515          676324       7673       2000      10000          8
   0       14     1963     9646     15578628869     15578638515          686324       7674       2000      10000          8
   0       14     1963     9647     15578638868     15578648515          696323       7675       2000      10000          8
   0       14     1963     9635     15578648880     15578658515          706335       7662       2000      10000          8
   0       14     1963     9644     15578658871     15578668515          716326       7671       2000      10000          9
   0       14     1963     9645     15578668870     15578678515          726325       7673       2000      10000          8
   0       14     1963     9645     15578678870     15578688515          736325       7673       2000      10000          9
   0       14     1963     9646     15578688869     15578698515          746324       7673       2000      10000          8
   0       14     1963     9647     15578698868     15578708515          756323       7675       2000      10000          8
   0       14     1963     9645     15578708870     15578718515          766325       7673       2000      10000          8
   0       14     1963     9644     15578718871     15578728515          776326       7672       2000      10000          8
   0       14     1963     9646     15578728869     15578738515          786324       7673       2000      10000          8
   0       14     1963     9644     15578738871     15578748515          796326       7672       2000      10000          8
   0       14     1963     9645     15578748870     15578758515          806325       7673       2000      10000          8
   0       14     1963     9645     15578758870     15578768515          816325       7673       2000      10000          8
   0       14     1963     9646     15578768868     15578778515          826323       7675       2000      10000          8
   0       14     1963     9648     15578778868     15578788515          836323       7675       2000      10000          8
   0       14     1963     1964     15578807188     15578809152          864643     -10645       2000      10000          0
   0       14     1963     9657     15578809503     15578819161          866958       7685       2000      10000          8
   0       14     1963     9645     15578819515     15578829160          876970       7673       2000      10000          8
   0       14     1963     9648     15578829513     15578839161          886968       7676       2000      10000          8
   0       14     1963     9645     15578839515     15578849160          896970       7673       2000      10000          8
   0       14     1963     9643     15578849517     15578859161          906972       7671       2000      10000          8
   0       14     1963     9644     15578859517     15578869161          916972       7671       2000      10000          8
   0       14     1963     9644     15578869516     15578879160          926971       7672       2000      10000          8
   0       14     1963     9644     15578879516     15578889160          936971       7672       2000      10000          8
   0       14     1963     9646     15578889515     15578899160          946970       7674       2000      10000          8
   0       14     1963     9647     15578899514     15578909161          956969       7674       2000      10000          8
   0       14     1963     9644     15578909516     15578919161          966971       7672       2000      10000          8
   0       14     1963     9645     15578919515     15578929160          976970       7673       2000      10000          8
   0       14     1963     9644     15578929517     15578939161          986972       7671       2000      10000          9
   0       14     1963     9642     15578939519     15578949160          996974       7670       2000      10000          8
   0       14     1992     9627     15578949534     15578959161         1006989       7626       2000      10000          8
   0       14     1963     9646     15578959515     15578969161         1016970       7674       2000      10000          8
   0       14     1963     9644     15578969517     15578979161         1026972       7672       2000      10000          8
   0       14     1963     9643     15578979518     15578989161         1036973       7671       2000      10000          8
   0       14     1963     9646     15578989514     15578999160         1046969       7675       2000      10000          8
   0       14     1963     9646     15578999515     15579009161         1056970       7673       2000      10000          8
   0       14     1963     9645     15579009515     15579019161         1066970       7673       2000      10000          8
   0       14     1963     9647     15579019514     15579029160         1076969       7675       2000      10000          8
   0       14     1963     9645     15579029516     15579039160         1086971       7673       2000      10000          8
   0       14     1963     9649     15579039512     15579049161         1096967       7676       2000      10000          8
   0       14     1963     9642     15579049519     15579059161         1106974       7670       2000      10000          8
   0       14     1963     9646     15579059515     15579069161         1116970       7673       2000      10000          8
   0       14     1963     9647     15579069514     15579079161         1126969       7674       2000      10000          8
   0       14     1963     9646     15579079514     15579089161         1136969       7674       2000      10000          8
   0       14     1963     9645     15579089515     15579099160         1146970       7673       2000      10000          8
   0       14     1963     9647     15579099514     15579109161         1156969       7675       2000      10000          8
   0       14     1963     9647     15579109513     15579119160         1166968       7675       2000      10000          8
   0       14     1963     9647     15579119514     15579129160         1176969       7675       2000      10000          8
   0       14     1963     9649     15579129512     15579139160         1186967       7677       2000      10000          8
   0       14     1963     9647     15579139513     15579149160         1196968       7675       2000      10000          8
   0       14     1963     9640     15579149520     15579159161         1206975       7668       2000      10000          8
   0       14     1963     9641     15579159519     15579169161         1216974       7669       2000      10000          8
   0       14     1963     9636     15579169525     15579179160         1226980       7664       2000      10000          8
   0       14     1963     9642     15579179518     15579189161         1236973       7670       2000      10000          8
   0       14     1963     9645     15579189516     15579199161         1246971       7672       2000      10000          8
   0       14     1963     9647     15579199514     15579209161         1256969       7675       2000      10000          8
   0       14     1963     9643     15579209517     15579219160         1266972       7671       2000      10000          8
   0       14     1963     9647     15579219514     15579229160         1276969       7675       2000      10000          8
   0       14     1963     9649     15579229512     15579239160         1286967       7677       2000      10000          8
   0       14     1963     9645     15579239516     15579249161         1296971       7673       2000      10000          8
   0       14     1963     9645     15579249516     15579259161         1306971       7672       2000      10000          8
   0       14     1963     9643     15579259518     15579269161         1316973       7670       2000      10000          8
   0       14     1963     9646     15579269515     15579279160         1326970       7674       2000      10000          8
   0       14     1963     9629     15579279532     15579289160         1336987       7657       2000      10000          8
   0       14     1963     9647     15579289513     15579299160         1346968       7675       2000      10000          8
   0       14     1963     9646     15579299514     15579309160         1356969       7674       2000      10000          8
   0       14     1963     9647     15579309513     15579319161         1366968       7675       2000      10000          8
   0       14     1963     9647     15579319513     15579329160         1376968       7675       2000      10000          8
   0       14     1963     9645     15579329515     15579339160         1386970       7673       2000      10000          8
   0       14     1963     9647     15579339513     15579349160         1396968       7675       2000      10000          8
   0       14     1963     9644     15579349517     15579359160         1406972       7672       2000      10000          8
   0       14     1963     9645     15579359515     15579369160         1416970       7673       2000      10000          8
   0       14     1963     9647     15579369514     15579379161         1426969       7674       2000      10000          8
   0       14     1963     9645     15579379515     15579389160         1436970       7673       2000      10000          8
   0       14     1963     9647     15579389514     15579399161         1446969       7675       2000      10000          8
   0       14     1963     9646     15579399514     15579409160         1456969       7674       2000      10000          8
   0       14     1963     9648     15579409513     15579419161         1466968       7676       2000      10000          8
   0       14     1963     9648     15579419513     15579429160         1476968       7676       2000      10000          8
   0       14     1963     9646     15579429515     15579439161         1486969       7674       2000      10000          8
   0       14     1963     9647     15579439513     15579449160         1496968       7675       2000      10000          8
   0       14     1963     9644     15579449516     15579459160         1506971       7672       2000      10000          8
   0       14     1963     9644     15579459517     15579469160         1516972       7671       2000      10000          8
   0       14     1963     9647     15579469514     15579479160         1526969       7675       2000      10000          8
   0       14     1963     9646     15579479515     15579489161         1536970       7674       2000      10000          8
   0       14     1963     9647     15579489514     15579499161         1546969       7674       2000      10000          9
   0       14     1963     9645     15579499515     15579509161         1556970       7673       2000      10000          8
   0       14     1963     9648     15579509513     15579519161         1566968       7676       2000      10000          8
   0       14     1963     9646     15579519514     15579529160         1576969       7674       2000      10000          8
   0       14     1963     9646     15579529515     15579539161         1586970       7674       2000      10000          8
   0       14     1963     9640     15579539521     15579549161         1596976       7668       2000      10000          8
   0       14     1963     9642     15579549518     15579559160         1606973       7670       2000      10000          8
   0       14     1963     9647     15579559513     15579569161         1616968       7675       2000      10000          8
   0       14     1963     9644     15579569516     15579579160         1626971       7672       2000      10000          8
   0       14     1963     9647     15579579513     15579589160         1636968       7675       2000      10000          8
   0       14     1963     9645     15579589516     15579599161         1646971       7672       2000      10000          8
   0       14     1963     9647     15579599513     15579609160         1656968       7675       2000      10000          8
   0       14     1963     9629     15579609532     15579619161         1666987       7656       2000      10000          8
   0       14     1963     9648     15579619513     15579629160         1676968       7676       2000      10000          8
   0       14     1963     9646     15579629514     15579639160         1686969       7674       2000      10000          8
   0       14     1963     9646     15579639514     15579649161         1696969       7674       2000      10000          8
   0       14     1963     9645     15579649516     15579659160         1706971       7673       2000      10000          8
   0       14     1963     9646     15579659515     15579669161         1716970       7674       2000      10000          8
   0       14     1963     9645     15579669515     15579679160         1726970       7673       2000      10000          8
   0       14     1963     9647     15579679514     15579689161         1736969       7675       2000      10000          8
   0       14     1963     9644     15579689517     15579699161         1746972       7672       2000      10000          8
   0       14     1963     9644     15579699517     15579709160         1756972       7672       2000      10000          8
   0       14     1963     9644     15579709517     15579719161         1766972       7671       2000      10000          8
   0       14     1963     9644     15579719516     15579729160         1776971       7672       2000      10000          8
   0       14     1963     9646     15579729514     15579739161         1786969       7674       2000      10000          8
   0       14     1963     9646     15579739514     15579749160         1796969       7674       2000      10000          8
   0       14     1963     9644     15579749517     15579759160         1806972       7672       2000      10000          8
   0       14     1963     9649     15579759512     15579769161         1816967       7677       2000      10000          8
   0       14     1963     9646     15579769515     15579779160         1826970       7674       2000      10000          8
   0       14     1963     9648     15579779513     15579789161         1836968       7675       2000      10000          8
   0       14     1963     9644     15579789516     15579799160         1846971       7672       2000      10000          8
   0       14     1963     9646     15579799514     15579809161         1856969       7674       2000      10000          8
   0       14     1963     9645     15579809516     15579819160         1866971       7672       2000      10000          8
   0       14     1963     9646     15579819514     15579829161         1876969       7674       2000      10000          8
   0       14     1963     9646     15579829514     15579839160         1886969       7674       2000      10000          8
   0       14     1963     9647     15579839513     15579849160         1896968       7675       2000      10000          8
   0       14     1963     9643     15579849517     15579859160         1906972       7671       2000      10000          8
   0       14     1963     9647     15579859514     15579869160         1916969       7675       2000      10000          8
   0       14     1963     9645     15579869516     15579879160         1926970       7673       2000      10000          8
   0       14     1963     9648     15579879512     15579889161         1936967       7676       2000      10000          8
   0       14     1963     9647     15579889514     15579899160         1946969       7675       2000      10000          8
   0       14     1963     9646     15579899514     15579909160         1956969       7674       2000      10000          8
   0       14     1963     9636     15579909524     15579919160         1966979       7664       2000      10000          8
   0       14     1963     9645     15579919515     15579929160         1976970       7673       2000      10000          8
   0       14     1963     9639     15579929524     15579939163         1986979       7664       2000      10000         11
   0       14     1963     9625     15579939537     15579949162         1996992       7652       2000      10000          9
   0       14     1963     9644     15579949517     15579959161         2006972       7671       2000      10000          9
   0       14     1963     9645     15579959516     15579969161         2016971       7672       2000      10000          9
   0       14     1963     9643     15579969517     15579979161         2026972       7671       2000      10000          8
   0       14     1963     9648     15579979512     15579989160         2036967       7676       2000      10000          8
   0       14     1963     9645     15579989516     15579999161         2046971       7672       2000      10000          8
   0       14     1963     9645     15579999516     15580009160         2056971       7673       2000      10000          8
   0       14     1963     9647     15580009513     15580019161         2066968       7675       2000      10000          8
   0       14     1963     9649     15580019512     15580029161         2076967       7677       2000      10000          8
   0       14     1963     9647     15580029513     15580039160         2086968       7675       2000      10000          8
   0       14     1963     9643     15580039517     15580049161         2096972       7671       2000      10000          8
   0       14     1963     9644     15580049516     15580059160         2106971       7672       2000      10000          8
   0       14     1963     9647     15580059514     15580069161         2116969       7675       2000      10000          8
   0       14     1963     9643     15580069517     15580079160         2126972       7671       2000      10000          8
   0       14     1963     9644     15580079516     15580089160         2136971       7672       2000      10000          8
   0       14     1963     9647     15580089514     15580099160         2146969       7674       2000      10000          8
   0       14     1963     9646     15580099515     15580109160         2156970       7674       2000      10000          8
   0       14     1963     9645     15580109516     15580119160         2166971       7673       2000      10000          8
   0       14     1963     9646     15580119514     15580129161         2176969       7674       2000      10000          8
   0       14     1963     9646     15580129514     15580139160         2186969       7675       2000      10000          8
   0       14     1963     9647     15580139513     15580149160         2196968       7675       2000      10000          8
   0       14     1963     9649     15580149512     15580159161         2206967       7676       2000      10000          8
   0       14     1963     9648     15580159513     15580169160         2216968       7676       2000      10000          8
   0       14     1963     9644     15580169516     15580179161         2226971       7672       2000      10000          8
   0       14     1963     9645     15580179516     15580189160         2236971       7673       2000      10000          8
   0       14     1963     9646     15580189515     15580199160         2246970       7674       2000      10000          8
   0       14     1963     9644     15580199516     15580209160         2256971       7672       2000      10000          8
   0       14     1963     9646     15580209515     15580219160         2266970       7674       2000      10000          8
   0       14     1963     9646     15580219515     15580229161         2276970       7674       2000      10000          8
   0       14     1963     9648     15580229512     15580239161         2286967       7676       2000      10000          8
   0       14     1963     9646     15580239514     15580249160         2296969       7674       2000      10000          8
   0       14     1963     9647     15580249514     15580259161         2306969       7675       2000      10000          8
   0       14     1963     9645     15580259515     15580269160         2316970       7673       2000      10000          8
   0       14     1963     9629     15580269531     15580279160         2326986       7657       2000      10000          8
   0       14     1963     9645     15580279515     15580289160         2336970       7673       2000      10000          8
   0       14     1963     9644     15580289516     15580299161         2346971       7672       2000      10000          8
   0       14     1963     9638     15580299523     15580309160         2356978       7665       2000      10000          8
   0       14     1963     9643     15580309517     15580319160         2366972       7671       2000      10000          8
   0       14     1963     9637     15580319524     15580329161         2376979       7664       2000      10000          8
   0       14     1963     9647     15580329513     15580339161         2386968       7675       2000      10000          8
   0       14     1963     9645     15580339516     15580349161         2396971       7673       2000      10000          8
   0       14     1963     9645     15580349515     15580359160         2406970       7673       2000      10000          8
   0       14     1963     9646     15580359514     15580369161         2416969       7674       2000      10000          8
   0       14     1963     9645     15580369515     15580379161         2426970       7673       2000      10000          8
   0       14     1963     9646     15580379515     15580389160         2436970       7674       2000      10000          8
   0       14     1963     9646     15580389514     15580399161         2446969       7674       2000      10000          8
   0       14     1963     9645     15580399515     15580409160         2456970       7673       2000      10000          8
   0       14     1963     9644     15580409516     15580419160         2466971       7672       2000      10000          8
   0       14     1963     9643     15580419517     15580429160         2476972       7671       2000      10000          8
   0       14     1963     9645     15580429515     15580439160         2486970       7673       2000      10000          8
   0       14     1963     9647     15580439513     15580449161         2496968       7675       2000      10000          8
   0       14     1963     9647     15580449514     15580459161         2506969       7675       2000      10000          8
   0       14     1963     9648     15580459513     15580469160         2516968       7676       2000      10000          8
   0       14     1963     9647     15580469513     15580479160         2526968       7675       2000      10000          8
   0       14     1963     9645     15580479516     15580489160         2536970       7673       2000      10000          8
   0       14     1963     9644     15580489517     15580499161         2546972       7671       2000      10000          8
   0       14     1963     9646     15580499515     15580509161         2556970       7674       2000      10000          8
   0       14     1963     9643     15580509517     15580519160         2566972       7671       2000      10000          8
   0       14     1963     9646     15580519515     15580529161         2576970       7674       2000      10000          8
   0       14     1963     9642     15580529519     15580539161         2586974       7670       2000      10000          8
   0       14     1963     9647     15580539514     15580549160         2596969       7675       2000      10000          8
   0       14     1963     9644     15580549517     15580559161         2606972       7671       2000      10000          8
   0       14     1963     9647     15580559514     15580569161         2616969       7674       2000      10000          8
   0       14     1963     9644     15580569517     15580579161         2626972       7671       2000      10000          8
   0       14     1963     9646     15580579514     15580589161         2636969       7674       2000      10000          8
   0       14     1963     9645     15580589516     15580599161         2646971       7672       2000      10000          8
   0       14     1963     9629     15580599531     15580609160         2656986       7657       2000      10000          8
   0       14     1963     9646     15580609515     15580619161         2666970       7674       2000      10000          8
   0       14     1963     9644     15580619516     15580629160         2676971       7672       2000      10000          8
   0       14     1963     9646     15580629515     15580639160         2686970       7674       2000      10000          8
   0       14     1963     9646     15580639514     15580649160         2696969       7674       2000      10000          8
   0       14     1963     9644     15580649516     15580659160         2706971       7672       2000      10000          8
   0       14     1963     9645     15580659516     15580669160         2716971       7673       2000      10000          8
   0       14     1963     9644     15580669517     15580679160         2726972       7672       2000      10000          8
   0       14     1963     9644     15580679517     15580689161         2736972       7672       2000      10000          8
   0       14     1963     9637     15580689524     15580699160         2746978       7665       2000      10000          8
   0       14     1963     9644     15580699517     15580709161         2756972       7671       2000      10000          8
   0       14     1963     9634     15580709526     15580719160         2766981       7662       2000      10000          8
   0       14     1963     9646     15580719515     15580729161         2776970       7673       2000      10000          8
   0       14     1963     9645     15580729516     15580739160         2786971       7673       2000      10000          8
   0       14     1963     9646     15580739515     15580749161         2796970       7674       2000      10000          8
   0       14     1963     9641     15580749519     15580759161         2806974       7669       2000      10000          8
   0       14     1963     9643     15580759517     15580769160         2816972       7671       2000      10000          8
   0       14     1963     9643     15580769517     15580779160         2826972       7672       2000      10000          8
   0       14     1963     9647     15580779513     15580789160         2836968       7675       2000      10000          8
   0       14     1963     9647     15580789513     15580799160         2846968       7675       2000      10000          8
   0       14     1963     9646     15580799514     15580809160         2856969       7674       2000      10000          8
   0       14     1963     9648     15580809513     15580819161         2866968       7675       2000      10000          8
   0       14     1963     9644     15580819516     15580829160         2876971       7672       2000      10000          8
   0       14     1963     9646     15580829515     15580839161         2886970       7674       2000      10000          8
   0       14     1963     9643     15580839517     15580849161         2896972       7671       2000      10000          8
   0       14     1963     9646     15580849515     15580859161         2906970       7673       2000      10000          8
   0       14     1963     9643     15580859518     15580869160         2916973       7671       2000      10000          8
   0       14     1963     9644     15580869516     15580879160         2926971       7672       2000      10000          8
   0       14     1963     9647     15580879513     15580889161         2936968       7675       2000      10000          8
   0       14     1963     9643     15580889518     15580899161         2946973       7670       2000      10000          8
   0       14     1963     9643     15580899519     15580909161         2956974       7670       2000      10000          9
   0       14     1963     9647     15580909514     15580919160         2966969       7675       2000      10000          8
   0       14     1963     9645     15580919515     15580929160         2976970       7673       2000      10000          8
   0       14     1963     9629     15580929532     15580939161         2986987       7657       2000      10000          8
   0       14     1963     9642     15580939519     15580949161         2996974       7669       2000      10000          8
   0       14     1991     9645     15580949516     15580959160         3006971       7645       2000      10000          8
   0       14     1963     9647     15580959514     15580969161         3016969       7675       2000      10000          8
   0       14     1963     9645     15580969515     15580979160         3026970       7673       2000      10000          8
   0       14     1963     9646     15580979515     15580989160         3036970       7674       2000      10000          8
   0       14     1963     9646     15580989515     15580999161         3046970       7674       2000      10000          8
   0       14     1963     9646     15580999516     15581009163         3056971       7672       2000      10000         10
   0       14     1963     9639     15581009522     15581019161         3066977       7666       2000      10000          8
   0       14     1963     9648     15581019513     15581029161         3076968       7676       2000      10000          8
   0       14     1963     9645     15581029515     15581039161         3086970       7673       2000      10000          8
   0       14     1963     9645     15581039516     15581049161         3096971       7673       2000      10000          8
   0       14     1963     9645     15581049516     15581059161         3106971       7672       2000      10000          8
   0       14     1963     9646     15581059514     15581069160         3116969       7674       2000      10000          8
   0       14     1963     9646     15581069515     15581079161         3126970       7674       2000      10000          8
   0       14     1963     9638     15581079522     15581089160         3136977       7666       2000      10000          8
   0       14     1963     9645     15581089515     15581099160         3146970       7673       2000      10000          8
   0       14     1963     9638     15581099523     15581109161         3156978       7666       2000      10000          8
   0       14     1963     9643     15581109518     15581119161         3166973       7670       2000      10000          8
   0       14     1963     9647     15581119514     15581129161         3176969       7675       2000      10000          8
   0       14     1963     9646     15581129515     15581139161         3186970       7673       2000      10000          8
   0       14     1963     9647     15581139513     15581149160         3196968       7675       2000      10000          8
   0       14     1963     9646     15581149514     15581159161         3206969       7674       2000      10000          8
   0       14     1963     9647     15581159513     15581169160         3216968       7675       2000      10000          8
   0       14     1963     9644     15581169516     15581179160         3226971       7672       2000      10000          8
   0       14     1963     9646     15581179515     15581189160         3236970       7674       2000      10000          8
   0       14     1963     9645     15581189516     15581199161         3246971       7673       2000      10000          8
   0       14     1963     9645     15581199515     15581209161         3256970       7673       2000      10000          8
   0       14     1963     9646     15581209514     15581219161         3266969       7674       2000      10000          8
   0       14     1963     9645     15581219516     15581229161         3276971       7673       2000      10000          8
   0       14     1963     9647     15581229514     15581239161         3286969       7675       2000      10000          8
   0       14     1963     9646     15581239514     15581249161         3296969       7674       2000      10000          8
   0       14     1963     9643     15581249518     15581259160         3306973       7671       2000      10000          8
   0       14     1963     9629     15581259531     15581269160         3316986       7657       2000      10000          8
   0       14     1963     9646     15581269514     15581279160         3326969       7674       2000      10000          8
   0       14     1963     9649     15581279512     15581289161         3336967       7676       2000      10000          8
   0       14     1963     9646     15581289515     15581299161         3346970       7674       2000      10000          8
   0       14     1963     9646     15581299515     15581309161         3356970       7673       2000      10000          8
   0       14     1963     9645     15581309515     15581319161         3366970       7673       2000      10000          8
   0       14     1963     9645     15581319515     15581329161         3376970       7673       2000      10000          8
   0       14     1963     9646     15581329515     15581339161         3386970       7674       2000      10000          8
   0       14     1963     9646     15581339514     15581349160         3396969       7674       2000      10000          8
   0       14     1963     9645     15581349515     15581359161         3406970       7673       2000      10000          8
   0       14     1963     9646     15581359514     15581369160         3416969       7674       2000      10000          8
   0       14     1963     9643     15581369518     15581379161         3426973       7671       2000      10000          8
   0       14     1963     9642     15581379519     15581389161         3436974       7669       2000      10000          8
   0       14     1963     9643     15581389518     15581399161         3446973       7671       2000      10000          8
   0       14     1963     9647     15581399514     15581409161         3456969       7674       2000      10000          8
   0       14     1963     9644     15581409517     15581419161         3466972       7672       2000      10000          8
   0       14     1963     9646     15581419515     15581429160         3476970       7674       2000      10000          8
   0       14     1963     9645     15581429515     15581439160         3486970       7673       2000      10000          8
   0       14     1963     9647     15581439514     15581449161         3496969       7675       2000      10000          8
   0       14     1963     9645     15581449516     15581459160         3506971       7673       2000      10000          8
   0       14     1963     9646     15581459515     15581469161         3516970       7673       2000      10000          8
   0       14     1963     9634     15581469527     15581479160         3526982       7661       2000      10000          8
   0       14     1963     9645     15581479515     15581489161         3536970       7673       2000      10000          8
   0       14     1963     9638     15581489522     15581499161         3546977       7666       2000      10000          8
   0       14     1963     9644     15581499516     15581509161         3556971       7672       2000      10000          8
   0       14     1963     9646     15581509515     15581519160         3566970       7674       2000      10000          8
   0       14     1963     9645     15581519516     15581529161         3576971       7673       2000      10000          8
   0       14     1963     9647     15581529514     15581539160         3586969       7674       2000      10000          8
   0       14     1963     9646     15581539515     15581549161         3596970       7674       2000      10000          8
   0       14     1963     9646     15581549515     15581559161         3606970       7673       2000      10000          8
   0       14     1963     9645     15581559515     15581569161         3616970       7673       2000      10000          8
   0       14     1963     9645     15581569516     15581579160         3626971       7672       2000      10000          8
   0       14     1963     9645     15581579515     15581589160         3636970       7673       2000      10000          8
   0       14     1963     9629     15581589532     15581599161         3646987       7657       2000      10000          8
   0       14     1963     9644     15581599516     15581609160         3656971       7672       2000      10000          8
   0       14     1963     9644     15581609516     15581619160         3666971       7672       2000      10000          8
   0       14     1963     9647     15581619514     15581629160         3676969       7675       2000      10000          8
   0       14     1963     9645     15581629515     15581639160         3686970       7673       2000      10000          8
   0       14     1963     9645     15581639515     15581649161         3696970       7673       2000      10000          8
   0       14     1963     9645     15581649516     15581659160         3706971       7673       2000      10000          8
   0       14     1963     9648     15581659512     15581669160         3716967       7676       2000      10000          8
   0       14     1963     9645     15581669516     15581679161         3726971       7672       2000      10000          8
   0       14     1963     9645     15581679516     15581689160         3736971       7673       2000      10000          8
   0       14     1963     9648     15581689513     15581699161         3746968       7676       2000      10000          8
   0       14     1963     9646     15581699515     15581709161         3756970       7673       2000      10000          8
   0       14     1963     9647     15581709513     15581719160         3766968       7675       2000      10000          8
   0       14     1963     9645     15581719515     15581729160         3776970       7673       2000      10000          8
   0       14     1963     9647     15581729514     15581739161         3786968       7675       2000      10000          8
   0       14     1963     9647     15581739513     15581749160         3796968       7675       2000      10000          8
   0       14     1963     9647     15581749513     15581759160         3806968       7675       2000      10000          8
   0       14     1963     9646     15581759515     15581769161         3816970       7674       2000      10000          8
   0       14     1963     9646     15581769515     15581779160         3826970       7674       2000      10000          8
   0       14     1963     9646     15581779515     15581789160         3836970       7674       2000      10000          8
   0       14     1963     9647     15581789513     15581799160         3846968       7675       2000      10000          8
   0       14     1963     9645     15581799516     15581809160         3856971       7673       2000      10000          8
   0       14     1963     9647     15581809513     15581819160         3866968       7675       2000      10000          8
   0       14     1963     9648     15581819512     15581829160         3876967       7676       2000      10000          8
   0       14     1963     9647     15581829513     15581839160         3886968       7675       2000      10000          8
   0       14     1963     9644     15581839516     15581849160         3896971       7672       2000      10000          8
   0       14     1963     9645     15581849515     15581859160         3906970       7673       2000      10000          8
   0       14     1963     9635     15581859526     15581869160         3916981       7663       2000      10000          8
   0       14     1963     9647     15581869514     15581879160         3926969       7675       2000      10000          8
   0       14     1963     9645     15581879515     15581889160         3936970       7674       2000      10000          8
   0       14     1963     9646     15581889514     15581899161         3946969       7674       2000      10000          8
   0       14     1963     9645     15581899515     15581909160         3956970       7673       2000      10000          8
   0       14     1963     9647     15581909513     15581919160         3966968       7675       2000      10000          8
   0       14     1963     9619     15581919541     15581929160         3976996       7647       2000      10000          8
   0       14     1963     9641     15581929520     15581939161         3986975       7669       2000      10000          9
   0       14     1963     9639     15581939521     15581949160         3996976       7667       2000      10000          8
   0       14     1992     9645     15581949516     15581959161         4006971       7644       2000      10000          8
   0       14     1963     9647     15581959513     15581969160         4016968       7675       2000      10000          8
   0       14     1963     9644     15581969516     15581979161         4026971       7672       2000      10000          8
   0       14     1963     9645     15581979515     15581989161         4036970       7673       2000      10000          8
   0       14     1963     9643     15581989517     15581999160         4046972       7671       2000      10000          8
   0       14     1963     9649     15581999511     15582009160         4056966       7677       2000      10000          8
   0       14     1963     9647     15582009514     15582019161         4066969       7675       2000      10000          8
   0       14     1963     9644     15582019516     15582029160         4076971       7672       2000      10000          8
   0       14     1963     9645     15582029516     15582039161         4086971       7673       2000      10000          8
   0       14     1963     9645     15582039516     15582049160         4096971       7673       2000      10000          8
   0       14     1963     9646     15582049514     15582059160         4106969       7674       2000      10000          8
   0       14     1963     9647     15582059514     15582069160         4116968       7675       2000      10000          8
   0       14     1963     9644     15582069516     15582079160         4126971       7672       2000      10000          8
   0       14     1963     9647     15582079513     15582089160         4136968       7675       2000      10000          8
   0       14     1963     9642     15582089518     15582099160         4146973       7670       2000      10000          8
   0       14     1963     9648     15582099512     15582109161         4156967       7676       2000      10000          8
   0       14     1963     9647     15582109513     15582119161         4166968       7675       2000      10000          8
   0       14     1963     9646     15582119514     15582129160         4176969       7674       2000      10000          8
   0       14     1963     9648     15582129512     15582139161         4186967       7676       2000      10000          8
   0       14     1963     9645     15582139515     15582149160         4196970       7673       2000      10000          8
   0       14     1963     9647     15582149513     15582159160         4206968       7676       2000      10000          8
   0       14     1963     9648     15582159512     15582169160         4216967       7676       2000      10000          8
   0       14     1963     9647     15582169513     15582179160         4226968       7675       2000      10000          8
   0       14     1963     9647     15582179513     15582189160         4236968       7675       2000      10000          8
   0       14     1963     9648     15582189513     15582199160         4246968       7675       2000      10000          8
   0       14     1963     9645     15582199515     15582209160         4256970       7673       2000      10000          8
   0       14     1963     9645     15582209516     15582219161         4266971       7673       2000      10000          8
   0       14     1963     9649     15582219512     15582229160         4276967       7677       2000      10000          8
   0       14     1963     9638     15582229523     15582239161         4286978       7666       2000      10000          8
   0       14     1963     9645     15582239516     15582249161         4296971       7672       2000      10000          8
   0       14     1963     9620     15582249540     15582259161         4306995       7648       2000      10000          8
   0       14     1963     9644     15582259516     15582269160         4316971       7672       2000      10000          8
   0       14     1963     9645     15582269515     15582279161         4326970       7673       2000      10000          8
   0       14     1963     9644     15582279516     15582289160         4336971       7672       2000      10000          8
   0       14     1963     9646     15582289518     15582299163         4346973       7671       2000      10000         11
   0       14     1963     9642     15582299519     15582309161         4356974       7669       2000      10000          8
   0       14     1963     9646     15582309515     15582319161         4366969       7674       2000      10000          8
   0       14     1963     9644     15582319516     15582329161         4376971       7672       2000      10000          8
   0       14     1963     9644     15582329517     15582339161         4386972       7672       2000      10000          8
   0       14     1963     9643     15582339518     15582349161         4396973       7671       2000      10000          8
   0       14     1963     9646     15582349515     15582359161         4406970       7674       2000      10000          8
   0       14     1963     9643     15582359517     15582369160         4416972       7671       2000      10000          8
   0       14     1963     9646     15582369514     15582379161         4426969       7674       2000      10000          8
   0       14     1963     9648     15582379513     15582389161         4436968       7675       2000      10000          8
   0       14     1963     9643     15582389518     15582399160         4446973       7671       2000      10000          8
   0       14     1963     9646     15582399514     15582409161         4456969       7674       2000      10000          8
   0       14     1963     9645     15582409515     15582419160         4466970       7673       2000      10000          8
   0       14     1963     9645     15582419516     15582429160         4476971       7673       2000      10000          8
   0       14     1963     9646     15582429514     15582439160         4486969       7674       2000      10000          8
   0       14     1963     9644     15582439516     15582449160         4496971       7672       2000      10000          8
   0       14     1963     9645     15582449515     15582459160         4506970       7673       2000      10000          8
   0       14     1963     9644     15582459516     15582469160         4516971       7672       2000      10000          8
   0       14     1963     9646     15582469514     15582479160         4526969       7674       2000      10000          8
   0       14     1963     9645     15582479515     15582489160         4536970       7673       2000      10000          8
   0       14     1963     9647     15582489513     15582499160         4546968       7675       2000      10000          8
   0       14     1963     9647     15582499513     15582509160         4556968       7675       2000      10000          8
   0       14     1963     9647     15582509514     15582519160         4566969       7674       2000      10000          8
   0       14     1963     9650     15582519513     15582529163         4576968       7676       2000      10000         10
   0       14     1963     9646     15582529515     15582539161         4586970       7674       2000      10000          8
   0       14     1963     9647     15582539514     15582549160         4596969       7675       2000      10000          8
   0       14     1963     9651     15582549509     15582559160         4606964       7679       2000      10000          8
   0       14     1963     9646     15582559515     15582569161         4616970       7674       2000      10000          8
   0       14     1963     9645     15582569516     15582579160         4626971       7673       2000      10000          8
   0       14     1963     9629     15582579531     15582589160         4636986       7657       2000      10000          8
   0       14     1963     9643     15582589517     15582599161         4646972       7671       2000      10000          8
   0       14     1963     9645     15582599515     15582609160         4656970       7673       2000      10000          8
   0       14     1963     9646     15582609514     15582619161         4666969       7674       2000      10000          8
   0       14     1963     9640     15582619521     15582629160         4676976       7668       2000      10000          8
   0       14     1963     9643     15582629517     15582639160         4686972       7671       2000      10000          8
   0       14     1963     9638     15582639522     15582649161         4696977       7666       2000      10000          8
   0       14     1963     9643     15582649517     15582659161         4706972       7671       2000      10000          8
   0       14     1963     9646     15582659515     15582669160         4716970       7674       2000      10000          8
   0       14     1963     9646     15582669514     15582679161         4726969       7674       2000      10000          8
   0       14     1963     9646     15582679515     15582689160         4736970       7673       2000      10000          8
   0       14     1963     9644     15582689516     15582699161         4746971       7672       2000      10000          8
   0       14     1963     9648     15582699513     15582709161         4756968       7676       2000      10000          8
   0       14     1963     9645     15582709515     15582719161         4766970       7673       2000      10000          8
   0       14     1963     9645     15582719515     15582729160         4776970       7673       2000      10000          8
   0       14     1963     9644     15582729516     15582739160         4786971       7672       2000      10000          8
   0       14     1963     9647     15582739513     15582749160         4796968       7675       2000      10000          8
   0       14     1963     9648     15582749512     15582759160         4806967       7677       2000      10000          8
   0       14     1963     9648     15582759514     15582769162         4816969       7675       2000      10000          9
   0       14     1963     9640     15582769521     15582779161         4826976       7668       2000      10000          8
   0       14     1963     9647     15582779513     15582789161         4836968       7675       2000      10000          8
   0       14     1963     9645     15582789516     15582799160         4846971       7673       2000      10000          8
   0       14     1963     9643     15582799517     15582809160         4856972       7671       2000      10000          8
   0       14     1963     9645     15582809516     15582819160         4866971       7673       2000      10000          8
   0       14     1963     9644     15582819516     15582829160         4876971       7672       2000      10000          8
   0       14     1963     9647     15582829514     15582839160         4886969       7675       2000      10000          8
   0       14     1963     9647     15582839515     15582849162         4896970       7673       2000      10000         10
   0       14     1963     9645     15582849516     15582859160         4906971       7673       2000      10000          8
   0       14     1963     9646     15582859515     15582869161         4916970       7674       2000      10000          8
   0       14     1963     9647     15582869513     15582879160         4926968       7675       2000      10000          8
   0       14     1963     9648     15582879513     15582889160         4936967       7676       2000      10000          8
   0       14     1963     9645     15582889516     15582899160         4946971       7673       2000      10000          8
   0       14     1963     9645     15582899516     15582909160         4956971       7673       2000      10000          8
   0       14     1963     9628     15582909532     15582919161         4966987       7656       2000      10000          8
   0       14     1963     9648     15582919513     15582929161         4976968       7676       2000      10000          8
   0       14     1963     9648     15582929514     15582939162         4986969       7675       2000      10000          9
   0       14     1963     9645     15582939515     15582949161         4996970       7673       2000      10000          8
   0       14     1964     9648     15582949513     15582959161         5006968       7674       2000      10000          8
   0       14     1963     9647     15582959514     15582969161         5016969       7675       2000      10000          8
   0       14     1963     9646     15582969514     15582979160         5026969       7674       2000      10000          8
   0       14     1963     9645     15582979515     15582989160         5036970       7673       2000      10000          8
   0       14     1963     9646     15582989515     15582999160         5046970       7674       2000      10000          8
   0       14     1963     9648     15582999513     15583009160         5056968       7676       2000      10000          8
   0       14     1963     9636     15583009525     15583019160         5066980       7664       2000      10000          8
   0       14     1963     9644     15583019516     15583029160         5076971       7672       2000      10000          8
   0       14     1963     9639     15583029522     15583039161         5086977       7666       2000      10000          8
   0       14     1963     9642     15583039519     15583049161         5096974       7670       2000      10000          8
   0       14     1963     9644     15583049517     15583059160         5106972       7671       2000      10000          8
   0       14     1963     9645     15583059515     15583069161         5116970       7673       2000      10000          8
   0       14     1963     9645     15583069515     15583079160         5126970       7673       2000      10000          8
   0       14     1963     9647     15583079513     15583089160         5136968       7675       2000      10000          8
   0       14     1963     9647     15583089513     15583099160         5146968       7675       2000      10000          8
   0       14     1963     9646     15583099514     15583109160         5156969       7674       2000      10000          8
   0       14     1963     9647     15583109513     15583119160         5166968       7675       2000      10000          8
   0       14     1963     9648     15583119512     15583129160         5176967       7676       2000      10000          8
   0       14     1963     9647     15583129513     15583139160         5186968       7675       2000      10000          8
   0       14     1963     9646     15583139515     15583149160         5196970       7674       2000      10000          8
   0       14     1963     9647     15583149513     15583159161         5206968       7675       2000      10000          8
   0       14     1963     9647     15583159514     15583169160         5216969       7675       2000      10000          8
   0       14     1963     9645     15583169515     15583179160         5226970       7673       2000      10000          8
   0       14     1963     9647     15583179513     15583189160         5236968       7675       2000      10000          8
   0       14     1963     9648     15583189513     15583199160         5246968       7676       2000      10000          8
   0       14     1963     9647     15583199513     15583209161         5256968       7675       2000      10000          8
   0       14     1963     9646     15583209515     15583219160         5266970       7674       2000      10000          8
   0       14     1963     9647     15583219514     15583229161         5276969       7675       2000      10000          8
   0       14     1963     9645     15583229515     15583239160         5286970       7673       2000      10000          8
   0       14     1963     9630     15583239531     15583249161         5296986       7658       2000      10000          8
   0       14     1963     9648     15583249512     15583259160         5306967       7676       2000      10000          8
   0       14     1963     9645     15583259515     15583269160         5316970       7673       2000      10000          8
   0       14     1963     9647     15583269513     15583279161         5326968       7675       2000      10000          8
   0       14     1963     9648     15583279513     15583289161         5336968       7676       2000      10000          8
   0       14     1963     9644     15583289517     15583299160         5346972       7672       2000      10000          8
   0       14     1963     9643     15583299518     15583309160         5356973       7671       2000      10000          8
   0       14     1963     9647     15583309514     15583319161         5366969       7675       2000      10000          8
   0       14     1963     9644     15583319516     15583329160         5376971       7672       2000      10000          8
   0       14     1963     9646     15583329515     15583339160         5386970       7674       2000      10000          8
   0       14     1963     9646     15583339514     15583349160         5396969       7675       2000      10000          8
   0       14     1963     9648     15583349513     15583359160         5406968       7676       2000      10000          8
   0       14     1963     9648     15583359512     15583369160         5416967       7676       2000      10000          8
   0       14     1963     9649     15583369512     15583379161         5426967       7676       2000      10000          8
   0       14     1963     9647     15583379513     15583389160         5436968       7675       2000      10000          8
   0       14     1963     9647     15583389513     15583399160         5446968       7675       2000      10000          8
   0       14     1963     9638     15583399523     15583409161         5456977       7666       2000      10000          8
   0       14     1963     9645     15583409515     15583419160         5466970       7674       2000      10000          8
   0       14     1963     9638     15583419522     15583429160         5476977       7666       2000      10000          8
   0       14     1963     9643     15583429517     15583439160         5486972       7672       2000      10000          8
   0       14     1963     9648     15583439513     15583449161         5496968       7676       2000      10000          8
   0       14     1963     9649     15583449511     15583459160         5506966       7677       2000      10000          8
   0       14     1963     9647     15583459514     15583469160         5516969       7675       2000      10000          8
   0       14     1963     9647     15583469513     15583479160         5526968       7675       2000      10000          8
   0       14     1963     9648     15583479512     15583489160         5536967       7676       2000      10000          8
   0       14     1963     9646     15583489514     15583499160         5546969       7674       2000      10000          8
   0       14     1963     9645     15583499515     15583509160         5556970       7673       2000      10000          8
   0       14     1963     9646     15583509514     15583519160         5566969       7675       2000      10000          8
   0       14     1963     9647     15583519513     15583529160         5576968       7675       2000      10000          8
   0       14     1963     9644     15583529516     15583539160         5586971       7672       2000      10000          8
   0       14     1963     9646     15583539514     15583549161         5596969       7674       2000      10000          8
   0       14     1963     9643     15583549517     15583559161         5606972       7671       2000      10000          8
   0       14     1963     9647     15583559513     15583569160         5616968       7675       2000      10000          8
   0       14     1963     9626     15583569534     15583579160         5626989       7654       2000      10000          8
   0       14     1963     9646     15583579515     15583589161         5636970       7673       2000      10000          8
   0       14     1963     9644     15583589516     15583599160         5646971       7672       2000      10000          8
   0       14     1963     9647     15583599513     15583609160         5656968       7675       2000      10000          8
   0       14     1963     9647     15583609514     15583619161         5666969       7675       2000      10000          8
   0       14     1963     9646     15583619514     15583629161         5676969       7674       2000      10000          8
   0       14     1963     9648     15583629512     15583639160         5686967       7676       2000      10000          8
   0       14     1963     9647     15583639513     15583649160         5696968       7675       2000      10000          8
   0       14     1963     9647     15583649514     15583659161         5706969       7675       2000      10000          8
   0       14     1963     9646     15583659514     15583669160         5716969       7674       2000      10000          8
   0       14     1963     9646     15583669514     15583679160         5726969       7674       2000      10000          8
   0       14     1963     9648     15583679512     15583689160         5736967       7676       2000      10000          8
   0       14     1963     9645     15583689515     15583699160         5746970       7673       2000      10000          8
   0       14     1963     9645     15583699515     15583709161         5756970       7673       2000      10000          8
   0       14     1963     9645     15583709516     15583719160         5766971       7673       2000      10000          8
   0       14     1963     9648     15583719512     15583729160         5776967       7676       2000      10000          8
   0       14     1963     9647     15583729514     15583739160         5786969       7675       2000      10000          8
   0       14     1963     9649     15583739512     15583749160         5796967       7677       2000      10000          8
   0       14     1963     9644     15583749516     15583759160         5806971       7672       2000      10000          8
   0       14     1963     9648     15583759512     15583769161         5816967       7676       2000      10000          8
   0       14     1963     9644     15583769516     15583779160         5826971       7672       2000      10000          8
   0       14     1963     9645     15583779515     15583789161         5836970       7673       2000      10000          8
   0       14     1963     9635     15583789525     15583799160         5846980       7663       2000      10000          8
   0       14     1963     9645     15583799515     15583809160         5856970       7673       2000      10000          8
   0       14     1963     9645     15583809516     15583819161         5866971       7672       2000      10000          8
   0       14     1963     9647     15583819514     15583829161         5876969       7674       2000      10000          8
   0       14     1963     9647     15583829514     15583839161         5886969       7675       2000      10000          8
   0       14     1963     9646     15583839515     15583849161         5896970       7674       2000      10000          8
   0       14     1963     9646     15583849515     15583859161         5906970       7674       2000      10000          8
   0       14     1963     9648     15583859513     15583869161         5916967       7676       2000      10000          8
   0       14     1963     9646     15583869514     15583879161         5926969       7674       2000      10000          8
   0       14     1963     9645     15583879515     15583889161         5936970       7673       2000      10000          8
   0       14     1963     9645     15583889516     15583899161         5946971       7673       2000      10000          8
   0       14     1963     9630     15583899530     15583909161         5956985       7658       2000      10000          8
   0       14     1963     9645     15583909515     15583919160         5966970       7673       2000      10000          8
   0       14     1963     9646     15583919514     15583929160         5976969       7674       2000      10000          8
   0       14     1963     9646     15583929515     15583939161         5986970       7674       2000      10000          9
   0       14     1991     9643     15583939518     15583949161         5996973       7643       2000      10000          8
   0       14     1991     9646     15583949515     15583959161         6006970       7645       2000      10000          8
   0       14     1963     9648     15583959513     15583969161         6016968       7676       2000      10000          8
   0       14     1963     9643     15583969517     15583979160         6026972       7671       2000      10000          8
   0       14     1963     9644     15583979516     15583989160         6036971       7672       2000      10000          8
   0       14     1963     9644     15583989516     15583999160         6046971       7672       2000      10000          8
   0       14     1963     9648     15583999513     15584009161         6056968       7676       2000      10000          8
   0       14     1963     9644     15584009517     15584019160         6066972       7672       2000      10000          8
   0       14     1963     9647     15584019514     15584029160         6076969       7675       2000      10000          8
   0       14     1963     9644     15584029516     15584039160         6086971       7672       2000      10000          8
   0       14     1963     9645     15584039515     15584049160         6096970       7673       2000      10000          8
   0       14     1963     9647     15584049514     15584059161         6106969       7675       2000      10000          8
   0       14     1963     9647     15584059514     15584069160         6116969       7675       2000      10000          8
   0       14     1963     9647     15584069514     15584079161         6126969       7674       2000      10000          8
   0       14     1963     9646     15584079515     15584089161         6136970       7673       2000      10000          8
   0       14     1963     9645     15584089515     15584099161         6146970       7673       2000      10000          8
   0       14     1963     9643     15584099517     15584109160         6156972       7671       2000      10000          8
   0       14     1963     9644     15584109517     15584119160         6166972       7672       2000      10000          8
   0       14     1963     9646     15584119514     15584129161         6176969       7674       2000      10000          8
   0       14     1963     9644     15584129516     15584139161         6186971       7672       2000      10000          8
   0       14     1963     9645     15584139515     15584149160         6196970       7673       2000      10000          8
   0       14     1963     9645     15584149516     15584159160         6206970       7673       2000      10000          8
   0       14     1963     9636     15584159524     15584169160         6216979       7664       2000      10000          8
   0       14     1963     9647     15584169513     15584179160         6226968       7675       2000      10000          8
   0       14     1963     9639     15584179522     15584189161         6236977       7666       2000      10000          8
   0       14     1963     9645     15584189516     15584199160         6246971       7673       2000      10000          8
   0       14     1963     9648     15584199513     15584209161         6256968       7676       2000      10000          8
   0       14     1963     9644     15584209516     15584219161         6266971       7672       2000      10000          8
   0       14     1963     9648     15584219513     15584229161         6276968       7675       2000      10000          8
   0       14     1963     9629     15584229532     15584239161         6286987       7657       2000      10000          8
   0       14     1963     9645     15584239516     15584249160         6296971       7673       2000      10000          8
   0       14     1963     9646     15584249515     15584259161         6306970       7673       2000      10000          8
   0       14     1963     9643     15584259518     15584269161         6316973       7671       2000      10000          8
   0       14     1963     9645     15584269515     15584279160         6326970       7673       2000      10000          8
   0       14     1963     9647     15584279514     15584289161         6336969       7675       2000      10000          8
   0       14     1963     9645     15584289516     15584299161         6346971       7673       2000      10000          8
   0       14     1963     9647     15584299513     15584309160         6356968       7675       2000      10000          8
   0       14     1963     9648     15584309512     15584319161         6366967       7676       2000      10000          8
   0       14     1963     9647     15584319514     15584329161         6376969       7675       2000      10000          8
   0       14     1963     9647     15584329514     15584339160         6386969       7675       2000      10000          8
   0       14     1963     9646     15584339514     15584349160         6396969       7674       2000      10000          8
   0       14     1963     9646     15584349514     15584359160         6406969       7674       2000      10000          8
   0       14     1963     9647     15584359514     15584369160         6416969       7675       2000      10000          8
   0       14     1963     9645     15584369515     15584379160         6426970       7673       2000      10000          8
   0       14     1963     9647     15584379513     15584389160         6436968       7675       2000      10000          8
   0       14     1963     9646     15584389515     15584399160         6446970       7674       2000      10000          8
   0       14     1963     9648     15584399513     15584409160         6456968       7676       2000      10000          8
   0       14     1963     9647     15584409514     15584419161         6466969       7674       2000      10000          8
   0       14     1963     9645     15584419516     15584429161         6476971       7672       2000      10000          8
   0       14     1963     9645     15584429516     15584439161         6486971       7672       2000      10000          8
   0       14     1963     9646     15584439515     15584449161         6496970       7674       2000      10000          8
   0       14     1963     9646     15584449515     15584459161         6506970       7673       2000      10000          8
   0       14     1963     9644     15584459516     15584469160         6516971       7673       2000      10000          8
   0       14     1963     9645     15584469516     15584479161         6526971       7673       2000      10000          8
   0       14     1963     9645     15584479515     15584489160         6536970       7673       2000      10000          8
   0       14     1963     9645     15584489516     15584499161         6546971       7673       2000      10000          8
   0       14     1963     9645     15584499515     15584509161         6556970       7673       2000      10000          8
   0       14     1963     9646     15584509514     15584519161         6566969       7674       2000      10000          8
   0       14     1963     9646     15584519515     15584529160         6576970       7674       2000      10000          8
   0       14     1963     9649     15584529511     15584539160         6586966       7677       2000      10000          8
   0       14     1963     9647     15584539513     15584549161         6596968       7675       2000      10000          8
   0       14     1963     9636     15584549524     15584559161         6606979       7664       2000      10000          8
   0       14     1963     9629     15584559531     15584569161         6616986       7657       2000      10000          8
   0       14     1963     9635     15584569525     15584579160         6626980       7663       2000      10000          8
   0       14     1963     9644     15584579516     15584589160         6636971       7673       2000      10000          8
   0       14     1963     9646     15584589514     15584599161         6646969       7674       2000      10000          8
   0       14     1963     9645     15584599515     15584609160         6656970       7673       2000      10000          8
   0       14     1963     9646     15584609514     15584619160         6666969       7674       2000      10000          8
   0       14     1963     9648     15584619513     15584629160         6676968       7676       2000      10000          8
   0       14     1963     9647     15584629513     15584639161         6686968       7675       2000      10000          8
   0       14     1963     9647     15584639513     15584649160         6696968       7675       2000      10000          8
   0       14     1963     9646     15584649514     15584659161         6706969       7674       2000      10000          8
   0       14     1963     9647     15584659513     15584669160         6716968       7675       2000      10000          8
   0       14     1963     9645     15584669516     15584679160         6726971       7673       2000      10000          8
   0       14     1963     9646     15584679515     15584689161         6736970       7674       2000      10000          8
   0       14     1963     9646     15584689514     15584699160         6746969       7674       2000      10000          8
   0       14     1963     9645     15584699515     15584709160         6756970       7673       2000      10000          8
   0       14     1963     9643     15584709517     15584719161         6766972       7671       2000      10000          8
   0       14     1963     9643     15584719518     15584729161         6776973       7670       2000      10000          8
   0       14     1963     9644     15584729517     15584739160         6786972       7672       2000      10000          8
   0       14     1963     9645     15584739515     15584749160         6796970       7673       2000      10000          8
   0       14     1963     9647     15584749514     15584759161         6806969       7675       2000      10000          8
   0       14     1963     9645     15584759516     15584769161         6816971       7672       2000      10000          8
   0       14     1963     9646     15584769514     15584779161         6826969       7674       2000      10000          8
   0       14     1963     9648     15584779513     15584789161         6836968       7676       2000      10000          8
   0       14     1963     9645     15584789515     15584799161         6846970       7673       2000      10000          8
   0       14     1963     9644     15584799517     15584809161         6856972       7671       2000      10000          8
   0       14     1963     9645     15584809515     15584819161         6866970       7673       2000      10000          8
   0       14     1963     9647     15584819514     15584829161         6876969       7675       2000      10000          8
   0       14     1963     9647     15584829513     15584839161         6886968       7675       2000      10000          8
   0       14     1963     9646     15584839514     15584849160         6896969       7674       2000      10000          8
   0       14     1963     9644     15584849516     15584859161         6906971       7672       2000      10000          8
   0       14     1963     9644     15584859516     15584869160         6916971       7672       2000      10000          8
   0       14     1963     9646     15584869515     15584879160         6926970       7674       2000      10000          8
   0       14     1963     9647     15584879513     15584889161         6936968       7675       2000      10000          8
   0       14     1963     9629     15584889531     15584899160         6946986       7657       2000      10000          8
   0       14     1963     9642     15584899518     15584909160         6956973       7670       2000      10000          8
   0       14     1963     9645     15584909515     15584919160         6966970       7673       2000      10000          8
   0       14     1963     9648     15584919513     15584929161         6976968       7676       2000      10000          8
   0       14     1963     9648     15584929515     15584939163         6986970       7674       2000      10000         10
   0       14     1991     9632     15584939528     15584949161         6996983       7632       2000      10000          8
   0       14     1992     9645     15584949515     15584959161         7006970       7645       2000      10000          8
   0       14     1963     9637     15584959523     15584969160         7016978       7665       2000      10000          8
   0       14     1963     9642     15584969518     15584979161         7026973       7670       2000      10000          8
   0       14     1963     9645     15584979516     15584989161         7036971       7673       2000      10000          8
   0       14     1963     9645     15584989515     15584999160         7046970       7674       2000      10000          8
   0       14     1963     9645     15584999515     15585009161         7056970       7673       2000      10000          8
   0       14     1963     9643     15585009518     15585019161         7066973       7670       2000      10000          8
   0       14     1963     9642     15585019518     15585029160         7076973       7670       2000      10000          8
   0       14     1963     9646     15585029514     15585039160         7086969       7674       2000      10000          8
   0       14     1963     9647     15585039513     15585049160         7096968       7675       2000      10000          8
   0       14     1963     9649     15585049512     15585059161         7106967       7677       2000      10000          8
   0       14     1963     9647     15585059514     15585069160         7116969       7675       2000      10000          8
   0       14     1963     9647     15585069514     15585079161         7126969       7674       2000      10000          8
   0       14     1963     9647     15585079513     15585089161         7136968       7675       2000      10000          8
   0       14     1963     9646     15585089514     15585099161         7146969       7674       2000      10000          8
   0       14     1963     9647     15585099514     15585109161         7156969       7675       2000      10000          8
   0       14     1963     9643     15585109518     15585119161         7166973       7670       2000      10000          8
   0       14     1963     9647     15585119513     15585129161         7176968       7675       2000      10000          8
   0       14     1963     9646     15585129514     15585139160         7186969       7674       2000      10000          8
   0       14     1963     9647     15585139514     15585149160         7196969       7675       2000      10000          8
   0       14     1963     9649     15585149512     15585159160         7206967       7676       2000      10000          8
   0       14     1963     9644     15585159517     15585169161         7216972       7672       2000      10000          8
   0       14     1963     9645     15585169516     15585179161         7226971       7673       2000      10000          8
   0       14     1963     9646     15585179515     15585189161         7236970       7674       2000      10000          8
   0       14     1963     9645     15585189516     15585199161         7246971       7673       2000      10000          8
   0       14     1963     9646     15585199515     15585209160         7256970       7674       2000      10000          8
   0       14     1963     9645     15585209515     15585219160         7266970       7673       2000      10000          8
   0       14     1963     9625     15585219536     15585229160         7276991       7653       2000      10000          8
   0       14     1963     9646     15585229514     15585239161         7286969       7674       2000      10000          8
   0       14     1963     9645     15585239515     15585249161         7296970       7673       2000      10000          8
   0       14     1963     9645     15585249516     15585259161         7306971       7672       2000      10000          8
   0       14     1963     9647     15585259514     15585269161         7316969       7674       2000      10000          8
   0       14     1963     9643     15585269517     15585279160         7326972       7671       2000      10000          8
   0       14     1963     9647     15585279513     15585289160         7336968       7675       2000      10000          8
   0       14     1963     9646     15585289515     15585299160         7346970       7674       2000      10000          8
   0       14     1963     9648     15585299512     15585309160         7356967       7676       2000      10000          8
   0       14     1963     9645     15585309515     15585319160         7366970       7673       2000      10000          8
   0       14     1963     9650     15585319511     15585329161         7376966       7677       2000      10000          8
   0       14     1963     9637     15585329523     15585339161         7386978       7665       2000      10000          8
   0       14     1963     9643     15585339518     15585349161         7396973       7671       2000      10000          8
   0       14     1963     9636     15585349524     15585359160         7406979       7664       2000      10000          8
   0       14     1963     9646     15585359515     15585369161         7416970       7674       2000      10000          8
   0       14     1963     9644     15585369516     15585379160         7426971       7672       2000      10000          8
   0       14     1963     9647     15585379514     15585389160         7436968       7675       2000      10000          8
   0       14     1963     9646     15585389514     15585399160         7446969       7674       2000      10000          8
   0       14     1963     9646     15585399514     15585409161         7456969       7674       2000      10000          8
   0       14     1963     9646     15585409515     15585419160         7466970       7674       2000      10000          8
   0       14     1963     9645     15585419515     15585429161         7476970       7673       2000      10000          8
   0       14     1963     9645     15585429516     15585439160         7486971       7673       2000      10000          8
   0       14     1963     9644     15585439517     15585449161         7496972       7672       2000      10000          8
   0       14     1963     9643     15585449518     15585459161         7506973       7671       2000      10000          8
   0       14     1963     9648     15585459513     15585469161         7516968       7675       2000      10000          8
   0       14     1963     9646     15585469515     15585479160         7526970       7674       2000      10000          8
   0       14     1963     9645     15585479515     15585489160         7536970       7673       2000      10000          8
   0       14     1963     9644     15585489517     15585499160         7546972       7672       2000      10000          8
   0       14     1963     9646     15585499514     15585509160         7556969       7674       2000      10000          8
   0       14     1963     9646     15585509514     15585519160         7566969       7675       2000      10000          8
   0       14     1963     9646     15585519514     15585529161         7576969       7674       2000      10000          8
   0       14     1963     9646     15585529514     15585539160         7586969       7674       2000      10000          8
   0       14     1963     9646     15585539515     15585549160         7596970       7674       2000      10000          8
   0       14     1963     9629     15585549531     15585559160         7606986       7657       2000      10000          8
   0       14     1963     9646     15585559515     15585569161         7616970       7673       2000      10000          8
   0       14     1963     9645     15585569516     15585579161         7626971       7672       2000      10000          8
   0       14     1963     9648     15585579513     15585589161         7636967       7676       2000      10000          8
   0       14     1963     9649     15585589511     15585599161         7646966       7677       2000      10000          8
   0       14     1963     9648     15585599513     15585609161         7656968       7675       2000      10000          8
   0       14     1963     9642     15585609519     15585619161         7666974       7670       2000      10000          8
   0       14     1963     9644     15585619516     15585629161         7676971       7672       2000      10000          8
   0       14     1963     9647     15585629514     15585639161         7686969       7675       2000      10000          8
   0       14     1963     9646     15585639514     15585649160         7696969       7674       2000      10000          8
   0       14     1963     9649     15585649512     15585659161         7706967       7677       2000      10000          8
   0       14     1963     9649     15585659511     15585669160         7716966       7677       2000      10000          8
   0       14     1963     9648     15585669513     15585679161         7726968       7676       2000      10000          8
   0       14     1963     9646     15585679514     15585689160         7736969       7674       2000      10000          8
   0       14     1963     9647     15585689513     15585699161         7746968       7675       2000      10000          8
   0       14     1963     9642     15585699518     15585709160         7756973       7670       2000      10000          8
   0       14     1963     9646     15585709515     15585719160         7766970       7674       2000      10000          8
   0       14     1963     9639     15585719522     15585729161         7776977       7667       2000      10000          8
   0       14     1963     9645     15585729516     15585739160         7786971       7673       2000      10000          8
   0       14     1963     9637     15585739523     15585749161         7796978       7665       2000      10000          8
   0       14     1963     9644     15585749516     15585759160         7806971       7672       2000      10000          8
   0       14     1963     9646     15585759514     15585769160         7816969       7674       2000      10000          8
   0       14     1963     9645     15585769515     15585779161         7826970       7673       2000      10000          8
   0       14     1963     9646     15585779514     15585789160         7836969       7674       2000      10000          8
   0       14     1963     9646     15585789514     15585799161         7846969       7674       2000      10000          8
   0       14     1963     9645     15585799515     15585809160         7856970       7673       2000      10000          8
   0       14     1963     9648     15585809513     15585819160         7866968       7676       2000      10000          8
   0       14     1963     9646     15585819515     15585829160         7876970       7674       2000      10000          8
   0       14     1963     9649     15585829512     15585839161         7886967       7677       2000      10000          8
   0       14     1963     9645     15585839515     15585849160         7896970       7673       2000      10000          8
   0       14     1963     9646     15585849514     15585859161         7906969       7674       2000      10000          8
   0       14     1963     9646     15585859514     15585869160         7916969       7674       2000      10000          8
   0       14     1963     9646     15585869514     15585879161         7926969       7674       2000      10000          8
   0       14     1963     9620     15585879540     15585889160         7936995       7648       2000      10000          8
   0       14     1963     9646     15585889514     15585899161         7946969       7674       2000      10000          8
   0       14     1963     9646     15585899515     15585909160         7956970       7674       2000      10000          8
   0       14     1963     9646     15585909515     15585919160         7966970       7674       2000      10000          8
   0       14     1963     9647     15585919514     15585929161         7976969       7675       2000      10000          8
   0       14     1963     9645     15585929516     15585939161         7986971       7673       2000      10000          9
   0       14     1991     9642     15585939518     15585949160         7996973       7642       2000      10000          8
   0       14     1991     9646     15585949514     15585959160         8006969       7646       2000      10000          8
   0       14     1963     9648     15585959513     15585969160         8016968       7676       2000      10000          8
   0       14     1963     9646     15585969515     15585979161         8026970       7674       2000      10000          8
   0       14     1963     9644     15585979516     15585989160         8036971       7672       2000      10000          8
   0       14     1963     9645     15585989515     15585999161         8046970       7673       2000      10000          8
   0       14     1963     9646     15585999515     15586009161         8056970       7674       2000      10000          8
   0       14     1963     9648     15586009513     15586019161         8066968       7675       2000      10000          8
   0       14     1963     9646     15586019514     15586029160         8076969       7674       2000      10000          8
   0       14     1963     9648     15586029512     15586039161         8086967       7676       2000      10000          8
   0       14     1963     9645     15586039516     15586049160         8096971       7673       2000      10000          8
   0       14     1963     9642     15586049518     15586059161         8106973       7670       2000      10000          8
   0       14     1963     9643     15586059517     15586069160         8116972       7671       2000      10000          8
   0       14     1963     9646     15586069514     15586079161         8126969       7674       2000      10000          8
   0       14     1963     9645     15586079516     15586089160         8136971       7673       2000      10000          8
   0       14     1963     9647     15586089514     15586099161         8146969       7675       2000      10000          8
   0       14     1963     9641     15586099520     15586109160         8156975       7669       2000      10000          8
   0       14     1963     9637     15586109523     15586119160         8166978       7665       2000      10000          8
   0       14     1963     9646     15586119514     15586129160         8176969       7674       2000      10000          8
   0       14     1963     9644     15586129516     15586139160         8186971       7672       2000      10000          8
   0       14     1963     9645     15586139516     15586149160         8196970       7673       2000      10000          8
   0       14     1963     9646     15586149515     15586159161         8206970       7674       2000      10000          8
   0       14     1963     9646     15586159515     15586169160         8216969       7674       2000      10000          8
   0       14     1963     9643     15586169517     15586179161         8226972       7671       2000      10000          8
   0       14     1963     9643     15586179517     15586189160         8236972       7671       2000      10000          8
   0       14     1963     9644     15586189516     15586199161         8246971       7672       2000      10000          8
   0       14     1963     9645     15586199516     15586209161         8256971       7673       2000      10000          8
   0       14     1963     9627     15586209533     15586219161         8266988       7655       2000      10000          8
   0       14     1963     9647     15586219514     15586229161         8276969       7675       2000      10000          8
   0       14     1963     9642     15586229519     15586239160         8286974       7669       2000      10000          8
   0       14     1963     9646     15586239515     15586249161         8296970       7674       2000      10000          8
   0       14     1963     9645     15586249515     15586259160         8306970       7673       2000      10000          8
   0       14     1963     9646     15586259515     15586269160         8316970       7674       2000      10000          8
   0       14     1963     9646     15586269514     15586279160         8326969       7674       2000      10000          8
   0       14     1963     9647     15586279514     15586289160         8336968       7675       2000      10000          8
   0       14     1963     9644     15586289516     15586299160         8346971       7672       2000      10000          8
   0       14     1963     9644     15586299516     15586309160         8356971       7673       2000      10000          8
   0       14     1963     9643     15586309517     15586319160         8366972       7671       2000      10000          8
   0       14     1963     9646     15586319515     15586329160         8376970       7674       2000      10000          8
   0       14     1963     9646     15586329515     15586339160         8386970       7674       2000      10000          8
   0       14     1963     9646     15586339514     15586349160         8396969       7674       2000      10000          8
   0       14     1963     9644     15586349516     15586359160         8406971       7672       2000      10000          8
   0       14     1963     9648     15586359512     15586369161         8416967       7676       2000      10000          8
   0       14     1963     9645     15586369516     15586379161         8426971       7672       2000      10000          8
   0       14     1963     9645     15586379515     15586389160         8436970       7673       2000      10000          8
   0       14     1963     9647     15586389513     15586399160         8446968       7675       2000      10000          8
   0       14     1963     9646     15586399515     15586409161         8456970       7673       2000      10000          8
   0       14     1963     9642     15586409518     15586419161         8466973       7670       2000      10000          8
   0       14     1963     9645     15586419516     15586429160         8476971       7673       2000      10000          8
   0       14     1963     9647     15586429513     15586439161         8486968       7675       2000      10000          8
   0       14     1963     9646     15586439515     15586449161         8496970       7674       2000      10000          8
   0       14     1963     9645     15586449515     15586459160         8506970       7673       2000      10000          8
   0       14     1963     9646     15586459514     15586469160         8516969       7674       2000      10000          8
   0       14     1963     9647     15586469514     15586479160         8526969       7675       2000      10000          8
   0       14     1963     9638     15586479523     15586489161         8536978       7666       2000      10000          8
   0       14     1963     9645     15586489515     15586499161         8546970       7673       2000      10000          8
   0       14     1963     9637     15586499524     15586509161         8556979       7664       2000      10000          8
   0       14     1963     9642     15586509518     15586519160         8566973       7670       2000      10000          8
   0       14     1963     9646     15586519515     15586529161         8576970       7673       2000      10000          8
   0       14     1963     9643     15586529517     15586539161         8586972       7671       2000      10000          8
   0       14     1963     9628     15586539532     15586549160         8596987       7656       2000      10000          8
   0       14     1963     9646     15586549514     15586559160         8606969       7675       2000      10000          8
   0       14     1963     9645     15586559515     15586569160         8616970       7673       2000      10000          8
   0       14     1963     9646     15586569515     15586579160         8626970       7674       2000      10000          8
   0       14     1963     9648     15586579512     15586589160         8636967       7676       2000      10000          8
   0       14     1963     9646     15586589514     15586599160         8646969       7674       2000      10000          8
   0       14     1963     9645     15586599515     15586609160         8656970       7673       2000      10000          8
   0       14     1963     9646     15586609515     15586619160         8666969       7674       2000      10000          8
   0       14     1963     9647     15586619513     15586629160         8676968       7675       2000      10000          8
   0       14     1963     9646     15586629514     15586639161         8686969       7674       2000      10000          8
   0       14     1963     9645     15586639516     15586649160         8696971       7673       2000      10000          8
   0       14     1963     9644     15586649517     15586659161         8706972       7672       2000      10000          8
   0       14     1963     9641     15586659520     15586669160         8716974       7669       2000      10000          8
   0       14     1963     9646     15586669514     15586679160         8726969       7674       2000      10000          8
   0       14     1963     9646     15586679514     15586689160         8736969       7674       2000      10000          8
   0       14     1963     9644     15586689517     15586699160         8746972       7672       2000      10000          8
   0       14     1963     9645     15586699516     15586709160         8756971       7673       2000      10000          8
   0       14     1963     9645     15586709516     15586719160         8766971       7673       2000      10000          8
   0       14     1963     9647     15586719513     15586729160         8776968       7675       2000      10000          8
   0       14     1963     9648     15586729512     15586739160         8786967       7676       2000      10000          8
   0       14     1963     9647     15586739514     15586749160         8796969       7675       2000      10000          8
   0       14     1963     9646     15586749514     15586759160         8806969       7674       2000      10000          8
   0       14     1963     9645     15586759515     15586769160         8816970       7673       2000      10000          8
   0       14     1963     9645     15586769515     15586779160         8826970       7673       2000      10000          8
   0       14     1963     9645     15586779515     15586789160         8836970       7673       2000      10000          8
   0       14     1963     9646     15586789514     15586799160         8846969       7674       2000      10000          8
   0       14     1963     9648     15586799513     15586809160         8856968       7675       2000      10000          8
   0       14     1963     9647     15586809513     15586819160         8866968       7675       2000      10000          8
   0       14     1963     9647     15586819513     15586829160         8876968       7675       2000      10000          8
   0       14     1963     9646     15586829515     15586839160         8886970       7674       2000      10000          8
   0       14     1963     9647     15586839513     15586849160         8896968       7675       2000      10000          8
   0       14     1963     9646     15586849515     15586859161         8906970       7673       2000      10000          8
   0       14     1963     9647     15586859514     15586869160         8916969       7675       2000      10000          8
   0       14     1963     9620     15586869541     15586879160         8926996       7648       2000      10000          8
   0       14     1963     9643     15586879518     15586889160         8936973       7671       2000      10000          8
   0       14     1963     9635     15586889525     15586899160         8946980       7663       2000      10000          8
   0       14     1963     9645     15586899515     15586909160         8956970       7673       2000      10000          8
   0       14     1963     9645     15586909515     15586919160         8966970       7673       2000      10000          8
   0       14     1963     9645     15586919515     15586929160         8976970       7673       2000      10000          8
   0       14     1963     9647     15586929514     15586939161         8986969       7674       2000      10000          9
   0       14     1991     9641     15586939520     15586949160         8996975       7641       2000      10000          8
   0       14     1992     9644     15586949516     15586959161         9006971       7644       2000      10000          8
   0       14     1963     9645     15586959516     15586969160         9016971       7673       2000      10000          8
   0       14     1963     9644     15586969517     15586979161         9026972       7672       2000      10000          8
   0       14     1963     9647     15586979513     15586989160         9036968       7675       2000      10000          8
   0       14     1963     9646     15586989514     15586999160         9046969       7674       2000      10000          8
   0       14     1963     9647     15586999514     15587009161         9056969       7674       2000      10000          8
   0       14     1963     9641     15587009519     15587019161         9066974       7669       2000      10000          8
   0       14     1963     9648     15587019513     15587029161         9076968       7675       2000      10000          8
   0       14     1963     9647     15587029513     15587039161         9086968       7675       2000      10000          8
   0       14     1963     9645     15587039516     15587049161         9096971       7672       2000      10000          8
   0       14     1963     9646     15587049515     15587059161         9106970       7674       2000      10000          8
   0       14     1963     9644     15587059516     15587069160         9116971       7672       2000      10000          8
   0       14     1963     9646     15587069515     15587079161         9126970       7674       2000      10000          8
   0       14     1963     9644     15587079516     15587089161         9136971       7672       2000      10000          8
   0       14     1963     9645     15587089516     15587099160         9146971       7673       2000      10000          8
   0       14     1963     9644     15587099516     15587109160         9156971       7672       2000      10000          8
   0       14     1963     9643     15587109517     15587119160         9166972       7671       2000      10000          8
   0       14     1963     9648     15587119513     15587129160         9176968       7676       2000      10000          8
   0       14     1963     9647     15587129513     15587139160         9186968       7675       2000      10000          8
   0       14     1963     9642     15587139518     15587149161         9196973       7670       2000      10000          8
   0       14     1963     9645     15587149515     15587159160         9206970       7673       2000      10000          8
   0       14     1963     9645     15587159516     15587169160         9216971       7672       2000      10000          8
   0       14     1963     9644     15587169516     15587179160         9226971       7672       2000      10000          8
   0       14     1963     9645     15587179515     15587189160         9236970       7673       2000      10000          8
   0       14     1963     9648     15587189512     15587199160         9246967       7676       2000      10000          8
   0       14     1963     9632     15587199528     15587209161         9256983       7660       2000      10000          8
   0       14     1963     9647     15587209513     15587219160         9266968       7675       2000      10000          8
   0       14     1963     9649     15587219511     15587229160         9276966       7677       2000      10000          8
   0       14     1963     9648     15587229512     15587239160         9286967       7677       2000      10000          8
   0       14     1963     9648     15587239513     15587249160         9296968       7676       2000      10000          8
   0       14     1963     9643     15587249517     15587259160         9306972       7671       2000      10000          8
   0       14     1963     9639     15587259522     15587269160         9316977       7667       2000      10000          8
   0       14     1963     9643     15587269518     15587279160         9326973       7671       2000      10000          8
   0       14     1963     9642     15587279518     15587289160         9336973       7670       2000      10000          8
   0       14     1963     9648     15587289512     15587299160         9346967       7676       2000      10000          8
   0       14     1963     9648     15587299512     15587309160         9356967       7676       2000      10000          8
   0       14     1963     9649     15587309512     15587319160         9366967       7677       2000      10000          8
   0       14     1963     9648     15587319512     15587329160         9376967       7676       2000      10000          8
   0       14     1963     9646     15587329515     15587339160         9386970       7674       2000      10000          8
   0       14     1963     9647     15587339513     15587349160         9396968       7675       2000      10000          8
   0       14     1963     9648     15587349512     15587359160         9406967       7676       2000      10000          8
   0       14     1963     9646     15587359515     15587369161         9416970       7674       2000      10000          8
   0       14     1963     9643     15587369517     15587379161         9426972       7671       2000      10000          8
   0       14     1963     9646     15587379515     15587389161         9436970       7673       2000      10000          8
   0       14     1963     9646     15587389515     15587399160         9446970       7674       2000      10000          8
   0       14     1963     9646     15587399514     15587409160         9456969       7674       2000      10000          8
   0       14     1963     9645     15587409515     15587419160         9466970       7673       2000      10000          8
   0       14     1963     9646     15587419515     15587429160         9476970       7674       2000      10000          8
   0       14     1963     9646     15587429514     15587439160         9486969       7674       2000      10000          8
   0       14     1963     9646     15587439514     15587449161         9496969       7674       2000      10000          8
   0       14     1963     9646     15587449514     15587459161         9506969       7674       2000      10000          8
   0       14     1963     9645     15587459515     15587469160         9516970       7673       2000      10000          8
   0       14     1963     9650     15587469511     15587479161         9526966       7677       2000      10000          8
   0       14     1963     9648     15587479513     15587489161         9536968       7675       2000      10000          8
   0       14     1963     9647     15587489514     15587499161         9546969       7675       2000      10000          8
   0       14     1963     9644     15587499516     15587509161         9556971       7672       2000      10000          8
   0       14     1963     9645     15587509515     15587519161         9566970       7673       2000      10000          8
   0       14     1963     9644     15587519517     15587529160         9576972       7672       2000      10000          8
   0       14     1963     9631     15587529529     15587539160         9586984       7659       2000      10000          8
   0       14     1963     9646     15587539515     15587549160         9596970       7673       2000      10000          8
   0       14     1963     9648     15587549513     15587559161         9606968       7675       2000      10000          8
   0       14     1963     9644     15587559516     15587569160         9616971       7672       2000      10000          8
   0       14     1963     9647     15587569513     15587579160         9626968       7675       2000      10000          8
   0       14     1963     9646     15587579514     15587589160         9636969       7675       2000      10000          8
   0       14     1963     9647     15587589513     15587599160         9646968       7675       2000      10000          8
   0       14     1963     9645     15587599516     15587609161         9656971       7672       2000      10000          8
   0       14     1963     9643     15587609517     15587619160         9666972       7671       2000      10000          8
   0       14     1963     9645     15587619516     15587629161         9676971       7673       2000      10000          8
   0       14     1963     9648     15587629512     15587639160         9686967       7676       2000      10000          8
   0       14     1963     9646     15587639514     15587649161         9696969       7674       2000      10000          8
   0       14     1963     9635     15587649526     15587659161         9706981       7663       2000      10000          8
   0       14     1963     9646     15587659514     15587669160         9716969       7674       2000      10000          8
   0       14     1963     9639     15587669521     15587679161         9726976       7667       2000      10000          8
   0       14     1963     9646     15587679514     15587689160         9736969       7674       2000      10000          8
   0       14     1963     9646     15587689514     15587699161         9746969       7674       2000      10000          8
   0       14     1963     9646     15587699515     15587709160         9756970       7674       2000      10000          8
   0       14     1963     9647     15587709514     15587719160         9766969       7675       2000      10000          8
   0       14     1963     9647     15587719514     15587729160         9776969       7675       2000      10000          8
   0       14     1963     9645     15587729515     15587739160         9786970       7673       2000      10000          8
   0       14     1963     9647     15587739513     15587749160         9796968       7675       2000      10000          8
   0       14     1963     9644     15587749516     15587759161         9806971       7672       2000      10000          8
   0       14     1963     9645     15587759516     15587769161         9816971       7673       2000      10000          8
   0       14     1963     9645     15587769516     15587779161         9826971       7672       2000      10000          8
   0       14     1963     9644     15587779516     15587789160         9836971       7672       2000      10000          8
   0       14     1963     9647     15587789514     15587799161         9846969       7674       2000      10000          8
   0       14     1963     9647     15587799513     15587809160         9856968       7675       2000      10000          8
   0       14     1963     9648     15587809513     15587819160         9866968       7676       2000      10000          8
   0       14     1963     9649     15587819512     15587829160         9876967       7677       2000      10000          8
   0       14     1963     9643     15587829517     15587839160         9886972       7671       2000      10000          8
   0       14     1963     9647     15587839513     15587849160         9896968       7675       2000      10000          8
   0       14     1963     9646     15587849514     15587859160         9906969       7675       2000      10000          8
   0       14     1963     9633     15587859527     15587869160         9916982       7661       2000      10000          8
   0       14     1963     9649     15587869511     15587879160         9926966       7677       2000      10000          8
   0       14     1963     9648     15587879512     15587889160         9936967       7676       2000      10000          8
   0       14     1963     9648     15587889512     15587899160         9946967       7676       2000      10000          8
   0       14     1963     9648     15587899513     15587909161         9956968       7676       2000      10000          8
   0       14     1963     9646     15587909514     15587919160         9966969       7674       2000      10000          8
   0       14     1963     9646     15587919514     15587929161         9976969       7674       2000      10000          8
   0       14     1963     9648     15587929515     15587939163         9986970       7673       2000      10000         10
   0       14     1991     9643     15587939518     15587949161         9996973       7643       2000      10000          9
   0       14     1992     9646     15587949514     15587959161        10006969       7646       2000      10000          8
   0       14     1963     9648     15587959513     15587969161        10016968       7675       2000      10000          8
   0       14     1963     9641     15587969520     15587979161        10026975       7669       2000      10000          8
   0       14     1963     9646     15587979515     15587989161        10036970       7673       2000      10000          8
   0       14     1963     9646     15587989514     15587999160        10046969       7674       2000      10000          8
   0       14     1963     9645     15587999516     15588009161        10056971       7673       2000      10000          8
   0       14     1963     9646     15588009515     15588019160        10066969       7674       2000      10000          8
   0       14     1963     9645     15588019516     15588029160        10076971       7673       2000      10000          8
   0       14     1963     9645     15588029515     15588039161        10086970       7673       2000      10000          8
   0       14     1963     9633     15588039527     15588049160        10096982       7661       2000      10000          8
   0       14     1963     9645     15588049516     15588059161        10106971       7673       2000      10000          8
   0       14     1963     9646     15588059515     15588069161        10116970       7673       2000      10000          8
   0       14     1963     9646     15588069514     15588079160        10126969       7674       2000      10000          8
   0       14     1963     9647     15588079513     15588089160        10136968       7675       2000      10000          8
   0       14     1963     9646     15588089514     15588099160        10146969       7674       2000      10000          8
   0       14     1963     9642     15588099519     15588109161        10156974       7670       2000      10000          8
   0       14     1963     9644     15588109516     15588119160        10166971       7672       2000      10000          8
   0       14     1963     9646     15588119515     15588129161        10176970       7674       2000      10000          8
   0       14     1963     9645     15588129516     15588139160        10186971       7673       2000      10000          8
   0       14     1963     9646     15588139515     15588149161        10196970       7673       2000      10000          8
   0       14     1963     9648     15588149513     15588159160        10206968       7676       2000      10000          8
   0       14     1963     9647     15588159513     15588169160        10216968       7675       2000      10000          8
   0       14     1963     9647     15588169513     15588179160        10226968       7675       2000      10000          8
   0       14     1963     9644     15588179517     15588189160        10236972       7672       2000      10000          8
   0       14     1963     9645     15588189515     15588199160        10246970       7674       2000      10000          8
   0       14     1963     9631     15588199530     15588209160        10256985       7659       2000      10000          8
   0       14     1963     9643     15588209517     15588219160        10266972       7671       2000      10000          8
   0       14     1963     9645     15588219515     15588229160        10276970       7673       2000      10000          8
   0       14     1963     9641     15588229520     15588239160        10286975       7669       2000      10000          8
   0       14     1963     9644     15588239517     15588249161        10296972       7672       2000      10000          8
   0       14     1963     9643     15588249518     15588259160        10306973       7671       2000      10000          8
   0       14     1963     9645     15588259515     15588269161        10316970       7673       2000      10000          8
   0       14     1963     9643     15588269517     15588279160        10326972       7671       2000      10000          8
   0       14     1963     9644     15588279516     15588289161        10336971       7672       2000      10000          8
   0       14     1963     9644     15588289516     15588299161        10346971       7672       2000      10000          8
   0       14     1963     9643     15588299517     15588309160        10356972       7671       2000      10000          8
   0       14     1963     9644     15588309516     15588319161        10366971       7672       2000      10000          8
   0       14     1963     9644     15588319517     15588329160        10376972       7672       2000      10000          8
   0       14     1963     9643     15588329517     15588339160        10386972       7671       2000      10000          8
   0       14     1963     9644     15588339517     15588349160        10396972       7672       2000      10000          8
   0       14     1963     9643     15588349517     15588359161        10406972       7671       2000      10000          8
   0       14     1963     9643     15588359517     15588369161        10416972       7671       2000      10000          8
   0       14     1963     9644     15588369517     15588379160        10426972       7672       2000      10000          8
   0       14     1963     9645     15588379515     15588389160        10436970       7673       2000      10000          8
   0       14     1963     9643     15588389518     15588399160        10446973       7671       2000      10000          8
   0       14     1963     9646     15588399515     15588409161        10456970       7674       2000      10000          8
   0       14     1963     9634     15588409527     15588419161        10466982       7662       2000      10000          8
   0       14     1963     9643     15588419517     15588429160        10476972       7671       2000      10000          8
   0       14     1963     9637     15588429523     15588439161        10486978       7665       2000      10000          8
   0       14     1963     9645     15588439515     15588449160        10496970       7673       2000      10000          8
   0       14     1963     9642     15588449518     15588459160        10506973       7670       2000      10000          8
   0       14     1963     9647     15588459514     15588469160        10516969       7675       2000      10000          8
   0       14     1963     9645     15588469515     15588479160        10526970       7673       2000      10000          8
   0       14     1963     9643     15588479517     15588489161        10536972       7671       2000      10000          8
   0       14     1963     9645     15588489516     15588499160        10546971       7673       2000      10000          8
   0       14     1963     9645     15588499515     15588509160        10556970       7673       2000      10000          8
   0       14     1963     9645     15588509515     15588519161        10566970       7673       2000      10000          8
   0       14     1963     9643     15588519518     15588529160        10576973       7671       2000      10000          8
   0       14     1963     9629     15588529532     15588539161        10586987       7657       2000      10000          8
   0       14     1963     9644     15588539516     15588549160        10596971       7672       2000      10000          8
   0       14     1963     9645     15588549515     15588559161        10606970       7673       2000      10000          8
   0       14     1963     9645     15588559516     15588569160        10616971       7673       2000      10000          8
   0       14     1963     9646     15588569514     15588579160        10626969       7675       2000      10000          8
   0       14     1963     9644     15588579516     15588589160        10636971       7672       2000      10000          8
   0       14     1963     9646     15588589515     15588599161        10646970       7674       2000      10000          8
   0       14     1963     9647     15588599513     15588609160        10656968       7676       2000      10000          8
   0       14     1963     9647     15588609514     15588619161        10666969       7675       2000      10000          8
   0       14     1963     9648     15588619513     15588629160        10676968       7676       2000      10000          8
   0       14     1963     9647     15588629514     15588639160        10686969       7675       2000      10000          8
   0       14     1963     9647     15588639514     15588649160        10696969       7675       2000      10000          8
   0       14     1963     9647     15588649513     15588659160        10706968       7675       2000      10000          8
   0       14     1963     9648     15588659512     15588669161        10716967       7676       2000      10000          8
   0       14     1963     9645     15588669516     15588679161        10726971       7673       2000      10000          8
   0       14     1963     9645     15588679516     15588689160        10736971       7673       2000      10000          8
   0       14     1963     9646     15588689515     15588699161        10746970       7673       2000      10000          8
   0       14     1963     9648     15588699512     15588709161        10756967       7676       2000      10000          8
   0       14     1963     9642     15588709518     15588719160        10766973       7671       2000      10000          8
   0       14     1963     9646     15588719515     15588729160        10776970       7674       2000      10000          8
   0       14     1963     9644     15588729517     15588739160        10786972       7672       2000      10000          8
   0       14     1963     9647     15588739513     15588749160        10796968       7675       2000      10000          8
   0       14     1963     9645     15588749516     15588759160        10806971       7673       2000      10000          8
   0       14     1963     9647     15588759513     15588769161        10816968       7675       2000      10000          8
   0       14     1963     9644     15588769516     15588779160        10826971       7672       2000      10000          8
   0       14     1963     9647     15588779514     15588789161        10836969       7675       2000      10000          8
   0       14     1963     9645     15588789515     15588799160        10846970       7673       2000      10000          8
   0       14     1963     9637     15588799523     15588809161        10856978       7665       2000      10000          8
   0       14     1963     9642     15588809519     15588819161        10866974       7670       2000      10000          8
   0       14     1963     9637     15588819524     15588829161        10876979       7665       2000      10000          8
   0       14     1963     9645     15588829515     15588839161        10886970       7673       2000      10000          8
   0       14     1963     9644     15588839516     15588849160        10896971       7672       2000      10000          8
   0       14     1963     9647     15588849513     15588859160        10906968       7675       2000      10000          8
   0       14     1963     9629     15588859531     15588869161        10916986       7657       2000      10000          8
   0       14     1963     9643     15588869518     15588879161        10926973       7671       2000      10000          8
   0       14     1963     9645     15588879516     15588889160        10936971       7673       2000      10000          8
   0       14     1963     9647     15588889513     15588899160        10946968       7675       2000      10000          8
   0       14     1963     9646     15588899515     15588909161        10956969       7674       2000      10000          8
   0       14     1963     9646     15588909515     15588919161        10966969       7674       2000      10000          8
   0       14     1963     9645     15588919516     15588929161        10976971       7673       2000      10000          8
   0       14     1963     9647     15588929515     15588939163        10986970       7673       2000      10000         10
   0       14     1991     9642     15588939519     15588949160        10996974       7642       2000      10000          8
   0       14     1992     9648     15588949513     15588959161        11006968       7647       2000      10000          8
   0       14     1963     9644     15588959516     15588969160        11016971       7672       2000      10000          8
   0       14     1963     9646     15588969514     15588979161        11026969       7674       2000      10000          8
   0       14     1963     9646     15588979515     15588989161        11036970       7674       2000      10000          8
   0       14     1963     9647     15588989514     15588999161        11046969       7675       2000      10000          8
   0       14     1963     9644     15588999516     15589009160        11056971       7672       2000      10000          8
   0       14     1963     9646     15589009515     15589019161        11066970       7674       2000      10000          8
   0       14     1963     9644     15589019516     15589029160        11076971       7672       2000      10000          8
   0       14     1963     9648     15589029513     15589039160        11086968       7676       2000      10000          8
   0       14     1963     9646     15589039514     15589049161        11096969       7674       2000      10000          8
   0       14     1963     9646     15589049514     15589059160        11106969       7674       2000      10000          8
   0       14     1963     9643     15589059518     15589069160        11116973       7670       2000      10000          8
   0       14     1963     9645     15589069515     15589079161        11126970       7673       2000      10000          8
   0       14     1963     9644     15589079517     15589089161        11136972       7671       2000      10000          8
   0       14     1963     9647     15589089514     15589099160        11146969       7675       2000      10000          8
   0       14     1963     9647     15589099513     15589109161        11156968       7675       2000      10000          8
   0       14     1963     9646     15589109514     15589119160        11166969       7674       2000      10000          8
   0       14     1963     9647     15589119513     15589129161        11176968       7675       2000      10000          8
   0       14     1963     9644     15589129516     15589139160        11186971       7672       2000      10000          8
   0       14     1963     9645     15589139516     15589149160        11196970       7673       2000      10000          8
   0       14     1963     9645     15589149516     15589159161        11206971       7672       2000      10000          8
   0       14     1963     9643     15589159517     15589169160        11216972       7671       2000      10000          8
   0       14     1963     9649     15589169514     15589179162        11226969       7675       2000      10000         10
   0       14     1963     9644     15589179517     15589189161        11236972       7672       2000      10000          8
   0       14     1963     9620     15589189541     15589199161        11246996       7648       2000      10000          8
   0       14     1963     9645     15589199516     15589209160        11256971       7673       2000      10000          8
   0       14     1963     9636     15589209524     15589219160        11266979       7664       2000      10000          8
   0       14     1963     9647     15589219514     15589229160        11276968       7675       2000      10000          8
   0       14     1963     9645     15589229515     15589239160        11286970       7673       2000      10000          8
   0       14     1963     9648     15589239512     15589249161        11296967       7676       2000      10000          8
   0       14     1963     9646     15589249515     15589259160        11306970       7674       2000      10000          8
   0       14     1963     9648     15589259512     15589269160        11316967       7676       2000      10000          8
   0       14     1963     9644     15589269517     15589279161        11326972       7672       2000      10000          8
   0       14     1963     9645     15589279516     15589289161        11336971       7673       2000      10000          8
   0       14     1963     9644     15589289517     15589299160        11346972       7672       2000      10000          8
   0       14     1963     9646     15589299515     15589309160        11356970       7673       2000      10000          8
   0       14     1963     9644     15589309516     15589319160        11366971       7672       2000      10000          8
   0       14     1963     9646     15589319515     15589329161        11376970       7674       2000      10000          8
   0       14     1963     9647     15589329514     15589339160        11386969       7675       2000      10000          8
   0       14     1963     9646     15589339514     15589349160        11396969       7675       2000      10000          8
   0       14     1963     9645     15589349516     15589359161        11406971       7673       2000      10000          8
   0       14     1963     9643     15589359517     15589369160        11416972       7671       2000      10000          8
   0       14     1963     9645     15589369516     15589379161        11426971       7673       2000      10000          8
   0       14     1963     9643     15589379517     15589389161        11436972       7671       2000      10000          8
   0       14     1963     9645     15589389516     15589399160        11446971       7673       2000      10000          8
   0       14     1963     9646     15589399515     15589409161        11456970       7673       2000      10000          8
   0       14     1963     9644     15589409517     15589419160        11466972       7672       2000      10000          8
   0       14     1963     9646     15589419515     15589429161        11476970       7673       2000      10000          8
   0       14     1963     9647     15589429514     15589439160        11486969       7675       2000      10000          8
   0       14     1963     9648     15589439513     15589449160        11496968       7676       2000      10000          8
   0       14     1963     9647     15589449513     15589459161        11506968       7675       2000      10000          8
   0       14     1963     9646     15589459515     15589469161        11516970       7673       2000      10000          8
   0       14     1963     9645     15589469516     15589479161        11526970       7673       2000      10000          8
   0       14     1963     9645     15589479515     15589489160        11536970       7673       2000      10000          8
   0       14     1963     9647     15589489514     15589499161        11546969       7675       2000      10000          8
   0       14     1963     9647     15589499514     15589509161        11556969       7675       2000      10000          8
   0       14     1963     9646     15589509515     15589519161        11566970       7674       2000      10000          8
   0       14     1963     9627     15589519534     15589529161        11576989       7654       2000      10000          8
   0       14     1963     9642     15589529519     15589539160        11586973       7670       2000      10000          8
   0       14     1963     9643     15589539517     15589549160        11596972       7671       2000      10000          8
   0       14     1963     9646     15589549514     15589559161        11606969       7674       2000      10000          8
   0       14     1963     9644     15589559516     15589569161        11616971       7672       2000      10000          8
   0       14     1963     9647     15589569514     15589579160        11626969       7675       2000      10000          8
   0       14     1963     9637     15589579524     15589589161        11636979       7665       2000      10000          8
   0       14     1963     9643     15589589518     15589599160        11646973       7671       2000      10000          8
   0       14     1963     9637     15589599524     15589609161        11656979       7665       2000      10000          8
   0       14     1963     9642     15589609519     15589619160        11666974       7670       2000      10000          8
   0       14     1963     9648     15589619512     15589629160        11676967       7676       2000      10000          8
   0       14     1963     9645     15589629516     15589639161        11686971       7672       2000      10000          8
   0       14     1963     9645     15589639515     15589649161        11696970       7673       2000      10000          8
   0       14     1963     9642     15589649519     15589659161        11706974       7669       2000      10000          8
   0       14     1963     9646     15589659515     15589669160        11716970       7674       2000      10000          8
   0       14     1963     9643     15589669518     15589679161        11726972       7671       2000      10000          8
   0       14     1963     9643     15589679517     15589689161        11736972       7671       2000      10000          8
   0       14     1963     9643     15589689518     15589699161        11746973       7671       2000      10000          8
   0       14     1963     9644     15589699517     15589709161        11756972       7671       2000      10000          8
   0       14     1963     9644     15589709516     15589719161        11766971       7672       2000      10000          8
   0       14     1963     9644     15589719516     15589729161        11776971       7672       2000      10000          8
   0       14     1963     9644     15589729517     15589739161        11786972       7671       2000      10000          8
   0       14     1963     9645     15589739515     15589749160        11796970       7673       2000      10000          8
   0       14     1963     9644     15589749517     15589759161        11806972       7672       2000      10000          8
   0       14     1963     9646     15589759514     15589769161        11816969       7674       2000      10000          8
   0       14     1963     9645     15589769516     15589779161        11826971       7673       2000      10000          8
   0       14     1963     9647     15589779514     15589789161        11836969       7674       2000      10000          8
   0       14     1963     9643     15589789517     15589799160        11846972       7672       2000      10000          8
   0       14     1963     9647     15589799513     15589809160        11856968       7675       2000      10000          8
   0       14     1963     9646     15589809515     15589819160        11866970       7674       2000      10000          8
   0       14     1963     9645     15589819515     15589829161        11876970       7673       2000      10000          8
   0       14     1963     9642     15589829518     15589839160        11886973       7670       2000      10000          8
   0       14     1963     9644     15589839516     15589849160        11896971       7672       2000      10000          8
   0       14     1963     9627     15589849534     15589859161        11906989       7655       2000      10000          8
   0       14     1963     9645     15589859515     15589869161        11916970       7673       2000      10000          8
   0       14     1963     9645     15589869516     15589879161        11926971       7673       2000      10000          8
   0       14     1963     9645     15589879516     15589889161        11936971       7673       2000      10000          8
   0       14     1963     9642     15589889518     15589899160        11946973       7670       2000      10000          8
   0       14     1963     9646     15589899515     15589909161        11956969       7674       2000      10000          8
   0       14     1963     9643     15589909518     15589919160        11966973       7671       2000      10000          8
   0       14     1963     9647     15589919514     15589929161        11976969       7674       2000      10000          8
   0       14     1963     9645     15589929516     15589939161        11986971       7672       2000      10000          9
   0       14     1991     9643     15589939517     15589949160        11996972       7643       2000      10000          8
   0       14     1992     9647     15589949513     15589959160        12006968       7647       2000      10000          8
   0       14     1963     9647     15589959514     15589969161        12016969       7674       2000      10000          9
   0       14     1963     9625     15589969536     15589979161        12026991       7652       2000      10000          8
   0       14     1963     9644     15589979517     15589989161        12036971       7672       2000      10000          8
   0       14     1963     9636     15589989525     15589999161        12046980       7663       2000      10000          8
   0       14     1963     9642     15589999518     15590009161        12056973       7670       2000      10000          8
   0       14     1963     9644     15590009517     15590019160        12066972       7672       2000      10000          8
   0       14     1963     9641     15590019520     15590029161        12076975       7669       2000      10000          8
   0       14     1963     9645     15590029515     15590039161        12086970       7673       2000      10000          8
   0       14     1963     9644     15590039517     15590049161        12096972       7671       2000      10000          8
   0       14     1963     9644     15590049517     15590059160        12106972       7672       2000      10000          8
   0       14     1963     9645     15590059516     15590069160        12116971       7673       2000      10000          8
   0       14     1963     9646     15590069515     15590079160        12126970       7674       2000      10000          8
   0       14     1963     9649     15590079512     15590089161        12136967       7677       2000      10000          8
   0       14     1963     9646     15590089515     15590099161        12146970       7674       2000      10000          8
   0       14     1963     9645     15590099515     15590109160        12156970       7673       2000      10000          8
   0       14     1963     9646     15590109515     15590119160        12166970       7674       2000      10000          8
   0       14     1963     9646     15590119515     15590129160        12176970       7674       2000      10000          8
   0       14     1963     9644     15590129516     15590139160        12186971       7672       2000      10000          8
   0       14     1963     9645     15590139516     15590149161        12196971       7672       2000      10000          8
   0       14     1963     9644     15590149516     15590159161        12206971       7672       2000      10000          8
   0       14     1963     9645     15590159515     15590169161        12216970       7673       2000      10000          8
   0       14     1963     9644     15590169517     15590179161        12226972       7671       2000      10000          8
   0       14     1963     9629     15590179532     15590189160        12236987       7656       2000      10000          8
   0       14     1963     9645     15590189516     15590199161        12246971       7673       2000      10000          8
   0       14     1963     9648     15590199513     15590209161        12256968       7676       2000      10000          8
   0       14     1963     9644     15590209516     15590219160        12266971       7672       2000      10000          8
   0       14     1963     9644     15590219517     15590229160        12276972       7672       2000      10000          8
   0       14     1963     9646     15590229515     15590239161        12286970       7674       2000      10000          8
   0       14     1963     9644     15590239517     15590249161        12296972       7672       2000      10000          8
   0       14     1963     9640     15590249521     15590259161        12306976       7667       2000      10000          8
   0       14     1963     9645     15590259516     15590269161        12316971       7673       2000      10000          8
   0       14     1963     9643     15590269518     15590279161        12326973       7671       2000      10000          8
   0       14     1963     9645     15590279516     15590289161        12336971       7673       2000      10000          8
   0       14     1963     9645     15590289516     15590299161        12346971       7672       2000      10000          8
   0       14     1963     9644     15590299517     15590309160        12356972       7672       2000      10000          8
   0       14     1963     9643     15590309517     15590319161        12366972       7671       2000      10000          8
   0       14     1963     9645     15590319515     15590329160        12376970       7673       2000      10000          8
   0       14     1963     9645     15590329515     15590339161        12386970       7673       2000      10000          8
   0       14     1963     9644     15590339516     15590349160        12396971       7672       2000      10000          8
   0       14     1963     9644     15590349516     15590359161        12406971       7672       2000      10000          8
   0       14     1963     9637     15590359523     15590369160        12416978       7665       2000      10000          8
   0       14     1963     9639     15590369521     15590379160        12426976       7667       2000      10000          8
   0       14     1963     9646     15590379515     15590389161        12436970       7673       2000      10000          8
   0       14     1963     9645     15590389515     15590399161        12446970       7673       2000      10000          8
   0       14     1963     9645     15590399516     15590409161        12456971       7673       2000      10000          8
   0       14     1963     9646     15590409515     15590419160        12466970       7674       2000      10000          8
   0       14     1963     9645     15590419515     15590429161        12476970       7673       2000      10000          8
   0       14     1963     9645     15590429516     15590439161        12486971       7673       2000      10000          8
   0       14     1963     9646     15590439515     15590449161        12496970       7674       2000      10000          8
   0       14     1963     9643     15590449518     15590459161        12506973       7670       2000      10000          8
   0       14     1963     9646     15590459515     15590469160        12516970       7673       2000      10000          8
   0       14     1963     9644     15590469517     15590479161        12526972       7672       2000      10000          8
   0       14     1963     9645     15590479516     15590489160        12536971       7673       2000      10000          8
   0       14     1963     9643     15590489518     15590499161        12546973       7671       2000      10000          8
   0       14     1963     9643     15590499517     15590509160        12556972       7671       2000      10000          8
   0       14     1963     9628     15590509533     15590519160        12566988       7656       2000      10000          8
   0       14     1963     9646     15590519515     15590529161        12576970       7673       2000      10000          8
   0       14     1963     1964     15590552014     15590553978        12609469     -14826       2000      10000          0
   0       14     1963     9658     15590554329     15590563987        12611784       7685       2000      10000          8
   0       14     1963     9644     15590564343     15590573987        12621798       7672       2000      10000          8
   0       14     1963     9643     15590574343     15590583986        12631798       7671       2000      10000          8
   0       14     1963     9644     15590584342     15590593987        12641797       7672       2000      10000          8
   0       14     1963     9644     15590594343     15590603987        12651798       7672       2000      10000          8
   0       14     1963     9646     15590604341     15590613987        12661796       7674       2000      10000          8
   0       14     1963     9644     15590614343     15590623987        12671798       7672       2000      10000          8
   0       14     1963     9644     15590624343     15590633987        12681798       7672       2000      10000          8
   0       14     1963     9647     15590634340     15590643987        12691795       7675       2000      10000          8
   0       14     1963     9638     15590644348     15590653987        12701803       7666       2000      10000          8
   0       14     1963     9645     15590654342     15590663987        12711797       7673       2000      10000          8
   0       14     1963     9635     15590664352     15590673987        12721807       7663       2000      10000          8
   0       14     1963     9642     15590674344     15590683986        12731799       7670       2000      10000          8
   0       14     1963     9645     15590684341     15590693986        12741796       7673       2000      10000          8
   0       14     1963     9644     15590694343     15590703986        12751798       7672       2000      10000          8
   0       14     1963     9644     15590704342     15590713987        12761797       7672       2000      10000          8
   0       14     1963     9646     15590714340     15590723986        12771795       7674       2000      10000          8
   0       14     1963     9644     15590724342     15590733986        12781797       7672       2000      10000          8
   0       14     1963     9645     15590734342     15590743987        12791797       7672       2000      10000          8
   0       14     1963     9647     15590744340     15590753987        12801795       7674       2000      10000          8
   0       14     1963     9645     15590754341     15590763986        12811796       7673       2000      10000          8
   0       14     1963     9645     15590764341     15590773987        12821796       7673       2000      10000          8
   0       14     1963     9646     15590774341     15590783987        12831796       7674       2000      10000          8
   0       14     1963     9644     15590784343     15590793986        12841798       7672       2000      10000          8
   0       14     1963     9645     15590794342     15590803987        12851797       7673       2000      10000          8
   0       14     1963     9645     15590804342     15590813987        12861797       7672       2000      10000          8
   0       14     1963     9644     15590814343     15590823986        12871798       7672       2000      10000          8
   0       14     1963     9645     15590824342     15590833987        12881797       7673       2000      10000          8
   0       14     1963     9645     15590834341     15590843987        12891796       7673       2000      10000          8
   0       14     1963     9645     15590844341     15590853987        12901796       7673       2000      10000          8
   0       14     1963     9625     15590854362     15590863986        12911817       7653       2000      10000          8
   0       14     1963     9643     15590864344     15590873987        12921799       7671       2000      10000          8
   0       14     1963     9644     15590874343     15590883986        12931798       7671       2000      10000          8
   0       14     1963     9646     15590884341     15590893987        12941796       7674       2000      10000          8
   0       14     1963     9643     15590894343     15590903987        12951798       7671       2000      10000          8
   0       14     1963     9643     15590904344     15590913987        12961799       7671       2000      10000          8
   0       14     1963     9647     15590914340     15590923987        12971795       7674       2000      10000          8
   0       14     1963     9646     15590924341     15590933987        12981796       7673       2000      10000          8
   0       14     1963     9647     15590934341     15590943987        12991796       7674       2000      10000          9
   0       14     1963     9646     15590944341     15590953987        13001796       7673       2000      10000          9
   0       14     1963     9643     15590954345     15590963988        13011800       7669       2000      10000          9
   0       14     1963     9643     15590964345     15590973987        13021800       7670       2000      10000          9
   0       14     1963     9642     15590974345     15590983986        13031800       7670       2000      10000          8
   0       14     1963     9646     15590984340     15590993986        13041795       7674       2000      10000          8
   0       14     1963     9644     15590994342     15591003987        13051797       7672       2000      10000          8
   0       14     1963     9646     15591004340     15591013987        13061795       7674       2000      10000          8
   0       14     1963     9647     15591014340     15591023987        13071795       7675       2000      10000          8
   0       14     1963     9643     15591024343     15591033987        13081798       7671       2000      10000          8
   0       14     1963     9638     15591034348     15591043986        13091803       7666       2000      10000          8
   0       14     1963     9644     15591044343     15591053987        13101798       7672       2000      10000          8
   0       14     1963     9636     15591054350     15591063987        13111805       7664       2000      10000          8
   0       14     1963     9643     15591064343     15591073987        13121798       7671       2000      10000          8
   0       14     1963     9645     15591074341     15591083986        13131796       7673       2000      10000          8
   0       14     1963     9646     15591084340     15591093987        13141795       7674       2000      10000          8
   0       14     1963     9646     15591094341     15591103987        13151796       7673       2000      10000          8
   0       14     1963     9646     15591104341     15591113987        13161796       7674       2000      10000          8
   0       14     1963     9645     15591114341     15591123987        13171796       7673       2000      10000          8
   0       14     1963     9644     15591124343     15591133986        13181798       7672       2000      10000          8
   0       14     1963     9644     15591134343     15591143987        13191798       7671       2000      10000          8
   0       14     1963     9644     15591144342     15591153987        13201797       7672       2000      10000          8
   0       14     1963     9646     15591154341     15591163987        13211795       7674       2000      10000          8
   0       14     1963     9645     15591164342     15591173987        13221797       7673       2000      10000          8
   0       14     1963     9646     15591174340     15591183987        13231795       7674       2000      10000          8
   0       14     1963     9626     15591184360     15591193987        13241815       7654       2000      10000          8
   0       14     1963     9646     15591194341     15591203987        13251796       7674       2000      10000          8
   0       14     1963     9643     15591204344     15591213987        13261799       7671       2000      10000          8
   0       14     1963     9643     15591214344     15591223987        13271799       7671       2000      10000          8
   0       14     1963     9645     15591224342     15591233987        13281797       7673       2000      10000          8
   0       14     1963     9643     15591234343     15591243987        13291798       7671       2000      10000          8
   0       14     1963     9645     15591244342     15591253987        13301797       7673       2000      10000          8
   0       14     1963     9646     15591254341     15591263987        13311796       7673       2000      10000          8
   0       14     1963     9644     15591264342     15591273987        13321797       7672       2000      10000          8
   0       14     1963     9644     15591274343     15591283987        13331798       7671       2000      10000          8
   0       14     1963     9647     15591284340     15591293987        13341795       7674       2000      10000          8
   0       14     1963     9643     15591294343     15591303987        13351798       7671       2000      10000          8
   0       14     1963     9645     15591304342     15591313987        13361797       7672       2000      10000          8
   0       14     1963     9645     15591314341     15591323987        13371796       7673       2000      10000          8
   0       14     1963     9644     15591324343     15591333986        13381798       7672       2000      10000          8
   0       14     1963     9644     15591334342     15591343986        13391797       7672       2000      10000          8
   0       14     1963     9642     15591344345     15591353987        13401800       7670       2000      10000          8
   0       14     1963     9643     15591354343     15591363986        13411798       7671       2000      10000          8
   0       14     1963     9643     15591364344     15591373987        13421799       7671       2000      10000          8
   0       14     1963     9644     15591374342     15591383987        13431797       7672       2000      10000          8
   0       14     1963     9646     15591384342     15591393987        13441797       7673       2000      10000          9
   0       14     1963     9644     15591394342     15591403986        13451797       7672       2000      10000          8
   0       14     1963     9644     15591404343     15591413987        13461798       7671       2000      10000          8
   0       14     1963     9643     15591414343     15591423986        13471798       7671       2000      10000          8
   0       14     1963     9636     15591424351     15591433987        13481806       7663       2000      10000          8
   0       14     1963     9644     15591434342     15591443986        13491797       7672       2000      10000          8
   0       14     1963     9648     15591444339     15591453987        13501794       7676       2000      10000          8
   0       14     1963     9643     15591454344     15591463986        13511799       7671       2000      10000          8
   0       14     1963     9642     15591464344     15591473987        13521799       7670       2000      10000          8
   0       14     1963     9643     15591474344     15591483986        13531799       7671       2000      10000          8
   0       14     1963     9645     15591484341     15591493987        13541796       7673       2000      10000          8
   0       14     1963     9647     15591494339     15591503987        13551794       7675       2000      10000          8
   0       14     1963     9646     15591504341     15591513986        13561796       7674       2000      10000          8
   0       14     1963     9626     15591514360     15591523986        13571815       7654       2000      10000          8
   0       14     1963     9645     15591524341     15591533986        13581796       7673       2000      10000          8
   0       14     1963     9644     15591534342     15591543987        13591797       7672       2000      10000          8
   0       14     1963     9643     15591544344     15591553987        13601799       7670       2000      10000          8
   0       14     1963     9643     15591554344     15591563987        13611799       7671       2000      10000          8
   0       14     1963     9645     15591564342     15591573987        13621797       7673       2000      10000          8
   0       14     1963     9644     15591574342     15591583987        13631797       7672       2000      10000          8
   0       14     1963     9646     15591584340     15591593987        13641795       7674       2000      10000          8
   0       14     1963     9647     15591594340     15591603986        13651795       7675       2000      10000          8
   0       14     1963     9645     15591604341     15591613986        13661796       7673       2000      10000          8
   0       14     1963     9647     15591614339     15591623986        13671794       7675       2000      10000          8
   0       14     1963     9645     15591624341     15591633987        13681796       7673       2000      10000          8
   0       14     1963     9646     15591634341     15591643987        13691796       7674       2000      10000          8
   0       14     1963     9644     15591644342     15591653986        13701797       7672       2000      10000          8
   0       14     1963     9646     15591654341     15591663987        13711796       7673       2000      10000          8
   0       14     1963     9645     15591664342     15591673986        13721797       7673       2000      10000          8
   0       14     1963     9648     15591674339     15591683987        13731794       7675       2000      10000          8
   0       14     1963     9646     15591684340     15591693987        13741795       7674       2000      10000          8
   0       14     1963     9645     15591694342     15591703987        13751797       7673       2000      10000          8
   0       14     1963     9645     15591704342     15591713987        13761797       7672       2000      10000          8
   0       14     1963     9647     15591714340     15591723987        13771795       7675       2000      10000          8
   0       14     1963     9645     15591724341     15591733987        13781796       7673       2000      10000          8
   0       14     1963     9647     15591734340     15591743987        13791795       7675       2000      10000          8
   0       14     1963     9645     15591744342     15591753987        13801797       7673       2000      10000          8
   0       14     1963     9648     15591754339     15591763987        13811794       7675       2000      10000          8
   0       14     1963     9647     15591764340     15591773987        13821795       7674       2000      10000          8
   0       14     1963     9647     15591774340     15591783987        13831795       7675       2000      10000          8
   0       14     1963     9648     15591784339     15591793987        13841794       7676       2000      10000          8
   0       14     1963     9637     15591794350     15591803987        13851805       7665       2000      10000          8
   0       14     1963     9647     15591804340     15591813987        13861795       7674       2000      10000          8
   0       14     1963     9638     15591814349     15591823987        13871804       7665       2000      10000          8
   0       14     1963     9645     15591824342     15591833987        13881797       7672       2000      10000          8
   0       14     1963     9643     15591834343     15591843987        13891798       7671       2000      10000          8
   0       14     1963     9629     15591844358     15591853987        13901813       7656       2000      10000          8
   0       14     1963     9644     15591854342     15591863987        13911797       7672       2000      10000          8
   0       14     1963     9645     15591864341     15591873987        13921796       7673       2000      10000          8
   0       14     1963     9644     15591874342     15591883986        13931797       7672       2000      10000          8
   0       14     1963     9646     15591884341     15591893987        13941796       7673       2000      10000          8
   0       14     1963     9643     15591894343     15591903987        13951798       7671       2000      10000          8
   0       14     1963     9644     15591904342     15591913986        13961797       7672       2000      10000          8
   0       14     1963     9646     15591914341     15591923987        13971796       7674       2000      10000          8
   0       14     1963     9646     15591924341     15591933987        13981796       7673       2000      10000          8
   0       14     1963     9645     15591934342     15591943987        13991797       7672       2000      10000          8
   0       14     1963     9646     15591944341     15591953987        14001796       7673       2000      10000          8
   0       14     1963     9645     15591954342     15591963987        14011797       7673       2000      10000          8
   0       14     1963     9645     15591964342     15591973987        14021797       7673       2000      10000          8
   0       14     1963     9643     15591974344     15591983987        14031799       7671       2000      10000          8
   0       14     1963     9648     15591984339     15591993987        14041794       7675       2000      10000          9
   0       14     1963     9645     15591994341     15592003987        14051796       7673       2000      10000          8
   0       14     1963     9645     15592004342     15592013987        14061797       7673       2000      10000          8
   0       14     1963     9645     15592014342     15592023987        14071797       7672       2000      10000          8
   0       14     1963     9645     15592024342     15592033987        14081797       7672       2000      10000          8
   0       14     1963     9646     15592034341     15592043986        14091796       7674       2000      10000          8
   0       14     1963     9644     15592044343     15592053986        14101798       7672       2000      10000          8
   0       14     1963     9643     15592054344     15592063986        14111799       7671       2000      10000          8
   0       14     1963     9644     15592064342     15592073987        14121797       7672       2000      10000          8
   0       14     1963     9646     15592074341     15592083987        14131796       7673       2000      10000          8
   0       14     1963     9643     15592084344     15592093987        14141799       7671       2000      10000          8
   0       14     1963     9644     15592094343     15592103987        14151798       7672       2000      10000          8
   0       14     1963     9643     15592104343     15592113987        14161798       7671       2000      10000          8
   0       14     1963     9646     15592114341     15592123987        14171796       7674       2000      10000          8
   0       14     1963     9643     15592124344     15592133987        14181799       7670       2000      10000          8
   0       14     1963     9647     15592134340     15592143987        14191795       7675       2000      10000          8
   0       14     1963     9645     15592144341     15592153987        14201796       7673       2000      10000          8
   0       14     1963     9644     15592154342     15592163986        14211797       7672       2000      10000          8
   0       14     1963     9646     15592164341     15592173986        14221796       7674       2000      10000          8
   0       14     1963     9628     15592174358     15592183986        14231813       7656       2000      10000          8
   0       14     1963     9636     15592184351     15592193987        14241806       7664       2000      10000          8
   0       14     1963     9642     15592194345     15592203987        14251800       7669       2000      10000          8
   0       14     1963     9636     15592204350     15592213987        14261805       7664       2000      10000          8
   0       14     1963     9645     15592214342     15592223987        14271797       7672       2000      10000          8
   0       14     1963     9646     15592224341     15592233987        14281796       7674       2000      10000          8
   0       14     1963     9646     15592234340     15592243987        14291795       7674       2000      10000          8
   0       14     1963     9643     15592244343     15592253987        14301798       7671       2000      10000          8
   0       14     1963     9644     15592254343     15592263987        14311798       7671       2000      10000          8
   0       14     1963     9643     15592264343     15592273987        14321798       7671       2000      10000          8
   0       14     1963     9641     15592274346     15592283987        14331801       7669       2000      10000          8
   0       14     1963     9641     15592284345     15592293987        14341800       7669       2000      10000          8
   0       14     1963     9643     15592294344     15592303987        14351799       7670       2000      10000          8
   0       14     1963     9643     15592304343     15592313987        14361798       7671       2000      10000          8
   0       14     1963     9644     15592314343     15592323987        14371798       7672       2000      10000          8
   0       14     1963     9643     15592324344     15592333987        14381799       7671       2000      10000          8
   0       14     1963     9645     15592334342     15592343987        14391797       7672       2000      10000          8
   0       14     1963     9645     15592344342     15592353987        14401797       7673       2000      10000          8
   0       14     1963     9644     15592354343     15592363986        14411798       7672       2000      10000          8
   0       14     1963     9647     15592364340     15592373987        14421795       7675       2000      10000          8
   0       14     1963     9646     15592374341     15592383987        14431796       7673       2000      10000          8
   0       14     1963     9644     15592384344     15592393987        14441799       7671       2000      10000          9
   0       14     1963     9645     15592394342     15592403987        14451797       7673       2000      10000          8
   0       14     1963     9645     15592404342     15592413987        14461797       7673       2000      10000          8
   0       14     1963     9643     15592414343     15592423987        14471798       7671       2000      10000          8
   0       14     1963     9643     15592424344     15592433987        14481799       7671       2000      10000          8
   0       14     1963     9642     15592434345     15592443987        14491800       7670       2000      10000          8
   0       14     1963     9644     15592444343     15592453987        14501798       7672       2000      10000          8
   0       14     1963     9643     15592454344     15592463986        14511798       7671       2000      10000          8
   0       14     1963     9646     15592464341     15592473986        14521796       7674       2000      10000          8
   0       14     1963     9645     15592474342     15592483987        14531797       7673       2000      10000          8
   0       14     1963     9647     15592484342     15592493988        14541797       7673       2000      10000          9
   0       14     1963     9644     15592494344     15592503987        14551799       7671       2000      10000          9
   0       14     1963     9628     15592504359     15592513986        14561814       7656       2000      10000          8
   0       14     1963     9645     15592514341     15592523986        14571796       7673       2000      10000          8
   0       14     1963     9641     15592524345     15592533987        14581800       7669       2000      10000          8
   0       14     1963     9642     15592534345     15592543987        14591800       7669       2000      10000          8
   0       14     1963     9647     15592544340     15592553987        14601795       7674       2000      10000          8
   0       14     1963     9645     15592554341     15592563987        14611796       7673       2000      10000          8
   0       14     1963     9648     15592564339     15592573987        14621794       7675       2000      10000          8
   0       14     1963     9637     15592574350     15592583987        14631805       7665       2000      10000          8
   0       14     1963     9644     15592584344     15592593987        14641799       7671       2000      10000          9
   0       14     1963     9637     15592594350     15592603986        14651805       7665       2000      10000          8
   0       14     1963     9644     15592604342     15592613986        14661797       7672       2000      10000          8
   0       14     1963     9646     15592614340     15592623987        14671795       7674       2000      10000          8
   0       14     1963     9645     15592624342     15592633987        14681797       7672       2000      10000          8
   0       14     1963     9645     15592634341     15592643987        14691796       7673       2000      10000          8
   0       14     1963     9644     15592644342     15592653987        14701797       7672       2000      10000          8
   0       14     1963     9643     15592654343     15592663986        14711798       7671       2000      10000          8
   0       14     1963     9645     15592664342     15592673987        14721797       7673       2000      10000          8
   0       14     1963     9645     15592674342     15592683987        14731797       7672       2000      10000          8
   0       14     1963     9647     15592684340     15592693987        14741795       7674       2000      10000          9
   0       14     1963     9649     15592694338     15592703987        14751793       7676       2000      10000          8
   0       14     1963     9645     15592704342     15592713987        14761797       7673       2000      10000          8
   0       14     1963     9647     15592714340     15592723987        14771795       7674       2000      10000          8
   0       14     1963     9646     15592724340     15592733987        14781795       7674       2000      10000          8
   0       14     1963     9645     15592734342     15592743986        14791797       7673       2000      10000          8
   0       14     1963     9645     15592744341     15592753987        14801796       7673       2000      10000          8
   0       14     1963     9646     15592754340     15592763986        14811795       7675       2000      10000          8
   0       14     1963     9646     15592764341     15592773987        14821796       7674       2000      10000          8
   0       14     1963     9644     15592774342     15592783986        14831797       7672       2000      10000          8
   0       14     1963     9649     15592784338     15592793987        14841793       7676       2000      10000          8
   0       14     1963     9647     15592794340     15592803986        14851795       7675       2000      10000          8
   0       14     1963     9647     15592804340     15592813987        14861795       7674       2000      10000          8
   0       14     1963     9645     15592814341     15592823986        14871796       7673       2000      10000          8
   0       14     1963     9647     15592824339     15592833987        14881794       7675       2000      10000          8
   0       14     1963     9630     15592834357     15592843987        14891811       7658       2000      10000          8
   0       14     1963     9644     15592844342     15592853987        14901797       7672       2000      10000          8
   0       14     1963     9645     15592854342     15592863987        14911797       7673       2000      10000          8
   0       14     1963     9643     15592864343     15592873987        14921798       7671       2000      10000          8
   0       14     1963     9644     15592874342     15592883986        14931797       7672       2000      10000          8
   0       14     1963     9647     15592884340     15592893987        14941795       7675       2000      10000          8
   0       14     1963     9642     15592894345     15592903987        14951800       7670       2000      10000          8
   0       14     1963     9644     15592904343     15592913987        14961798       7671       2000      10000          8
   0       14     1963     9643     15592914343     15592923986        14971798       7671       2000      10000          8
   0       14     1963     9647     15592924340     15592933987        14981795       7675       2000      10000          8
   0       14     1963     9646     15592934342     15592943987        14991796       7673       2000      10000          9
   0       14     1963     9644     15592944343     15592953987        15001798       7671       2000      10000          8
   0       14     1963     9646     15592954341     15592963987        15011796       7673       2000      10000          8
   0       14     1963     9634     15592964353     15592973987        15021808       7661       2000      10000          9
   0       14     1963     9642     15592974345     15592983987        15031800       7670       2000      10000          8
   0       14     1963     9635     15592984352     15592993987        15041807       7663       2000      10000          8
   0       14     1963     9648     15592994343     15593003991        15051798       7671       2000      10000         13
   0       14     1963     9640     15593004347     15593013987        15061802       7667       2000      10000          9
   0       14     1963     9643     15593014344     15593023987        15071799       7671       2000      10000          8
   0       14     1963     9644     15593024343     15593033987        15081798       7671       2000      10000          8
   0       14     1963     9644     15593034343     15593043987        15091798       7672       2000      10000          8
   0       14     1963     9644     15593044343     15593053987        15101798       7672       2000      10000          8
   0       14     1963     9644     15593054342     15593063986        15111797       7672       2000      10000          8
   0       14     1963     9644     15593064343     15593073987        15121798       7672       2000      10000          9
   0       14     1963     9645     15593074341     15593083987        15131796       7673       2000      10000          8
   0       14     1963     9646     15593084340     15593093987        15141795       7674       2000      10000          8
   0       14     1963     9645     15593094342     15593103987        15151797       7673       2000      10000          8
   0       14     1963     9644     15593104343     15593113987        15161798       7672       2000      10000          8
   0       14     1963     9648     15593114339     15593123987        15171794       7675       2000      10000          8
   0       14     1963     9645     15593124342     15593133987        15181797       7673       2000      10000          8
   0       14     1963     9642     15593134344     15593143987        15191799       7670       2000      10000          8
   0       14     1963     9644     15593144342     15593153987        15201797       7672       2000      10000          8
   0       14     1963     9644     15593154343     15593163987        15211798       7672       2000      10000          8
   0       14     1963     9626     15593164361     15593173987        15221816       7654       2000      10000          8
   0       14     1963     9644     15593174343     15593183987        15231798       7672       2000      10000          8
   0       14     1963     9644     15593184342     15593193987        15241797       7672       2000      10000          8
   0       14     1963     9646     15593194341     15593203987        15251796       7674       2000      10000          8
   0       14     1963     9647     15593204340     15593213987        15261795       7675       2000      10000          8
   0       14     1963     9648     15593214338     15593223987        15271793       7676       2000      10000          8
   0       14     1963     9645     15593224341     15593233987        15281796       7673       2000      10000          8
   0       14     1963     9648     15593234339     15593243987        15291794       7676       2000      10000          8
   0       14     1963     9644     15593244342     15593253986        15301797       7672       2000      10000          8
   0       14     1963     9644     15593254342     15593263987        15311797       7672       2000      10000          8
   0       14     1963     9643     15593264344     15593273987        15321799       7671       2000      10000          8
   0       14     1963     9645     15593274342     15593283987        15331797       7673       2000      10000          8
   0       14     1963     9644     15593284343     15593293987        15341798       7672       2000      10000          8
   0       14     1963     9645     15593294342     15593303987        15351797       7672       2000      10000          9
   0       14     1963     9643     15593304343     15593313987        15361798       7671       2000      10000          8
   0       14     1963     9645     15593314342     15593323987        15371797       7672       2000      10000          8
   0       14     1963     9644     15593324343     15593333987        15381798       7672       2000      10000          8
   0       14     1963     9645     15593334342     15593343987        15391797       7673       2000      10000          8
   0       14     1963     9644     15593344342     15593353987        15401797       7672       2000      10000          8
   0       14     1963     9633     15593354354     15593363987        15411809       7661       2000      10000          8
   0       14     1963     9643     15593364344     15593373987        15421799       7671       2000      10000          8
   0       14     1963     9634     15593374352     15593383987        15431807       7662       2000      10000          8
   0       14     1963     9642     15593384345     15593393987        15441800       7670       2000      10000          8
   0       14     1963     9641     15593394345     15593403987        15451800       7669       2000      10000          8
   0       14     1963     9645     15593404342     15593413986        15461797       7673       2000      10000          8
   0       14     1963     9646     15593414341     15593423986        15471796       7674       2000      10000          8
   0       14     1963     9646     15593424341     15593433987        15481796       7674       2000      10000          8
   0       14     1963     9643     15593434344     15593443986        15491799       7671       2000      10000          8
   0       14     1963     9647     15593444340     15593453987        15501795       7674       2000      10000          8
   0       14     1963     9647     15593454340     15593463987        15511795       7675       2000      10000          8
   0       14     1963     9647     15593464339     15593473986        15521794       7676       2000      10000          8
   0       14     1963     9645     15593474342     15593483987        15531797       7673       2000      10000          8
   0       14     1963     9646     15593484340     15593493987        15541795       7674       2000      10000          8
   0       14     1963     9627     15593494360     15593503987        15551815       7654       2000      10000          8
   0       14     1963     9644     15593504343     15593513987        15561798       7672       2000      10000          8
   0       14     1963     9644     15593514343     15593523986        15571798       7672       2000      10000          8
   0       14     1963     9645     15593524342     15593533987        15581797       7673       2000      10000          8
   0       14     1963     9644     15593534343     15593543987        15591798       7672       2000      10000          8
   0       14     1963     9646     15593544340     15593553987        15601795       7674       2000      10000          8
   0       14     1963     9644     15593554342     15593563987        15611797       7672       2000      10000          8
   0       14     1963     9644     15593564342     15593573987        15621797       7672       2000      10000          8
   0       14     1963     9642     15593574344     15593583987        15631799       7670       2000      10000          8
   0       14     1963     9645     15593584342     15593593987        15641797       7673       2000      10000          8
   0       14     1963     9641     15593594346     15593603986        15651801       7669       2000      10000          8
   0       14     1963     9642     15593604344     15593613987        15661799       7670       2000      10000          8
   0       14     1963     9643     15593614344     15593623987        15671799       7671       2000      10000          8
   0       14     1963     9646     15593624341     15593633987        15681796       7674       2000      10000          8
   0       14     1963     9644     15593634342     15593643987        15691797       7672       2000      10000          8
   0       14     1963     9643     15593644344     15593653987        15701799       7671       2000      10000          8
   0       14     1963     9645     15593654342     15593663987        15711797       7672       2000      10000          8
   0       14     1963     9644     15593664343     15593673987        15721798       7672       2000      10000          8
   0       14     1963     9646     15593674341     15593683987        15731796       7674       2000      10000          8
   0       14     1963     9646     15593684341     15593693987        15741796       7674       2000      10000          8
   0       14     1963     9642     15593694344     15593703986        15751799       7670       2000      10000          8
   0       14     1963     9644     15593704343     15593713987        15761798       7672       2000      10000          8
   0       14     1963     9644     15593714343     15593723987        15771798       7672       2000      10000          8
   0       14     1963     9646     15593724340     15593733986        15781795       7674       2000      10000          8
   0       14     1963     9645     15593734341     15593743987        15791796       7673       2000      10000          8
   0       14     1963     9636     15593744350     15593753987        15801805       7664       2000      10000          8
   0       14     1963     9643     15593754343     15593763987        15811798       7671       2000      10000          8
   0       14     1963     9645     15593764342     15593773986        15821797       7673       2000      10000          8
   0       14     1963     9645     15593774342     15593783987        15831797       7672       2000      10000          8
   0       14     1963     9641     15593784345     15593793987        15841800       7669       2000      10000          8
   0       14     1963     9643     15593794343     15593803986        15851798       7671       2000      10000          8
   0       14     1963     9644     15593804342     15593813986        15861797       7672       2000      10000          8
   0       14     1963     9647     15593814340     15593823986        15871795       7675       2000      10000          8
   0       14     1963     9627     15593824359     15593833987        15881814       7655       2000      10000          8
   0       14     1963     9644     15593834343     15593843987        15891798       7672       2000      10000          8
   0       14     1963     9646     15593844341     15593853987        15901796       7674       2000      10000          8
   0       14     1963     9643     15593854343     15593863986        15911798       7671       2000      10000          8
   0       14     1963     9644     15593864343     15593873986        15921798       7672       2000      10000          8
   0       14     1963     9644     15593874342     15593883987        15931797       7672       2000      10000          8
   0       14     1963     9643     15593884344     15593893987        15941799       7670       2000      10000          9
   0       14     1963     9644     15593894343     15593903987        15951798       7671       2000      10000          8
   0       14     1963     9645     15593904342     15593913987        15961797       7673       2000      10000          8
   0       14     1963     9644     15593914342     15593923987        15971797       7672       2000      10000          8
   0       14     1963     9645     15593924342     15593933987        15981797       7672       2000      10000          8
   0       14     1963     9648     15593934340     15593943987        15991794       7675       2000      10000          9
   0       14     1963     9643     15593944344     15593953987        16001799       7670       2000      10000          8
   0       14     1963     9643     15593954344     15593963987        16011799       7671       2000      10000          8
   0       14     1963     9647     15593964340     15593973987        16021795       7674       2000      10000          8
   0       14     1963     9644     15593974343     15593983987        16031798       7672       2000      10000          8
   0       14     1963     9644     15593984343     15593993987        16041798       7672       2000      10000          9
   0       14     1963     9644     15593994342     15594003987        16051797       7672       2000      10000          8
   0       14     1963     9645     15594004342     15594013987        16061797       7673       2000      10000          8
   0       14     1963     9644     15594014342     15594023987        16071797       7672       2000      10000          8
   0       14     1963     9646     15594024341     15594033987        16081796       7674       2000      10000          8
   0       14     1963     9646     15594034341     15594043987        16091796       7674       2000      10000          8
   0       14     1963     9648     15594044339     15594053986        16101794       7676       2000      10000          8
   0       14     1963     9645     15594054342     15594063987        16111797       7672       2000      10000          8
   0       14     1963     9645     15594064342     15594073987        16121797       7672       2000      10000          8
   0       14     1963     9645     15594074341     15594083987        16131796       7673       2000      10000          8
   0       14     1963     9646     15594084340     15594093987        16141795       7674       2000      10000          8
   0       14     1963     9644     15594094343     15594103987        16151798       7671       2000      10000          8
   0       14     1963     9646     15594104341     15594113986        16161796       7674       2000      10000          8
   0       14     1963     9627     15594114359     15594123987        16171814       7655       2000      10000          8
   0       14     1963     9647     15594124340     15594133987        16181795       7674       2000      10000          8
   0       14     1963     9636     15594134351     15594143987        16191806       7664       2000      10000          8
   0       14     1963     9645     15594144342     15594153987        16201797       7672       2000      10000          8
   0       14     1963     9627     15594154360     15594163987        16211815       7654       2000      10000          8
   0       14     1963     9645     15594164342     15594173987        16221797       7673       2000      10000          8
   0       14     1963     9645     15594174342     15594183986        16231797       7673       2000      10000          8
   0       14     1963     9646     15594184341     15594193987        16241796       7673       2000      10000          8
   0       14     1963     9646     15594194340     15594203986        16251795       7675       2000      10000          8
   0       14     1963     9647     15594204340     15594213987        16261795       7675       2000      10000          8
   0       14     1963     9642     15594214345     15594223987        16271800       7670       2000      10000          8
   0       14     1963     9646     15594224340     15594233987        16281795       7674       2000      10000          8
   0       14     1963     9645     15594234342     15594243987        16291797       7673       2000      10000          8
   0       14     1963     9644     15594244343     15594253987        16301797       7672       2000      10000          8
   0       14     1963     9645     15594254342     15594263986        16311797       7673       2000      10000          8
   0       14     1963     9645     15594264341     15594273987        16321796       7673       2000      10000          8
   0       14     1963     9646     15594274340     15594283987        16331795       7674       2000      10000          8
   0       14     1963     9647     15594284340     15594293987        16341795       7674       2000      10000          8
   0       14     1963     9648     15594294339     15594303987        16351794       7675       2000      10000          8
   0       14     1963     9647     15594304340     15594313987        16361795       7675       2000      10000          8
   0       14     1963     9646     15594314340     15594323986        16371795       7674       2000      10000          8
   0       14     1963     9646     15594324341     15594333987        16381796       7674       2000      10000          8
   0       14     1963     9642     15594334345     15594343987        16391800       7670       2000      10000          8
   0       14     1963     9645     15594344341     15594353987        16401796       7673       2000      10000          8
   0       14     1963     9642     15594354345     15594363987        16411800       7669       2000      10000          9
   0       14     1963     9644     15594364343     15594373987        16421798       7672       2000      10000          8
   0       14     1963     9643     15594374343     15594383987        16431798       7671       2000      10000          8
   0       14     1963     9647     15594384340     15594393987        16441795       7674       2000      10000          8
   0       14     1963     9644     15594394343     15594403987        16451798       7672       2000      10000          8
   0       14     1963     9644     15594404342     15594413987        16461797       7672       2000      10000          8
   0       14     1963     9645     15594414342     15594423987        16471797       7673       2000      10000          8
   0       14     1963     9644     15594424343     15594433987        16481798       7671       2000      10000          8
   0       14     1963     9646     15594434341     15594443987        16491796       7673       2000      10000          8
   0       14     1963     9646     15594444341     15594453987        16501796       7673       2000      10000          8
   0       14     1963     9647     15594454340     15594463987        16511795       7674       2000      10000          8
   0       14     1963     9644     15594464343     15594473986        16521798       7672       2000      10000          8
   0       14     1963     9647     15594474340     15594483987        16531795       7674       2000      10000          8
   0       14     1963     9628     15594484358     15594493987        16541813       7656       2000      10000          8
   0       14     1963     9645     15594494342     15594503987        16551797       7673       2000      10000          8
   0       14     1963     9635     15594504351     15594513987        16561806       7663       2000      10000          8
   0       14     1963     9646     15594514341     15594523987        16571796       7673       2000      10000          8
   0       14     1963     9633     15594524354     15594533987        16581809       7661       2000      10000          8
   0       14     1963     9643     15594534343     15594543986        16591798       7671       2000      10000          8
   0       14     1963     9645     15594544342     15594553987        16601797       7673       2000      10000          8
   0       14     1963     9645     15594554342     15594563987        16611797       7672       2000      10000          8
   0       14     1963     9643     15594564343     15594573987        16621798       7671       2000      10000          8
   0       14     1963     9645     15594574341     15594583987        16631796       7673       2000      10000          8
   0       14     1963     9645     15594584342     15594593987        16641797       7672       2000      10000          8
   0       14     1963     9646     15594594341     15594603987        16651796       7673       2000      10000          8
   0       14     1963     9646     15594604341     15594613987        16661796       7674       2000      10000          8
   0       14     1963     9641     15594614346     15594623987        16671801       7669       2000      10000          8
   0       14     1963     9643     15594624344     15594633986        16681799       7671       2000      10000          8
   0       14     1963     9644     15594634343     15594643987        16691798       7671       2000      10000          8
   0       14     1963     9643     15594644343     15594653987        16701798       7671       2000      10000          8
   0       14     1963     9643     15594654344     15594663986        16711799       7671       2000      10000          8
   0       14     1963     9645     15594664341     15594673986        16721796       7673       2000      10000          8
   0       14     1963     9645     15594674341     15594683987        16731796       7673       2000      10000          8
   0       14     1963     9644     15594684342     15594693987        16741797       7672       2000      10000          8
   0       14     1963     9643     15594694344     15594703986        16751799       7671       2000      10000          8
   0       14     1963     9646     15594704341     15594713986        16761796       7674       2000      10000          8
   0       14     1963     9646     15594714340     15594723987        16771795       7674       2000      10000          8
   0       14     1963     9644     15594724343     15594733987        16781798       7671       2000      10000          8
   0       14     1963     9646     15594734340     15594743986        16791795       7674       2000      10000          8
   0       14     1963     9647     15594744340     15594753987        16801795       7675       2000      10000          8
   0       14     1963     9646     15594754340     15594763986        16811795       7675       2000      10000          8
   0       14     1963     9645     15594764341     15594773987        16821796       7673       2000      10000          8
   0       14     1963     9646     15594774340     15594783986        16831795       7675       2000      10000          8
   0       14     1963     9646     15594784340     15594793987        16841795       7674       2000      10000          8
   0       14     1963     9646     15594794342     15594803987        16851797       7673       2000      10000          9
   0       14     1963     9646     15594804340     15594813987        16861795       7674       2000      10000          8
   0       14     1963     9628     15594814359     15594823987        16871814       7655       2000      10000          8
   0       14     1963     9643     15594824343     15594833986        16881798       7671       2000      10000          8
   0       14     1963     9644     15594834342     15594843987        16891797       7672       2000      10000          8
   0       14     1963     9645     15594844342     15594853987        16901797       7673       2000      10000          8
   0       14     1963     9643     15594854343     15594863987        16911798       7671       2000      10000          8
   0       14     1963     9646     15594864341     15594873987        16921796       7674       2000      10000          8
   0       14     1963     9646     15594874340     15594883986        16931795       7674       2000      10000          8
   0       14     1963     9643     15594884344     15594893987        16941799       7671       2000      10000          8
   0       14     1963     9635     15594894351     15594903987        16951806       7663       2000      10000          8
   0       14     1963     9643     15594904344     15594913987        16961799       7671       2000      10000          8
   0       14     1963     9635     15594914351     15594923987        16971806       7663       2000      10000          8
   0       14     1963     9646     15594924341     15594933987        16981796       7674       2000      10000          8
   0       14     1963     9645     15594934342     15594943987        16991797       7673       2000      10000          9
   0       14     1963     9643     15594944344     15594953987        17001799       7671       2000      10000          8
   0       14     1963     9647     15594954340     15594963987        17011795       7674       2000      10000          8
   0       14     1963     9643     15594964344     15594973986        17021799       7671       2000      10000          8
   0       14     1963     9648     15594974339     15594983987        17031794       7675       2000      10000          8
   0       14     1963     9646     15594984341     15594993987        17041796       7674       2000      10000          8
   0       14     1963     9645     15594994341     15595003987        17051796       7673       2000      10000          8
   0       14     1963     9644     15595004343     15595013987        17061798       7672       2000      10000          8
   0       14     1963     9643     15595014344     15595023987        17071799       7671       2000      10000          8
   0       14     1963     9646     15595024340     15595033986        17081795       7674       2000      10000          8
   0       14     1963     9644     15595034342     15595043986        17091797       7672       2000      10000          8
   0       14     1963     9645     15595044341     15595053986        17101796       7673       2000      10000          8
   0       14     1963     9644     15595054343     15595063987        17111798       7671       2000      10000          8
   0       14     1963     9645     15595064342     15595073987        17121796       7673       2000      10000          8
   0       14     1963     9646     15595074341     15595083987        17131796       7673       2000      10000          8
   0       14     1963     9645     15595084342     15595093987        17141797       7672       2000      10000          8
   0       14     1963     9645     15595094342     15595103987        17151797       7673       2000      10000          8
   0       14     1963     9644     15595104343     15595113987        17161797       7672       2000      10000          8
   0       14     1963     9645     15595114341     15595123987        17171796       7673       2000      10000          8
   0       14     1963     9646     15595124340     15595133986        17181795       7674       2000      10000          8
   0       14     1963     9645     15595134342     15595143987        17191797       7672       2000      10000          8
   0       14     1963     9628     15595144359     15595153987        17201814       7655       2000      10000          8
   0       14     1963     9645     15595154342     15595163987        17211797       7672       2000      10000          8
   0       14     1963     9644     15595164342     15595173987        17221797       7672       2000      10000          8
   0       14     1963     9642     15595174345     15595183987        17231800       7670       2000      10000          8
   0       14     1963     9643     15595184343     15595193987        17241798       7671       2000      10000          8
   0       14     1963     9646     15595194341     15595203987        17251796       7674       2000      10000          8
   0       14     1963     9644     15595204342     15595213987        17261797       7672       2000      10000          8
   0       14     1963     9641     15595214345     15595223987        17271800       7669       2000      10000          8
   0       14     1963     9647     15595224340     15595233987        17281795       7675       2000      10000          8
   0       14     1963     9646     15595234341     15595243987        17291796       7673       2000      10000          8
   0       14     1963     9646     15595244341     15595253986        17301796       7674       2000      10000          8
   0       14     1963     9645     15595254342     15595263986        17311797       7673       2000      10000          8
   0       14     1963     9643     15595264344     15595273987        17321799       7671       2000      10000          8
   0       14     1963     9646     15595274341     15595283987        17331796       7674       2000      10000          8
   0       14     1963     9634     15595284353     15595293987        17341808       7661       2000      10000          8
   0       14     1963     9642     15595294344     15595303987        17351799       7670       2000      10000          8
   0       14     1963     9635     15595304351     15595313986        17361806       7663       2000      10000          8
   0       14     1963     9641     15595314345     15595323986        17371800       7669       2000      10000          8
   0       14     1963     9647     15595324340     15595333987        17381795       7674       2000      10000          8
   0       14     1963     9644     15595334342     15595343987        17391797       7672       2000      10000          8
   0       14     1963     9645     15595344342     15595353987        17401797       7673       2000      10000          8
   0       14     1963     9645     15595354342     15595363986        17411796       7673       2000      10000          8
   0       14     1963     9644     15595364343     15595373987        17421798       7671       2000      10000          8
   0       14     1963     9647     15595374339     15595383987        17431794       7675       2000      10000          8
   0       14     1963     9647     15595384340     15595393987        17441795       7674       2000      10000          8
   0       14     1963     9646     15595394341     15595403986        17451796       7674       2000      10000          8
   0       14     1963     9645     15595404342     15595413987        17461797       7673       2000      10000          8
   0       14     1963     9644     15595414343     15595423987        17471798       7672       2000      10000          8
   0       14     1963     9646     15595424341     15595433987        17481796       7674       2000      10000          8
   0       14     1963     9645     15595434341     15595443986        17491796       7673       2000      10000          8
   0       14     1963     9643     15595444344     15595453987        17501799       7671       2000      10000          8
   0       14     1963     9645     15595454341     15595463987        17511796       7673       2000      10000          8
   0       14     1963     9645     15595464341     15595473987        17521796       7673       2000      10000          8
   0       14     1963     9627     15595474359     15595483987        17531814       7655       2000      10000          8
   0       14     1963     9646     15595484340     15595493987        17541795       7674       2000      10000          8
   0       14     1963     9645     15595494342     15595503986        17551797       7673       2000      10000          8
   0       14     1963     9646     15595504341     15595513987        17561796       7674       2000      10000          8
   0       14     1963     9643     15595514344     15595523987        17571799       7671       2000      10000          8
   0       14     1963     9435     15595524551     15595533986        17582006       7463       2000      10000          8
   0       14     1963     9644     15595534343     15595543987        17591798       7672       2000      10000          8
   0       14     1963     9646     15595544340     15595553987        17601795       7674       2000      10000          8
   0       14     1963     9643     15595554343     15595563987        17611798       7671       2000      10000          8
   0       14     1963     9646     15595564340     15595573987        17621795       7674       2000      10000          8
   0       14     1963     9645     15595574342     15595583987        17631797       7672       2000      10000          8
   0       14     1963     9646     15595584341     15595593987        17641796       7674       2000      10000          8
   0       14     1963     9642     15595594345     15595603987        17651800       7669       2000      10000          8
   0       14     1963     9645     15595604342     15595613987        17661797       7672       2000      10000          9
   0       14     1963     9645     15595614341     15595623987        17671796       7673       2000      10000          8
   0       14     1963     9647     15595624340     15595633987        17681795       7674       2000      10000          8
   0       14     1963     9646     15595634341     15595643987        17691796       7673       2000      10000          8
   0       14     1963     9643     15595644344     15595653987        17701799       7670       2000      10000          8
   0       14     1963     9642     15595654344     15595663987        17711799       7670       2000      10000          8
   0       14     1963     9642     15595664345     15595673987        17721800       7670       2000      10000          8
   0       14     1963     9646     15595674340     15595683987        17731795       7674       2000      10000          8
   0       14     1963     9645     15595684342     15595693987        17741797       7672       2000      10000          8
   0       14     1963     9636     15595694351     15595703987        17751806       7663       2000      10000          8
   0       14     1963     9642     15595704345     15595713987        17761800       7670       2000      10000          9
   0       14     1963     9635     15595714352     15595723987        17771807       7662       2000      10000          8
   0       14     1963     9638     15595724349     15595733987        17781804       7666       2000      10000          8
   0       14     1963     9644     15595734343     15595743987        17791798       7671       2000      10000          8
   0       14     1963     9644     15595744343     15595753987        17801798       7672       2000      10000          8
   0       14     1963     9648     15595754339     15595763987        17811794       7675       2000      10000          8
   0       14     1963     9643     15595764344     15595773987        17821799       7671       2000      10000          8
   0       14     1963     9643     15595774343     15595783987        17831798       7671       2000      10000          8
   0       14     1963     9643     15595784344     15595793987        17841799       7671       2000      10000          8
   0       14     1963     9645     15595794342     15595803988        17851797       7672       2000      10000          9
   0       14     1963     9622     15595804365     15595813987        17861820       7649       2000      10000          8
   0       14     1963     9645     15595814342     15595823987        17871797       7673       2000      10000          8
   0       14     1963     9643     15595824344     15595833987        17881799       7671       2000      10000          8
   0       14     1963     9647     15595834340     15595843987        17891795       7674       2000      10000          8
   0       14     1963     9643     15595844344     15595853987        17901799       7671       2000      10000          8
   0       14     1963     9644     15595854342     15595863987        17911797       7672       2000      10000          8
   0       14     1963     9644     15595864343     15595873987        17921798       7671       2000      10000          8
   0       14     1963     9644     15595874343     15595883987        17931798       7671       2000      10000          8
   0       14     1963     9642     15595884345     15595893987        17941799       7670       2000      10000          8
   0       14     1963     9645     15595894342     15595903987        17951797       7673       2000      10000          8
   0       14     1963     9642     15595904344     15595913987        17961799       7670       2000      10000          8
   0       14     1963     9643     15595914344     15595923987        17971799       7671       2000      10000          8
   0       14     1963     9644     15595924343     15595933986        17981798       7672       2000      10000          8
   0       14     1963     9648     15595934339     15595943987        17991794       7675       2000      10000          9
   0       14     1963     9643     15595944345     15595953988        18001800       7669       2000      10000          9
   0       14     1963     9642     15595954345     15595963987        18011800       7669       2000      10000          8
   0       14     1963     9643     15595964344     15595973987        18021799       7671       2000      10000          8
   0       14     1963     9648     15595974339     15595983987        18031794       7676       2000      10000          8
   0       14     1963     9646     15595984341     15595993987        18041796       7674       2000      10000          8
   0       14     1963     9644     15595994343     15596003987        18051798       7671       2000      10000          8
   0       14     1963     9646     15596004341     15596013987        18061796       7673       2000      10000          9
   0       14     1963     9642     15596014345     15596023987        18071800       7670       2000      10000          8
   0       14     1963     9644     15596024342     15596033986        18081797       7672       2000      10000          8
   0       14     1963     9644     15596034343     15596043987        18091798       7671       2000      10000          8
   0       14     1963     9647     15596044340     15596053987        18101795       7675       2000      10000          8
   0       14     1963     9645     15596054341     15596063987        18111796       7673       2000      10000          8
   0       14     1963     9643     15596064344     15596073987        18121799       7670       2000      10000          8
   0       14     1963     9644     15596074343     15596083987        18131798       7672       2000      10000          8
   0       14     1963     9636     15596084351     15596093987        18141806       7663       2000      10000          9
   0       14     1963     9642     15596094345     15596103987        18151800       7669       2000      10000          8
   0       14     1963     9637     15596104350     15596113987        18161805       7665       2000      10000          8
   0       14     1963     9640     15596114347     15596123987        18171802       7668       2000      10000          8
   0       14     1963     9645     15596124342     15596133987        18181797       7672       2000      10000          8
   0       14     1963     9626     15596134361     15596143987        18191816       7653       2000      10000          8
   0       14     1963     9642     15596144345     15596153987        18201800       7670       2000      10000          8
   0       14     1963     9645     15596154342     15596163987        18211797       7673       2000      10000          8
   0       14     1963     9645     15596164342     15596173987        18221797       7673       2000      10000          8
   0       14     1963     9645     15596174342     15596183987        18231797       7673       2000      10000          8
   0       14     1963     9646     15596184341     15596193987        18241796       7673       2000      10000          8
   0       14     1963     9645     15596194342     15596203986        18251797       7673       2000      10000          8
   0       14     1963     9645     15596204342     15596213987        18261797       7673       2000      10000          8
   0       14     1963     9641     15596214345     15596223987        18271800       7669       2000      10000          8
   0       14     1963     9646     15596224341     15596233987        18281796       7673       2000      10000          9
   0       14     1963     9645     15596234341     15596243987        18291796       7673       2000      10000          8
   0       14     1963     9646     15596244341     15596253987        18301796       7673       2000      10000          8
   0       14     1963     9644     15596254343     15596263987        18311798       7672       2000      10000          8
   0       14     1963     9645     15596264342     15596273987        18321797       7672       2000      10000          8
   0       14     1963     9645     15596274341     15596283987        18331796       7673       2000      10000          8
   0       14     1963     9647     15596284339     15596293987        18341794       7675       2000      10000          8
   0       14     1963     9648     15596294339     15596303987        18351794       7676       2000      10000          8
   0       14     1963     9645     15596304341     15596313986        18361796       7673       2000      10000          8
   0       14     1963     9645     15596314342     15596323986        18371797       7673       2000      10000          8
   0       14     1963     9645     15596324342     15596333987        18381797       7673       2000      10000          8
   0       14     1963     9646     15596334341     15596343987        18391796       7674       2000      10000          8
   0       14     1963     9645     15596344342     15596353987        18401797       7672       2000      10000          8
   0       14     1963     9647     15596354340     15596363987        18411795       7675       2000      10000          8
   0       14     1963     9646     15596364341     15596373987        18421796       7673       2000      10000          8
   0       14     1963     9644     15596374343     15596383987        18431798       7672       2000      10000          8
   0       14     1963     9639     15596384348     15596393987        18441803       7666       2000      10000          8
   0       14     1963     9644     15596394343     15596403987        18451798       7672       2000      10000          8
   0       14     1963     9643     15596404343     15596413987        18461798       7671       2000      10000          8
   0       14     1963     9644     15596414343     15596423987        18471798       7672       2000      10000          8
   0       14     1963     9643     15596424344     15596433987        18481799       7671       2000      10000          8
   0       14     1963     9644     15596434343     15596443987        18491798       7672       2000      10000          8
   0       14     1963     9644     15596444342     15596453987        18501797       7672       2000      10000          8
   0       14     1963     9644     15596454343     15596463987        18511798       7672       2000      10000          8
   0       14     1963     9627     15596464360     15596473987        18521815       7654       2000      10000          8
   0       14     1963     9635     15596474352     15596483987        18531806       7663       2000      10000          8
   0       14     1963     9644     15596484343     15596493987        18541798       7671       2000      10000          8
   0       14     1963     9633     15596494353     15596503987        18551808       7661       2000      10000          8
   0       14     1963     9643     15596504344     15596513987        18561799       7671       2000      10000          8
   0       14     1963     9644     15596514342     15596523987        18571797       7672       2000      10000          8
   0       14     1963     9644     15596524342     15596533986        18581797       7672       2000      10000          8
   0       14     1963     9646     15596534341     15596543987        18591796       7673       2000      10000          8
   0       14     1963     9644     15596544342     15596553987        18601797       7672       2000      10000          8
   0       14     1963     9645     15596554342     15596563987        18611797       7673       2000      10000          8
   0       14     1963     9645     15596564341     15596573987        18621796       7673       2000      10000          8
   0       14     1963     9644     15596574342     15596583987        18631797       7672       2000      10000          8
   0       14     1963     9648     15596584339     15596593987        18641794       7675       2000      10000          8
   0       14     1963     9644     15596594343     15596603987        18651798       7671       2000      10000          8
   0       14     1963     9644     15596604343     15596613987        18661798       7672       2000      10000          8
   0       14     1963     9643     15596614343     15596623986        18671798       7671       2000      10000          8
   0       14     1963     9644     15596624343     15596633987        18681798       7671       2000      10000          8
   0       14     1963     9645     15596634342     15596643987        18691797       7672       2000      10000          8
   0       14     1963     9644     15596644343     15596653987        18701798       7672       2000      10000          8
   0       14     1963     9645     15596654342     15596663987        18711797       7672       2000      10000          8
   0       14     1963     9646     15596664341     15596673987        18721796       7673       2000      10000          8
   0       14     1963     9644     15596674343     15596683987        18731798       7672       2000      10000          8
   0       14     1963     9644     15596684343     15596693987        18741798       7672       2000      10000          8
   0       14     1963     9647     15596694340     15596703987        18751795       7674       2000      10000          8
   0       14     1963     9642     15596704345     15596713987        18761800       7670       2000      10000          8
   0       14     1963     9644     15596714342     15596723987        18771797       7672       2000      10000          8
   0       14     1963     9644     15596724343     15596733987        18781798       7672       2000      10000          8
   0       14     1963     9643     15596734344     15596743987        18791799       7670       2000      10000          8
   0       14     1963     9645     15596744342     15596753987        18801797       7672       2000      10000          8
   0       14     1963     9643     15596754344     15596763987        18811799       7670       2000      10000          8
   0       14     1963     9641     15596764346     15596773987        18821801       7668       2000      10000          8
   0       14     1963     9645     15596774341     15596783986        18831796       7673       2000      10000          8
   0       14     1963     9645     15596784341     15596793987        18841796       7673       2000      10000          8
   0       14     1963     9625     15596794362     15596803987        18851817       7653       2000      10000          8
   0       14     1963     9645     15596804342     15596813987        18861797       7672       2000      10000          9
   0       14     1963     9644     15596814343     15596823987        18871798       7671       2000      10000          8
   0       14     1963     9646     15596824341     15596833987        18881796       7673       2000      10000          8
   0       14     1963     9646     15596834341     15596843987        18891796       7674       2000      10000          8
   0       14     1963     9645     15596844342     15596853986        18901797       7673       2000      10000          8
   0       14     1963     9644     15596854343     15596863986        18911798       7672       2000      10000          8
   0       14     1963     9637     15596864350     15596873987        18921805       7665       2000      10000          8
   0       14     1963     9645     15596874342     15596883987        18931797       7672       2000      10000          8
   0       14     1963     9632     15596884355     15596893987        18941809       7660       2000      10000          8
   0       14     1963     9641     15596894346     15596903987        18951801       7669       2000      10000          8
   0       14     1963     9644     15596904342     15596913987        18961797       7672       2000      10000          8
   0       14     1963     9645     15596914342     15596923987        18971797       7673       2000      10000          8
   0       14     1963     9646     15596924341     15596933987        18981796       7673       2000      10000          8
   0       14     1963     9647     15596934340     15596943987        18991795       7674       2000      10000          9
   0       14     1963     9644     15596944342     15596953987        19001797       7672       2000      10000          8
   0       14     1963     9646     15596954341     15596963987        19011796       7674       2000      10000          8
   0       14     1963     9645     15596964341     15596973987        19021796       7673       2000      10000          8
   0       14     1963     9642     15596974344     15596983987        19031799       7670       2000      10000          8
   0       14     1963     9646     15596984341     15596993987        19041796       7673       2000      10000          8
   0       14     1963     9645     15596994342     15597003987        19051797       7673       2000      10000          8
   0       14     1963     9646     15597004341     15597013987        19061796       7674       2000      10000          8
   0       14     1963     9644     15597014343     15597023987        19071798       7671       2000      10000          9
   0       14     1963     9645     15597024342     15597033987        19081797       7673       2000      10000          8
   0       14     1963     9644     15597034343     15597043987        19091798       7671       2000      10000          8
   0       14     1963     9646     15597044341     15597053987        19101796       7674       2000      10000          8
   0       14     1963     9643     15597054344     15597063987        19111799       7671       2000      10000          8
   0       14     1963     9645     15597064342     15597073987        19121797       7673       2000      10000          8
   0       14     1963     9645     15597074342     15597083987        19131797       7672       2000      10000          8
   0       14     1963     9646     15597084341     15597093987        19141796       7674       2000      10000          8
   0       14     1963     9644     15597094343     15597103987        19151798       7672       2000      10000          8
   0       14     1963     9644     15597104343     15597113987        19161798       7672       2000      10000          8
   0       14     1963     9645     15597114342     15597123987        19171797       7673       2000      10000          9
   0       14     1963     9626     15597124361     15597133987        19181816       7654       2000      10000          8
   0       14     1963     9645     15597134341     15597143987        19191796       7673       2000      10000          8
   0       14     1963     9644     15597144342     15597153987        19201797       7672       2000      10000          8
   0       14     1963     9646     15597154341     15597163987        19211796       7674       2000      10000          8
   0       14     1963     9644     15597164342     15597173987        19221797       7672       2000      10000          8
   0       14     1963     9644     15597174343     15597183987        19231798       7671       2000      10000          8
   0       14     1963     9645     15597184341     15597193987        19241796       7673       2000      10000          8
   0       14     1963     9643     15597194344     15597203987        19251799       7671       2000      10000          8
   0       14     1963     9643     15597204344     15597213987        19261799       7671       2000      10000          8
   0       14     1963     9644     15597214343     15597223987        19271798       7671       2000      10000          8
   0       14     1963     9647     15597224340     15597233987        19281795       7674       2000      10000          8
   0       14     1963     9643     15597234343     15597243987        19291798       7671       2000      10000          8
   0       14     1963     9643     15597244343     15597253987        19301798       7671       2000      10000          8
   0       14     1963     9637     15597254350     15597263987        19311805       7665       2000      10000          8
   0       14     1963     9641     15597264346     15597273987        19321801       7668       2000      10000          8
   0       14     1963     9637     15597274349     15597283987        19331804       7665       2000      10000          8
   0       14     1963     9646     15597284341     15597293987        19341796       7674       2000      10000          8
   0       14     1963     9647     15597294341     15597303987        19351796       7674       2000      10000          9
   0       14     1963     9637     15597304350     15597313987        19361805       7665       2000      10000          8
   0       14     1963     9646     15597314340     15597323987        19371795       7674       2000      10000          8
   0       14     1963     9644     15597324343     15597333987        19381798       7671       2000      10000          8
   0       14     1963     9642     15597334345     15597343987        19391800       7670       2000      10000          8
   0       14     1963     9644     15597344343     15597353987        19401798       7671       2000      10000          8
   0       14     1963     9644     15597354342     15597363986        19411797       7672       2000      10000          8
   0       14     1963     9644     15597364342     15597373987        19421797       7672       2000      10000          8
   0       14     1963     9645     15597374342     15597383987        19431797       7673       2000      10000          8
   0       14     1963     9644     15597384343     15597393987        19441798       7672       2000      10000          8
   0       14     1963     9645     15597394342     15597403987        19451797       7673       2000      10000          8
   0       14     1963     9645     15597404342     15597413987        19461797       7673       2000      10000          8
   0       14     1963     9645     15597414342     15597423987        19471797       7673       2000      10000          8
   0       14     1963     9644     15597424343     15597433987        19481798       7672       2000      10000          8
   0       14     1963     9645     15597434341     15597443987        19491796       7673       2000      10000          8
   0       14     1963     9642     15597444344     15597453987        19501799       7670       2000      10000          8
   0       14     1963     9625     15597454362     15597463987        19511816       7653       2000      10000          8
   0       14     1963     9640     15597464347     15597473987        19521802       7668       2000      10000          8
   0       14     1963     9644     15597474343     15597483987        19531798       7671       2000      10000          8
   0       14     1963     9642     15597484345     15597493987        19541800       7670       2000      10000          8
   0       14     1963     9645     15597494342     15597503987        19551797       7672       2000      10000          8
   0       14     1963     9645     15597504342     15597513987        19561797       7672       2000      10000          8
   0       14     1963     9644     15597514343     15597523987        19571798       7671       2000      10000          8
   0       14     1963     9643     15597524343     15597533987        19581798       7671       2000      10000          8
   0       14     1963     9646     15597534341     15597543987        19591796       7674       2000      10000          8
   0       14     1963     9643     15597544344     15597553987        19601799       7671       2000      10000          8
   0       14     1963     9643     15597554344     15597563987        19611799       7670       2000      10000          8
   0       14     1963     9645     15597564343     15597573987        19621798       7672       2000      10000          8
   0       14     1963     9643     15597574344     15597583987        19631799       7670       2000      10000          9
   0       14     1963     9641     15597584346     15597593987        19641801       7668       2000      10000          8
   0       14     1963     9646     15597594341     15597603987        19651796       7674       2000      10000          8
   0       14     1963     9643     15597604344     15597613987        19661799       7670       2000      10000          8
   0       14     1963     9647     15597614340     15597623987        19671795       7674       2000      10000          8
   0       14     1963     9643     15597624344     15597633987        19681799       7671       2000      10000          8
   0       14     1963     9645     15597634342     15597643987        19691797       7672       2000      10000          8
   0       14     1963     9634     15597644353     15597653987        19701808       7661       2000      10000          8
   0       14     1963     9643     15597654344     15597663987        19711799       7670       2000      10000          8
   0       14     1963     9644     15597664343     15597673987        19721798       7672       2000      10000          8
   0       14     1963     9645     15597674342     15597683987        19731797       7672       2000      10000          8
   0       14     1963     9645     15597684342     15597693987        19741797       7673       2000      10000          8
   0       14     1963     9644     15597694343     15597703987        19751798       7672       2000      10000          8
   0       14     1963     9647     15597704340     15597713987        19761795       7675       2000      10000          8
   0       14     1963     9643     15597714345     15597723987        19771799       7670       2000      10000          8
   0       14     1963     9644     15597724343     15597733987        19781798       7672       2000      10000          8
   0       14     1963     9648     15597734339     15597743987        19791794       7676       2000      10000          8
   0       14     1963     9646     15597744341     15597753987        19801796       7674       2000      10000          8
   0       14     1963     9646     15597754341     15597763987        19811796       7674       2000      10000          8
   0       14     1963     9644     15597764343     15597773986        19821798       7672       2000      10000          8
   0       14     1963     9647     15597774339     15597783987        19831794       7675       2000      10000          8
   0       14     1963     9628     15597784359     15597793986        19841814       7656       2000      10000          8
   0       14     1963     9645     15597794342     15597803987        19851797       7673       2000      10000          8
   0       14     1963     9642     15597804345     15597813986        19861800       7670       2000      10000          8
   0       14     1963     9645     15597814342     15597823987        19871797       7673       2000      10000          8
   0       14     1963     9644     15597824343     15597833987        19881798       7672       2000      10000          8
   0       14     1963     9646     15597834341     15597843987        19891796       7673       2000      10000          8
   0       14     1963     9646     15597844341     15597853987        19901796       7674       2000      10000          8
   0       14     1963     9640     15597854347     15597863987        19911802       7668       2000      10000          8
   0       14     1963     9643     15597864344     15597873987        19921799       7670       2000      10000          8
   0       14     1963     9643     15597874345     15597883987        19931800       7670       2000      10000          9
   0       14     1963     9642     15597884344     15597893987        19941799       7670       2000      10000          8
   0       14     1963     9641     15597894346     15597903987        19951801       7669       2000      10000          8
   0       14     1963     9644     15597904343     15597913987        19961798       7672       2000      10000          8
   0       14     1963     9643     15597914344     15597923987        19971799       7671       2000      10000          8
   0       14     1963     9644     15597924343     15597933987        19981798       7671       2000      10000          8
