#idx     perf      run   period           start             end          rel_st      slack c_duration   c_period     wu_lat
   0       14     1955     1957      6882131429      6882133385           31375     -22786       2000      10000          0
   0       14     1955    10001      6882133392      6882143393           33338       8038       2000      10000          8
   0       14     1955     9995      6882143397      6882153392           43344       8032       2000      10000          7
   0       14     1955     9996      6882153396      6882163392           53342       8034       2000      10000          6
   0       14     1955     9996      6882163396      6882173392           63342       8034       2000      10000          6
   0       14     1955     9996      6882173396      6882183392           73342       8034       2000      10000          6
   0       14     1955     9996      6882183396      6882193392           83342       8034       2000      10000          6
   0       14     1955     9996      6882193396      6882203392           93342       8034       2000      10000          6
   0       14     1955     9996      6882203396      6882213392          103342       8034       2000      10000          6
   0       14     1955     9996      6882213396      6882223392          113342       8034       2000      10000          6
   0       14     1955     9997      6882223395      6882233392          123342       8034       2000      10000          7
   0       14     1955     9996      6882233396      6882243392          133342       8034       2000      10000          6
   0       14     1955     9996      6882243396      6882253392          143342       8034       2000      10000          6
   0       14     1955     9996      6882253396      6882263392          153342       8034       2000      10000          6
   0       14     1955     9996      6882263396      6882273392          163342       8034       2000      10000          7
   0       14     1955     9996      6882273396      6882283392          173342       8034       2000      10000          6
   0       14     1955     9996      6882283396      6882293392          183342       8034       2000      10000          6
   0       14     1955     9996      6882293396      6882303392          193342       8034       2000      10000          6
   0       14     1955     9996      6882303396      6882313392          203342       8034       2000      10000          7
   0       14     1955     9996      6882313396      6882323392          213342       8034       2000      10000          6
   0       14     1955     9998      6882323396      6882333393          223342       8034       2000      10000          8
   0       14     1983     9995      6882333397      6882343392          233343       8004       2000      10000          7
   0       14     1984     9996      6882343396      6882353392          243342       8006       2000      10000          7
   0       14     1955     9996      6882353396      6882363392          253342       8034       2000      10000          6
   0       14     1955     9996      6882363396      6882373392          263342       8034       2000      10000          6
   0       14     1955     9996      6882373396      6882383392          273342       8034       2000      10000          6
   0       14     1955     9997      6882383396      6882393392          283342       8034       2000      10000          7
   0       14     1955     9996      6882393396      6882403392          293342       8034       2000      10000          7
   0       14     1955     9996      6882403396      6882413392          303342       8034       2000      10000          6
   0       14     1955     9996      6882413396      6882423392          313342       8034       2000      10000          7
   0       14     1955     9996      6882423396      6882433392          323342       8034       2000      10000          6
   0       14     1955     9997      6882433396      6882443392          333342       8034       2000      10000          7
   0       14     1955     9996      6882443396      6882453392          343342       8034       2000      10000          6
   0       14     1955     9968      6882453425      6882463392          353371       8005       2000      10000          7
   0       14     1955     9996      6882463396      6882473392          363342       8034       2000      10000          6
   0       14     1955     9996      6882473396      6882483392          373342       8034       2000      10000          7
   0       14     1955     9996      6882483396      6882493392          383342       8034       2000      10000          6
   0       14     1955     9996      6882493396      6882503392          393342       8034       2000      10000          7
   0       14     1955     9996      6882503396      6882513392          403342       8034       2000      10000          6
   0       14     1955     9996      6882513396      6882523392          413342       8034       2000      10000          6
   0       14     1955     9996      6882523396      6882533392          423342       8034       2000      10000          6
   0       14     1955     9996      6882533396      6882543392          433342       8034       2000      10000          6
   0       14     1955     9996      6882543396      6882553392          443342       8034       2000      10000          6
   0       14     1955     9996      6882553396      6882563392          453342       8034       2000      10000          6
   0       14     1955     9996      6882563396      6882573392          463342       8034       2000      10000          7
   0       14     1955     9996      6882573396      6882583392          473342       8034       2000      10000          6
   0       14     1955     9996      6882583396      6882593392          483342       8034       2000      10000          6
   0       14     1955     9996      6882593396      6882603392          493342       8034       2000      10000          6
   0       14     1955     9996      6882603396      6882613392          503342       8034       2000      10000          6
   0       14     1955     9996      6882613395      6882623392          513342       8034       2000      10000          6
   0       14     1955     9996      6882623396      6882633392          523342       8034       2000      10000          6
   0       14     1955     9996      6882633395      6882643392          533342       8034       2000      10000          6
   0       14     1955     9996      6882643396      6882653392          543342       8034       2000      10000          6
   0       14     1955     9996      6882653396      6882663392          553342       8034       2000      10000          6
   0       14     1955     9996      6882663396      6882673392          563342       8034       2000      10000          6
   0       14     1955     9996      6882673396      6882683392          573342       8034       2000      10000          6
   0       14     1955     9996      6882683396      6882693392          583342       8034       2000      10000          6
   0       14     1955     9996      6882693396      6882703392          593342       8034       2000      10000          6
   0       14     1955     9996      6882703396      6882713392          603342       8034       2000      10000          7
   0       14     1955     9996      6882713396      6882723392          613342       8034       2000      10000          7
   0       14     1955     9996      6882723396      6882733392          623342       8034       2000      10000          6
   0       14     1955     9996      6882733396      6882743392          633342       8034       2000      10000          7
   0       14     1955     9996      6882743396      6882753392          643342       8034       2000      10000          6
   0       14     1955     9996      6882753396      6882763392          653342       8034       2000      10000          6
   0       14     1955     9996      6882763396      6882773392          663342       8034       2000      10000          7
   0       14     1955     9997      6882773396      6882783393          673342       8034       2000      10000          7
   0       14     1955     9979      6882783413      6882793392          683360       8016       2000      10000          7
   0       14     1955     9996      6882793396      6882803392          693342       8034       2000      10000          6
   0       14     1955     9996      6882803396      6882813392          703342       8034       2000      10000          7
   0       14     1955     9996      6882813396      6882823392          713342       8034       2000      10000          6
   0       14     1955     9996      6882823396      6882833392          723342       8034       2000      10000          6
   0       14     1955     9996      6882833396      6882843392          733342       8034       2000      10000          6
   0       14     1955     9996      6882843396      6882853392          743342       8034       2000      10000          6
   0       14     1955     9996      6882853396      6882863392          753342       8034       2000      10000          7
   0       14     1955     9996      6882863396      6882873392          763342       8034       2000      10000          6
   0       14     1955     9996      6882873396      6882883392          773342       8034       2000      10000          7
   0       14     1955     9996      6882883396      6882893392          783342       8034       2000      10000          7
   0       14     1955     9996      6882893396      6882903392          793342       8034       2000      10000          7
   0       14     1955     9996      6882903396      6882913392          803342       8034       2000      10000          7
   0       14     1955     9997      6882913396      6882923392          813342       8034       2000      10000          7
   0       14     1955     9996      6882923396      6882933392          823342       8034       2000      10000          7
   0       14     1955     9996      6882933396      6882943392          833342       8034       2000      10000          7
   0       14     1955     9996      6882943396      6882953392          843342       8034       2000      10000          6
   0       14     1955     9996      6882953395      6882963392          853342       8034       2000      10000          6
   0       14     1955     9996      6882963396      6882973392          863342       8034       2000      10000          6
   0       14     1955     9996      6882973396      6882983392          873342       8034       2000      10000          7
   0       14     1955     9996      6882983396      6882993392          883342       8034       2000      10000          6
   0       14     1955     9996      6882993396      6883003392          893342       8034       2000      10000          6
   0       14     1955     9996      6883003396      6883013392          903342       8034       2000      10000          7
   0       14     1955     9996      6883013396      6883023392          913342       8034       2000      10000          7
   0       14     1955     9996      6883023396      6883033392          923342       8034       2000      10000          7
   0       14     1955     9996      6883033396      6883043392          933342       8034       2000      10000          7
   0       14     1955     9996      6883043396      6883053392          943342       8034       2000      10000          7
   0       14     1955     9996      6883053396      6883063392          953342       8034       2000      10000          7
   0       14     1955     9996      6883063396      6883073392          963342       8034       2000      10000          7
   0       14     1955     9996      6883073396      6883083392          973342       8034       2000      10000          7
   0       14     1955     9996      6883083396      6883093392          983342       8034       2000      10000          6
   0       14     1955     9997      6883093396      6883103392          993342       8034       2000      10000          7
   0       14     1955     9996      6883103396      6883113392         1003342       8034       2000      10000          6
   0       14     1955     9985      6883113407      6883123392         1013353       8023       2000      10000          7
   0       14     1955     9996      6883123396      6883133392         1023342       8034       2000      10000          7
   0       14     1955     9996      6883133396      6883143392         1033342       8034       2000      10000          6
   0       14     1955     9996      6883143396      6883153392         1043342       8034       2000      10000          6
   0       14     1955     9996      6883153396      6883163392         1053342       8034       2000      10000          6
   0       14     1955     9996      6883163396      6883173392         1063342       8034       2000      10000          7
   0       14     1955     9996      6883173396      6883183392         1073342       8034       2000      10000          6
   0       14     1955     9997      6883183396      6883193392         1083342       8034       2000      10000          7
   0       14     1955     9996      6883193396      6883203392         1093342       8034       2000      10000          6
   0       14     1955     9996      6883203396      6883213392         1103342       8034       2000      10000          6
   0       14     1955     9996      6883213396      6883223392         1113342       8034       2000      10000          6
   0       14     1955     9996      6883223396      6883233392         1123342       8034       2000      10000          6
   0       14     1955     9997      6883233396      6883243392         1133342       8034       2000      10000          7
   0       14     1955     9996      6883243396      6883253392         1143342       8034       2000      10000          7
   0       14     1955     9996      6883253396      6883263392         1153342       8034       2000      10000          6
   0       14     1955     9996      6883263396      6883273392         1163342       8034       2000      10000          7
   0       14     1955     9996      6883273396      6883283392         1173342       8034       2000      10000          6
   0       14     1955     9996      6883283396      6883293392         1183342       8034       2000      10000          6
   0       14     1955     9996      6883293395      6883303392         1193342       8034       2000      10000          6
   0       14     1955     9996      6883303396      6883313392         1203342       8034       2000      10000          6
   0       14     1955     9997      6883313395      6883323392         1213342       8034       2000      10000          7
   0       14     1955     9998      6883323396      6883333394         1223342       8034       2000      10000          8
   0       14     1956     9994      6883333398      6883343392         1233344       8031       2000      10000          7
   0       14     1983     9996      6883343396      6883353392         1243342       8006       2000      10000          6
   0       14     1955     9996      6883353396      6883363392         1253342       8034       2000      10000          7
   0       14     1955     9996      6883363396      6883373392         1263342       8034       2000      10000          6
   0       14     1955     9996      6883373396      6883383392         1273342       8034       2000      10000          7
   0       14     1955     9996      6883383396      6883393392         1283342       8034       2000      10000          6
   0       14     1955     9997      6883393395      6883403392         1293342       8034       2000      10000          7
   0       14     1955     9996      6883403396      6883413392         1303342       8034       2000      10000          7
   0       14     1955     9996      6883413396      6883423392         1313342       8034       2000      10000          7
   0       14     1955     9996      6883423396      6883433392         1323342       8034       2000      10000          6
   0       14     1955     9996      6883433396      6883443392         1333342       8034       2000      10000          6
   0       14     1955     9975      6883443417      6883453392         1343363       8012       2000      10000          7
   0       14     1955     9996      6883453396      6883463392         1353342       8034       2000      10000          6
   0       14     1955     9996      6883463396      6883473392         1363342       8034       2000      10000          6
   0       14     1955     9996      6883473395      6883483392         1373342       8034       2000      10000          6
   0       14     1955     9996      6883483396      6883493392         1383342       8034       2000      10000          7
   0       14     1955     9996      6883493396      6883503392         1393342       8034       2000      10000          6
   0       14     1955     9997      6883503396      6883513392         1403342       8034       2000      10000          7
   0       14     1955     9996      6883513396      6883523392         1413342       8034       2000      10000          6
   0       14     1955     9996      6883523396      6883533392         1423342       8034       2000      10000          6
   0       14     1955     9996      6883533396      6883543392         1433342       8034       2000      10000          6
   0       14     1955     9996      6883543396      6883553392         1443342       8034       2000      10000          6
   0       14     1955     9996      6883553395      6883563392         1453342       8034       2000      10000          6
   0       14     1955     9996      6883563396      6883573392         1463342       8034       2000      10000          7
   0       14     1955     9996      6883573396      6883583392         1473342       8034       2000      10000          6
   0       14     1955     9996      6883583396      6883593392         1483342       8034       2000      10000          6
   0       14     1955     9996      6883593396      6883603392         1493342       8034       2000      10000          6
   0       14     1955     9996      6883603396      6883613392         1503342       8034       2000      10000          6
   0       14     1955     9996      6883613395      6883623392         1513342       8035       2000      10000          6
   0       14     1955     9996      6883623396      6883633392         1523342       8034       2000      10000          6
   0       14     1955     9996      6883633396      6883643392         1533342       8034       2000      10000          6
   0       14     1955     9996      6883643396      6883653392         1543342       8034       2000      10000          6
   0       14     1955     9996      6883653396      6883663392         1553342       8034       2000      10000          6
   0       14     1955     9997      6883663396      6883673393         1563342       8034       2000      10000          7
   0       14     1955     9995      6883673396      6883683392         1573343       8033       2000      10000          6
   0       14     1955     9996      6883683396      6883693392         1583342       8034       2000      10000          6
   0       14     1955     9996      6883693396      6883703392         1593342       8034       2000      10000          7
   0       14     1955     9996      6883703396      6883713392         1603342       8034       2000      10000          7
   0       14     1955     9996      6883713396      6883723392         1613342       8034       2000      10000          6
   0       14     1955     9996      6883723396      6883733392         1623342       8034       2000      10000          6
   0       14     1955     9996      6883733396      6883743392         1633342       8034       2000      10000          6
   0       14     1955     9996      6883743396      6883753392         1643342       8034       2000      10000          6
   0       14     1955     9996      6883753396      6883763392         1653342       8034       2000      10000          6
   0       14     1955     9996      6883763396      6883773392         1663342       8034       2000      10000          6
   0       14     1955     9986      6883773406      6883783392         1673353       8023       2000      10000          7
   0       14     1955     9996      6883783396      6883793392         1683342       8034       2000      10000          7
   0       14     1955     9996      6883793396      6883803392         1693342       8034       2000      10000          7
   0       14     1955     9996      6883803396      6883813392         1703342       8034       2000      10000          6
   0       14     1955     9996      6883813396      6883823392         1713342       8034       2000      10000          6
   0       14     1955     9996      6883823396      6883833392         1723342       8034       2000      10000          7
   0       14     1955     9996      6883833396      6883843392         1733342       8034       2000      10000          7
   0       14     1955     9996      6883843396      6883853392         1743342       8034       2000      10000          7
   0       14     1955     9996      6883853396      6883863392         1753342       8034       2000      10000          7
   0       14     1955     9996      6883863396      6883873392         1763342       8034       2000      10000          7
   0       14     1955     9996      6883873396      6883883392         1773342       8034       2000      10000          7
   0       14     1955     9996      6883883396      6883893392         1783342       8034       2000      10000          7
   0       14     1955     9996      6883893396      6883903392         1793342       8034       2000      10000          7
   0       14     1955     9996      6883903396      6883913392         1803342       8034       2000      10000          6
   0       14     1955     9996      6883913396      6883923392         1813342       8034       2000      10000          7
   0       14     1955     9996      6883923396      6883933392         1823342       8034       2000      10000          6
   0       14     1955     9996      6883933396      6883943392         1833342       8034       2000      10000          6
   0       14     1955     9996      6883943396      6883953392         1843342       8034       2000      10000          6
   0       14     1955     9996      6883953396      6883963392         1853342       8034       2000      10000          7
   0       14     1955     9996      6883963396      6883973392         1863342       8034       2000      10000          7
   0       14     1955     9996      6883973396      6883983392         1873342       8034       2000      10000          6
   0       14     1955     9996      6883983396      6883993392         1883342       8034       2000      10000          7
   0       14     1955     9996      6883993396      6884003392         1893342       8034       2000      10000          6
   0       14     1955     9997      6884003396      6884013392         1903342       8034       2000      10000          7
   0       14     1955     9996      6884013396      6884023392         1913342       8034       2000      10000          7
   0       14     1955     9996      6884023396      6884033392         1923342       8034       2000      10000          6
   0       14     1955     9996      6884033396      6884043392         1933342       8034       2000      10000          6
   0       14     1955     9996      6884043396      6884053392         1943342       8034       2000      10000          6
   0       14     1955     9996      6884053396      6884063392         1953342       8034       2000      10000          6
   0       14     1955     9996      6884063395      6884073392         1963342       8034       2000      10000          6
   0       14     1955     9996      6884073396      6884083392         1973342       8034       2000      10000          6
   0       14     1955     9996      6884083396      6884093392         1983342       8034       2000      10000          7
   0       14     1955     9996      6884093396      6884103392         1993342       8034       2000      10000          6
   0       14     1955     9986      6884103406      6884113392         2003352       8024       2000      10000          7
   0       14     1955     9996      6884113396      6884123392         2013342       8034       2000      10000          6
   0       14     1955     9996      6884123396      6884133392         2023342       8034       2000      10000          7
   0       14     1955     9996      6884133396      6884143392         2033342       8034       2000      10000          7
   0       14     1955     9996      6884143396      6884153391         2043342       8034       2000      10000          6
   0       14     1955     9997      6884153395      6884163392         2053341       8035       2000      10000          6
   0       14     1955     9996      6884163396      6884173392         2063342       8034       2000      10000          7
   0       14     1955     9996      6884173396      6884183392         2073342       8034       2000      10000          6
   0       14     1955     9996      6884183396      6884193392         2083342       8034       2000      10000          7
   0       14     1955     9996      6884193396      6884203392         2093342       8034       2000      10000          6
   0       14     1955     9996      6884203396      6884213392         2103342       8034       2000      10000          7
   0       14     1955     9996      6884213396      6884223392         2113342       8034       2000      10000          6
   0       14     1955     9996      6884223396      6884233392         2123342       8034       2000      10000          6
   0       14     1955     9996      6884233396      6884243392         2133342       8034       2000      10000          7
   0       14     1955     9996      6884243396      6884253392         2143342       8034       2000      10000          6
   0       14     1955     9996      6884253396      6884263392         2153342       8034       2000      10000          7
   0       14     1955     9996      6884263396      6884273392         2163342       8034       2000      10000          7
   0       14     1955     9996      6884273396      6884283392         2173342       8034       2000      10000          6
   0       14     1955     9996      6884283396      6884293392         2183342       8034       2000      10000          7
   0       14     1955     9996      6884293396      6884303392         2193342       8034       2000      10000          6
   0       14     1955     9996      6884303395      6884313391         2203342       8034       2000      10000          6
   0       14     1955     9997      6884313395      6884323392         2213341       8035       2000      10000          6
   0       14     1955     9998      6884323396      6884333394         2223342       8034       2000      10000          9
   0       14     1956     9994      6884333398      6884343392         2233344       8031       2000      10000          7
   0       14     1983     9996      6884343396      6884353392         2243342       8005       2000      10000          6
   0       14     1955     9996      6884353396      6884363392         2253342       8034       2000      10000          6
   0       14     1955     9996      6884363396      6884373392         2263342       8034       2000      10000          6
   0       14     1955     9996      6884373396      6884383392         2273342       8034       2000      10000          6
   0       14     1955     9996      6884383396      6884393392         2283342       8034       2000      10000          6
   0       14     1955     9996      6884393396      6884403392         2293342       8034       2000      10000          6
   0       14     1955     9996      6884403396      6884413392         2303342       8034       2000      10000          6
   0       14     1955     9996      6884413396      6884423392         2313342       8034       2000      10000          7
   0       14     1955     9996      6884423396      6884433392         2323342       8034       2000      10000          6
   0       14     1955     9985      6884433407      6884443392         2333353       8023       2000      10000          7
   0       14     1955     9996      6884443396      6884453392         2343342       8034       2000      10000          6
   0       14     1955     9996      6884453396      6884463392         2353342       8034       2000      10000          6
   0       14     1955     9996      6884463396      6884473392         2363342       8034       2000      10000          7
   0       14     1955     9996      6884473396      6884483392         2373342       8034       2000      10000          7
   0       14     1955     9996      6884483396      6884493392         2383342       8034       2000      10000          6
   0       14     1955     9996      6884493396      6884503392         2393342       8034       2000      10000          7
   0       14     1955     9996      6884503396      6884513392         2403342       8034       2000      10000          6
   0       14     1955     9996      6884513396      6884523392         2413342       8034       2000      10000          6
   0       14     1955     9996      6884523396      6884533392         2423342       8034       2000      10000          6
   0       14     1955     9996      6884533396      6884543392         2433342       8034       2000      10000          6
   0       14     1955     9996      6884543396      6884553392         2443342       8034       2000      10000          6
   0       14     1955     9997      6884553396      6884563392         2453342       8034       2000      10000          7
   0       14     1955     9996      6884563396      6884573392         2463342       8034       2000      10000          6
   0       14     1955     9996      6884573396      6884583392         2473342       8034       2000      10000          7
   0       14     1955     9996      6884583396      6884593392         2483342       8034       2000      10000          6
   0       14     1955     9997      6884593396      6884603392         2493342       8034       2000      10000          7
   0       14     1955     9996      6884603396      6884613392         2503342       8034       2000      10000          7
   0       14     1955     9996      6884613396      6884623392         2513342       8034       2000      10000          6
   0       14     1955     9996      6884623396      6884633392         2523342       8034       2000      10000          6
   0       14     1955     9996      6884633396      6884643392         2533342       8034       2000      10000          7
   0       14     1955     9996      6884643396      6884653392         2543342       8034       2000      10000          6
   0       14     1955     9996      6884653396      6884663392         2553342       8034       2000      10000          6
   0       14     1955     9996      6884663396      6884673392         2563342       8034       2000      10000          7
   0       14     1955     9996      6884673396      6884683392         2573342       8034       2000      10000          6
   0       14     1955     9996      6884683396      6884693392         2583342       8034       2000      10000          7
   0       14     1955     9996      6884693396      6884703392         2593342       8034       2000      10000          6
   0       14     1955     9996      6884703396      6884713392         2603342       8034       2000      10000          7
   0       14     1955     9996      6884713396      6884723392         2613342       8034       2000      10000          6
   0       14     1955     9997      6884723395      6884733392         2623342       8034       2000      10000          7
   0       14     1955     9996      6884733396      6884743392         2633342       8034       2000      10000          6
   0       14     1955     9997      6884743396      6884753392         2643342       8034       2000      10000          7
   0       14     1955     9996      6884753396      6884763392         2653342       8034       2000      10000          6
   0       14     1955     9986      6884763407      6884773392         2663353       8023       2000      10000          7
   0       14     1955     9996      6884773396      6884783392         2673342       8034       2000      10000          6
   0       14     1955     9996      6884783396      6884793392         2683342       8034       2000      10000          6
   0       14     1955     9996      6884793396      6884803392         2693342       8034       2000      10000          7
   0       14     1955     9996      6884803396      6884813392         2703342       8034       2000      10000          6
   0       14     1955     9996      6884813396      6884823392         2713342       8034       2000      10000          7
   0       14     1955     9996      6884823396      6884833392         2723342       8034       2000      10000          7
   0       14     1955     9996      6884833396      6884843392         2733342       8034       2000      10000          6
   0       14     1955     9996      6884843396      6884853392         2743342       8034       2000      10000          6
   0       14     1955     9996      6884853396      6884863392         2753342       8034       2000      10000          6
   0       14     1955     9996      6884863396      6884873392         2763342       8034       2000      10000          6
   0       14     1955     9996      6884873396      6884883392         2773342       8034       2000      10000          6
   0       14     1955     9996      6884883396      6884893392         2783342       8034       2000      10000          7
   0       14     1955     9996      6884893396      6884903392         2793342       8034       2000      10000          6
   0       14     1955     9996      6884903396      6884913392         2803342       8034       2000      10000          6
   0       14     1955     9996      6884913396      6884923392         2813342       8034       2000      10000          6
   0       14     1955     9996      6884923396      6884933392         2823342       8034       2000      10000          6
   0       14     1955     9999      6884933396      6884943394         2833342       8034       2000      10000          9
   0       14     1955     9997      6884943398      6884953395         2843344       8031       2000      10000          9
   0       14     1957     9996      6884953399      6884963395         2853345       8029       2000      10000         10
   0       14     1958     9993      6884963399      6884973393         2863346       8028       2000      10000          7
   0       14     1955     9995      6884973397      6884983392         2873343       8033       2000      10000          6
   0       14     1955     9996      6884983396      6884993392         2883342       8034       2000      10000          7
   0       14     1955     9997      6884993396      6885003393         2893342       8034       2000      10000          7
   0       14     1955     9996      6885003396      6885013392         2903343       8033       2000      10000          7
   0       14     1955     9996      6885013396      6885023392         2913342       8034       2000      10000          6
   0       14     1955     9997      6885023396      6885033392         2923342       8034       2000      10000          7
   0       14     1955     9996      6885033396      6885043392         2933342       8034       2000      10000          6
   0       14     1955     9996      6885043396      6885053392         2943342       8034       2000      10000          6
   0       14     1955     9996      6885053396      6885063392         2953342       8034       2000      10000          7
   0       14     1955     9996      6885063396      6885073392         2963342       8034       2000      10000          7
   0       14     1955     9996      6885073396      6885083392         2973342       8034       2000      10000          7
   0       14     1955     9996      6885083396      6885093392         2983342       8034       2000      10000          6
   0       14     1955     9983      6885093409      6885103392         2993355       8020       2000      10000          7
   0       14     1955     9996      6885103396      6885113392         3003342       8034       2000      10000          6
   0       14     1955     9996      6885113396      6885123392         3013342       8034       2000      10000          6
   0       14     1955     9997      6885123396      6885133392         3023342       8034       2000      10000          7
   0       14     1955     9996      6885133396      6885143392         3033342       8034       2000      10000          6
   0       14     1955     9996      6885143396      6885153392         3043342       8034       2000      10000          6
   0       14     1955     9996      6885153396      6885163392         3053342       8034       2000      10000          6
   0       14     1955     9996      6885163396      6885173392         3063342       8034       2000      10000          6
   0       14     1955     9996      6885173396      6885183392         3073342       8034       2000      10000          7
   0       14     1955     9996      6885183396      6885193392         3083342       8034       2000      10000          7
   0       14     1955     9997      6885193396      6885203392         3093342       8034       2000      10000          7
   0       14     1955     9996      6885203396      6885213392         3103342       8034       2000      10000          6
   0       14     1955     9996      6885213396      6885223392         3113342       8034       2000      10000          6
   0       14     1955     9996      6885223396      6885233392         3123342       8034       2000      10000          6
   0       14     1955     9996      6885233395      6885243392         3133342       8034       2000      10000          6
   0       14     1955     9996      6885243396      6885253392         3143342       8034       2000      10000          6
   0       14     1955     9996      6885253396      6885263392         3153342       8034       2000      10000          6
   0       14     1955     9997      6885263395      6885273392         3163342       8034       2000      10000          7
   0       14     1955     9996      6885273396      6885283392         3173342       8034       2000      10000          6
   0       14     1955     9996      6885283396      6885293392         3183342       8034       2000      10000          7
   0       14     1955     9996      6885293396      6885303392         3193342       8034       2000      10000          6
   0       14     1955     9996      6885303396      6885313392         3203342       8034       2000      10000          7
   0       14     1955     9996      6885313396      6885323392         3213342       8034       2000      10000          6
   0       14     1955     9999      6885323395      6885333394         3223342       8034       2000      10000          8
   0       14     1956     9995      6885333398      6885343393         3233344       8031       2000      10000          7
   0       14     1955     9995      6885343396      6885353392         3243343       8033       2000      10000          6
   0       14     1955     9996      6885353396      6885363392         3253342       8034       2000      10000          6
   0       14     1955     9996      6885363396      6885373392         3263342       8034       2000      10000          6
   0       14     1955     9996      6885373396      6885383392         3273342       8034       2000      10000          6
   0       14     1955     9996      6885383396      6885393392         3283342       8034       2000      10000          6
   0       14     1955     9996      6885393395      6885403392         3293342       8035       2000      10000          6
   0       14     1955     9997      6885403395      6885413392         3303342       8034       2000      10000          7
   0       14     1955     9996      6885413396      6885423392         3313342       8034       2000      10000          7
   0       14     1955     9985      6885423408      6885433392         3323354       8022       2000      10000          7
   0       14     1955     9996      6885433396      6885443392         3333342       8034       2000      10000          6
   0       14     1955     9996      6885443396      6885453392         3343342       8034       2000      10000          6
   0       14     1955     9996      6885453396      6885463392         3353342       8034       2000      10000          6
   0       14     1955     9996      6885463396      6885473392         3363342       8034       2000      10000          6
   0       14     1955     9996      6885473396      6885483392         3373342       8034       2000      10000          6
   0       14     1955     9996      6885483396      6885493392         3383342       8034       2000      10000          6
   0       14     1955     9996      6885493396      6885503392         3393342       8034       2000      10000          6
   0       14     1955     9996      6885503396      6885513392         3403342       8034       2000      10000          6
   0       14     1955     9996      6885513396      6885523392         3413342       8034       2000      10000          6
   0       14     1955     9996      6885523396      6885533392         3423342       8034       2000      10000          6
   0       14     1955     9996      6885533396      6885543392         3433342       8034       2000      10000          6
   0       14     1955     9996      6885543396      6885553392         3443342       8034       2000      10000          6
   0       14     1955     9996      6885553396      6885563392         3453342       8034       2000      10000          6
   0       14     1955     9996      6885563396      6885573392         3463342       8034       2000      10000          7
   0       14     1955     9996      6885573396      6885583392         3473342       8034       2000      10000          7
   0       14     1955     9996      6885583396      6885593392         3483342       8034       2000      10000          6
   0       14     1955     9996      6885593396      6885603392         3493342       8034       2000      10000          6
   0       14     1955     9996      6885603396      6885613392         3503342       8034       2000      10000          6
   0       14     1955     9996      6885613396      6885623392         3513342       8034       2000      10000          7
   0       14     1955     9996      6885623396      6885633392         3523342       8034       2000      10000          7
   0       14     1955     9996      6885633396      6885643392         3533342       8034       2000      10000          6
   0       14     1955     9996      6885643396      6885653392         3543342       8034       2000      10000          6
   0       14     1955     9996      6885653395      6885663392         3553342       8034       2000      10000          6
   0       14     1955     9996      6885663396      6885673392         3563342       8034       2000      10000          6
   0       14     1955     9996      6885673396      6885683392         3573342       8034       2000      10000          6
   0       14     1955     9996      6885683396      6885693392         3583342       8034       2000      10000          6
   0       14     1955     9996      6885693396      6885703392         3593342       8034       2000      10000          6
   0       14     1955     9996      6885703396      6885713392         3603342       8034       2000      10000          6
   0       14     1955     9996      6885713396      6885723392         3613342       8034       2000      10000          7
   0       14     1955     9996      6885723396      6885733392         3623342       8034       2000      10000          6
   0       14     1955     9996      6885733396      6885743392         3633342       8034       2000      10000          6
   0       14     1955     9996      6885743396      6885753392         3643342       8034       2000      10000          6
   0       14     1955     9986      6885753406      6885763392         3653353       8023       2000      10000          7
   0       14     1955     9996      6885763396      6885773392         3663342       8034       2000      10000          6
   0       14     1955     9996      6885773396      6885783392         3673342       8034       2000      10000          6
   0       14     1955     9996      6885783396      6885793392         3683342       8034       2000      10000          7
   0       14     1955     9996      6885793396      6885803392         3693342       8034       2000      10000          7
   0       14     1955     9996      6885803396      6885813392         3703342       8034       2000      10000          6
   0       14     1955     9996      6885813396      6885823392         3713342       8034       2000      10000          6
   0       14     1955     9996      6885823396      6885833392         3723342       8034       2000      10000          6
   0       14     1955     9996      6885833396      6885843392         3733342       8034       2000      10000          6
   0       14     1955     9996      6885843396      6885853392         3743342       8034       2000      10000          6
   0       14     1955     9996      6885853395      6885863392         3753342       8035       2000      10000          6
   0       14     1955     9996      6885863395      6885873392         3763342       8034       2000      10000          6
   0       14     1955     9996      6885873395      6885883392         3773342       8034       2000      10000          6
   0       14     1955     9997      6885883396      6885893392         3783342       8034       2000      10000          7
   0       14     1955     9996      6885893396      6885903392         3793342       8034       2000      10000          6
   0       14     1955     9996      6885903396      6885913392         3803342       8034       2000      10000          6
   0       14     1955     9996      6885913396      6885923392         3813342       8034       2000      10000          6
   0       14     1955     9996      6885923396      6885933392         3823342       8034       2000      10000          6
   0       14     1955     9996      6885933396      6885943392         3833342       8034       2000      10000          6
   0       14     1955     9996      6885943396      6885953392         3843342       8034       2000      10000          7
   0       14     1955     9996      6885953396      6885963392         3853342       8034       2000      10000          6
   0       14     1955     9996      6885963396      6885973392         3863342       8034       2000      10000          6
   0       14     1955     9996      6885973396      6885983392         3873342       8034       2000      10000          7
   0       14     1955     9996      6885983396      6885993392         3883342       8034       2000      10000          7
   0       14     1955     9996      6885993396      6886003392         3893342       8034       2000      10000          6
   0       14     1955     9996      6886003396      6886013392         3903342       8034       2000      10000          6
   0       14     1955     9996      6886013396      6886023392         3913342       8034       2000      10000          7
   0       14     1955     9996      6886023396      6886033392         3923342       8034       2000      10000          6
   0       14     1955     9996      6886033396      6886043392         3933342       8034       2000      10000          7
   0       14     1955     9996      6886043396      6886053392         3943342       8034       2000      10000          7
   0       14     1955     9996      6886053396      6886063392         3953342       8034       2000      10000          6
   0       14     1955     9996      6886063396      6886073392         3963342       8034       2000      10000          6
   0       14     1955     9996      6886073396      6886083392         3973342       8034       2000      10000          7
   0       14     1955     9987      6886083406      6886093393         3983352       8024       2000      10000          8
   0       14     1955     9995      6886093397      6886103392         3993343       8033       2000      10000          6
   0       14     1955     9996      6886103396      6886113392         4003342       8034       2000      10000          6
   0       14     1955     9996      6886113396      6886123392         4013342       8034       2000      10000          6
   0       14     1955     9996      6886123396      6886133392         4023342       8034       2000      10000          7
   0       14     1955     9996      6886133396      6886143392         4033342       8034       2000      10000          6
   0       14     1955     9996      6886143396      6886153392         4043342       8034       2000      10000          6
   0       14     1955     9996      6886153395      6886163392         4053342       8034       2000      10000          6
   0       14     1955     9996      6886163396      6886173392         4063342       8034       2000      10000          6
   0       14     1955     9996      6886173396      6886183392         4073342       8034       2000      10000          6
   0       14     1955     9996      6886183396      6886193392         4083342       8034       2000      10000          7
   0       14     1955     9996      6886193396      6886203392         4093342       8034       2000      10000          6
   0       14     1955     9996      6886203396      6886213392         4103342       8034       2000      10000          6
   0       14     1955     9996      6886213396      6886223392         4113342       8034       2000      10000          6
   0       14     1955     9996      6886223396      6886233392         4123342       8034       2000      10000          6
   0       14     1955     9997      6886233396      6886243392         4133342       8034       2000      10000          7
   0       14     1955     9996      6886243396      6886253392         4143342       8034       2000      10000          6
   0       14     1955     9996      6886253396      6886263392         4153342       8034       2000      10000          6
   0       14     1955     9996      6886263396      6886273392         4163342       8034       2000      10000          6
   0       14     1955     9996      6886273396      6886283392         4173342       8034       2000      10000          6
   0       14     1955     9996      6886283396      6886293392         4183342       8034       2000      10000          6
   0       14     1955     9996      6886293396      6886303392         4193342       8034       2000      10000          6
   0       14     1955     9996      6886303396      6886313392         4203342       8034       2000      10000          7
   0       14     1955     9996      6886313396      6886323392         4213342       8034       2000      10000          6
   0       14     1955     9998      6886323396      6886333393         4223342       8034       2000      10000          8
   0       14     1956     9995      6886333397      6886343393         4233344       8032       2000      10000          7
   0       14     1956     9996      6886343396      6886353392         4243343       8033       2000      10000          7
   0       14     1955     9996      6886353396      6886363392         4253342       8034       2000      10000          6
   0       14     1955     9996      6886363396      6886373392         4263342       8034       2000      10000          6
   0       14     1955     9996      6886373396      6886383392         4273342       8034       2000      10000          6
   0       14     1955     9996      6886383396      6886393392         4283342       8034       2000      10000          6
   0       14     1955     9996      6886393395      6886403392         4293342       8034       2000      10000          6
   0       14     1955     9997      6886403396      6886413392         4303342       8034       2000      10000          7
   0       14     1955     9981      6886413411      6886423392         4313357       8019       2000      10000          7
   0       14     1955     9996      6886423396      6886433392         4323342       8034       2000      10000          7
   0       14     1955     9997      6886433396      6886443393         4333342       8034       2000      10000          7
   0       14     1955     9995      6886443397      6886453392         4343344       8032       2000      10000          7
   0       14     1955     9996      6886453396      6886463392         4353342       8034       2000      10000          6
   0       14     1955     9996      6886463396      6886473392         4363342       8034       2000      10000          6
   0       14     1955     9996      6886473395      6886483392         4373342       8034       2000      10000          6
   0       14     1955     9996      6886483396      6886493392         4383342       8034       2000      10000          6
   0       14     1955     9996      6886493396      6886503392         4393342       8034       2000      10000          6
   0       14     1955     9996      6886503396      6886513392         4403342       8034       2000      10000          7
   0       14     1955     9996      6886513396      6886523392         4413342       8034       2000      10000          6
   0       14     1955     9996      6886523396      6886533392         4423342       8034       2000      10000          7
   0       14     1955     9996      6886533396      6886543392         4433342       8034       2000      10000          6
   0       14     1955     9996      6886543396      6886553392         4443342       8034       2000      10000          6
   0       14     1955     9996      6886553396      6886563392         4453342       8034       2000      10000          6
   0       14     1955     9996      6886563396      6886573392         4463342       8034       2000      10000          7
   0       14     1955     9996      6886573396      6886583392         4473342       8034       2000      10000          7
   0       14     1955     9996      6886583396      6886593392         4483342       8034       2000      10000          6
   0       14     1955     9996      6886593396      6886603392         4493342       8034       2000      10000          6
   0       14     1955     9996      6886603396      6886613392         4503342       8034       2000      10000          7
   0       14     1955     9996      6886613396      6886623392         4513342       8034       2000      10000          7
   0       14     1955     9996      6886623396      6886633392         4523342       8034       2000      10000          6
   0       14     1955     9996      6886633396      6886643392         4533342       8034       2000      10000          6
   0       14     1955     9996      6886643396      6886653392         4543342       8034       2000      10000          6
   0       14     1955     9996      6886653396      6886663392         4553342       8034       2000      10000          6
   0       14     1955     9996      6886663396      6886673392         4563342       8034       2000      10000          6
   0       14     1955     9996      6886673396      6886683392         4573342       8034       2000      10000          6
   0       14     1955     9996      6886683396      6886693392         4583342       8034       2000      10000          6
   0       14     1955     9996      6886693396      6886703392         4593342       8034       2000      10000          6
   0       14     1955     9996      6886703396      6886713392         4603342       8034       2000      10000          6
   0       14     1955     9996      6886713396      6886723392         4613342       8034       2000      10000          6
   0       14     1955     9996      6886723396      6886733392         4623342       8034       2000      10000          6
   0       14     1955     9996      6886733396      6886743392         4633342       8034       2000      10000          6
   0       14     1955     9982      6886743411      6886753393         4643357       8019       2000      10000          7
   0       14     1955     9995      6886753397      6886763392         4653343       8033       2000      10000          7
   0       14     1955     9996      6886763396      6886773392         4663342       8034       2000      10000          6
   0       14     1955     9996      6886773395      6886783392         4673342       8034       2000      10000          6
   0       14     1955     9996      6886783396      6886793392         4683342       8034       2000      10000          6
   0       14     1955     9996      6886793396      6886803392         4693342       8034       2000      10000          6
   0       14     1955     9996      6886803396      6886813392         4703342       8034       2000      10000          7
   0       14     1955     9996      6886813396      6886823392         4713342       8034       2000      10000          7
   0       14     1955     9996      6886823396      6886833392         4723342       8034       2000      10000          7
   0       14     1955     9996      6886833396      6886843392         4733342       8034       2000      10000          7
   0       14     1955     9996      6886843396      6886853392         4743342       8034       2000      10000          6
   0       14     1955     9996      6886853395      6886863392         4753342       8034       2000      10000          6
   0       14     1955     9996      6886863396      6886873392         4763342       8034       2000      10000          6
   0       14     1955     9996      6886873396      6886883392         4773342       8034       2000      10000          6
   0       14     1955     9996      6886883396      6886893392         4783342       8034       2000      10000          7
   0       14     1955     9996      6886893396      6886903392         4793342       8034       2000      10000          6
   0       14     1955     9996      6886903396      6886913392         4803342       8034       2000      10000          7
   0       14     1955     9996      6886913396      6886923392         4813342       8034       2000      10000          6
   0       14     1955     9996      6886923396      6886933392         4823342       8034       2000      10000          6
   0       14     1955     9996      6886933396      6886943392         4833342       8034       2000      10000          7
   0       14     1955     9997      6886943396      6886953392         4843342       8034       2000      10000          7
   0       14     1955     9996      6886953396      6886963392         4853342       8034       2000      10000          6
   0       14     1955     9996      6886963396      6886973392         4863342       8034       2000      10000          7
   0       14     1955     9997      6886973396      6886983392         4873342       8034       2000      10000          7
   0       14     1955     9995      6886983396      6886993391         4883342       8034       2000      10000          6
   0       14     1955     9997      6886993395      6887003392         4893341       8035       2000      10000          7
   0       14     1955     9998      6887003396      6887013394         4903342       8034       2000      10000          9
   0       14     1955     9994      6887013398      6887023392         4913344       8032       2000      10000          7
   0       14     1955     9996      6887023396      6887033392         4923342       8034       2000      10000          6
   0       14     1955     9997      6887033396      6887043392         4933342       8034       2000      10000          7
   0       14     1955     9996      6887043396      6887053392         4943342       8034       2000      10000          7
   0       14     1955     9996      6887053396      6887063392         4953342       8034       2000      10000          6
   0       14     1955     9997      6887063396      6887073392         4963342       8034       2000      10000          7
   0       14     1955     9985      6887073408      6887083392         4973354       8022       2000      10000          7
   0       14     1955     9996      6887083396      6887093392         4983342       8034       2000      10000          7
   0       14     1955     9999      6887093396      6887103394         4993342       8034       2000      10000          9
   0       14     1955     9993      6887103400      6887113392         5003346       8030       2000      10000          7
   0       14     1955     9996      6887113396      6887123392         5013342       8034       2000      10000          7
   0       14     1955     9996      6887123396      6887133392         5023342       8034       2000      10000          7
   0       14     1955     9996      6887133396      6887143392         5033342       8034       2000      10000          6
   0       14     1955     9996      6887143396      6887153392         5043342       8034       2000      10000          6
   0       14     1955     9996      6887153396      6887163392         5053342       8034       2000      10000          6
   0       14     1955     9996      6887163396      6887173392         5063342       8034       2000      10000          6
   0       14     1955     9996      6887173396      6887183392         5073342       8034       2000      10000          6
   0       14     1955     9996      6887183396      6887193392         5083342       8034       2000      10000          6
   0       14     1955     9996      6887193395      6887203392         5093342       8034       2000      10000          6
   0       14     1955     9996      6887203395      6887213392         5103342       8034       2000      10000          6
   0       14     1955     9996      6887213395      6887223392         5113342       8034       2000      10000          6
   0       14     1955     9996      6887223395      6887233392         5123342       8034       2000      10000          6
   0       14     1955     9996      6887233396      6887243392         5133342       8034       2000      10000          7
   0       14     1955     9996      6887243396      6887253392         5143342       8034       2000      10000          6
   0       14     1955     9996      6887253395      6887263392         5153342       8034       2000      10000          6
   0       14     1955     9996      6887263396      6887273392         5163342       8034       2000      10000          7
   0       14     1955     9996      6887273396      6887283392         5173342       8034       2000      10000          6
   0       14     1955     9996      6887283396      6887293392         5183342       8034       2000      10000          6
   0       14     1955     9996      6887293396      6887303392         5193342       8034       2000      10000          6
   0       14     1955     9996      6887303396      6887313392         5203342       8034       2000      10000          6
   0       14     1955     9996      6887313395      6887323392         5213342       8034       2000      10000          6
   0       14     1955     9999      6887323395      6887333395         5223342       8034       2000      10000          9
   0       14     1956     9994      6887333398      6887343393         5233345       8031       2000      10000          7
   0       14     1955     9995      6887343397      6887353392         5243343       8033       2000      10000          7
   0       14     1955     9996      6887353396      6887363392         5253342       8034       2000      10000          6
   0       14     1955     9996      6887363396      6887373392         5263342       8034       2000      10000          6
   0       14     1955     9996      6887373395      6887383392         5273342       8034       2000      10000          7
   0       14     1955     9996      6887383396      6887393392         5283342       8034       2000      10000          6
   0       14     1955     9996      6887393396      6887403392         5293342       8034       2000      10000          6
   0       14     1955     9978      6887403414      6887413392         5303360       8016       2000      10000          7
   0       14     1955     9996      6887413396      6887423392         5313342       8034       2000      10000          7
   0       14     1955     9996      6887423396      6887433392         5323342       8034       2000      10000          6
   0       14     1955     9997      6887433396      6887443392         5333342       8034       2000      10000          7
   0       14     1955     9996      6887443396      6887453392         5343342       8034       2000      10000          6
   0       14     1955     9996      6887453396      6887463392         5353342       8034       2000      10000          6
   0       14     1955     9996      6887463396      6887473392         5363342       8034       2000      10000          6
   0       14     1955     9996      6887473396      6887483392         5373342       8034       2000      10000          6
   0       14     1955     9996      6887483396      6887493392         5383342       8034       2000      10000          7
   0       14     1955     9996      6887493396      6887503392         5393342       8034       2000      10000          6
   0       14     1955     9996      6887503396      6887513392         5403342       8034       2000      10000          6
   0       14     1955     9996      6887513396      6887523392         5413342       8034       2000      10000          7
   0       14     1955     9996      6887523396      6887533392         5423342       8034       2000      10000          7
   0       14     1955     9997      6887533396      6887543392         5433342       8034       2000      10000          7
   0       14     1955     9996      6887543396      6887553392         5443342       8034       2000      10000          7
   0       14     1955     9996      6887553396      6887563392         5453342       8034       2000      10000          6
   0       14     1955     9996      6887563396      6887573392         5463342       8034       2000      10000          6
   0       14     1955     9996      6887573396      6887583392         5473342       8034       2000      10000          7
   0       14     1955     9996      6887583396      6887593392         5483342       8034       2000      10000          6
   0       14     1955     9996      6887593396      6887603392         5493342       8034       2000      10000          6
   0       14     1955     9996      6887603396      6887613392         5503342       8034       2000      10000          6
   0       14     1955     9996      6887613396      6887623392         5513342       8034       2000      10000          6
   0       14     1955     9996      6887623396      6887633392         5523342       8034       2000      10000          6
   0       14     1955     9996      6887633395      6887643392         5533342       8034       2000      10000          6
   0       14     1955     9996      6887643396      6887653392         5543342       8034       2000      10000          6
   0       14     1955     9996      6887653395      6887663392         5553342       8034       2000      10000          6
   0       14     1955     9996      6887663396      6887673392         5563342       8034       2000      10000          6
   0       14     1955     9996      6887673396      6887683392         5573342       8034       2000      10000          6
   0       14     1955     9996      6887683396      6887693392         5583342       8034       2000      10000          6
   0       14     1955     9996      6887693396      6887703392         5593342       8034       2000      10000          6
   0       14     1955     9996      6887703396      6887713392         5603342       8034       2000      10000          6
   0       14     1955     9996      6887713395      6887723392         5613342       8034       2000      10000          6
   0       14     1955     9996      6887723395      6887733392         5623342       8034       2000      10000          6
   0       14     1955     9985      6887733407      6887743392         5633353       8023       2000      10000          7
   0       14     1955     9996      6887743396      6887753392         5643342       8034       2000      10000          6
   0       14     1955     9996      6887753396      6887763392         5653342       8034       2000      10000          6
   0       14     1955     9996      6887763396      6887773392         5663342       8034       2000      10000          6
   0       14     1955     9996      6887773396      6887783392         5673342       8034       2000      10000          7
   0       14     1955     9996      6887783396      6887793392         5683342       8034       2000      10000          6
   0       14     1955     9997      6887793395      6887803392         5693342       8034       2000      10000          7
   0       14     1955     9996      6887803396      6887813392         5703342       8034       2000      10000          6
   0       14     1955     9996      6887813396      6887823392         5713342       8034       2000      10000          6
   0       14     1955     9996      6887823396      6887833392         5723342       8034       2000      10000          6
   0       14     1955     9996      6887833395      6887843392         5733342       8034       2000      10000          6
   0       14     1955     9996      6887843396      6887853392         5743342       8034       2000      10000          6
   0       14     1955     9996      6887853396      6887863392         5753342       8034       2000      10000          6
   0       14     1955     9996      6887863396      6887873392         5763342       8034       2000      10000          6
   0       14     1955     9996      6887873396      6887883392         5773342       8034       2000      10000          6
   0       14     1955     9996      6887883396      6887893392         5783342       8034       2000      10000          6
   0       14     1955     9996      6887893396      6887903392         5793342       8034       2000      10000          6
   0       14     1955     9996      6887903396      6887913392         5803342       8034       2000      10000          6
   0       14     1955     9997      6887913396      6887923392         5813342       8034       2000      10000          7
   0       14     1955     9996      6887923396      6887933392         5823342       8034       2000      10000          6
   0       14     1955     9996      6887933396      6887943392         5833342       8034       2000      10000          6
   0       14     1955     9996      6887943396      6887953392         5843342       8034       2000      10000          6
   0       14     1955     9996      6887953396      6887963392         5853342       8034       2000      10000          6
   0       14     1955     9996      6887963396      6887973392         5863342       8034       2000      10000          6
   0       14     1955     9996      6887973396      6887983392         5873342       8034       2000      10000          6
   0       14     1955     9996      6887983396      6887993392         5883342       8034       2000      10000          6
   0       14     1955     9996      6887993396      6888003392         5893342       8034       2000      10000          6
   0       14     1955     9996      6888003396      6888013392         5903342       8034       2000      10000          6
   0       14     1955     9996      6888013396      6888023392         5913342       8034       2000      10000          6
   0       14     1955     9996      6888023396      6888033392         5923342       8034       2000      10000          6
   0       14     1955     9996      6888033396      6888043392         5933342       8034       2000      10000          6
   0       14     1955     9996      6888043396      6888053392         5943342       8034       2000      10000          6
   0       14     1955     9996      6888053396      6888063392         5953342       8034       2000      10000          6
   0       14     1955     9986      6888063406      6888073392         5963352       8024       2000      10000          7
   0       14     1955     9996      6888073396      6888083392         5973342       8034       2000      10000          6
   0       14     1955     9996      6888083396      6888093392         5983342       8034       2000      10000          6
   0       14     1955     9996      6888093396      6888103392         5993342       8034       2000      10000          6
   0       14     1955     9996      6888103396      6888113392         6003342       8034       2000      10000          6
   0       14     1955     9996      6888113395      6888123392         6013342       8034       2000      10000          6
   0       14     1955     9996      6888123396      6888133392         6023342       8034       2000      10000          6
   0       14     1955     9996      6888133396      6888143392         6033342       8034       2000      10000          6
   0       14     1955     9996      6888143396      6888153392         6043342       8034       2000      10000          6
   0       14     1955     9996      6888153395      6888163392         6053342       8034       2000      10000          6
   0       14     1955     9996      6888163396      6888173392         6063342       8034       2000      10000          6
   0       14     1955     9997      6888173396      6888183392         6073342       8034       2000      10000          7
   0       14     1955     9996      6888183396      6888193392         6083342       8034       2000      10000          6
   0       14     1955     9996      6888193396      6888203392         6093342       8034       2000      10000          6
   0       14     1955     9996      6888203396      6888213392         6103342       8034       2000      10000          6
   0       14     1955     9997      6888213396      6888223392         6113342       8034       2000      10000          7
   0       14     1955     9996      6888223396      6888233392         6123342       8034       2000      10000          6
   0       14     1955     9996      6888233396      6888243392         6133342       8034       2000      10000          6
   0       14     1955     9996      6888243396      6888253392         6143342       8034       2000      10000          6
   0       14     1955     9996      6888253396      6888263392         6153342       8034       2000      10000          6
   0       14     1955     9996      6888263396      6888273392         6163342       8034       2000      10000          6
   0       14     1955     9996      6888273396      6888283392         6173342       8034       2000      10000          6
   0       14     1955     9996      6888283396      6888293392         6183342       8034       2000      10000          6
   0       14     1955     9996      6888293395      6888303392         6193342       8034       2000      10000          6
   0       14     1955     9996      6888303395      6888313392         6203342       8034       2000      10000          6
   0       14     1955     9996      6888313396      6888323392         6213342       8034       2000      10000          6
   0       14     1955     9999      6888323396      6888333394         6223342       8034       2000      10000          9
   0       14     1956     9995      6888333398      6888343393         6233344       8031       2000      10000          7
   0       14     1955     9995      6888343396      6888353392         6243343       8033       2000      10000          6
   0       14     1955     9996      6888353396      6888363392         6253342       8034       2000      10000          6
   0       14     1955     9996      6888363396      6888373392         6263342       8034       2000      10000          6
   0       14     1955     9996      6888373396      6888383392         6273342       8034       2000      10000          6
   0       14     1955     9996      6888383396      6888393392         6283342       8034       2000      10000          6
   0       14     1955     9984      6888393408      6888403392         6293354       8022       2000      10000          7
   0       14     1955     9996      6888403396      6888413392         6303342       8034       2000      10000          6
   0       14     1955     9996      6888413396      6888423392         6313342       8034       2000      10000          6
   0       14     1955     9996      6888423396      6888433392         6323342       8034       2000      10000          6
   0       14     1955     9996      6888433396      6888443392         6333342       8034       2000      10000          7
   0       14     1955     9996      6888443396      6888453392         6343342       8034       2000      10000          6
   0       14     1955     9996      6888453395      6888463392         6353342       8034       2000      10000          6
   0       14     1955     9996      6888463396      6888473392         6363342       8034       2000      10000          6
   0       14     1955     9996      6888473396      6888483392         6373342       8034       2000      10000          6
   0       14     1955     9996      6888483396      6888493392         6383342       8034       2000      10000          6
   0       14     1955     9996      6888493396      6888503392         6393342       8034       2000      10000          6
   0       14     1955     9996      6888503396      6888513392         6403342       8034       2000      10000          6
   0       14     1955     9996      6888513396      6888523392         6413342       8034       2000      10000          6
   0       14     1955     9996      6888523395      6888533392         6423342       8034       2000      10000          6
   0       14     1955     9996      6888533396      6888543392         6433342       8034       2000      10000          6
   0       14     1955     9996      6888543396      6888553392         6443342       8034       2000      10000          7
   0       14     1955     9996      6888553396      6888563392         6453342       8034       2000      10000          7
   0       14     1955     9996      6888563396      6888573392         6463342       8034       2000      10000          7
   0       14     1955     9996      6888573396      6888583392         6473342       8034       2000      10000          6
   0       14     1955     9996      6888583396      6888593392         6483342       8034       2000      10000          6
   0       14     1955     9996      6888593395      6888603392         6493342       8034       2000      10000          6
   0       14     1955     9996      6888603396      6888613392         6503342       8034       2000      10000          6
   0       14     1955     9996      6888613396      6888623392         6513342       8034       2000      10000          6
   0       14     1955     9996      6888623396      6888633392         6523342       8034       2000      10000          6
   0       14     1955     9996      6888633396      6888643392         6533342       8034       2000      10000          7
   0       14     1955     9996      6888643396      6888653392         6543342       8034       2000      10000          6
   0       14     1955     9996      6888653396      6888663392         6553342       8034       2000      10000          7
   0       14     1955     9996      6888663396      6888673392         6563342       8034       2000      10000          6
   0       14     1955     9996      6888673396      6888683392         6573342       8034       2000      10000          7
   0       14     1955     9996      6888683396      6888693392         6583342       8034       2000      10000          7
   0       14     1955     9996      6888693396      6888703392         6593342       8034       2000      10000          7
   0       14     1955     9996      6888703396      6888713392         6603342       8034       2000      10000          7
   0       14     1955     9996      6888713396      6888723392         6613342       8034       2000      10000          7
   0       14     1955     9986      6888723406      6888733392         6623353       8023       2000      10000          7
   0       14     1955     9996      6888733396      6888743392         6633342       8034       2000      10000          7
   0       14     1955     9996      6888743396      6888753392         6643342       8034       2000      10000          6
   0       14     1955     9996      6888753396      6888763392         6653342       8034       2000      10000          7
   0       14     1955     9996      6888763396      6888773392         6663342       8034       2000      10000          6
   0       14     1955     9996      6888773396      6888783392         6673342       8034       2000      10000          6
   0       14     1955     9996      6888783395      6888793392         6683342       8034       2000      10000          6
   0       14     1955     9996      6888793396      6888803392         6693342       8034       2000      10000          6
   0       14     1955     9996      6888803396      6888813392         6703342       8034       2000      10000          7
   0       14     1955     9996      6888813396      6888823392         6713342       8034       2000      10000          6
   0       14     1955     9996      6888823396      6888833392         6723342       8034       2000      10000          6
   0       14     1955     9997      6888833396      6888843392         6733342       8034       2000      10000          7
   0       14     1955     9996      6888843396      6888853392         6743342       8034       2000      10000          7
   0       14     1955     9996      6888853396      6888863392         6753342       8034       2000      10000          7
   0       14     1955     9996      6888863396      6888873392         6763342       8034       2000      10000          7
   0       14     1955     9996      6888873396      6888883392         6773342       8034       2000      10000          6
   0       14     1955     9997      6888883395      6888893392         6783342       8034       2000      10000          7
   0       14     1955     9996      6888893396      6888903392         6793342       8034       2000      10000          7
   0       14     1955     9996      6888903396      6888913392         6803342       8034       2000      10000          7
   0       14     1955     9996      6888913396      6888923392         6813342       8034       2000      10000          7
   0       14     1955     9996      6888923396      6888933392         6823342       8034       2000      10000          6
   0       14     1955     9996      6888933396      6888943392         6833342       8034       2000      10000          6
   0       14     1955     9996      6888943396      6888953392         6843342       8034       2000      10000          6
   0       14     1955     9996      6888953396      6888963392         6853342       8034       2000      10000          6
   0       14     1955     9996      6888963396      6888973392         6863342       8034       2000      10000          6
   0       14     1955     9997      6888973396      6888983392         6873342       8034       2000      10000          7
   0       14     1955     9996      6888983396      6888993392         6883342       8034       2000      10000          7
   0       14     1955     9996      6888993396      6889003392         6893342       8034       2000      10000          7
   0       14     1955     9996      6889003396      6889013392         6903342       8034       2000      10000          7
   0       14     1955     9996      6889013396      6889023392         6913342       8034       2000      10000          7
   0       14     1955     9996      6889023396      6889033392         6923342       8034       2000      10000          6
   0       14     1955     9996      6889033395      6889043392         6933342       8034       2000      10000          6
   0       14     1955     9996      6889043396      6889053392         6943342       8034       2000      10000          6
   0       14     1955     9986      6889053406      6889063392         6953352       8024       2000      10000          7
   0       14     1955     9996      6889063396      6889073392         6963342       8034       2000      10000          7
   0       14     1955     9996      6889073396      6889083392         6973342       8034       2000      10000          6
   0       14     1955     9996      6889083396      6889093392         6983342       8034       2000      10000          6
   0       14     1955     9996      6889093395      6889103392         6993342       8034       2000      10000          6
   0       14     1955     9996      6889103396      6889113392         7003342       8034       2000      10000          6
   0       14     1955     9996      6889113396      6889123392         7013342       8034       2000      10000          6
   0       14     1955     9996      6889123396      6889133392         7023342       8034       2000      10000          6
   0       14     1955     9996      6889133396      6889143392         7033342       8034       2000      10000          6
   0       14     1955     9996      6889143396      6889153392         7043342       8034       2000      10000          6
   0       14     1955     9996      6889153395      6889163392         7053342       8034       2000      10000          6
   0       14     1955     9996      6889163396      6889173392         7063342       8034       2000      10000          6
   0       14     1955     9996      6889173395      6889183392         7073342       8034       2000      10000          6
   0       14     1955     9996      6889183396      6889193392         7083342       8034       2000      10000          6
   0       14     1955     9996      6889193396      6889203392         7093342       8034       2000      10000          6
   0       14     1955     9996      6889203396      6889213392         7103342       8034       2000      10000          6
   0       14     1955     9996      6889213396      6889223392         7113342       8034       2000      10000          7
   0       14     1955     9996      6889223396      6889233392         7123342       8034       2000      10000          6
   0       14     1955     9996      6889233396      6889243392         7133342       8034       2000      10000          6
   0       14     1955     9996      6889243396      6889253392         7143342       8034       2000      10000          6
   0       14     1955     9996      6889253396      6889263392         7153342       8034       2000      10000          6
   0       14     1955     9996      6889263396      6889273392         7163342       8034       2000      10000          6
   0       14     1955     9996      6889273396      6889283392         7173342       8034       2000      10000          6
   0       14     1955     9996      6889283396      6889293392         7183342       8034       2000      10000          6
   0       14     1955     9996      6889293396      6889303392         7193342       8034       2000      10000          6
   0       14     1955     9996      6889303396      6889313392         7203342       8034       2000      10000          6
   0       14     1955     9996      6889313395      6889323392         7213342       8034       2000      10000          6
   0       14     1955     9997      6889323396      6889333393         7223342       8034       2000      10000          7
   0       14     1956     9996      6889333397      6889343393         7233343       8032       2000      10000          7
   0       14     1955     9995      6889343397      6889353392         7243343       8033       2000      10000          7
   0       14     1955     9996      6889353396      6889363392         7253342       8034       2000      10000          7
   0       14     1955     9996      6889363396      6889373392         7263342       8034       2000      10000          7
   0       14     1955     9996      6889373396      6889383392         7273342       8034       2000      10000          6
   0       14     1955     9985      6889383407      6889393392         7283353       8023       2000      10000          7
   0       14     1955     9996      6889393396      6889403392         7293342       8034       2000      10000          6
   0       14     1955     9996      6889403396      6889413392         7303342       8034       2000      10000          6
   0       14     1955     9996      6889413395      6889423392         7313342       8034       2000      10000          6
   0       14     1955     9996      6889423396      6889433392         7323342       8034       2000      10000          6
   0       14     1955     9996      6889433396      6889443392         7333342       8034       2000      10000          6
   0       14     1955     9996      6889443396      6889453392         7343342       8034       2000      10000          7
   0       14     1955     9996      6889453396      6889463392         7353342       8034       2000      10000          6
   0       14     1955     9996      6889463396      6889473392         7363342       8034       2000      10000          7
   0       14     1955     9996      6889473396      6889483392         7373342       8034       2000      10000          6
   0       14     1955     9996      6889483396      6889493392         7383342       8034       2000      10000          6
   0       14     1955     9996      6889493396      6889503392         7393342       8034       2000      10000          7
   0       14     1955     9996      6889503396      6889513392         7403342       8034       2000      10000          6
   0       14     1955     9996      6889513396      6889523392         7413342       8034       2000      10000          7
   0       14     1955     9996      6889523396      6889533392         7423342       8034       2000      10000          6
   0       14     1955     9996      6889533396      6889543392         7433342       8034       2000      10000          6
   0       14     1955     9996      6889543396      6889553392         7443342       8034       2000      10000          6
   0       14     1955     9996      6889553395      6889563392         7453342       8034       2000      10000          6
   0       14     1955     9996      6889563396      6889573392         7463342       8034       2000      10000          6
   0       14     1955     9996      6889573396      6889583392         7473342       8034       2000      10000          6
   0       14     1955     9996      6889583396      6889593392         7483342       8034       2000      10000          6
   0       14     1955     9996      6889593396      6889603392         7493342       8034       2000      10000          6
   0       14     1955     9997      6889603395      6889613392         7503342       8034       2000      10000          7
   0       14     1955     9996      6889613396      6889623392         7513342       8034       2000      10000          6
   0       14     1955     9996      6889623396      6889633392         7523342       8034       2000      10000          6
   0       14     1955     9996      6889633396      6889643392         7533342       8034       2000      10000          7
   0       14     1955     9996      6889643396      6889653392         7543342       8034       2000      10000          7
   0       14     1955     9996      6889653396      6889663392         7553342       8034       2000      10000          6
   0       14     1955     9996      6889663396      6889673392         7563342       8034       2000      10000          7
   0       14     1955     9996      6889673396      6889683392         7573342       8034       2000      10000          6
   0       14     1955     9996      6889683396      6889693392         7583342       8034       2000      10000          6
   0       14     1955     9996      6889693396      6889703392         7593342       8034       2000      10000          6
   0       14     1955     9996      6889703396      6889713392         7603342       8034       2000      10000          6
   0       14     1955     9986      6889713406      6889723392         7613352       8024       2000      10000          7
   0       14     1955     9996      6889723396      6889733392         7623342       8034       2000      10000          6
   0       14     1955     9996      6889733396      6889743392         7633342       8034       2000      10000          6
   0       14     1955     9996      6889743396      6889753392         7643342       8034       2000      10000          6
   0       14     1955     9996      6889753396      6889763392         7653342       8034       2000      10000          6
   0       14     1955     9996      6889763396      6889773392         7663342       8034       2000      10000          6
   0       14     1955     9996      6889773396      6889783392         7673342       8034       2000      10000          6
   0       14     1955     9996      6889783396      6889793392         7683342       8034       2000      10000          7
   0       14     1955     9996      6889793396      6889803392         7693342       8034       2000      10000          6
   0       14     1955     9996      6889803396      6889813392         7703342       8034       2000      10000          6
   0       14     1955     9996      6889813396      6889823392         7713342       8034       2000      10000          6
   0       14     1955     9996      6889823396      6889833392         7723342       8034       2000      10000          6
   0       14     1955     9996      6889833396      6889843392         7733342       8034       2000      10000          6
   0       14     1955     9996      6889843396      6889853392         7743342       8034       2000      10000          7
   0       14     1955     9996      6889853396      6889863392         7753342       8034       2000      10000          6
   0       14     1955     9996      6889863395      6889873392         7763342       8034       2000      10000          6
   0       14     1955     9996      6889873396      6889883392         7773342       8034       2000      10000          6
   0       14     1955     9996      6889883396      6889893392         7783342       8034       2000      10000          6
   0       14     1955     9996      6889893396      6889903392         7793342       8034       2000      10000          6
   0       14     1955     9996      6889903395      6889913392         7803342       8034       2000      10000          6
   0       14     1955     9996      6889913395      6889923392         7813341       8035       2000      10000          6
   0       14     1955     9996      6889923396      6889933392         7823342       8034       2000      10000          6
   0       14     1955     9996      6889933396      6889943392         7833342       8034       2000      10000          6
   0       14     1955     9996      6889943396      6889953392         7843342       8034       2000      10000          6
   0       14     1955     9997      6889953396      6889963392         7853342       8034       2000      10000          7
   0       14     1955     9996      6889963396      6889973392         7863342       8034       2000      10000          7
   0       14     1955     9996      6889973396      6889983392         7873342       8034       2000      10000          6
   0       14     1955     9996      6889983396      6889993392         7883342       8034       2000      10000          6
   0       14     1955     9996      6889993396      6890003392         7893342       8034       2000      10000          6
   0       14     1955     9996      6890003396      6890013392         7903342       8034       2000      10000          6
   0       14     1955     9996      6890013396      6890023392         7913342       8034       2000      10000          6
   0       14     1955     9996      6890023396      6890033392         7923342       8034       2000      10000          6
   0       14     1955     9996      6890033396      6890043392         7933342       8034       2000      10000          6
   0       14     1955     9986      6890043406      6890053392         7943352       8024       2000      10000          7
   0       14     1955     9996      6890053396      6890063392         7953342       8034       2000      10000          6
   0       14     1955     9996      6890063396      6890073392         7963342       8034       2000      10000          6
   0       14     1955     9996      6890073396      6890083392         7973342       8034       2000      10000          6
   0       14     1955     9996      6890083396      6890093392         7983342       8034       2000      10000          6
   0       14     1955     9996      6890093396      6890103392         7993342       8034       2000      10000          6
   0       14     1955     9996      6890103396      6890113392         8003342       8034       2000      10000          6
   0       14     1955     9996      6890113396      6890123392         8013342       8034       2000      10000          7
   0       14     1955     9996      6890123396      6890133392         8023342       8034       2000      10000          6
   0       14     1955     9996      6890133396      6890143392         8033342       8034       2000      10000          7
   0       14     1955     9996      6890143396      6890153392         8043342       8034       2000      10000          6
   0       14     1955     9996      6890153396      6890163392         8053342       8034       2000      10000          7
   0       14     1955     9996      6890163396      6890173392         8063342       8034       2000      10000          7
   0       14     1955     9996      6890173396      6890183392         8073342       8034       2000      10000          6
   0       14     1955     9996      6890183396      6890193392         8083342       8034       2000      10000          6
   0       14     1955     9996      6890193396      6890203392         8093342       8034       2000      10000          6
   0       14     1955     9996      6890203396      6890213392         8103342       8034       2000      10000          7
   0       14     1955     9996      6890213396      6890223392         8113342       8034       2000      10000          6
   0       14     1955     9996      6890223395      6890233392         8123342       8034       2000      10000          6
   0       14     1955     9996      6890233396      6890243392         8133342       8034       2000      10000          6
   0       14     1955     9996      6890243396      6890253392         8143342       8034       2000      10000          6
   0       14     1955     9996      6890253396      6890263392         8153342       8034       2000      10000          6
   0       14     1955     9996      6890263396      6890273392         8163342       8034       2000      10000          6
   0       14     1955     9996      6890273396      6890283392         8173342       8034       2000      10000          6
   0       14     1955     9996      6890283396      6890293392         8183342       8034       2000      10000          6
   0       14     1955     9997      6890293396      6890303392         8193342       8034       2000      10000          7
   0       14     1955     9996      6890303396      6890313392         8203342       8034       2000      10000          7
   0       14     1955     9996      6890313396      6890323392         8213342       8034       2000      10000          7
   0       14     1955     9999      6890323396      6890333394         8223342       8034       2000      10000          9
   0       14     1956     9995      6890333398      6890343393         8233344       8031       2000      10000          7
   0       14     1955     9995      6890343397      6890353392         8243343       8033       2000      10000          7
   0       14     1955     9996      6890353396      6890363392         8253342       8034       2000      10000          7
   0       14     1955     9996      6890363396      6890373392         8263342       8034       2000      10000          7
   0       14     1955     9984      6890373408      6890383392         8273354       8022       2000      10000          7
   0       14     1955     9996      6890383396      6890393392         8283342       8034       2000      10000          6
   0       14     1955     9996      6890393396      6890403392         8293342       8034       2000      10000          6
   0       14     1955     9996      6890403396      6890413392         8303342       8034       2000      10000          6
   0       14     1955     9997      6890413396      6890423392         8313342       8034       2000      10000          7
   0       14     1955     9996      6890423396      6890433392         8323342       8034       2000      10000          7
   0       14     1955     9996      6890433396      6890443392         8333342       8034       2000      10000          6
   0       14     1955     9996      6890443396      6890453392         8343342       8034       2000      10000          6
   0       14     1955     9996      6890453396      6890463392         8353342       8034       2000      10000          6
   0       14     1955     9996      6890463396      6890473392         8363342       8034       2000      10000          6
   0       14     1955     9996      6890473396      6890483392         8373342       8034       2000      10000          7
   0       14     1955     9996      6890483396      6890493392         8383342       8034       2000      10000          6
   0       14     1955     9997      6890493396      6890503392         8393342       8034       2000      10000          7
   0       14     1955     9996      6890503396      6890513392         8403342       8034       2000      10000          6
   0       14     1955     9996      6890513396      6890523392         8413342       8034       2000      10000          6
   0       14     1955     9996      6890523396      6890533392         8423342       8034       2000      10000          6
   0       14     1955     9996      6890533395      6890543392         8433342       8034       2000      10000          6
   0       14     1955     9996      6890543396      6890553392         8443342       8034       2000      10000          6
   0       14     1955     9996      6890553396      6890563392         8453342       8034       2000      10000          6
   0       14     1955     9997      6890563396      6890573392         8463342       8034       2000      10000          7
   0       14     1955     9996      6890573396      6890583392         8473342       8034       2000      10000          7
   0       14     1955     9996      6890583396      6890593392         8483342       8034       2000      10000          6
   0       14     1955     9996      6890593396      6890603392         8493342       8034       2000      10000          6
   0       14     1955     9996      6890603396      6890613392         8503342       8034       2000      10000          6
   0       14     1955     9996      6890613396      6890623392         8513342       8034       2000      10000          6
   0       14     1955     9996      6890623396      6890633392         8523342       8034       2000      10000          6
   0       14     1955     9996      6890633396      6890643392         8533342       8034       2000      10000          6
   0       14     1955     9996      6890643396      6890653392         8543342       8034       2000      10000          7
   0       14     1955     9996      6890653396      6890663392         8553342       8034       2000      10000          6
   0       14     1955     9997      6890663396      6890673392         8563342       8034       2000      10000          7
   0       14     1955     9996      6890673396      6890683392         8573342       8034       2000      10000          7
   0       14     1955     9996      6890683396      6890693392         8583342       8034       2000      10000          6
   0       14     1955     9996      6890693396      6890703392         8593342       8034       2000      10000          7
   0       14     1955     9984      6890703408      6890713392         8603354       8022       2000      10000          7
   0       14     1955     9996      6890713396      6890723392         8613342       8034       2000      10000          6
   0       14     1955     9996      6890723396      6890733392         8623342       8034       2000      10000          6
   0       14     1955     9996      6890733396      6890743392         8633342       8034       2000      10000          7
   0       14     1955     9996      6890743396      6890753392         8643342       8034       2000      10000          6
   0       14     1955     9996      6890753396      6890763392         8653342       8034       2000      10000          6
   0       14     1955     9996      6890763396      6890773392         8663342       8034       2000      10000          6
   0       14     1955     9996      6890773396      6890783392         8673342       8034       2000      10000          6
   0       14     1955     9996      6890783396      6890793392         8683342       8034       2000      10000          6
   0       14     1955     9996      6890793396      6890803392         8693342       8034       2000      10000          6
   0       14     1955     9996      6890803396      6890813392         8703342       8034       2000      10000          6
   0       14     1955     9996      6890813396      6890823392         8713342       8034       2000      10000          7
   0       14     1955     9996      6890823396      6890833392         8723342       8034       2000      10000          6
   0       14     1955     9996      6890833396      6890843392         8733342       8034       2000      10000          6
   0       14     1955     9996      6890843396      6890853392         8743342       8034       2000      10000          6
   0       14     1955     9996      6890853396      6890863392         8753342       8034       2000      10000          6
   0       14     1955     9996      6890863396      6890873392         8763342       8034       2000      10000          6
   0       14     1955     9996      6890873395      6890883392         8773342       8034       2000      10000          6
   0       14     1955     9996      6890883395      6890893392         8783342       8034       2000      10000          6
   0       14     1955     9996      6890893396      6890903392         8793342       8034       2000      10000          6
   0       14     1955     9996      6890903396      6890913392         8803342       8034       2000      10000          6
   0       14     1955     9996      6890913396      6890923392         8813342       8034       2000      10000          6
   0       14     1955     9996      6890923396      6890933392         8823342       8034       2000      10000          7
   0       14     1955     9996      6890933396      6890943392         8833342       8034       2000      10000          7
   0       14     1955     9996      6890943396      6890953392         8843342       8034       2000      10000          6
   0       14     1955     9996      6890953396      6890963392         8853342       8034       2000      10000          6
   0       14     1955     9996      6890963396      6890973392         8863342       8034       2000      10000          6
   0       14     1955     9996      6890973396      6890983392         8873342       8034       2000      10000          6
   0       14     1955     9996      6890983396      6890993392         8883342       8034       2000      10000          6
   0       14     1955     9996      6890993396      6891003392         8893342       8034       2000      10000          6
   0       14     1955     9996      6891003396      6891013392         8903342       8034       2000      10000          6
   0       14     1955     9996      6891013396      6891023392         8913342       8034       2000      10000          6
   0       14     1955     9996      6891023396      6891033392         8923342       8034       2000      10000          7
   0       14     1955     9986      6891033406      6891043392         8933352       8023       2000      10000          7
   0       14     1955     9996      6891043396      6891053392         8943342       8034       2000      10000          6
   0       14     1955     9996      6891053396      6891063392         8953342       8034       2000      10000          6
   0       14     1955     9996      6891063396      6891073392         8963342       8034       2000      10000          6
   0       14     1955     9996      6891073396      6891083392         8973342       8034       2000      10000          6
   0       14     1955     9996      6891083396      6891093392         8983342       8034       2000      10000          6
   0       14     1955     9996      6891093396      6891103392         8993342       8034       2000      10000          7
   0       14     1955     9996      6891103396      6891113392         9003342       8034       2000      10000          7
   0       14     1955     9996      6891113396      6891123392         9013342       8034       2000      10000          6
   0       14     1955     9996      6891123396      6891133392         9023342       8034       2000      10000          6
   0       14     1955     9996      6891133396      6891143392         9033342       8034       2000      10000          7
   0       14     1955     9996      6891143396      6891153392         9043342       8034       2000      10000          7
   0       14     1955     9996      6891153396      6891163392         9053342       8034       2000      10000          6
   0       14     1955     9996      6891163396      6891173392         9063342       8034       2000      10000          7
   0       14     1955     9996      6891173396      6891183392         9073342       8034       2000      10000          6
   0       14     1955     9996      6891183396      6891193392         9083342       8034       2000      10000          7
   0       14     1955     9996      6891193396      6891203392         9093342       8034       2000      10000          6
   0       14     1955     9996      6891203396      6891213392         9103342       8034       2000      10000          6
   0       14     1955     9996      6891213396      6891223392         9113342       8034       2000      10000          6
   0       14     1955     9996      6891223396      6891233392         9123342       8034       2000      10000          7
   0       14     1955     9996      6891233396      6891243392         9133342       8034       2000      10000          6
   0       14     1955     9996      6891243396      6891253392         9143342       8034       2000      10000          6
   0       14     1955     9996      6891253396      6891263392         9153342       8034       2000      10000          6
   0       14     1955     9996      6891263396      6891273392         9163342       8034       2000      10000          6
   0       14     1955     9996      6891273396      6891283392         9173342       8034       2000      10000          6
   0       14     1955     9996      6891283396      6891293392         9183342       8034       2000      10000          6
   0       14     1955     9996      6891293396      6891303392         9193342       8034       2000      10000          6
   0       14     1955     9997      6891303396      6891313392         9203342       8034       2000      10000          7
   0       14     1955     9997      6891313396      6891323393         9213342       8034       2000      10000          7
   0       14     1955     9997      6891323396      6891333393         9223343       8033       2000      10000          8
   0       14     1956     9996      6891333397      6891343393         9233343       8032       2000      10000          7
   0       14     1955     9995      6891343397      6891353392         9243343       8033       2000      10000          7
   0       14     1955     9996      6891353396      6891363392         9253342       8034       2000      10000          7
   0       14     1955     9983      6891363409      6891373392         9263355       8021       2000      10000          6
   0       14     1955     9996      6891373396      6891383392         9273342       8034       2000      10000          7
   0       14     1955     9996      6891383396      6891393392         9283342       8034       2000      10000          7
   0       14     1955     9996      6891393396      6891403392         9293342       8034       2000      10000          6
   0       14     1955     9996      6891403396      6891413392         9303342       8034       2000      10000          6
   0       14     1955     9996      6891413396      6891423392         9313342       8034       2000      10000          6
   0       14     1955     9996      6891423396      6891433392         9323342       8034       2000      10000          7
   0       14     1955     9996      6891433396      6891443392         9333342       8034       2000      10000          7
   0       14     1955     9996      6891443396      6891453392         9343342       8034       2000      10000          7
   0       14     1955     9996      6891453396      6891463392         9353342       8034       2000      10000          7
   0       14     1955     9996      6891463396      6891473392         9363342       8034       2000      10000          7
   0       14     1955     9996      6891473396      6891483392         9373342       8034       2000      10000          6
   0       14     1955     9996      6891483396      6891493392         9383342       8034       2000      10000          7
   0       14     1955     9996      6891493396      6891503392         9393342       8034       2000      10000          6
   0       14     1955     9996      6891503396      6891513392         9403342       8034       2000      10000          7
   0       14     1955     9996      6891513396      6891523392         9413342       8034       2000      10000          6
   0       14     1955     9996      6891523396      6891533392         9423342       8034       2000      10000          6
   0       14     1955     9996      6891533395      6891543392         9433342       8034       2000      10000          6
   0       14     1955     9996      6891543396      6891553392         9443342       8034       2000      10000          6
   0       14     1955     9996      6891553396      6891563392         9453342       8034       2000      10000          6
   0       14     1955     9996      6891563396      6891573392         9463342       8034       2000      10000          7
   0       14     1955     9996      6891573396      6891583392         9473342       8034       2000      10000          6
   0       14     1955     9997      6891583396      6891593392         9483342       8034       2000      10000          7
   0       14     1955     9996      6891593396      6891603392         9493342       8034       2000      10000          7
   0       14     1955     9996      6891603396      6891613392         9503342       8034       2000      10000          6
   0       14     1955     9996      6891613396      6891623392         9513342       8034       2000      10000          6
   0       14     1955     9996      6891623396      6891633392         9523342       8034       2000      10000          6
   0       14     1955     9996      6891633396      6891643392         9533342       8034       2000      10000          7
   0       14     1955     9996      6891643396      6891653392         9543342       8034       2000      10000          6
   0       14     1955     9996      6891653396      6891663392         9553342       8034       2000      10000          6
   0       14     1955     9997      6891663396      6891673392         9563342       8034       2000      10000          7
   0       14     1955     9996      6891673396      6891683392         9573342       8034       2000      10000          6
   0       14     1955     9996      6891683396      6891693392         9583342       8034       2000      10000          6
   0       14     1955     9986      6891693406      6891703392         9593353       8023       2000      10000          6
   0       14     1955     9996      6891703396      6891713392         9603342       8034       2000      10000          7
   0       14     1955     9996      6891713396      6891723392         9613342       8034       2000      10000          6
   0       14     1955     9996      6891723396      6891733392         9623342       8034       2000      10000          7
   0       14     1955     9996      6891733396      6891743392         9633342       8034       2000      10000          7
   0       14     1955     9996      6891743396      6891753392         9643342       8034       2000      10000          6
   0       14     1955     9996      6891753396      6891763392         9653342       8034       2000      10000          7
   0       14     1955     9996      6891763396      6891773392         9663342       8034       2000      10000          6
   0       14     1955     9996      6891773396      6891783392         9673342       8034       2000      10000          7
   0       14     1955     9996      6891783396      6891793392         9683342       8034       2000      10000          6
   0       14     1955     9996      6891793396      6891803392         9693342       8034       2000      10000          6
   0       14     1955     9996      6891803396      6891813392         9703342       8034       2000      10000          6
   0       14     1955     9996      6891813396      6891823392         9713342       8034       2000      10000          6
   0       14     1955     9996      6891823396      6891833392         9723342       8034       2000      10000          6
   0       14     1955     9996      6891833396      6891843392         9733342       8034       2000      10000          7
   0       14     1955     9996      6891843396      6891853392         9743342       8034       2000      10000          6
   0       14     1955     9996      6891853396      6891863392         9753342       8034       2000      10000          6
   0       14     1955     9996      6891863396      6891873392         9763342       8034       2000      10000          7
   0       14     1955     9996      6891873396      6891883392         9773342       8034       2000      10000          7
   0       14     1955     9996      6891883396      6891893392         9783342       8034       2000      10000          7
   0       14     1955     9996      6891893396      6891903392         9793342       8034       2000      10000          6
   0       14     1955     9997      6891903395      6891913392         9803342       8034       2000      10000          7
   0       14     1955     9996      6891913396      6891923392         9813342       8034       2000      10000          6
   0       14     1955     9996      6891923396      6891933392         9823342       8034       2000      10000          7
   0       14     1955     9996      6891933396      6891943392         9833342       8034       2000      10000          7
   0       14     1955     9996      6891943396      6891953392         9843342       8034       2000      10000          6
   0       14     1955     9996      6891953396      6891963392         9853342       8034       2000      10000          7
   0       14     1955     9996      6891963396      6891973392         9863342       8034       2000      10000          6
   0       14     1955     9996      6891973396      6891983392         9873342       8034       2000      10000          6
   0       14     1955     9997      6891983396      6891993392         9883342       8034       2000      10000          7
   0       14     1955     9996      6891993396      6892003392         9893342       8034       2000      10000          7
   0       14     1955     9996      6892003396      6892013392         9903342       8034       2000      10000          6
   0       14     1955     9996      6892013396      6892023392         9913342       8034       2000      10000          6
   0       14     1955     9986      6892023406      6892033392         9923353       8023       2000      10000          7
   0       14     1955     9996      6892033396      6892043392         9933342       8034       2000      10000          7
   0       14     1955     9996      6892043396      6892053392         9943342       8034       2000      10000          6
   0       14     1955     9996      6892053396      6892063392         9953342       8034       2000      10000          6
   0       14     1955     9996      6892063396      6892073392         9963342       8034       2000      10000          7
   0       14     1955     9996      6892073396      6892083392         9973342       8034       2000      10000          7
   0       14     1955     9996      6892083396      6892093392         9983342       8034       2000      10000          6
   0       14     1955     9997      6892093396      6892103392         9993342       8034       2000      10000          7
   0       14     1955     9996      6892103396      6892113392        10003343       8033       2000      10000          7
   0       14     1955     9996      6892113396      6892123392        10013342       8034       2000      10000          6
   0       14     1955     9996      6892123396      6892133392        10023342       8034       2000      10000          6
   0       14     1955     9996      6892133396      6892143392        10033342       8034       2000      10000          6
   0       14     1955     9996      6892143396      6892153392        10043342       8034       2000      10000          6
   0       14     1955     9996      6892153396      6892163392        10053342       8034       2000      10000          6
   0       14     1955     9996      6892163396      6892173392        10063342       8034       2000      10000          7
   0       14     1955     9996      6892173396      6892183392        10073342       8034       2000      10000          6
   0       14     1955     9996      6892183395      6892193392        10083342       8034       2000      10000          6
   0       14     1955     9996      6892193395      6892203392        10093342       8034       2000      10000          6
   0       14     1955     9996      6892203396      6892213392        10103342       8034       2000      10000          6
   0       14     1955     9996      6892213396      6892223392        10113342       8034       2000      10000          6
   0       14     1955     9996      6892223396      6892233392        10123342       8034       2000      10000          6
   0       14     1955     9996      6892233396      6892243392        10133342       8034       2000      10000          6
   0       14     1955     9996      6892243396      6892253392        10143342       8034       2000      10000          7
   0       14     1955     9996      6892253396      6892263392        10153342       8034       2000      10000          6
   0       14     1955     9996      6892263396      6892273392        10163342       8034       2000      10000          7
   0       14     1955     9996      6892273396      6892283392        10173342       8034       2000      10000          6
   0       14     1955     9996      6892283396      6892293392        10183342       8034       2000      10000          7
   0       14     1955     9996      6892293396      6892303392        10193342       8034       2000      10000          6
   0       14     1955     9996      6892303396      6892313392        10203342       8034       2000      10000          7
   0       14     1955     9996      6892313396      6892323392        10213342       8034       2000      10000          7
   0       14     1955     9999      6892323396      6892333395        10223342       8034       2000      10000          9
   0       14     1956     9995      6892333398      6892343393        10233344       8030       2000      10000          7
   0       14     1955     9995      6892343397      6892353392        10243343       8033       2000      10000          6
   0       14     1955     9996      6892353396      6892363392        10253342       8034       2000      10000          6
   0       14     1955     9981      6892363411      6892373392        10263357       8019       2000      10000          7
   0       14     1955     9996      6892373396      6892383392        10273342       8034       2000      10000          6
   0       14     1955     9996      6892383396      6892393392        10283342       8034       2000      10000          6
   0       14     1955     9996      6892393396      6892403392        10293342       8034       2000      10000          6
   0       14     1955     9996      6892403396      6892413392        10303342       8034       2000      10000          6
   0       14     1955     9996      6892413396      6892423392        10313342       8034       2000      10000          6
   0       14     1955     9996      6892423396      6892433392        10323342       8034       2000      10000          7
   0       14     1955     9996      6892433396      6892443392        10333342       8034       2000      10000          6
   0       14     1955     9996      6892443396      6892453392        10343342       8034       2000      10000          6
   0       14     1955     9996      6892453396      6892463392        10353342       8034       2000      10000          7
   0       14     1955     9996      6892463396      6892473392        10363342       8034       2000      10000          7
   0       14     1955     9996      6892473396      6892483392        10373342       8034       2000      10000          7
   0       14     1955     9996      6892483396      6892493392        10383342       8034       2000      10000          6
   0       14     1955     9996      6892493396      6892503392        10393342       8034       2000      10000          6
   0       14     1955     9996      6892503396      6892513392        10403342       8034       2000      10000          6
   0       14     1955     9996      6892513396      6892523392        10413342       8034       2000      10000          6
   0       14     1955     9996      6892523396      6892533392        10423342       8034       2000      10000          6
   0       14     1955     9996      6892533396      6892543392        10433342       8034       2000      10000          7
   0       14     1955     9996      6892543396      6892553392        10443342       8034       2000      10000          6
   0       14     1955     9996      6892553396      6892563392        10453342       8034       2000      10000          6
   0       14     1955     9996      6892563396      6892573392        10463342       8034       2000      10000          7
   0       14     1955     9996      6892573396      6892583392        10473342       8034       2000      10000          7
   0       14     1955     9996      6892583396      6892593392        10483342       8034       2000      10000          6
   0       14     1955     9996      6892593396      6892603392        10493342       8034       2000      10000          7
   0       14     1955     9996      6892603396      6892613392        10503342       8034       2000      10000          6
   0       14     1955     9996      6892613396      6892623392        10513342       8034       2000      10000          7
   0       14     1955     9996      6892623396      6892633392        10523342       8034       2000      10000          7
   0       14     1955     9996      6892633396      6892643392        10533342       8034       2000      10000          6
   0       14     1955     9996      6892643396      6892653392        10543342       8034       2000      10000          6
   0       14     1955     9996      6892653396      6892663392        10553342       8034       2000      10000          6
   0       14     1955     9997      6892663396      6892673392        10563342       8034       2000      10000          7
   0       14     1955     9996      6892673396      6892683392        10573342       8034       2000      10000          6
   0       14     1955     9997      6892683395      6892693392        10583342       8034       2000      10000          7
   0       14     1955     9985      6892693407      6892703392        10593353       8023       2000      10000          7
   0       14     1955     9996      6892703396      6892713392        10603342       8034       2000      10000          6
   0       14     1955     9996      6892713396      6892723392        10613342       8034       2000      10000          7
   0       14     1955     9996      6892723396      6892733392        10623342       8034       2000      10000          6
   0       14     1955     9996      6892733395      6892743392        10633342       8034       2000      10000          6
   0       14     1955     9996      6892743396      6892753392        10643342       8034       2000      10000          6
   0       14     1955     9996      6892753396      6892763392        10653342       8034       2000      10000          6
   0       14     1955     9996      6892763395      6892773392        10663342       8034       2000      10000          6
   0       14     1955     9996      6892773396      6892783392        10673342       8034       2000      10000          6
   0       14     1955     9996      6892783395      6892793392        10683342       8034       2000      10000          6
   0       14     1955     9996      6892793396      6892803392        10693342       8034       2000      10000          6
   0       14     1955     9996      6892803396      6892813392        10703342       8034       2000      10000          6
   0       14     1955     9996      6892813396      6892823392        10713342       8034       2000      10000          6
   0       14     1955     9996      6892823395      6892833392        10723342       8034       2000      10000          6
   0       14     1955     9996      6892833396      6892843392        10733342       8034       2000      10000          6
   0       14     1955     9996      6892843396      6892853392        10743342       8034       2000      10000          6
   0       14     1955     9996      6892853396      6892863392        10753342       8034       2000      10000          6
   0       14     1955     9996      6892863396      6892873392        10763342       8034       2000      10000          7
   0       14     1955     9996      6892873396      6892883392        10773342       8034       2000      10000          6
   0       14     1955     9996      6892883396      6892893392        10783342       8034       2000      10000          6
   0       14     1955     9996      6892893396      6892903392        10793342       8034       2000      10000          6
   0       14     1955     9996      6892903396      6892913392        10803342       8034       2000      10000          6
   0       14     1955     9996      6892913396      6892923392        10813342       8034       2000      10000          6
   0       14     1955     9997      6892923395      6892933392        10823342       8034       2000      10000          7
   0       14     1955     9996      6892933396      6892943392        10833342       8034       2000      10000          6
   0       14     1955     9996      6892943396      6892953392        10843342       8034       2000      10000          6
   0       14     1955     9996      6892953396      6892963392        10853342       8034       2000      10000          7
   0       14     1955     9996      6892963396      6892973392        10863342       8034       2000      10000          6
   0       14     1955     9996      6892973396      6892983392        10873342       8034       2000      10000          6
   0       14     1955     9996      6892983396      6892993392        10883342       8034       2000      10000          6
   0       14     1955     9997      6892993396      6893003393        10893342       8034       2000      10000          7
   0       14     1955     9995      6893003397      6893013392        10903343       8033       2000      10000          7
   0       14     1955     9996      6893013396      6893023392        10913342       8034       2000      10000          6
   0       14     1955     9985      6893023407      6893033392        10923353       8023       2000      10000          7
   0       14     1955     9996      6893033396      6893043392        10933342       8034       2000      10000          6
   0       14     1955     9996      6893043396      6893053392        10943342       8034       2000      10000          6
   0       14     1955     9996      6893053395      6893063392        10953342       8034       2000      10000          6
   0       14     1955     9996      6893063396      6893073392        10963342       8034       2000      10000          6
   0       14     1955     9996      6893073396      6893083392        10973342       8034       2000      10000          6
   0       14     1955     9996      6893083396      6893093392        10983342       8034       2000      10000          6
   0       14     1955     9996      6893093396      6893103392        10993342       8034       2000      10000          7
   0       14     1955     9996      6893103396      6893113392        11003342       8034       2000      10000          6
   0       14     1955     9996      6893113396      6893123392        11013342       8034       2000      10000          6
   0       14     1955     9996      6893123396      6893133392        11023342       8034       2000      10000          6
   0       14     1955     9996      6893133395      6893143392        11033342       8034       2000      10000          6
   0       14     1955     9996      6893143396      6893153392        11043342       8034       2000      10000          6
   0       14     1955     9996      6893153396      6893163392        11053342       8034       2000      10000          6
   0       14     1955     9996      6893163396      6893173392        11063342       8034       2000      10000          7
   0       14     1955     9996      6893173396      6893183392        11073342       8034       2000      10000          6
   0       14     1955     9996      6893183396      6893193392        11083342       8034       2000      10000          6
   0       14     1955     9996      6893193396      6893203392        11093342       8034       2000      10000          7
   0       14     1955     9996      6893203396      6893213392        11103342       8034       2000      10000          6
   0       14     1955     9996      6893213396      6893223392        11113342       8034       2000      10000          7
   0       14     1955     9996      6893223396      6893233392        11123342       8034       2000      10000          6
   0       14     1955     9996      6893233396      6893243392        11133342       8034       2000      10000          7
   0       14     1955     9996      6893243396      6893253392        11143342       8034       2000      10000          7
   0       14     1955     9996      6893253396      6893263392        11153342       8034       2000      10000          6
   0       14     1955     9996      6893263396      6893273392        11163342       8034       2000      10000          6
   0       14     1955     9996      6893273396      6893283392        11173342       8034       2000      10000          6
   0       14     1955     9996      6893283396      6893293392        11183342       8034       2000      10000          6
   0       14     1955     9996      6893293395      6893303392        11193342       8034       2000      10000          7
   0       14     1955     9996      6893303396      6893313392        11203342       8034       2000      10000          6
   0       14     1955     9996      6893313396      6893323392        11213342       8034       2000      10000          6
   0       14     1955     9996      6893323396      6893333392        11223342       8034       2000      10000          7
   0       14     1957     9998      6893333396      6893343393        11233342       8032       2000      10000          8
   0       14     1955     9995      6893343397      6893353392        11243343       8032       2000      10000          7
   0       14     1955     9982      6893353410      6893363392        11253356       8020       2000      10000          7
   0       14     1955     9996      6893363396      6893373392        11263342       8034       2000      10000          6
   0       14     1955     9996      6893373396      6893383392        11273342       8034       2000      10000          6
   0       14     1955     9996      6893383396      6893393392        11283342       8034       2000      10000          6
   0       14     1955     9996      6893393396      6893403392        11293342       8034       2000      10000          6
   0       14     1955     9996      6893403396      6893413392        11303342       8034       2000      10000          6
   0       14     1955     9997      6893413395      6893423392        11313342       8034       2000      10000          7
   0       14     1955     9996      6893423396      6893433392        11323342       8034       2000      10000          6
   0       14     1955     9996      6893433396      6893443392        11333342       8034       2000      10000          6
   0       14     1955     9996      6893443396      6893453392        11343342       8034       2000      10000          6
   0       14     1955     9996      6893453396      6893463392        11353342       8034       2000      10000          6
   0       14     1955     9996      6893463396      6893473392        11363342       8034       2000      10000          6
   0       14     1955     9996      6893473395      6893483392        11373342       8034       2000      10000          6
   0       14     1955     9996      6893483396      6893493392        11383342       8034       2000      10000          6
   0       14     1955     9996      6893493396      6893503392        11393342       8034       2000      10000          6
   0       14     1955     9996      6893503396      6893513392        11403342       8034       2000      10000          6
   0       14     1955     9996      6893513396      6893523392        11413342       8034       2000      10000          6
   0       14     1955     9996      6893523395      6893533392        11423342       8034       2000      10000          6
   0       14     1955     9996      6893533396      6893543392        11433342       8034       2000      10000          6
   0       14     1955     9996      6893543395      6893553392        11443342       8034       2000      10000          6
   0       14     1955     9996      6893553395      6893563392        11453342       8034       2000      10000          6
   0       14     1955     9996      6893563396      6893573392        11463342       8034       2000      10000          7
   0       14     1955     9996      6893573396      6893583392        11473342       8034       2000      10000          7
   0       14     1955     9996      6893583396      6893593392        11483342       8034       2000      10000          6
   0       14     1955     9996      6893593396      6893603392        11493342       8034       2000      10000          6
   0       14     1955     9996      6893603396      6893613392        11503342       8034       2000      10000          6
   0       14     1955     9996      6893613396      6893623392        11513342       8034       2000      10000          7
   0       14     1955     9996      6893623396      6893633392        11523342       8034       2000      10000          6
   0       14     1955     9996      6893633396      6893643392        11533342       8034       2000      10000          6
   0       14     1955     9996      6893643396      6893653392        11543342       8034       2000      10000          6
   0       14     1955     9996      6893653396      6893663392        11553342       8034       2000      10000          6
   0       14     1955     9996      6893663396      6893673392        11563342       8034       2000      10000          7
   0       14     1955     9996      6893673396      6893683392        11573342       8034       2000      10000          6
   0       14     1955     9977      6893683415      6893693392        11583361       8015       2000      10000          6
   0       14     1955     9996      6893693396      6893703392        11593342       8034       2000      10000          6
   0       14     1955     9996      6893703396      6893713392        11603342       8034       2000      10000          6
   0       14     1955     9996      6893713396      6893723392        11613342       8034       2000      10000          7
   0       14     1955     9996      6893723396      6893733392        11623342       8034       2000      10000          7
   0       14     1955     9996      6893733396      6893743392        11633342       8034       2000      10000          6
   0       14     1955     9996      6893743396      6893753392        11643342       8034       2000      10000          6
   0       14     1955     9996      6893753396      6893763392        11653342       8034       2000      10000          6
   0       14     1955     9996      6893763396      6893773392        11663342       8034       2000      10000          6
   0       14     1955     9996      6893773396      6893783392        11673342       8034       2000      10000          6
   0       14     1955     9996      6893783396      6893793392        11683342       8034       2000      10000          6
   0       14     1955     9996      6893793396      6893803392        11693342       8034       2000      10000          6
   0       14     1955     9996      6893803395      6893813392        11703342       8034       2000      10000          6
   0       14     1955     9996      6893813396      6893823392        11713342       8034       2000      10000          6
   0       14     1955     9996      6893823396      6893833392        11723342       8034       2000      10000          6
   0       14     1955     9996      6893833396      6893843392        11733342       8034       2000      10000          7
   0       14     1955     9996      6893843396      6893853392        11743342       8034       2000      10000          7
   0       14     1955     9996      6893853396      6893863392        11753342       8034       2000      10000          6
   0       14     1955     9996      6893863396      6893873392        11763342       8034       2000      10000          6
   0       14     1955     9996      6893873396      6893883392        11773342       8034       2000      10000          6
   0       14     1955     9996      6893883396      6893893392        11783342       8034       2000      10000          6
   0       14     1955     9996      6893893396      6893903392        11793342       8034       2000      10000          7
   0       14     1955     9996      6893903396      6893913392        11803342       8034       2000      10000          6
   0       14     1955     9996      6893913396      6893923392        11813342       8034       2000      10000          6
   0       14     1955     9996      6893923396      6893933392        11823342       8034       2000      10000          7
   0       14     1955     9996      6893933396      6893943392        11833342       8034       2000      10000          7
   0       14     1955     9996      6893943396      6893953392        11843342       8034       2000      10000          6
   0       14     1955     9996      6893953396      6893963392        11853342       8034       2000      10000          7
   0       14     1955     9996      6893963396      6893973392        11863342       8034       2000      10000          6
   0       14     1955     9996      6893973396      6893983392        11873342       8034       2000      10000          7
   0       14     1955     9996      6893983396      6893993392        11883342       8034       2000      10000          6
   0       14     1955     9996      6893993396      6894003392        11893342       8034       2000      10000          6
   0       14     1955     9996      6894003396      6894013392        11903342       8034       2000      10000          6
   0       14     1955     9986      6894013406      6894023392        11913352       8024       2000      10000          7
   0       14     1955     9996      6894023396      6894033392        11923342       8034       2000      10000          6
   0       14     1955     9996      6894033396      6894043392        11933342       8034       2000      10000          6
   0       14     1955     9996      6894043396      6894053392        11943342       8034       2000      10000          6
   0       14     1955     9996      6894053396      6894063392        11953342       8034       2000      10000          6
   0       14     1955     9996      6894063396      6894073392        11963342       8034       2000      10000          6
   0       14     1955     9996      6894073396      6894083392        11973342       8034       2000      10000          6
   0       14     1955     9996      6894083396      6894093392        11983342       8034       2000      10000          6
   0       14     1955     9996      6894093396      6894103392        11993342       8034       2000      10000          6
   0       14     1955     9996      6894103396      6894113392        12003342       8034       2000      10000          7
   0       14     1955     9996      6894113396      6894123392        12013342       8034       2000      10000          6
   0       14     1955     9996      6894123396      6894133392        12023342       8034       2000      10000          7
   0       14     1955     9996      6894133396      6894143392        12033342       8034       2000      10000          6
   0       14     1955     9996      6894143396      6894153392        12043342       8034       2000      10000          6
   0       14     1955     9996      6894153396      6894163392        12053342       8034       2000      10000          7
   0       14     1955     9996      6894163396      6894173392        12063342       8034       2000      10000          7
   0       14     1955     9996      6894173396      6894183392        12073342       8034       2000      10000          6
   0       14     1955     9996      6894183396      6894193392        12083342       8034       2000      10000          6
   0       14     1955     9996      6894193396      6894203392        12093342       8034       2000      10000          6
   0       14     1955     9996      6894203396      6894213392        12103342       8034       2000      10000          6
   0       14     1955     9996      6894213396      6894223392        12113342       8034       2000      10000          6
   0       14     1955     9996      6894223395      6894233392        12123342       8034       2000      10000          6
   0       14     1955     9996      6894233396      6894243392        12133342       8034       2000      10000          6
   0       14     1955     9996      6894243396      6894253392        12143342       8034       2000      10000          6
   0       14     1955     9996      6894253396      6894263392        12153342       8034       2000      10000          6
   0       14     1955     9996      6894263396      6894273392        12163342       8034       2000      10000          6
   0       14     1955     9996      6894273396      6894283392        12173342       8034       2000      10000          7
   0       14     1955     9996      6894283396      6894293392        12183342       8034       2000      10000          6
   0       14     1955     9996      6894293396      6894303392        12193342       8034       2000      10000          6
   0       14     1955     9996      6894303396      6894313392        12203342       8034       2000      10000          6
   0       14     1955     9996      6894313396      6894323392        12213342       8034       2000      10000          6
   0       14     1955     9996      6894323396      6894333392        12223342       8034       2000      10000          6
   0       14     1956     9997      6894333395      6894343393        12233342       8033       2000      10000          7
   0       14     1955     9982      6894343410      6894353392        12243356       8020       2000      10000          7
   0       14     1955     9996      6894353396      6894363392        12253342       8034       2000      10000          6
   0       14     1955     9996      6894363396      6894373392        12263342       8034       2000      10000          7
   0       14     1955     9996      6894373396      6894383392        12273342       8034       2000      10000          7
   0       14     1955     9996      6894383396      6894393392        12283342       8034       2000      10000          6
   0       14     1955     9996      6894393396      6894403392        12293342       8034       2000      10000          6
   0       14     1955     9996      6894403396      6894413392        12303342       8034       2000      10000          6
   0       14     1955     9996      6894413396      6894423392        12313342       8034       2000      10000          6
   0       14     1955     9996      6894423395      6894433392        12323342       8034       2000      10000          6
   0       14     1955     9996      6894433396      6894443392        12333342       8034       2000      10000          6
   0       14     1955     9996      6894443396      6894453392        12343342       8034       2000      10000          6
   0       14     1955     9996      6894453396      6894463392        12353342       8034       2000      10000          7
   0       14     1955     9996      6894463396      6894473392        12363342       8034       2000      10000          6
   0       14     1955     9996      6894473396      6894483392        12373342       8034       2000      10000          6
   0       14     1955     9996      6894483396      6894493392        12383342       8034       2000      10000          7
   0       14     1955     9996      6894493396      6894503392        12393342       8034       2000      10000          7
   0       14     1955     9996      6894503396      6894513392        12403342       8034       2000      10000          6
   0       14     1955     9997      6894513396      6894523392        12413342       8034       2000      10000          7
   0       14     1955     9996      6894523396      6894533392        12423342       8034       2000      10000          7
   0       14     1955     9996      6894533396      6894543392        12433342       8034       2000      10000          7
   0       14     1955     9996      6894543396      6894553392        12443342       8034       2000      10000          6
   0       14     1955     9997      6894553396      6894563392        12453342       8034       2000      10000          7
   0       14     1955     9997      6894563396      6894573393        12463342       8034       2000      10000          7
   0       14     1955     9996      6894573396      6894583392        12473342       8034       2000      10000          6
   0       14     1955     9995      6894583396      6894593391        12483342       8034       2000      10000          6
   0       14     1955     9997      6894593395      6894603392        12493341       8035       2000      10000          7
   0       14     1955     9996      6894603396      6894613392        12503342       8034       2000      10000          6
   0       14     1955     9997      6894613395      6894623392        12513342       8034       2000      10000          7
   0       14     1955     9996      6894623396      6894633392        12523342       8034       2000      10000          7
   0       14     1955     9996      6894633396      6894643392        12533342       8034       2000      10000          6
   0       14     1955     9996      6894643396      6894653392        12543342       8034       2000      10000          6
   0       14     1955     9996      6894653396      6894663392        12553342       8034       2000      10000          6
   0       14     1955     9997      6894663396      6894673392        12563342       8034       2000      10000          7
   0       14     1955     9986      6894673406      6894683392        12573352       8023       2000      10000          7
   0       14     1955     9996      6894683396      6894693392        12583342       8034       2000      10000          7
   0       14     1955     9996      6894693396      6894703392        12593342       8034       2000      10000          6
   0       14     1955     9997      6894703396      6894713392        12603342       8034       2000      10000          7
   0       14     1955     9996      6894713396      6894723392        12613342       8034       2000      10000          7
   0       14     1955     9996      6894723396      6894733392        12623342       8034       2000      10000          7
   0       14     1955     9997      6894733396      6894743392        12633342       8034       2000      10000          7
   0       14     1955     9996      6894743396      6894753392        12643342       8034       2000      10000          7
   0       14     1955     9997      6894753396      6894763392        12653342       8034       2000      10000          7
   0       14     1955     9996      6894763396      6894773392        12663342       8034       2000      10000          7
   0       14     1955     9996      6894773396      6894783392        12673342       8034       2000      10000          7
   0       14     1955     9996      6894783396      6894793392        12683342       8034       2000      10000          7
   0       14     1955     9996      6894793396      6894803392        12693342       8034       2000      10000          7
   0       14     1955     9996      6894803396      6894813392        12703342       8034       2000      10000          7
   0       14     1955     9996      6894813396      6894823392        12713342       8034       2000      10000          6
   0       14     1955     9996      6894823396      6894833392        12723342       8034       2000      10000          6
   0       14     1955     9996      6894833396      6894843392        12733342       8034       2000      10000          6
   0       14     1955     9996      6894843396      6894853392        12743342       8034       2000      10000          7
   0       14     1955     9996      6894853396      6894863392        12753342       8034       2000      10000          6
   0       14     1955     9996      6894863396      6894873392        12763342       8034       2000      10000          6
   0       14     1955     9996      6894873395      6894883392        12773342       8034       2000      10000          6
   0       14     1955     9996      6894883396      6894893392        12783342       8034       2000      10000          7
   0       14     1955     9996      6894893396      6894903392        12793342       8034       2000      10000          6
   0       14     1955     9996      6894903396      6894913392        12803342       8034       2000      10000          7
   0       14     1955     9996      6894913396      6894923392        12813342       8034       2000      10000          6
   0       14     1955     9996      6894923396      6894933392        12823342       8034       2000      10000          6
   0       14     1955     9996      6894933396      6894943392        12833342       8034       2000      10000          6
   0       14     1955     9996      6894943396      6894953392        12843342       8034       2000      10000          7
   0       14     1955     9996      6894953396      6894963392        12853342       8034       2000      10000          6
   0       14     1955     9996      6894963396      6894973392        12863342       8034       2000      10000          7
   0       14     1955     9996      6894973396      6894983392        12873342       8034       2000      10000          6
   0       14     1955     9996      6894983396      6894993392        12883342       8034       2000      10000          6
   0       14     1955     9996      6894993396      6895003392        12893342       8034       2000      10000          6
   0       14     1955     9986      6895003406      6895013392        12903352       8024       2000      10000          7
   0       14     1955     9996      6895013396      6895023392        12913342       8034       2000      10000          6
   0       14     1955     9996      6895023396      6895033392        12923342       8034       2000      10000          7
   0       14     1955     9996      6895033396      6895043392        12933342       8034       2000      10000          6
   0       14     1955     9996      6895043396      6895053392        12943342       8034       2000      10000          6
   0       14     1955     9996      6895053396      6895063392        12953342       8034       2000      10000          6
   0       14     1955     9996      6895063396      6895073392        12963342       8034       2000      10000          6
   0       14     1955     9996      6895073396      6895083392        12973342       8034       2000      10000          6
   0       14     1955     9996      6895083396      6895093392        12983342       8034       2000      10000          6
   0       14     1955     9996      6895093396      6895103392        12993342       8034       2000      10000          7
   0       14     1955     9996      6895103396      6895113392        13003342       8034       2000      10000          6
   0       14     1955     9996      6895113396      6895123392        13013342       8034       2000      10000          6
   0       14     1955     9996      6895123396      6895133392        13023342       8034       2000      10000          7
   0       14     1955     9996      6895133396      6895143392        13033342       8034       2000      10000          6
   0       14     1955     9996      6895143396      6895153392        13043342       8034       2000      10000          7
   0       14     1955     9996      6895153396      6895163392        13053342       8034       2000      10000          6
   0       14     1955     9997      6895163396      6895173392        13063342       8034       2000      10000          7
   0       14     1955     9996      6895173396      6895183392        13073342       8034       2000      10000          6
   0       14     1955     9996      6895183396      6895193392        13083342       8034       2000      10000          6
   0       14     1955     9996      6895193396      6895203392        13093342       8034       2000      10000          6
   0       14     1955     9996      6895203396      6895213392        13103342       8034       2000      10000          6
   0       14     1955     9996      6895213396      6895223392        13113342       8034       2000      10000          7
   0       14     1955     9996      6895223396      6895233392        13123342       8034       2000      10000          6
   0       14     1955     9996      6895233396      6895243392        13133342       8034       2000      10000          6
   0       14     1955     9996      6895243396      6895253392        13143342       8034       2000      10000          6
   0       14     1955     9996      6895253395      6895263392        13153342       8034       2000      10000          6
   0       14     1955     9996      6895263396      6895273392        13163342       8034       2000      10000          6
   0       14     1955     9996      6895273396      6895283392        13173342       8034       2000      10000          6
   0       14     1955     9996      6895283396      6895293392        13183342       8034       2000      10000          6
   0       14     1955     9996      6895293396      6895303392        13193342       8034       2000      10000          6
   0       14     1955     9996      6895303396      6895313392        13203342       8034       2000      10000          6
   0       14     1955     9996      6895313396      6895323392        13213342       8034       2000      10000          6
   0       14     1955     9996      6895323396      6895333392        13223342       8034       2000      10000          6
   0       14     1957     9987      6895333406      6895343393        13233352       8022       2000      10000          7
   0       14     1955     9995      6895343397      6895353392        13243343       8033       2000      10000          7
   0       14     1955     9996      6895353396      6895363392        13253342       8034       2000      10000          7
   0       14     1955     9996      6895363396      6895373392        13263342       8034       2000      10000          7
   0       14     1955     9996      6895373396      6895383392        13273342       8034       2000      10000          6
   0       14     1955     9996      6895383395      6895393392        13283342       8034       2000      10000          6
   0       14     1955     9996      6895393396      6895403392        13293342       8034       2000      10000          7
   0       14     1955     9996      6895403396      6895413392        13303342       8034       2000      10000          6
   0       14     1955     9996      6895413396      6895423392        13313342       8034       2000      10000          6
   0       14     1955     9996      6895423396      6895433392        13323342       8034       2000      10000          6
   0       14     1955     9996      6895433396      6895443392        13333342       8034       2000      10000          6
   0       14     1955     9997      6895443396      6895453393        13343342       8034       2000      10000          7
   0       14     1955     9995      6895453396      6895463392        13353342       8034       2000      10000          6
   0       14     1955     9996      6895463396      6895473392        13363342       8034       2000      10000          6
   0       14     1955     9996      6895473396      6895483392        13373342       8034       2000      10000          6
   0       14     1955     9996      6895483396      6895493392        13383342       8034       2000      10000          6
   0       14     1955     9996      6895493396      6895503392        13393342       8034       2000      10000          7
   0       14     1955     9996      6895503396      6895513392        13403342       8034       2000      10000          6
   0       14     1955     9996      6895513396      6895523392        13413342       8034       2000      10000          6
   0       14     1955     9996      6895523396      6895533392        13423342       8034       2000      10000          7
   0       14     1955     9996      6895533396      6895543392        13433342       8034       2000      10000          6
   0       14     1955     9996      6895543396      6895553392        13443342       8034       2000      10000          7
   0       14     1955     9996      6895553396      6895563392        13453342       8034       2000      10000          6
   0       14     1955     9997      6895563396      6895573392        13463342       8034       2000      10000          7
   0       14     1955     9996      6895573396      6895583392        13473342       8034       2000      10000          6
   0       14     1955     9996      6895583396      6895593392        13483342       8034       2000      10000          6
   0       14     1955     9996      6895593396      6895603392        13493342       8034       2000      10000          6
   0       14     1955     9996      6895603395      6895613392        13503342       8034       2000      10000          6
   0       14     1955     9996      6895613396      6895623392        13513342       8034       2000      10000          6
   0       14     1955     9996      6895623396      6895633392        13523342       8034       2000      10000          6
   0       14     1955     9996      6895633396      6895643392        13533342       8034       2000      10000          6
   0       14     1955     9996      6895643396      6895653392        13543342       8034       2000      10000          7
   0       14     1955     9996      6895653396      6895663392        13553342       8034       2000      10000          6
   0       14     1955     9985      6895663407      6895673392        13563353       8023       2000      10000          7
   0       14     1955     9996      6895673396      6895683392        13573342       8034       2000      10000          6
   0       14     1955     9996      6895683396      6895693392        13583342       8034       2000      10000          6
   0       14     1955     9996      6895693396      6895703392        13593342       8034       2000      10000          7
   0       14     1955     9996      6895703396      6895713392        13603342       8034       2000      10000          6
   0       14     1955     9996      6895713396      6895723392        13613342       8034       2000      10000          6
   0       14     1955     9996      6895723396      6895733392        13623342       8034       2000      10000          6
   0       14     1955     9996      6895733396      6895743392        13633342       8034       2000      10000          6
   0       14     1955     9996      6895743396      6895753392        13643342       8034       2000      10000          6
   0       14     1955     9996      6895753395      6895763392        13653342       8034       2000      10000          6
   0       14     1955     9996      6895763396      6895773392        13663342       8034       2000      10000          6
   0       14     1955     9996      6895773396      6895783392        13673342       8034       2000      10000          6
   0       14     1955     9996      6895783396      6895793392        13683342       8034       2000      10000          6
   0       14     1955     9996      6895793396      6895803392        13693342       8034       2000      10000          7
   0       14     1955     9996      6895803396      6895813392        13703342       8034       2000      10000          6
   0       14     1955     9996      6895813396      6895823392        13713342       8034       2000      10000          6
   0       14     1955     9996      6895823396      6895833392        13723342       8034       2000      10000          7
   0       14     1955     9996      6895833396      6895843392        13733342       8034       2000      10000          7
   0       14     1955     9997      6895843396      6895853393        13743342       8034       2000      10000          7
   0       14     1955     9996      6895853396      6895863392        13753342       8034       2000      10000          7
   0       14     1955     9996      6895863396      6895873392        13763342       8034       2000      10000          7
   0       14     1955     9996      6895873396      6895883392        13773342       8034       2000      10000          6
   0       14     1955     9996      6895883396      6895893392        13783342       8034       2000      10000          6
   0       14     1955     9997      6895893396      6895903393        13793342       8034       2000      10000          7
   0       14     1955     9996      6895903396      6895913392        13803343       8033       2000      10000          7
   0       14     1955     9996      6895913396      6895923392        13813342       8034       2000      10000          7
   0       14     1955     9996      6895923396      6895933392        13823342       8034       2000      10000          7
   0       14     1955     9996      6895933396      6895943392        13833342       8034       2000      10000          6
   0       14     1955     9997      6895943396      6895953392        13843342       8034       2000      10000          7
   0       14     1955     9996      6895953396      6895963392        13853342       8034       2000      10000          6
   0       14     1955     9996      6895963396      6895973392        13863342       8034       2000      10000          6
   0       14     1955     9996      6895973396      6895983392        13873342       8034       2000      10000          7
   0       14     1955     9996      6895983396      6895993392        13883342       8034       2000      10000          6
   0       14     1955     9986      6895993407      6896003392        13893353       8023       2000      10000          7
   0       14     1955     9996      6896003396      6896013392        13903342       8034       2000      10000          6
   0       14     1955     9996      6896013396      6896023392        13913342       8034       2000      10000          6
   0       14     1955     9996      6896023396      6896033392        13923342       8034       2000      10000          6
   0       14     1955     9996      6896033396      6896043392        13933342       8034       2000      10000          6
   0       14     1955     9997      6896043396      6896053393        13943342       8034       2000      10000          7
   0       14     1955     9995      6896053396      6896063392        13953343       8033       2000      10000          6
   0       14     1955     9996      6896063396      6896073392        13963342       8034       2000      10000          7
   0       14     1955     9996      6896073396      6896083392        13973342       8034       2000      10000          6
   0       14     1955     9996      6896083396      6896093392        13983342       8034       2000      10000          6
   0       14     1955     9996      6896093396      6896103392        13993342       8034       2000      10000          7
   0       14     1955     9996      6896103396      6896113392        14003342       8034       2000      10000          6
   0       14     1955     9996      6896113396      6896123392        14013342       8034       2000      10000          7
   0       14     1955     9996      6896123396      6896133392        14023342       8034       2000      10000          7
   0       14     1955     9996      6896133396      6896143392        14033342       8034       2000      10000          7
   0       14     1955     9996      6896143396      6896153392        14043342       8034       2000      10000          7
   0       14     1955     9996      6896153396      6896163392        14053342       8034       2000      10000          6
   0       14     1955     9996      6896163396      6896173392        14063342       8034       2000      10000          6
   0       14     1955     9996      6896173396      6896183392        14073342       8034       2000      10000          7
   0       14     1955     9996      6896183396      6896193392        14083342       8034       2000      10000          7
   0       14     1955     9996      6896193396      6896203392        14093342       8034       2000      10000          7
   0       14     1955     9996      6896203396      6896213392        14103342       8034       2000      10000          7
   0       14     1955     9996      6896213396      6896223392        14113342       8034       2000      10000          7
   0       14     1955     9998      6896223396      6896233394        14123342       8034       2000      10000          8
   0       14     1955     9994      6896233397      6896243392        14133344       8032       2000      10000          6
   0       14     1955     9996      6896243396      6896253392        14143342       8034       2000      10000          6
   0       14     1955     9996      6896253396      6896263392        14153342       8034       2000      10000          7
   0       14     1955     9996      6896263396      6896273392        14163342       8034       2000      10000          6
   0       14     1955     9996      6896273395      6896283392        14173342       8034       2000      10000          6
   0       14     1955     9996      6896283395      6896293392        14183342       8034       2000      10000          6
   0       14     1955     9996      6896293396      6896303392        14193342       8034       2000      10000          6
   0       14     1955     9996      6896303396      6896313392        14203342       8034       2000      10000          6
   0       14     1955     9996      6896313396      6896323392        14213342       8034       2000      10000          6
   0       14     1955     9983      6896323409      6896333392        14223355       8021       2000      10000          7
   0       14     1956     9997      6896333396      6896343393        14233342       8033       2000      10000          8
   0       14     1955     9995      6896343397      6896353392        14243343       8033       2000      10000          7
   0       14     1955     9996      6896353396      6896363392        14253342       8034       2000      10000          6
   0       14     1955     9996      6896363395      6896373392        14263342       8034       2000      10000          6
   0       14     1955     9996      6896373396      6896383392        14273342       8034       2000      10000          6
   0       14     1955     9996      6896383396      6896393392        14283342       8034       2000      10000          6
   0       14     1955     9996      6896393396      6896403392        14293342       8034       2000      10000          6
   0       14     1955     9996      6896403396      6896413392        14303342       8034       2000      10000          6
   0       14     1955     9996      6896413396      6896423392        14313342       8034       2000      10000          6
   0       14     1955     9996      6896423396      6896433392        14323342       8034       2000      10000          6
   0       14     1955     9996      6896433396      6896443392        14333342       8034       2000      10000          7
   0       14     1955     9996      6896443396      6896453392        14343342       8034       2000      10000          7
   0       14     1955     9996      6896453396      6896463392        14353342       8034       2000      10000          6
   0       14     1955     9996      6896463396      6896473392        14363342       8034       2000      10000          6
   0       14     1955     9996      6896473396      6896483392        14373342       8034       2000      10000          6
   0       14     1955     9996      6896483396      6896493392        14383342       8034       2000      10000          6
   0       14     1955     9996      6896493396      6896503392        14393342       8034       2000      10000          7
   0       14     1955     9996      6896503396      6896513392        14403342       8034       2000      10000          6
   0       14     1955     9996      6896513396      6896523392        14413342       8034       2000      10000          6
   0       14     1955     9996      6896523396      6896533392        14423342       8034       2000      10000          6
   0       14     1955     9996      6896533396      6896543392        14433342       8034       2000      10000          7
   0       14     1955     9996      6896543396      6896553392        14443342       8034       2000      10000          6
   0       14     1955     9996      6896553395      6896563392        14453342       8034       2000      10000          6
   0       14     1955     9997      6896563396      6896573392        14463342       8034       2000      10000          7
   0       14     1955     9996      6896573396      6896583392        14473342       8034       2000      10000          7
   0       14     1955     9996      6896583396      6896593392        14483342       8034       2000      10000          6
   0       14     1955     9996      6896593396      6896603392        14493342       8034       2000      10000          6
   0       14     1955     9996      6896603396      6896613392        14503342       8034       2000      10000          6
   0       14     1955     9996      6896613396      6896623392        14513342       8034       2000      10000          6
   0       14     1955     9996      6896623395      6896633392        14523342       8034       2000      10000          6
   0       14     1955     9997      6896633396      6896643392        14533342       8034       2000      10000          7
   0       14     1955     9996      6896643396      6896653392        14543342       8034       2000      10000          6
   0       14     1955     9985      6896653407      6896663392        14553354       8022       2000      10000          7
   0       14     1955     9996      6896663396      6896673392        14563342       8034       2000      10000          7
   0       14     1955     9996      6896673396      6896683392        14573342       8034       2000      10000          7
   0       14     1955     9996      6896683396      6896693392        14583342       8034       2000      10000          6
   0       14     1955     9996      6896693395      6896703392        14593342       8034       2000      10000          6
   0       14     1955     9996      6896703396      6896713392        14603342       8034       2000      10000          6
   0       14     1955     9996      6896713396      6896723392        14613342       8034       2000      10000          7
   0       14     1955     9996      6896723396      6896733392        14623342       8034       2000      10000          6
   0       14     1955     9996      6896733396      6896743392        14633342       8034       2000      10000          6
   0       14     1955     9996      6896743396      6896753392        14643342       8034       2000      10000          6
   0       14     1955     9996      6896753396      6896763392        14653342       8034       2000      10000          7
   0       14     1955     9996      6896763396      6896773392        14663342       8034       2000      10000          6
   0       14     1955     9996      6896773396      6896783392        14673342       8034       2000      10000          6
   0       14     1955     9996      6896783396      6896793392        14683342       8034       2000      10000          6
   0       14     1955     9996      6896793396      6896803392        14693342       8034       2000      10000          6
   0       14     1955     9996      6896803396      6896813392        14703342       8034       2000      10000          7
   0       14     1955     9996      6896813396      6896823392        14713342       8034       2000      10000          6
   0       14     1955     9996      6896823396      6896833392        14723342       8034       2000      10000          6
   0       14     1955     9996      6896833396      6896843392        14733342       8034       2000      10000          6
   0       14     1955     9996      6896843396      6896853392        14743342       8034       2000      10000          6
   0       14     1955     9996      6896853396      6896863392        14753342       8034       2000      10000          7
   0       14     1955     9996      6896863396      6896873392        14763342       8034       2000      10000          6
   0       14     1955     9996      6896873396      6896883392        14773342       8034       2000      10000          6
   0       14     1955     9996      6896883396      6896893392        14783342       8034       2000      10000          6
   0       14     1955     9996      6896893396      6896903392        14793342       8034       2000      10000          7
   0       14     1955     9996      6896903396      6896913392        14803342       8034       2000      10000          6
   0       14     1955     9996      6896913396      6896923392        14813342       8034       2000      10000          6
   0       14     1955     9996      6896923396      6896933392        14823342       8034       2000      10000          6
   0       14     1955     9997      6896933396      6896943392        14833342       8034       2000      10000          7
   0       14     1955     9997      6896943396      6896953393        14843342       8033       2000      10000          8
   0       14     1957     9997      6896953397      6896963394        14853343       8031       2000      10000          9
   0       14     1956     9994      6896963398      6896973393        14863345       8030       2000      10000          7
   0       14     1955     9995      6896973397      6896983392        14873343       8033       2000      10000          7
   0       14     1955     9983      6896983409      6896993392        14883356       8020       2000      10000          7
   0       14     1955     9996      6896993396      6897003392        14893342       8034       2000      10000          7
   0       14     1955     9996      6897003396      6897013392        14903342       8034       2000      10000          7
   0       14     1955     9996      6897013396      6897023392        14913342       8034       2000      10000          6
   0       14     1955     9996      6897023396      6897033392        14923342       8034       2000      10000          6
   0       14     1955     9996      6897033396      6897043392        14933342       8034       2000      10000          7
   0       14     1955     9996      6897043396      6897053392        14943342       8034       2000      10000          6
   0       14     1955     9996      6897053396      6897063392        14953342       8034       2000      10000          7
   0       14     1955     9996      6897063396      6897073392        14963342       8034       2000      10000          7
   0       14     1955     9996      6897073396      6897083392        14973342       8034       2000      10000          6
   0       14     1955     9996      6897083396      6897093392        14983342       8034       2000      10000          6
   0       14     1955     9997      6897093396      6897103393        14993342       8034       2000      10000          7
   0       14     1955     9996      6897103397      6897113393        15003343       8033       2000      10000          7
   0       14     1955     9995      6897113396      6897123392        15013343       8033       2000      10000          6
   0       14     1955     9996      6897123396      6897133392        15023342       8034       2000      10000          6
   0       14     1955     9996      6897133395      6897143392        15033342       8034       2000      10000          6
   0       14     1955     9996      6897143396      6897153392        15043342       8034       2000      10000          6
   0       14     1955     9997      6897153395      6897163392        15053342       8034       2000      10000          7
   0       14     1955     9996      6897163396      6897173392        15063342       8034       2000      10000          7
   0       14     1955     9996      6897173396      6897183392        15073342       8034       2000      10000          7
   0       14     1955     9997      6897183396      6897193392        15083342       8034       2000      10000          7
   0       14     1955     9996      6897193396      6897203392        15093342       8034       2000      10000          7
   0       14     1955     9996      6897203396      6897213392        15103342       8034       2000      10000          6
   0       14     1955     9996      6897213396      6897223392        15113342       8034       2000      10000          6
   0       14     1955     9996      6897223395      6897233392        15123342       8034       2000      10000          6
   0       14     1955     9996      6897233396      6897243392        15133342       8034       2000      10000          6
   0       14     1955     9996      6897243396      6897253392        15143342       8034       2000      10000          6
   0       14     1955     9996      6897253395      6897263392        15153342       8034       2000      10000          7
   0       14     1955     9996      6897263396      6897273392        15163342       8034       2000      10000          6
   0       14     1955     9996      6897273396      6897283392        15173342       8034       2000      10000          7
   0       14     1955     9996      6897283396      6897293392        15183342       8034       2000      10000          7
   0       14     1955     9996      6897293396      6897303392        15193342       8034       2000      10000          7
   0       14     1955     9996      6897303396      6897313392        15203342       8034       2000      10000          7
   0       14     1955     9983      6897313409      6897323392        15213355       8021       2000      10000          7
   0       14     1955     9996      6897323396      6897333392        15223342       8034       2000      10000          6
   0       14     1956     9997      6897333396      6897343393        15233342       8033       2000      10000          7
   0       14     1955     9995      6897343397      6897353392        15243343       8033       2000      10000          7
   0       14     1955     9996      6897353396      6897363392        15253342       8034       2000      10000          6
   0       14     1955     9996      6897363396      6897373392        15263342       8034       2000      10000          6
   0       14     1955     9996      6897373396      6897383392        15273342       8034       2000      10000          6
   0       14     1955     9997      6897383395      6897393392        15283342       8034       2000      10000          7
   0       14     1955     9996      6897393396      6897403392        15293342       8034       2000      10000          6
   0       14     1955     9996      6897403396      6897413392        15303342       8034       2000      10000          6
   0       14     1955     9996      6897413396      6897423392        15313342       8034       2000      10000          6
   0       14     1955     9996      6897423396      6897433392        15323342       8034       2000      10000          6
   0       14     1955     9996      6897433396      6897443392        15333342       8034       2000      10000          6
   0       14     1955     9996      6897443396      6897453392        15343342       8034       2000      10000          6
   0       14     1955     9997      6897453396      6897463393        15353342       8034       2000      10000          7
   0       14     1955     9995      6897463396      6897473391        15363343       8033       2000      10000          6
   0       14     1955     9997      6897473395      6897483392        15373341       8035       2000      10000          6
   0       14     1955     9996      6897483396      6897493392        15383342       8034       2000      10000          7
   0       14     1955     9996      6897493396      6897503392        15393342       8034       2000      10000          7
   0       14     1955     9996      6897503396      6897513392        15403342       8034       2000      10000          7
   0       14     1955     9996      6897513396      6897523392        15413342       8034       2000      10000          6
   0       14     1955     9996      6897523396      6897533392        15423342       8034       2000      10000          6
   0       14     1955     9996      6897533396      6897543392        15433342       8034       2000      10000          6
   0       14     1955     9997      6897543396      6897553392        15443342       8034       2000      10000          7
   0       14     1955     9997      6897553396      6897563393        15453342       8034       2000      10000          8
   0       14     1955     9996      6897563397      6897573392        15463343       8033       2000      10000          7
   0       14     1955     9996      6897573396      6897583392        15473342       8034       2000      10000          6
   0       14     1955     9996      6897583396      6897593392        15483342       8034       2000      10000          7
   0       14     1955     9996      6897593396      6897603392        15493342       8034       2000      10000          6
   0       14     1955     9996      6897603396      6897613392        15503342       8034       2000      10000          7
   0       14     1955     9996      6897613396      6897623392        15513342       8034       2000      10000          6
   0       14     1955     9996      6897623396      6897633392        15523342       8034       2000      10000          7
   0       14     1955     9996      6897633396      6897643392        15533342       8034       2000      10000          6
   0       14     1955     9985      6897643407      6897653392        15543354       8022       2000      10000          7
   0       14     1955     9996      6897653396      6897663392        15553342       8034       2000      10000          6
   0       14     1955     9996      6897663396      6897673392        15563342       8034       2000      10000          6
   0       14     1955     9997      6897673396      6897683392        15573342       8034       2000      10000          7
   0       14     1955     9996      6897683396      6897693392        15583342       8034       2000      10000          6
   0       14     1955     9996      6897693396      6897703392        15593342       8034       2000      10000          6
   0       14     1955     9996      6897703396      6897713392        15603342       8034       2000      10000          6
   0       14     1955     9996      6897713396      6897723392        15613342       8034       2000      10000          7
   0       14     1955     9996      6897723396      6897733392        15623342       8034       2000      10000          7
   0       14     1955     9996      6897733396      6897743392        15633342       8034       2000      10000          6
   0       14     1955     9996      6897743396      6897753392        15643342       8034       2000      10000          7
   0       14     1955     9996      6897753396      6897763392        15653342       8034       2000      10000          7
   0       14     1955     9996      6897763396      6897773392        15663342       8034       2000      10000          6
   0       14     1955     9996      6897773396      6897783392        15673342       8034       2000      10000          6
   0       14     1955     9996      6897783395      6897793392        15683342       8034       2000      10000          6
   0       14     1955     9996      6897793396      6897803392        15693342       8034       2000      10000          6
   0       14     1955     9996      6897803396      6897813392        15703342       8034       2000      10000          6
   0       14     1955     9996      6897813396      6897823392        15713342       8034       2000      10000          6
   0       14     1955     9996      6897823396      6897833392        15723342       8034       2000      10000          6
   0       14     1955     9996      6897833396      6897843392        15733342       8034       2000      10000          7
   0       14     1955     9996      6897843396      6897853392        15743342       8034       2000      10000          6
   0       14     1955     9997      6897853396      6897863392        15753342       8034       2000      10000          7
   0       14     1955     9996      6897863396      6897873392        15763342       8034       2000      10000          6
   0       14     1955     9996      6897873396      6897883392        15773342       8034       2000      10000          6
   0       14     1955     9996      6897883396      6897893392        15783342       8034       2000      10000          6
   0       14     1955     9996      6897893396      6897903392        15793342       8034       2000      10000          7
   0       14     1955     9996      6897903396      6897913392        15803342       8034       2000      10000          6
   0       14     1955     9996      6897913396      6897923392        15813342       8034       2000      10000          6
   0       14     1955     9996      6897923396      6897933392        15823342       8034       2000      10000          7
   0       14     1955     9996      6897933396      6897943392        15833342       8034       2000      10000          7
   0       14     1955     9996      6897943396      6897953392        15843342       8034       2000      10000          6
   0       14     1955     9996      6897953396      6897963392        15853342       8034       2000      10000          6
   0       14     1955     9996      6897963396      6897973392        15863342       8034       2000      10000          6
   0       14     1955     9986      6897973407      6897983392        15873353       8023       2000      10000          7
   0       14     1955     9996      6897983396      6897993392        15883342       8034       2000      10000          7
   0       14     1955     9996      6897993396      6898003392        15893342       8034       2000      10000          6
   0       14     1955     9997      6898003396      6898013392        15903342       8034       2000      10000          7
   0       14     1955     9996      6898013396      6898023392        15913342       8034       2000      10000          6
   0       14     1955     9996      6898023396      6898033392        15923342       8034       2000      10000          6
   0       14     1955     9996      6898033396      6898043392        15933342       8034       2000      10000          6
   0       14     1955     9996      6898043396      6898053392        15943342       8034       2000      10000          7
   0       14     1955     9996      6898053396      6898063392        15953342       8034       2000      10000          7
   0       14     1955     9996      6898063396      6898073392        15963342       8034       2000      10000          6
   0       14     1955     9996      6898073396      6898083392        15973342       8034       2000      10000          7
   0       14     1955     9996      6898083396      6898093392        15983342       8034       2000      10000          6
   0       14     1955     9996      6898093396      6898103392        15993342       8034       2000      10000          6
   0       14     1955     9996      6898103396      6898113392        16003342       8034       2000      10000          6
   0       14     1955     9996      6898113396      6898123392        16013342       8034       2000      10000          6
   0       14     1955     9996      6898123396      6898133392        16023342       8034       2000      10000          6
   0       14     1955     9996      6898133396      6898143392        16033342       8034       2000      10000          6
   0       14     1955     9996      6898143395      6898153392        16043342       8034       2000      10000          6
   0       14     1955     9996      6898153396      6898163392        16053342       8034       2000      10000          6
   0       14     1955     9996      6898163396      6898173392        16063342       8034       2000      10000          6
   0       14     1955     9996      6898173396      6898183392        16073342       8034       2000      10000          6
   0       14     1955     9996      6898183396      6898193392        16083342       8034       2000      10000          6
   0       14     1955     9996      6898193396      6898203392        16093342       8034       2000      10000          6
   0       14     1955     9996      6898203395      6898213392        16103342       8034       2000      10000          6
   0       14     1955     9996      6898213396      6898223392        16113342       8034       2000      10000          6
   0       14     1955     9996      6898223395      6898233392        16123342       8034       2000      10000          6
   0       14     1955     9996      6898233396      6898243392        16133342       8034       2000      10000          6
   0       14     1955     9996      6898243396      6898253392        16143342       8034       2000      10000          7
   0       14     1955     9997      6898253396      6898263392        16153342       8034       2000      10000          7
   0       14     1955     9996      6898263396      6898273392        16163342       8034       2000      10000          6
   0       14     1955     9996      6898273396      6898283392        16173342       8034       2000      10000          6
   0       14     1955     9996      6898283396      6898293392        16183342       8034       2000      10000          6
   0       14     1955     9996      6898293396      6898303392        16193342       8034       2000      10000          6
   0       14     1955     9986      6898303406      6898313392        16203352       8024       2000      10000          7
   0       14     1955     9996      6898313396      6898323392        16213342       8034       2000      10000          7
   0       14     1955     9996      6898323396      6898333392        16223342       8034       2000      10000          6
   0       14     1956     9998      6898333396      6898343393        16233342       8033       2000      10000          8
   0       14     1955     9994      6898343397      6898353392        16243344       8032       2000      10000          6
   0       14     1955     9996      6898353396      6898363392        16253342       8034       2000      10000          7
   0       14     1955     9996      6898363396      6898373392        16263342       8034       2000      10000          6
   0       14     1955     9997      6898373396      6898383392        16273342       8034       2000      10000          7
   0       14     1955     9996      6898383396      6898393392        16283342       8034       2000      10000          6
   0       14     1955     9996      6898393396      6898403392        16293342       8034       2000      10000          6
   0       14     1955     9996      6898403396      6898413392        16303342       8034       2000      10000          6
   0       14     1955     9996      6898413396      6898423392        16313342       8034       2000      10000          6
   0       14     1955     9996      6898423396      6898433392        16323342       8034       2000      10000          6
   0       14     1955     9996      6898433396      6898443392        16333342       8034       2000      10000          6
   0       14     1955     9996      6898443396      6898453392        16343342       8034       2000      10000          6
   0       14     1955     9996      6898453396      6898463392        16353342       8034       2000      10000          6
   0       14     1955     9996      6898463396      6898473392        16363342       8034       2000      10000          7
   0       14     1955     9996      6898473396      6898483392        16373342       8034       2000      10000          7
   0       14     1955     9996      6898483396      6898493392        16383342       8034       2000      10000          6
   0       14     1955     9996      6898493396      6898503392        16393342       8034       2000      10000          6
   0       14     1955     9996      6898503396      6898513392        16403342       8034       2000      10000          6
   0       14     1955     9996      6898513396      6898523392        16413342       8034       2000      10000          6
   0       14     1955     9996      6898523396      6898533392        16423342       8034       2000      10000          6
   0       14     1955     9996      6898533395      6898543392        16433342       8034       2000      10000          6
   0       14     1955     9996      6898543395      6898553392        16443342       8034       2000      10000          6
   0       14     1955     9996      6898553396      6898563392        16453342       8034       2000      10000          6
   0       14     1955     9996      6898563396      6898573392        16463342       8034       2000      10000          7
   0       14     1955     9996      6898573396      6898583392        16473342       8034       2000      10000          6
   0       14     1955     9996      6898583396      6898593392        16483342       8034       2000      10000          6
   0       14     1955     9996      6898593396      6898603392        16493342       8034       2000      10000          6
   0       14     1955     9996      6898603396      6898613392        16503342       8034       2000      10000          6
   0       14     1955     9996      6898613396      6898623392        16513342       8034       2000      10000          6
   0       14     1955     9996      6898623396      6898633392        16523342       8034       2000      10000          6
   0       14     1955     9985      6898633407      6898643392        16533353       8023       2000      10000          7
   0       14     1955     9996      6898643396      6898653392        16543342       8034       2000      10000          6
   0       14     1955     9996      6898653396      6898663392        16553342       8034       2000      10000          6
   0       14     1955     9997      6898663396      6898673392        16563342       8034       2000      10000          7
   0       14     1955     9996      6898673396      6898683392        16573342       8034       2000      10000          6
   0       14     1955     9996      6898683396      6898693392        16583342       8034       2000      10000          6
   0       14     1955     9996      6898693396      6898703392        16593342       8034       2000      10000          6
   0       14     1955     9996      6898703396      6898713392        16603342       8034       2000      10000          6
   0       14     1955     9996      6898713396      6898723392        16613342       8034       2000      10000          7
   0       14     1955     9996      6898723396      6898733392        16623342       8034       2000      10000          6
   0       14     1955     9997      6898733395      6898743392        16633342       8034       2000      10000          7
   0       14     1955     9996      6898743396      6898753392        16643342       8034       2000      10000          6
   0       14     1955     9996      6898753396      6898763392        16653342       8034       2000      10000          6
   0       14     1955     9996      6898763396      6898773392        16663342       8034       2000      10000          6
   0       14     1955     9996      6898773396      6898783392        16673342       8034       2000      10000          7
   0       14     1955     9996      6898783396      6898793392        16683342       8034       2000      10000          6
   0       14     1955     9996      6898793396      6898803392        16693342       8034       2000      10000          6
   0       14     1955     9996      6898803396      6898813392        16703342       8034       2000      10000          6
   0       14     1955     9996      6898813396      6898823392        16713342       8034       2000      10000          6
   0       14     1955     9996      6898823396      6898833392        16723342       8034       2000      10000          6
   0       14     1955     9996      6898833396      6898843392        16733342       8034       2000      10000          6
   0       14     1955     9996      6898843396      6898853392        16743342       8034       2000      10000          6
   0       14     1955     9996      6898853396      6898863392        16753342       8034       2000      10000          6
   0       14     1955     9997      6898863396      6898873392        16763342       8034       2000      10000          7
   0       14     1955     9996      6898873396      6898883392        16773342       8034       2000      10000          6
   0       14     1955     9996      6898883396      6898893392        16783342       8034       2000      10000          6
   0       14     1955     9996      6898893396      6898903392        16793342       8034       2000      10000          7
   0       14     1955     9996      6898903396      6898913392        16803342       8034       2000      10000          6
   0       14     1955     9996      6898913396      6898923392        16813342       8034       2000      10000          6
   0       14     1955     9996      6898923396      6898933392        16823342       8034       2000      10000          6
   0       14     1955     9996      6898933396      6898943392        16833342       8034       2000      10000          6
   0       14     1955     9996      6898943396      6898953392        16843342       8034       2000      10000          7
   0       14     1955     9996      6898953396      6898963392        16853342       8034       2000      10000          6
   0       14     1955     9986      6898963407      6898973392        16863353       8023       2000      10000          7
   0       14     1955     9996      6898973396      6898983392        16873342       8034       2000      10000          7
   0       14     1955     9996      6898983396      6898993392        16883342       8034       2000      10000          7
   0       14     1955     9997      6898993396      6899003392        16893342       8034       2000      10000          7
   0       14     1956     9997      6899003396      6899013393        16903342       8033       2000      10000          8
   0       14     1955     9996      6899013397      6899023393        16913343       8033       2000      10000          7
   0       14     1955     9995      6899023396      6899033392        16923343       8033       2000      10000          6
   0       14     1955     9996      6899033396      6899043392        16933342       8034       2000      10000          6
   0       14     1955     9996      6899043396      6899053392        16943342       8034       2000      10000          6
   0       14     1955     9996      6899053396      6899063392        16953342       8034       2000      10000          7
   0       14     1955     9997      6899063396      6899073392        16963342       8034       2000      10000          7
   0       14     1955     9996      6899073396      6899083392        16973342       8034       2000      10000          7
   0       14     1955     9996      6899083396      6899093392        16983342       8034       2000      10000          7
   0       14     1955     9996      6899093396      6899103392        16993342       8034       2000      10000          7
   0       14     1955     9996      6899103396      6899113392        17003342       8034       2000      10000          6
   0       14     1955     9996      6899113396      6899123392        17013342       8034       2000      10000          6
   0       14     1955     9996      6899123396      6899133392        17023342       8034       2000      10000          6
   0       14     1955     9996      6899133396      6899143392        17033342       8034       2000      10000          7
   0       14     1955     9996      6899143396      6899153392        17043342       8034       2000      10000          7
   0       14     1955     9996      6899153396      6899163392        17053342       8034       2000      10000          6
   0       14     1955     9996      6899163396      6899173392        17063342       8034       2000      10000          7
   0       14     1955     9996      6899173396      6899183392        17073342       8034       2000      10000          6
   0       14     1955     9996      6899183396      6899193392        17083342       8034       2000      10000          6
   0       14     1955     9996      6899193396      6899203392        17093342       8034       2000      10000          7
   0       14     1955     9996      6899203396      6899213392        17103342       8034       2000      10000          7
   0       14     1955     9996      6899213396      6899223392        17113342       8034       2000      10000          6
   0       14     1955     9996      6899223396      6899233392        17123342       8034       2000      10000          6
   0       14     1955     9996      6899233396      6899243392        17133342       8034       2000      10000          6
   0       14     1955     9996      6899243396      6899253392        17143342       8034       2000      10000          6
   0       14     1955     9996      6899253396      6899263392        17153342       8034       2000      10000          7
   0       14     1955     9996      6899263396      6899273392        17163342       8034       2000      10000          7
   0       14     1955     9996      6899273396      6899283392        17173342       8034       2000      10000          6
   0       14     1955     9997      6899283396      6899293392        17183342       8034       2000      10000          7
   0       14     1955     9985      6899293408      6899303392        17193354       8022       2000      10000          7
   0       14     1955     9996      6899303396      6899313392        17203342       8034       2000      10000          6
   0       14     1955     9996      6899313396      6899323392        17213342       8034       2000      10000          6
   0       14     1955     9996      6899323396      6899333392        17223342       8034       2000      10000          7
   0       14     1957     9997      6899333396      6899343393        17233342       8032       2000      10000          8
   0       14     1955     9995      6899343397      6899353392        17243343       8033       2000      10000          7
   0       14     1955     9996      6899353396      6899363392        17253342       8034       2000      10000          6
   0       14     1955     9996      6899363396      6899373392        17263342       8034       2000      10000          7
   0       14     1955     9996      6899373396      6899383392        17273342       8034       2000      10000          6
   0       14     1955     9996      6899383396      6899393392        17283342       8034       2000      10000          6
   0       14     1955     9996      6899393396      6899403392        17293342       8034       2000      10000          6
   0       14     1955     9996      6899403396      6899413392        17303342       8034       2000      10000          6
   0       14     1955     9996      6899413396      6899423392        17313342       8034       2000      10000          6
   0       14     1955     9996      6899423396      6899433392        17323342       8034       2000      10000          6
   0       14     1955     9996      6899433396      6899443392        17333342       8034       2000      10000          7
   0       14     1955     9996      6899443396      6899453392        17343342       8034       2000      10000          6
   0       14     1955     9996      6899453396      6899463392        17353342       8034       2000      10000          7
   0       14     1955     9997      6899463396      6899473392        17363342       8034       2000      10000          7
   0       14     1955     9996      6899473396      6899483392        17373342       8034       2000      10000          6
   0       14     1955     9996      6899483396      6899493392        17383342       8034       2000      10000          7
   0       14     1955     9996      6899493396      6899503392        17393342       8034       2000      10000          6
   0       14     1955     9996      6899503396      6899513392        17403342       8034       2000      10000          6
   0       14     1955     9996      6899513396      6899523392        17413342       8034       2000      10000          6
   0       14     1955     9996      6899523396      6899533392        17423342       8034       2000      10000          6
   0       14     1955     9996      6899533396      6899543392        17433342       8034       2000      10000          7
   0       14     1955     9996      6899543396      6899553392        17443342       8034       2000      10000          6
   0       14     1955     9996      6899553396      6899563392        17453342       8034       2000      10000          7
   0       14     1955     9996      6899563396      6899573392        17463342       8034       2000      10000          6
   0       14     1955     9996      6899573396      6899583392        17473342       8034       2000      10000          6
   0       14     1955     9996      6899583396      6899593392        17483342       8034       2000      10000          6
   0       14     1955     9996      6899593396      6899603392        17493342       8034       2000      10000          6
   0       14     1955     9996      6899603396      6899613392        17503342       8034       2000      10000          7
   0       14     1955     9996      6899613396      6899623392        17513342       8034       2000      10000          6
   0       14     1955     9984      6899623408      6899633392        17523354       8022       2000      10000          7
   0       14     1955     9996      6899633396      6899643392        17533342       8034       2000      10000          6
   0       14     1955     9996      6899643396      6899653392        17543342       8034       2000      10000          6
   0       14     1955     9996      6899653396      6899663392        17553342       8034       2000      10000          6
   0       14     1955     9996      6899663396      6899673392        17563342       8034       2000      10000          7
   0       14     1955     9996      6899673396      6899683392        17573342       8034       2000      10000          6
   0       14     1955     9996      6899683396      6899693391        17583342       8034       2000      10000          6
   0       14     1955     9997      6899693395      6899703392        17593341       8035       2000      10000          6
   0       14     1955     9996      6899703396      6899713392        17603342       8034       2000      10000          6
   0       14     1955     9996      6899713396      6899723392        17613342       8034       2000      10000          6
   0       14     1955     9996      6899723396      6899733392        17623342       8034       2000      10000          6
   0       14     1955     9996      6899733396      6899743392        17633342       8034       2000      10000          6
   0       14     1955     9996      6899743396      6899753392        17643342       8034       2000      10000          6
   0       14     1955     9996      6899753396      6899763392        17653342       8034       2000      10000          6
   0       14     1955     9996      6899763396      6899773392        17663342       8034       2000      10000          7
   0       14     1955     9996      6899773396      6899783392        17673342       8034       2000      10000          7
   0       14     1955     9996      6899783396      6899793392        17683342       8034       2000      10000          6
   0       14     1955     9996      6899793396      6899803392        17693342       8034       2000      10000          6
   0       14     1955     9996      6899803396      6899813392        17703342       8034       2000      10000          6
   0       14     1955     9996      6899813396      6899823392        17713342       8034       2000      10000          6
   0       14     1955     9996      6899823395      6899833392        17723342       8034       2000      10000          6
   0       14     1955     9996      6899833396      6899843392        17733342       8034       2000      10000          6
   0       14     1955     9996      6899843395      6899853392        17743342       8034       2000      10000          6
   0       14     1955     9996      6899853396      6899863392        17753342       8034       2000      10000          6
   0       14     1955     9997      6899863396      6899873392        17763342       8034       2000      10000          7
   0       14     1955     9996      6899873396      6899883392        17773342       8034       2000      10000          7
   0       14     1955     9996      6899883396      6899893392        17783342       8034       2000      10000          6
   0       14     1955     9996      6899893396      6899903392        17793342       8034       2000      10000          7
   0       14     1955     9996      6899903396      6899913392        17803342       8034       2000      10000          6
   0       14     1955     9996      6899913396      6899923392        17813342       8034       2000      10000          6
   0       14     1955     9996      6899923396      6899933392        17823342       8034       2000      10000          7
   0       14     1955     9996      6899933396      6899943392        17833342       8034       2000      10000          6
   0       14     1955     9996      6899943396      6899953392        17843342       8034       2000      10000          7
   0       14     1955     9985      6899953407      6899963392        17853353       8023       2000      10000          6
   0       14     1955     9996      6899963396      6899973392        17863342       8034       2000      10000          6
   0       14     1955     9996      6899973396      6899983392        17873342       8034       2000      10000          6
   0       14     1955     9996      6899983396      6899993392        17883342       8034       2000      10000          7
   0       14     1955     9996      6899993396      6900003392        17893342       8034       2000      10000          6
   0       14     1955     9996      6900003396      6900013392        17903342       8034       2000      10000          7
   0       14     1955     9996      6900013396      6900023392        17913342       8034       2000      10000          6
   0       14     1955     9996      6900023396      6900033392        17923342       8034       2000      10000          6
   0       14     1955     9996      6900033396      6900043392        17933342       8034       2000      10000          6
   0       14     1955     9996      6900043396      6900053392        17943342       8034       2000      10000          6
   0       14     1955     9996      6900053396      6900063392        17953342       8034       2000      10000          6
   0       14     1955     9996      6900063396      6900073392        17963342       8034       2000      10000          6
   0       14     1955     9996      6900073396      6900083392        17973342       8034       2000      10000          6
   0       14     1955     9996      6900083396      6900093392        17983342       8034       2000      10000          6
   0       14     1955     9996      6900093396      6900103392        17993342       8034       2000      10000          7
   0       14     1955     9996      6900103396      6900113392        18003342       8034       2000      10000          7
   0       14     1955     9996      6900113396      6900123392        18013342       8034       2000      10000          6
   0       14     1955     9996      6900123396      6900133392        18023342       8034       2000      10000          7
   0       14     1955     9996      6900133396      6900143392        18033342       8034       2000      10000          7
   0       14     1955     9996      6900143396      6900153392        18043342       8034       2000      10000          7
   0       14     1955     9996      6900153396      6900163392        18053342       8034       2000      10000          6
   0       14     1955     9996      6900163395      6900173392        18063342       8034       2000      10000          6
   0       14     1955     9996      6900173396      6900183392        18073342       8034       2000      10000          6
   0       14     1955     9996      6900183396      6900193392        18083342       8034       2000      10000          6
   0       14     1955     9996      6900193396      6900203392        18093342       8034       2000      10000          6
   0       14     1955     9996      6900203396      6900213392        18103342       8034       2000      10000          6
   0       14     1955     9996      6900213396      6900223392        18113342       8034       2000      10000          6
   0       14     1955     9996      6900223396      6900233392        18123342       8034       2000      10000          7
   0       14     1955     9996      6900233396      6900243392        18133342       8034       2000      10000          6
   0       14     1955     9996      6900243396      6900253392        18143342       8034       2000      10000          6
   0       14     1955     9996      6900253396      6900263392        18153342       8034       2000      10000          6
   0       14     1955     9996      6900263396      6900273392        18163342       8034       2000      10000          6
   0       14     1955     9996      6900273396      6900283392        18173342       8034       2000      10000          6
   0       14     1955     9986      6900283406      6900293392        18183352       8024       2000      10000          7
   0       14     1955     9996      6900293396      6900303392        18193342       8034       2000      10000          6
   0       14     1955     9996      6900303396      6900313392        18203342       8034       2000      10000          7
   0       14     1955     9996      6900313396      6900323392        18213342       8034       2000      10000          6
   0       14     1955     9996      6900323396      6900333392        18223342       8034       2000      10000          6
   0       14     1956     9997      6900333396      6900343393        18233342       8033       2000      10000          7
   0       14     1955     9996      6900343397      6900353392        18243343       8033       2000      10000          7
   0       14     1955     9996      6900353396      6900363392        18253342       8034       2000      10000          6
   0       14     1955     9997      6900363396      6900373392        18263342       8034       2000      10000          7
   0       14     1955     9996      6900373396      6900383392        18273342       8034       2000      10000          6
   0       14     1955     9996      6900383396      6900393392        18283342       8034       2000      10000          6
   0       14     1955     9996      6900393396      6900403392        18293342       8034       2000      10000          6
   0       14     1955     9997      6900403396      6900413392        18303342       8034       2000      10000          7
   0       14     1955     9996      6900413396      6900423392        18313342       8034       2000      10000          6
   0       14     1955     9996      6900423396      6900433392        18323342       8034       2000      10000          7
   0       14     1955     9996      6900433396      6900443392        18333342       8034       2000      10000          7
   0       14     1955     9996      6900443396      6900453392        18343342       8034       2000      10000          7
   0       14     1955     9996      6900453396      6900463392        18353342       8034       2000      10000          7
   0       14     1955     9997      6900463396      6900473393        18363342       8034       2000      10000          8
   0       14     1955     9995      6900473397      6900483392        18373343       8033       2000      10000          6
   0       14     1955     9996      6900483396      6900493392        18383342       8034       2000      10000          6
   0       14     1955     9996      6900493396      6900503392        18393342       8034       2000      10000          6
   0       14     1955     9996      6900503396      6900513392        18403342       8034       2000      10000          6
   0       14     1955     9996      6900513396      6900523392        18413342       8034       2000      10000          7
   0       14     1955     9996      6900523396      6900533392        18423342       8034       2000      10000          7
   0       14     1955     9996      6900533396      6900543392        18433342       8034       2000      10000          7
   0       14     1955     9996      6900543396      6900553392        18443342       8034       2000      10000          7
   0       14     1955     9996      6900553396      6900563392        18453342       8034       2000      10000          6
   0       14     1955     9997      6900563396      6900573392        18463342       8034       2000      10000          7
   0       14     1955     9996      6900573396      6900583392        18473342       8034       2000      10000          7
   0       14     1955     9996      6900583396      6900593392        18483342       8034       2000      10000          7
   0       14     1955     9996      6900593396      6900603392        18493342       8034       2000      10000          7
   0       14     1955     9996      6900603396      6900613392        18503342       8034       2000      10000          6
   0       14     1955     9985      6900613407      6900623392        18513353       8023       2000      10000          7
   0       14     1955     9996      6900623396      6900633392        18523342       8034       2000      10000          6
   0       14     1955     9996      6900633396      6900643392        18533342       8034       2000      10000          6
   0       14     1955     9996      6900643396      6900653392        18543342       8034       2000      10000          7
   0       14     1955     9996      6900653396      6900663392        18553342       8034       2000      10000          6
   0       14     1955     9997      6900663396      6900673392        18563342       8034       2000      10000          7
   0       14     1955     9996      6900673396      6900683392        18573342       8034       2000      10000          6
   0       14     1955     9996      6900683396      6900693392        18583342       8034       2000      10000          7
   0       14     1955     9996      6900693396      6900703392        18593342       8034       2000      10000          6
   0       14     1955     9996      6900703396      6900713392        18603342       8034       2000      10000          7
   0       14     1955     9996      6900713396      6900723392        18613342       8034       2000      10000          6
   0       14     1955     9996      6900723396      6900733392        18623342       8034       2000      10000          6
   0       14     1955     9996      6900733396      6900743392        18633342       8034       2000      10000          6
   0       14     1955     9996      6900743396      6900753392        18643342       8034       2000      10000          6
   0       14     1955     9996      6900753396      6900763392        18653342       8034       2000      10000          6
   0       14     1955     9996      6900763396      6900773392        18663342       8034       2000      10000          6
   0       14     1955     9996      6900773396      6900783392        18673342       8034       2000      10000          6
   0       14     1955     9996      6900783396      6900793392        18683342       8034       2000      10000          6
   0       14     1955     9996      6900793396      6900803392        18693342       8034       2000      10000          6
   0       14     1955     9996      6900803395      6900813392        18703342       8034       2000      10000          6
   0       14     1955     9996      6900813396      6900823392        18713342       8034       2000      10000          6
   0       14     1955     9996      6900823396      6900833392        18723342       8034       2000      10000          6
   0       14     1955     9996      6900833396      6900843392        18733342       8034       2000      10000          6
   0       14     1955     9997      6900843395      6900853392        18743342       8034       2000      10000          7
   0       14     1955     9996      6900853396      6900863392        18753342       8034       2000      10000          6
   0       14     1955     9997      6900863396      6900873392        18763342       8034       2000      10000          7
   0       14     1955     9996      6900873396      6900883392        18773342       8034       2000      10000          6
   0       14     1955     9996      6900883396      6900893392        18783342       8034       2000      10000          6
   0       14     1955     9996      6900893396      6900903392        18793342       8034       2000      10000          6
   0       14     1955     9996      6900903396      6900913392        18803342       8034       2000      10000          6
   0       14     1955     9996      6900913396      6900923392        18813342       8034       2000      10000          6
   0       14     1955     9996      6900923396      6900933392        18823342       8034       2000      10000          6
   0       14     1955     9996      6900933396      6900943392        18833342       8034       2000      10000          6
   0       14     1955     9986      6900943406      6900953392        18843352       8024       2000      10000          7
   0       14     1955     9996      6900953396      6900963392        18853342       8034       2000      10000          6
   0       14     1955     9996      6900963396      6900973392        18863342       8034       2000      10000          7
   0       14     1955     9996      6900973396      6900983392        18873342       8034       2000      10000          6
   0       14     1955     9997      6900983395      6900993392        18883342       8034       2000      10000          7
   0       14     1955     9997      6900993396      6901003392        18893342       8034       2000      10000          7
   0       14     1955     9996      6901003396      6901013392        18903342       8034       2000      10000          7
   0       14     1955     9996      6901013396      6901023392        18913342       8034       2000      10000          6
   0       14     1955     9997      6901023395      6901033392        18923341       8035       2000      10000          7
   0       14     1955     9996      6901033396      6901043392        18933342       8034       2000      10000          6
   0       14     1955     9996      6901043396      6901053392        18943342       8034       2000      10000          6
   0       14     1955     9996      6901053395      6901063392        18953342       8034       2000      10000          6
   0       14     1955     9996      6901063396      6901073392        18963342       8034       2000      10000          7
   0       14     1955     9996      6901073396      6901083392        18973342       8034       2000      10000          6
   0       14     1955     9996      6901083396      6901093392        18983342       8034       2000      10000          6
   0       14     1955     9996      6901093396      6901103392        18993342       8034       2000      10000          7
   0       14     1955     9996      6901103396      6901113392        19003342       8034       2000      10000          6
   0       14     1955     9996      6901113396      6901123392        19013342       8034       2000      10000          6
   0       14     1955     9996      6901123396      6901133392        19023342       8034       2000      10000          6
   0       14     1955     9996      6901133396      6901143392        19033342       8034       2000      10000          6
   0       14     1955     9996      6901143396      6901153392        19043342       8034       2000      10000          6
   0       14     1955     9997      6901153396      6901163392        19053342       8034       2000      10000          7
   0       14     1955     9996      6901163396      6901173392        19063342       8034       2000      10000          6
   0       14     1955     9996      6901173396      6901183392        19073342       8034       2000      10000          6
   0       14     1955     9996      6901183396      6901193392        19083342       8034       2000      10000          6
   0       14     1955     9996      6901193396      6901203392        19093342       8034       2000      10000          6
   0       14     1955     9996      6901203396      6901213392        19103342       8034       2000      10000          6
   0       14     1955     9996      6901213396      6901223392        19113342       8034       2000      10000          6
   0       14     1955     9996      6901223396      6901233392        19123342       8034       2000      10000          6
   0       14     1955     9996      6901233396      6901243392        19133342       8034       2000      10000          6
   0       14     1955     9996      6901243395      6901253392        19143342       8034       2000      10000          6
   0       14     1955     9996      6901253396      6901263392        19153342       8034       2000      10000          7
   0       14     1955     9996      6901263396      6901273392        19163342       8034       2000      10000          6
   0       14     1955     9986      6901273406      6901283392        19173352       8023       2000      10000          7
   0       14     1955     9996      6901283396      6901293392        19183342       8034       2000      10000          6
   0       14     1955     9996      6901293395      6901303392        19193342       8034       2000      10000          6
   0       14     1955     9996      6901303396      6901313392        19203342       8034       2000      10000          6
   0       14     1955     9996      6901313396      6901323392        19213342       8034       2000      10000          6
   0       14     1955     9996      6901323396      6901333392        19223342       8034       2000      10000          7
   0       14     1956     9997      6901333396      6901343393        19233342       8033       2000      10000          7
   0       14     1955     9995      6901343397      6901353392        19243343       8033       2000      10000          6
   0       14     1955     9996      6901353396      6901363392        19253342       8034       2000      10000          7
   0       14     1955     9996      6901363396      6901373392        19263342       8034       2000      10000          6
   0       14     1955     9996      6901373396      6901383392        19273342       8034       2000      10000          7
   0       14     1955     9996      6901383396      6901393392        19283342       8034       2000      10000          6
   0       14     1955     9996      6901393396      6901403392        19293342       8034       2000      10000          7
   0       14     1955     9996      6901403396      6901413392        19303342       8034       2000      10000          6
   0       14     1955     9996      6901413396      6901423392        19313342       8034       2000      10000          6
   0       14     1955     9996      6901423396      6901433392        19323342       8034       2000      10000          6
   0       14     1955     9996      6901433396      6901443392        19333342       8034       2000      10000          7
   0       14     1955     9996      6901443396      6901453392        19343342       8034       2000      10000          6
   0       14     1955     9996      6901453396      6901463392        19353342       8034       2000      10000          6
   0       14     1955     9996      6901463396      6901473392        19363342       8034       2000      10000          6
   0       14     1955     9996      6901473396      6901483392        19373342       8034       2000      10000          7
   0       14     1955     9996      6901483396      6901493392        19383342       8034       2000      10000          6
   0       14     1955     9996      6901493396      6901503392        19393342       8034       2000      10000          6
   0       14     1955     9996      6901503396      6901513392        19403342       8034       2000      10000          6
   0       14     1955     9996      6901513396      6901523392        19413342       8034       2000      10000          7
   0       14     1955     9996      6901523396      6901533392        19423342       8034       2000      10000          6
   0       14     1955     9996      6901533396      6901543392        19433342       8034       2000      10000          7
   0       14     1955     9996      6901543396      6901553392        19443342       8034       2000      10000          6
   0       14     1955     9996      6901553396      6901563392        19453342       8034       2000      10000          7
   0       14     1955     9997      6901563396      6901573392        19463342       8034       2000      10000          7
   0       14     1955     9996      6901573396      6901583392        19473342       8034       2000      10000          7
   0       14     1955     9996      6901583396      6901593392        19483342       8034       2000      10000          6
   0       14     1955     9996      6901593396      6901603392        19493342       8034       2000      10000          7
   0       14     1955     9985      6901603407      6901613392        19503353       8023       2000      10000          6
   0       14     1955     9996      6901613396      6901623392        19513342       8034       2000      10000          6
   0       14     1955     9996      6901623396      6901633392        19523342       8034       2000      10000          6
   0       14     1955     9997      6901633395      6901643392        19533342       8034       2000      10000          7
   0       14     1955     9996      6901643396      6901653392        19543342       8034       2000      10000          6
   0       14     1955     9996      6901653396      6901663392        19553342       8034       2000      10000          6
   0       14     1955     9997      6901663396      6901673392        19563342       8034       2000      10000          7
   0       14     1955     9996      6901673396      6901683392        19573342       8034       2000      10000          6
   0       14     1955     9996      6901683396      6901693392        19583342       8034       2000      10000          6
   0       14     1955     9996      6901693396      6901703392        19593342       8034       2000      10000          6
   0       14     1955     9996      6901703396      6901713392        19603342       8034       2000      10000          6
   0       14     1955     9996      6901713396      6901723392        19613342       8034       2000      10000          7
   0       14     1955     9996      6901723396      6901733392        19623342       8034       2000      10000          6
   0       14     1955     9996      6901733396      6901743392        19633342       8034       2000      10000          6
   0       14     1955     9996      6901743396      6901753392        19643342       8034       2000      10000          6
   0       14     1955     9996      6901753396      6901763392        19653342       8034       2000      10000          7
   0       14     1955     9996      6901763396      6901773392        19663342       8034       2000      10000          7
   0       14     1955     9996      6901773396      6901783392        19673342       8034       2000      10000          6
   0       14     1955     9996      6901783396      6901793392        19683342       8034       2000      10000          6
   0       14     1955     9997      6901793396      6901803392        19693342       8034       2000      10000          7
   0       14     1955     9996      6901803396      6901813392        19703342       8034       2000      10000          6
   0       14     1955     9996      6901813396      6901823392        19713342       8034       2000      10000          7
   0       14     1955     9996      6901823396      6901833392        19723342       8034       2000      10000          6
   0       14     1955     9996      6901833396      6901843392        19733342       8034       2000      10000          6
   0       14     1955     9996      6901843396      6901853392        19743342       8034       2000      10000          6
   0       14     1955     9996      6901853396      6901863392        19753342       8034       2000      10000          6
   0       14     1955     9996      6901863396      6901873392        19763342       8034       2000      10000          6
   0       14     1955     9996      6901873396      6901883392        19773342       8034       2000      10000          6
   0       14     1955     9996      6901883396      6901893392        19783342       8034       2000      10000          6
   0       14     1955     9996      6901893395      6901903392        19793342       8034       2000      10000          6
   0       14     1955     9996      6901903396      6901913392        19803342       8034       2000      10000          6
   0       14     1955     9996      6901913395      6901923392        19813342       8034       2000      10000          6
   0       14     1955     9996      6901923396      6901933392        19823342       8034       2000      10000          7
   0       14     1955     9985      6901933407      6901943392        19833353       8023       2000      10000          7
   0       14     1955     9996      6901943396      6901953392        19843342       8034       2000      10000          7
   0       14     1955     9996      6901953396      6901963392        19853342       8034       2000      10000          7
   0       14     1955     9996      6901963396      6901973392        19863342       8034       2000      10000          6
   0       14     1955     9996      6901973396      6901983392        19873342       8034       2000      10000          7
   0       14     1955     9996      6901983396      6901993392        19883342       8034       2000      10000          7
   0       14     1955     9997      6901993396      6902003393        19893342       8034       2000      10000          7
   0       14     1955     9996      6902003396      6902013392        19903342       8034       2000      10000          6
   0       14     1955     9996      6902013396      6902023392        19913342       8034       2000      10000          7
   0       14     1955     9996      6902023396      6902033392        19923342       8034       2000      10000          6
   0       14     1955     9996      6902033396      6902043392        19933342       8034       2000      10000          7
   0       14     1955     9996      6902043396      6902053392        19943342       8034       2000      10000          6
   0       14     1955     9996      6902053395      6902063392        19953342       8034       2000      10000          6
   0       14     1955     9996      6902063396      6902073392        19963342       8034       2000      10000          7
   0       14     1955     9996      6902073396      6902083392        19973342       8034       2000      10000          7
   0       14     1955     9996      6902083396      6902093392        19983342       8034       2000      10000          7
