#idx     perf      run   period           start             end          rel_st      slack c_duration   c_period     wu_lat
   0       14     1958     1960     14378402663     14378404622           13611      -5428       2000      10000          0
   0       14     1955     9978     14378404680     14378414658           15628       7987       2000      10000         35
   0       14     1955     9905     14378414748     14378424653           25696       7919       2000      10000         29
   0       14     1955     9912     14378424740     14378434652           35689       7926       2000      10000         29
   0       14     1955     9912     14378434741     14378444653           45689       7926       2000      10000         30
   0       14     1955     9912     14378444741     14378454653           55689       7926       2000      10000         30
   0       14     1955     9912     14378454740     14378464652           65688       7927       2000      10000         29
   0       14     1955     9892     14378464738     14378474630           75686       7929       2000      10000          8
   0       14     1955     9962     14378474668     14378484630           85616       7999       2000      10000          7
   0       14     1955     9985     14378484667     14378494652           95615       8000       2000      10000         29
   0       14     1955     9937     14378494714     14378504652          105663       7952       2000      10000         29
   0       14     1955     9912     14378504740     14378514652          115689       7926       2000      10000         29
   0       14     1955     9913     14378514739     14378524652          125688       7927       2000      10000         29
   0       14     1955     9911     14378524741     14378534652          135689       7926       2000      10000         29
   0       14     1955     9910     14378534741     14378544651          145689       7926       2000      10000         27
   0       14     1955     9915     14378544737     14378554652          155685       7930       2000      10000         29
   0       14     1955     9911     14378554741     14378564652          165689       7926       2000      10000         29
   0       14     1955     9912     14378564739     14378574651          175687       7928       2000      10000         28
   0       14     1955     9908     14378574743     14378584651          185691       7924       2000      10000         28
   0       14     1955     9912     14378584740     14378594652          195688       7927       2000      10000         29
   0       14     1955     9911     14378594740     14378604652          205689       7926       2000      10000         29
   0       14     1955     9911     14378604741     14378614652          215689       7926       2000      10000         29
   0       14     1955     9907     14378614744     14378624652          225692       7923       2000      10000         29
   0       14     1955     9914     14378624738     14378634652          235686       7929       2000      10000         29
   0       14     1955     9911     14378634742     14378644652          245690       7925       2000      10000         29
   0       14     1955     9911     14378644740     14378654651          255688       7927       2000      10000         28
   0       14     1955     9912     14378654739     14378664652          265688       7927       2000      10000         29
   0       14     1955     9913     14378664739     14378674652          275687       7928       2000      10000         29
   0       14     1955     9911     14378674741     14378684652          285689       7926       2000      10000         29
   0       14     1955     9913     14378684739     14378694651          295687       7928       2000      10000         28
   0       14     1955     9913     14378694739     14378704652          305687       7928       2000      10000         29
   0       14     1955     9914     14378704737     14378714652          315686       7929       2000      10000         29
   0       14     1955     9911     14378714741     14378724652          325689       7926       2000      10000         29
   0       14     1955     9871     14378724782     14378734653          335730       7885       2000      10000         30
   0       14     1955     9911     14378734741     14378744652          345689       7926       2000      10000         29
   0       14     1955     9891     14378744761     14378754652          355709       7906       2000      10000         28
   0       14     1955     9901     14378754751     14378764651          365699       7916       2000      10000         28
   0       14     1955     9907     14378764748     14378774655          375696       7919       2000      10000         32
   0       14     1955     9901     14378774751     14378784652          385699       7916       2000      10000         28
   0       14     1955     9903     14378784750     14378794653          395698       7916       2000      10000         30
   0       14     1955     9901     14378794750     14378804652          405699       7916       2000      10000         29
   0       14     1955     9904     14378804748     14378814652          415696       7919       2000      10000         28
   0       14     1955     9899     14378814752     14378824651          425700       7914       2000      10000         28
   0       14     1955     9909     14378824742     14378834651          435691       7924       2000      10000         28
   0       14     1955     9903     14378834749     14378844652          445697       7917       2000      10000         29
   0       14     1956     9902     14378844749     14378854651          455698       7917       2000      10000         28
   0       14     1955     9897     14378854755     14378864652          465703       7912       2000      10000         29
   0       14     1955     9905     14378864748     14378874653          475696       7919       2000      10000         30
   0       14     1955     9907     14378874745     14378884652          485693       7922       2000      10000         29
   0       14     1955     9905     14378884747     14378894651          495695       7920       2000      10000         28
   0       14     1955     9902     14378894750     14378904652          505698       7916       2000      10000         29
   0       14     1955     9903     14378904749     14378914652          515697       7917       2000      10000         29
   0       14     1955     9903     14378914748     14378924651          525697       7918       2000      10000         28
   0       14     1955     9901     14378924750     14378934651          535698       7917       2000      10000         28
   0       14     1955     9911     14378934740     14378944651          545689       7926       2000      10000         28
   0       14     1955     9903     14378944748     14378954651          555696       7918       2000      10000         28
   0       14     1955     9900     14378954752     14378964652          565700       7915       2000      10000         29
   0       14     1955     9903     14378964749     14378974651          575697       7918       2000      10000         28
   0       14     1955     9904     14378974750     14378984653          585698       7917       2000      10000         30
   0       14     1955     9902     14378984750     14378994652          595698       7917       2000      10000         29
   0       14     1955     9910     14378994742     14379004652          605691       7924       2000      10000         29
   0       14     1955     9903     14379004749     14379014652          615697       7918       2000      10000         28
   0       14     1955     9898     14379014754     14379024652          625702       7912       2000      10000         28
   0       14     1955     9902     14379024749     14379034651          635697       7918       2000      10000         28
   0       14     1955     9900     14379034751     14379044652          645700       7915       2000      10000         29
   0       14     1955     9902     14379044750     14379054652          655698       7916       2000      10000         29
   0       14     1955     9889     14379054764     14379064653          665712       7902       2000      10000         29
   0       14     1955     9900     14379064752     14379074651          675700       7915       2000      10000         28
   0       14     1955     9901     14379074751     14379084652          685699       7916       2000      10000         29
   0       14     1955     9902     14379084749     14379094651          695697       7917       2000      10000         28
   0       14     1955     9902     14379094749     14379104651          705697       7917       2000      10000         27
   0       14     1955     9902     14379104749     14379114651          715697       7918       2000      10000         28
   0       14     1955     9907     14379114745     14379124652          725693       7922       2000      10000         29
   0       14     1955     9902     14379124750     14379134652          735698       7917       2000      10000         29
   0       14     1955     9900     14379134751     14379144652          745700       7915       2000      10000         29
   0       14     1955     9903     14379144748     14379154652          755697       7918       2000      10000         28
   0       14     1955     9902     14379154750     14379164652          765698       7917       2000      10000         29
   0       14     1955     9901     14379164750     14379174651          775698       7917       2000      10000         28
   0       14     1955     9911     14379174741     14379184651          785689       7926       2000      10000         28
   0       14     1955     9902     14379184749     14379194651          795697       7917       2000      10000         28
   0       14     1955     9899     14379194753     14379204652          805701       7913       2000      10000         29
   0       14     1955     9904     14379204748     14379214652          815696       7918       2000      10000         29
   0       14     1955     9902     14379214750     14379224652          825698       7917       2000      10000         29
   0       14     1955     9911     14379224741     14379234651          835689       7926       2000      10000         28
   0       14     1955     9904     14379234748     14379244652          845697       7918       2000      10000         29
   0       14     1955     9900     14379244752     14379254652          855700       7915       2000      10000         29
   0       14     1955     9903     14379254749     14379264652          865697       7918       2000      10000         29
   0       14     1955     9903     14379264749     14379274651          875697       7918       2000      10000         28
   0       14     1955     9903     14379274748     14379284652          885697       7918       2000      10000         29
   0       14     1955     9911     14379284740     14379294651          895688       7926       2000      10000         28
   0       14     1955     9898     14379294753     14379304651          905702       7913       2000      10000         28
   0       14     1955     9901     14379304751     14379314652          915699       7916       2000      10000         28
   0       14     1955     9904     14379314749     14379324652          925697       7918       2000      10000         29
   0       14     1955     9901     14379324751     14379334652          935699       7916       2000      10000         29
   0       14     1955     9903     14379334749     14379344652          945697       7917       2000      10000         29
   0       14     1955     9910     14379344742     14379354652          955690       7925       2000      10000         29
   0       14     1955     9904     14379354749     14379364653          965697       7918       2000      10000         30
   0       14     1955     9903     14379364749     14379374652          975698       7917       2000      10000         29
   0       14     1955     9906     14379374746     14379384652          985694       7921       2000      10000         29
   0       14     1955     9885     14379384768     14379394653          995716       7899       2000      10000         30
   0       14     1955     9903     14379394749     14379404652         1005697       7918       2000      10000         29
   0       14     1955     9908     14379404744     14379414652         1015692       7923       2000      10000         29
   0       14     1955     9903     14379414749     14379424652         1025697       7918       2000      10000         29
   0       14     1955     9901     14379424750     14379434651         1035698       7917       2000      10000         28
   0       14     1955     9881     14379434748     14379444630         1045697       7918       2000      10000          7
   0       14     1955     9955     14379444675     14379454629         1055623       7992       2000      10000          7
   0       14     1955     9993     14379454674     14379464667         1065622       7993       2000      10000         45
   0       14     1955     9946     14379464705     14379474651         1075654       7961       2000      10000         28
   0       14     1955     9903     14379474748     14379484651         1085697       7918       2000      10000         28
   0       14     1955     9898     14379484753     14379494651         1095702       7913       2000      10000         28
   0       14     1955     9904     14379494747     14379504651         1105696       7919       2000      10000         28
   0       14     1955     9903     14379504749     14379514652         1115697       7918       2000      10000         28
   0       14     1955     9909     14379514742     14379524651         1125691       7924       2000      10000         28
   0       14     1955     9904     14379524748     14379534651         1135696       7919       2000      10000         28
   0       14     1955     9904     14379534747     14379544651         1145695       7919       2000      10000         28
   0       14     1955     9902     14379544749     14379554651         1155697       7917       2000      10000         28
   0       14     1955     9904     14379554748     14379564651         1165696       7919       2000      10000         28
   0       14     1955     9900     14379564752     14379574651         1175700       7915       2000      10000         28
   0       14     1955     9911     14379574740     14379584651         1185689       7926       2000      10000         28
   0       14     1955     9904     14379584747     14379594652         1195696       7919       2000      10000         29
   0       14     1955     9903     14379594749     14379604652         1205698       7917       2000      10000         29
   0       14     1955     9897     14379604754     14379614651         1215702       7913       2000      10000         28
   0       14     1955     9906     14379614746     14379624652         1225694       7920       2000      10000         29
   0       14     1955     9901     14379624751     14379634652         1235699       7916       2000      10000         29
   0       14     1955     9912     14379634740     14379644652         1245688       7927       2000      10000         29
   0       14     1955     9904     14379644748     14379654652         1255696       7919       2000      10000         29
   0       14     1955     9903     14379654748     14379664651         1265696       7918       2000      10000         28
   0       14     1955     9903     14379664749     14379674652         1275697       7917       2000      10000         29
   0       14     1955     9903     14379674749     14379684652         1285697       7918       2000      10000         28
   0       14     1955     9902     14379684749     14379694651         1295697       7918       2000      10000         28
   0       14     1955     9914     14379694738     14379704652         1305686       7929       2000      10000         29
   0       14     1955     9902     14379704749     14379714651         1315698       7917       2000      10000         28
   0       14     1955     9883     14379714771     14379724653         1325719       7896       2000      10000         30
   0       14     1955     9902     14379724749     14379734651         1335697       7917       2000      10000         28
   0       14     1955     9904     14379734748     14379744652         1345696       7918       2000      10000         29
   0       14     1955     9903     14379744749     14379754652         1355697       7918       2000      10000         28
   0       14     1955     9910     14379754741     14379764651         1365689       7926       2000      10000         28
   0       14     1955     9881     14379764749     14379774631         1375698       7917       2000      10000          8
   0       14     1956     9975     14379774680     14379784654         1385628       7986       2000      10000         31
   0       14     1955     9898     14379784754     14379794652         1395702       7912       2000      10000         29
   0       14     1955     9903     14379794748     14379804652         1405697       7918       2000      10000         28
   0       14     1955     9899     14379804752     14379814652         1415701       7914       2000      10000         28
   0       14     1955     9911     14379814741     14379824652         1425689       7926       2000      10000         29
   0       14     1955     9903     14379824748     14379834651         1435697       7918       2000      10000         28
   0       14     1955     9903     14379834748     14379844652         1445697       7918       2000      10000         28
   0       14     1955     9905     14379844747     14379854652         1455695       7920       2000      10000         29
   0       14     1955     9904     14379854748     14379864652         1465696       7919       2000      10000         28
   0       14     1955     9910     14379864743     14379874653         1475691       7924       2000      10000         30
   0       14     1955     9903     14379874748     14379884651         1485697       7918       2000      10000         28
   0       14     1955     9902     14379884750     14379894652         1495698       7916       2000      10000         29
   0       14     1955     9903     14379894749     14379904651         1505697       7918       2000      10000         28
   0       14     1955     9904     14379904747     14379914652         1515695       7919       2000      10000         28
   0       14     1955     9902     14379914749     14379924652         1525697       7917       2000      10000         28
   0       14     1955     9911     14379924740     14379934651         1535689       7926       2000      10000         28
   0       14     1955     9905     14379934747     14379944652         1545696       7919       2000      10000         29
   0       14     1955     9878     14379944751     14379954630         1555700       7915       2000      10000          7
   0       14     1957     9952     14379954678     14379964631         1565627       7987       2000      10000          8
   0       14     1958     9947     14379964686     14379974633         1575634       7978       2000      10000         10
   0       14     1957     9960     14379974692     14379984651         1585640       7973       2000      10000         28
   0       14     1955     9908     14379984743     14379994652         1595692       7923       2000      10000         28
   0       14     1955     9880     14379994750     14380004630         1605698       7916       2000      10000          7
   0       14     1955     9976     14380004675     14380014651         1615624       7991       2000      10000         28
   0       14     1955     9904     14380014749     14380024653         1625697       7918       2000      10000         30
   0       14     1955     9899     14380024752     14380034650         1635700       7915       2000      10000         27
   0       14     1955     9903     14380034748     14380044651         1645696       7919       2000      10000         28
   0       14     1955     9887     14380044765     14380054652         1655713       7901       2000      10000         29
   0       14     1955     9899     14380054752     14380064651         1665700       7915       2000      10000         28
   0       14     1955     9901     14380064750     14380074651         1675698       7917       2000      10000         28
   0       14     1955     9902     14380074749     14380084651         1685697       7918       2000      10000         28
   0       14     1955     9903     14380084748     14380094651         1695696       7918       2000      10000         28
   0       14     1955     9904     14380094747     14380104651         1705695       7920       2000      10000         28
   0       14     1955     9906     14380104744     14380114650         1715692       7923       2000      10000         27
   0       14     1955     9882     14380114750     14380124632         1725698       7917       2000      10000          9
   0       14     1955     9974     14380124678     14380134652         1735626       7989       2000      10000         28
   0       14     1955     9903     14380134748     14380144651         1745696       7918       2000      10000         28
   0       14     1955     9902     14380144749     14380154650         1755697       7918       2000      10000         27
   0       14     1955     9909     14380154742     14380164651         1765690       7925       2000      10000         28
   0       14     1955     9904     14380164747     14380174651         1775695       7920       2000      10000         28
   0       14     1955     9902     14380174749     14380184650         1785697       7918       2000      10000         27
   0       14     1955     9899     14380184752     14380194651         1795700       7915       2000      10000         28
   0       14     1955     9903     14380194747     14380204650         1805696       7919       2000      10000         27
   0       14     1955     9901     14380204750     14380214650         1815698       7917       2000      10000         27
   0       14     1955     9910     14380214741     14380224651         1825689       7926       2000      10000         28
   0       14     1955     9904     14380224748     14380234651         1835696       7919       2000      10000         28
   0       14     1955     9898     14380234753     14380244651         1845701       7914       2000      10000         28
   0       14     1955     9903     14380244749     14380254652         1855697       7918       2000      10000         29
   0       14     1955     9902     14380254748     14380264650         1865697       7918       2000      10000         27
   0       14     1955     9902     14380264749     14380274651         1875697       7918       2000      10000         27
   0       14     1955     9911     14380274740     14380284651         1885688       7927       2000      10000         27
   0       14     1955     9903     14380284748     14380294651         1895697       7918       2000      10000         28
   0       14     1955     9902     14380294749     14380304650         1905697       7918       2000      10000         27
   0       14     1955     9904     14380304748     14380314652         1915696       7919       2000      10000         29
   0       14     1955     9901     14380314750     14380324651         1925699       7916       2000      10000         28
   0       14     1955     9902     14380324748     14380334651         1935696       7918       2000      10000         28
   0       14     1955     9910     14380334741     14380344651         1945689       7926       2000      10000         28
   0       14     1955     9903     14380344748     14380354651         1955696       7919       2000      10000         28
   0       14     1955     9902     14380354748     14380364650         1965697       7918       2000      10000         27
   0       14     1955     9901     14380364749     14380374650         1975697       7917       2000      10000         27
   0       14     1955     9886     14380374766     14380384652         1985715       7900       2000      10000         29
   0       14     1955     9901     14380384750     14380394651         1995698       7917       2000      10000         28
   0       14     1955     9909     14380394743     14380404652         2005692       7923       2000      10000         29
   0       14     1955     9902     14380404750     14380414652         2015698       7917       2000      10000         28
   0       14     1955     9878     14380414752     14380424630         2025700       7915       2000      10000          7
   0       14     1955     9956     14380424674     14380434629         2035622       7993       2000      10000          7
   0       14     1955     9984     14380434674     14380444658         2045622       7993       2000      10000         35
   0       14     1955     9950     14380444702     14380454652         2055651       7964       2000      10000         29
   0       14     1955     9910     14380454741     14380464651         2065689       7926       2000      10000         28
   0       14     1955     9902     14380464748     14380474651         2075697       7918       2000      10000         28
   0       14     1955     9900     14380474751     14380484651         2085700       7915       2000      10000         28
   0       14     1955     9903     14380484748     14380494651         2095696       7918       2000      10000         28
   0       14     1955     9902     14380494748     14380504651         2105696       7918       2000      10000         27
   0       14     1955     9906     14380504745     14380514651         2115693       7922       2000      10000         28
   0       14     1955     9904     14380514747     14380524652         2125696       7919       2000      10000         29
   0       14     1955     9904     14380524747     14380534651         2135696       7919       2000      10000         28
   0       14     1955     9901     14380534750     14380544651         2145698       7916       2000      10000         28
   0       14     1955     9902     14380544748     14380554651         2155697       7918       2000      10000         27
   0       14     1955     9900     14380554751     14380564651         2165699       7916       2000      10000         28
   0       14     1955     9911     14380564741     14380574651         2175689       7926       2000      10000         28
   0       14     1955     9901     14380574750     14380584652         2185698       7916       2000      10000         28
   0       14     1955     9900     14380584752     14380594652         2195700       7915       2000      10000         29
   0       14     1955     9903     14380594748     14380604651         2205697       7918       2000      10000         28
   0       14     1955     9905     14380604745     14380614651         2215694       7921       2000      10000         27
   0       14     1955     9901     14380614750     14380624651         2225698       7917       2000      10000         28
   0       14     1955     9910     14380624741     14380634651         2235689       7926       2000      10000         28
   0       14     1955     9900     14380634750     14380644650         2245698       7916       2000      10000         27
   0       14     1955     9903     14380644749     14380654652         2255697       7918       2000      10000         29
   0       14     1955     9903     14380654748     14380664651         2265697       7918       2000      10000         28
   0       14     1955     9902     14380664749     14380674651         2275697       7917       2000      10000         28
   0       14     1955     9902     14380674749     14380684651         2285697       7918       2000      10000         28
   0       14     1955     9912     14380684739     14380694651         2295687       7928       2000      10000         28
   0       14     1955     9902     14380694749     14380704651         2305698       7917       2000      10000         28
   0       14     1955     9889     14380704765     14380714654         2315713       7902       2000      10000         30
   0       14     1955     9902     14380714749     14380724651         2325697       7918       2000      10000         28
   0       14     1955     9903     14380724748     14380734651         2335696       7919       2000      10000         28
   0       14     1955     9902     14380734750     14380744651         2345698       7917       2000      10000         28
   0       14     1955     9910     14380744741     14380754651         2355689       7926       2000      10000         28
   0       14     1955     9903     14380754749     14380764652         2365697       7918       2000      10000         28
   0       14     1955     9908     14380764747     14380774655         2375695       7919       2000      10000         32
   0       14     1955     9897     14380774755     14380784652         2385703       7911       2000      10000         29
   0       14     1955     9904     14380784748     14380794651         2395696       7919       2000      10000         28
   0       14     1955     9911     14380794740     14380804651         2405688       7927       2000      10000         28
   0       14     1955     9899     14380804752     14380814651         2415700       7915       2000      10000         28
   0       14     1955     9902     14380814749     14380824651         2425698       7917       2000      10000         28
   0       14     1955     9901     14380824750     14380834651         2435699       7916       2000      10000         28
   0       14     1955     9903     14380834750     14380844653         2445698       7917       2000      10000         29
   0       14     1955     9903     14380844748     14380854651         2455696       7918       2000      10000         28
   0       14     1955     9908     14380854743     14380864651         2465692       7923       2000      10000         28
   0       14     1955     9905     14380864748     14380874653         2475696       7919       2000      10000         30
   0       14     1955     9897     14380874754     14380884651         2485702       7912       2000      10000         28
   0       14     1955     9903     14380884748     14380894651         2495696       7919       2000      10000         28
   0       14     1955     9903     14380894748     14380904651         2505696       7918       2000      10000         28
   0       14     1955     9902     14380904748     14380914650         2515697       7918       2000      10000         27
   0       14     1955     9910     14380914740     14380924651         2525688       7926       2000      10000         27
   0       14     1955     9905     14380924747     14380934651         2535695       7920       2000      10000         28
   0       14     1955     9899     14380934751     14380944651         2545700       7915       2000      10000         28
   0       14     1955     9902     14380944749     14380954650         2555697       7918       2000      10000         27
   0       14     1955     9903     14380954748     14380964651         2565697       7918       2000      10000         28
   0       14     1955     9901     14380964750     14380974651         2575699       7916       2000      10000         28
   0       14     1955     9911     14380974740     14380984651         2585689       7926       2000      10000         28
   0       14     1955     9901     14380984750     14380994651         2595698       7916       2000      10000         28
   0       14     1955     9881     14380994748     14381004629         2605697       7918       2000      10000          7
   0       14     1955     9976     14381004675     14381014652         2615623       7992       2000      10000         28
   0       14     1955     9902     14381014750     14381024652         2625699       7916       2000      10000         29
   0       14     1955     9903     14381024749     14381034651         2635697       7918       2000      10000         28
   0       14     1955     9893     14381034759     14381044652         2645708       7907       2000      10000         29
   0       14     1955     9900     14381044752     14381054651         2655700       7915       2000      10000         28
   0       14     1955     9902     14381054750     14381064652         2665698       7916       2000      10000         29
   0       14     1955     9902     14381064748     14381074650         2675697       7918       2000      10000         27
   0       14     1955     9901     14381074750     14381084651         2685698       7916       2000      10000         28
   0       14     1955     9902     14381084748     14381094650         2695696       7919       2000      10000         27
   0       14     1955     9908     14381094743     14381104651         2705691       7924       2000      10000         28
   0       14     1955     9899     14381104752     14381114651         2715700       7915       2000      10000         28
   0       14     1955     9903     14381114749     14381124652         2725698       7917       2000      10000         29
   0       14     1955     9903     14381124748     14381134651         2735696       7919       2000      10000         28
   0       14     1955     9903     14381134748     14381144651         2745696       7919       2000      10000         28
   0       14     1955     9910     14381144742     14381154651         2755690       7925       2000      10000         28
   0       14     1955     9903     14381154747     14381164651         2765696       7919       2000      10000         28
   0       14     1955     9900     14381164750     14381174650         2775698       7916       2000      10000         27
   0       14     1955     9899     14381174752     14381184651         2785700       7914       2000      10000         28
   0       14     1955     9903     14381184747     14381194650         2795696       7919       2000      10000         27
   0       14     1955     9901     14381194750     14381204651         2805698       7916       2000      10000         28
   0       14     1955     9910     14381204740     14381214650         2815689       7926       2000      10000         27
   0       14     1955     9904     14381214748     14381224652         2825696       7919       2000      10000         29
   0       14     1955     9900     14381224750     14381234650         2835698       7916       2000      10000         27
   0       14     1955     9903     14381234748     14381244651         2845696       7919       2000      10000         28
   0       14     1955     9902     14381244748     14381254650         2855696       7918       2000      10000         27
   0       14     1955     9899     14381254752     14381264651         2865701       7914       2000      10000         28
   0       14     1955     9908     14381264743     14381274650         2875691       7924       2000      10000         27
   0       14     1955     9902     14381274749     14381284651         2885697       7918       2000      10000         28
   0       14     1955     9901     14381284750     14381294651         2895698       7917       2000      10000         27
   0       14     1955     9903     14381294748     14381304651         2905696       7919       2000      10000         27
   0       14     1955     9901     14381304749     14381314651         2915698       7917       2000      10000         27
   0       14     1955     9903     14381314748     14381324651         2925696       7918       2000      10000         28
   0       14     1955     9887     14381324742     14381334629         2935690       7925       2000      10000          7
   0       14     1955     9977     14381334674     14381344651         2945622       7993       2000      10000         28
   0       14     1956     9901     14381344749     14381354650         2955697       7917       2000      10000         27
   0       14     1955     9906     14381354745     14381364651         2965693       7922       2000      10000         28
   0       14     1955     9889     14381364764     14381374653         2975712       7903       2000      10000         29
   0       14     1955     9902     14381374748     14381384651         2985697       7918       2000      10000         27
   0       14     1955     9907     14381384744     14381394651         2995692       7923       2000      10000         28
   0       14     1955     9904     14381394748     14381404651         3005696       7919       2000      10000         28
   0       14     1955     9881     14381404748     14381414629         3015697       7918       2000      10000          7
   0       14     1955     9956     14381414674     14381424629         3025622       7993       2000      10000          7
   0       14     1955     9977     14381424674     14381434651         3035622       7993       2000      10000         27
   0       14     1955     9913     14381434738     14381444651         3045687       7928       2000      10000         28
   0       14     1955     9903     14381444748     14381454651         3055696       7919       2000      10000         28
   0       14     1955     9903     14381454748     14381464652         3065697       7918       2000      10000         29
   0       14     1955     9900     14381464752     14381474652         3075700       7915       2000      10000         29
   0       14     1955     9903     14381474748     14381484651         3085697       7918       2000      10000         28
   0       14     1955     9901     14381484750     14381494651         3095698       7917       2000      10000         28
   0       14     1955     9906     14381494745     14381504651         3105693       7922       2000      10000         28
   0       14     1955     9901     14381504749     14381514651         3115698       7917       2000      10000         27
   0       14     1955     9904     14381514747     14381524651         3125695       7920       2000      10000         27
   0       14     1955     9903     14381524749     14381534651         3135697       7918       2000      10000         28
   0       14     1955     9903     14381534748     14381544651         3145696       7918       2000      10000         28
   0       14     1955     9900     14381544751     14381554651         3155699       7915       2000      10000         28
   0       14     1955     9910     14381554740     14381564650         3165688       7927       2000      10000         27
   0       14     1955     9904     14381564747     14381574651         3175696       7919       2000      10000         28
   0       14     1955     9901     14381574750     14381584651         3185698       7917       2000      10000         28
   0       14     1955     9902     14381584748     14381594650         3195697       7918       2000      10000         27
   0       14     1955     9899     14381594751     14381604650         3205699       7915       2000      10000         27
   0       14     1955     9901     14381604749     14381614650         3215698       7917       2000      10000         27
   0       14     1955     9909     14381614742     14381624651         3225690       7924       2000      10000         28
   0       14     1955     9899     14381624752     14381634651         3235700       7914       2000      10000         28
   0       14     1955     9903     14381634748     14381644651         3245696       7919       2000      10000         28
   0       14     1955     9903     14381644747     14381654651         3255696       7919       2000      10000         27
   0       14     1955     9903     14381654748     14381664651         3265696       7918       2000      10000         28
   0       14     1955     9903     14381664748     14381674651         3275696       7918       2000      10000         28
   0       14     1955     9907     14381674744     14381684651         3285692       7923       2000      10000         28
   0       14     1955     9901     14381684749     14381694651         3295698       7917       2000      10000         27
   0       14     1955     9887     14381694766     14381704652         3305714       7901       2000      10000         29
   0       14     1955     9904     14381704748     14381714651         3315696       7919       2000      10000         28
   0       14     1955     9903     14381714749     14381724651         3325697       7918       2000      10000         28
   0       14     1955     9900     14381724751     14381734651         3335700       7915       2000      10000         28
   0       14     1955     9911     14381734739     14381744651         3345687       7928       2000      10000         27
   0       14     1955     9901     14381744749     14381754650         3355697       7918       2000      10000         26
   0       14     1955     9904     14381754746     14381764650         3365695       7920       2000      10000         27
   0       14     1955     9905     14381764750     14381774654         3375698       7917       2000      10000         31
   0       14     1955     9899     14381774752     14381784651         3385700       7915       2000      10000         28
   0       14     1955     9908     14381784744     14381794652         3395692       7923       2000      10000         28
   0       14     1955     9904     14381794747     14381804652         3405696       7919       2000      10000         28
   0       14     1955     9901     14381804750     14381814651         3415699       7916       2000      10000         28
   0       14     1955     9899     14381814751     14381824650         3425700       7915       2000      10000         27
   0       14     1955     9902     14381824748     14381834650         3435696       7919       2000      10000         27
   0       14     1955     9902     14381834749     14381844651         3445697       7918       2000      10000         28
   0       14     1955     9909     14381844742     14381854651         3455690       7925       2000      10000         28
   0       14     1955     9905     14381854747     14381864651         3465695       7920       2000      10000         28
   0       14     1955     9903     14381864749     14381874652         3475697       7918       2000      10000         29
   0       14     1955     9895     14381874755     14381884651         3485704       7911       2000      10000         28
   0       14     1955     9903     14381884748     14381894652         3495697       7918       2000      10000         29
   0       14     1955     9903     14381894747     14381904651         3505696       7919       2000      10000         27
   0       14     1955     9911     14381904739     14381914651         3515688       7927       2000      10000         28
   0       14     1955     9901     14381914749     14381924650         3525697       7918       2000      10000         27
   0       14     1955     9900     14381924751     14381934651         3535699       7916       2000      10000         28
   0       14     1955     9902     14381934749     14381944651         3545697       7918       2000      10000         28
   0       14     1955     9902     14381944748     14381954651         3555696       7918       2000      10000         27
   0       14     1955     9902     14381954748     14381964651         3565696       7918       2000      10000         27
   0       14     1955     9910     14381964741     14381974651         3575690       7925       2000      10000         28
   0       14     1955     9902     14381974749     14381984651         3585698       7917       2000      10000         28
   0       14     1955     9901     14381984750     14381994651         3595698       7917       2000      10000         28
   0       14     1955     9903     14381994747     14382004650         3605696       7919       2000      10000         27
   0       14     1955     9902     14382004749     14382014651         3615698       7917       2000      10000         28
   0       14     1955     9898     14382014754     14382024652         3625702       7913       2000      10000         29
   0       14     1955     9894     14382024759     14382034653         3635707       7907       2000      10000         30
   0       14     1955     9899     14382034752     14382044651         3645700       7915       2000      10000         28
   0       14     1955     9901     14382044750     14382054651         3655698       7917       2000      10000         28
   0       14     1955     9904     14382054748     14382064652         3665696       7919       2000      10000         29
   0       14     1955     9903     14382064748     14382074651         3675697       7918       2000      10000         28
   0       14     1955     9911     14382074740     14382084651         3685688       7927       2000      10000         28
   0       14     1955     9901     14382084750     14382094651         3695698       7917       2000      10000         28
   0       14     1955     9902     14382094749     14382104651         3705697       7918       2000      10000         28
   0       14     1955     9901     14382104749     14382114651         3715698       7917       2000      10000         27
   0       14     1955     9922     14382114748     14382124670         3725697       7918       2000      10000         47
   0       14     1955     9880     14382124771     14382134651         3735719       7895       2000      10000         28
   0       14     1955     9910     14382134741     14382144651         3745689       7926       2000      10000         28
   0       14     1955     9905     14382144746     14382154651         3755694       7921       2000      10000         28
   0       14     1955     9901     14382154749     14382164650         3765698       7917       2000      10000         27
   0       14     1955     9898     14382164753     14382174651         3775701       7913       2000      10000         28
   0       14     1955     9902     14382174749     14382184651         3785697       7917       2000      10000         28
   0       14     1955     9902     14382184749     14382194651         3795697       7917       2000      10000         28
   0       14     1955     9911     14382194740     14382204651         3805689       7926       2000      10000         28
   0       14     1955     9902     14382204748     14382214650         3815696       7919       2000      10000         27
   0       14     1955     9901     14382214750     14382224650         3825698       7917       2000      10000         27
   0       14     1955     9902     14382224748     14382234651         3835697       7918       2000      10000         28
   0       14     1955     9902     14382234749     14382244650         3845697       7918       2000      10000         27
   0       14     1955     9899     14382244752     14382254651         3855700       7915       2000      10000         28
   0       14     1955     9911     14382254740     14382264651         3865688       7927       2000      10000         28
   0       14     1955     9900     14382264751     14382274651         3875699       7916       2000      10000         28
   0       14     1955     9901     14382274749     14382284650         3885697       7918       2000      10000         27
   0       14     1955     9904     14382284747     14382294650         3895695       7920       2000      10000         27
   0       14     1955     9901     14382294750     14382304650         3905698       7917       2000      10000         27
   0       14     1955     9903     14382304748     14382314651         3915696       7919       2000      10000         27
   0       14     1955     9908     14382314743     14382324651         3925691       7924       2000      10000         28
   0       14     1955     9899     14382324752     14382334651         3935700       7914       2000      10000         28
   0       14     1955     9899     14382334752     14382344650         3945700       7915       2000      10000         27
   0       14     1955     9901     14382344749     14382354650         3955697       7917       2000      10000         27
   0       14     1955     9887     14382354766     14382364653         3965714       7901       2000      10000         30
   0       14     1955     9902     14382364749     14382374651         3975697       7918       2000      10000         27
   0       14     1955     9908     14382374743     14382384650         3985691       7924       2000      10000         27
   0       14     1955     9903     14382384748     14382394651         3995697       7918       2000      10000         28
   0       14     1955     9922     14382394751     14382404672         4005699       7916       2000      10000         50
   0       14     1955     9913     14382404717     14382414629         4015665       7950       2000      10000          7
   0       14     1955     9977     14382414674     14382424651         4025622       7993       2000      10000         28
   0       14     1955     9963     14382424688     14382434650         4035636       7979       2000      10000         27
   0       14     1955     9902     14382434749     14382444651         4045697       7918       2000      10000         28
   0       14     1955     9901     14382444750     14382454650         4055698       7917       2000      10000         27
   0       14     1955     9901     14382454751     14382464652         4065699       7916       2000      10000         29
   0       14     1955     9900     14382464750     14382474651         4075699       7916       2000      10000         28
   0       14     1955     9903     14382474748     14382484651         4085696       7918       2000      10000         28
   0       14     1955     9910     14382484741     14382494651         4095689       7926       2000      10000         28
   0       14     1955     9905     14382494746     14382504651         4105694       7921       2000      10000         28
   0       14     1955     9899     14382504752     14382514651         4115700       7915       2000      10000         27
   0       14     1955     9903     14382514749     14382524652         4125697       7917       2000      10000         28
   0       14     1955     9904     14382524747     14382534651         4135696       7919       2000      10000         28
   0       14     1955     9901     14382534750     14382544651         4145698       7916       2000      10000         28
   0       14     1955     9910     14382544741     14382554651         4155689       7926       2000      10000         27
   0       14     1955     9902     14382554749     14382564651         4165697       7918       2000      10000         28
   0       14     1955     9903     14382564748     14382574651         4175697       7918       2000      10000         28
   0       14     1955     9903     14382574748     14382584651         4185696       7918       2000      10000         28
   0       14     1955     9905     14382584746     14382594651         4195694       7921       2000      10000         27
   0       14     1956     9903     14382594749     14382604651         4205697       7917       2000      10000         28
   0       14     1955     9907     14382604743     14382614651         4215692       7923       2000      10000         27
   0       14     1955     9899     14382614752     14382624651         4225700       7915       2000      10000         28
   0       14     1955     9899     14382624751     14382634651         4235700       7915       2000      10000         28
   0       14     1955     9903     14382634748     14382644651         4245696       7918       2000      10000         28
   0       14     1955     9902     14382644749     14382654651         4255697       7918       2000      10000         28
   0       14     1955     9904     14382654747     14382664651         4265695       7920       2000      10000         28
   0       14     1955     9912     14382664739     14382674651         4275687       7927       2000      10000         28
   0       14     1955     9903     14382674749     14382684652         4285697       7918       2000      10000         29
   0       14     1955     9887     14382684765     14382694652         4295713       7902       2000      10000         29
   0       14     1955     9899     14382694752     14382704651         4305700       7914       2000      10000         28
   0       14     1955     9902     14382704749     14382714651         4315697       7918       2000      10000         27
   0       14     1955     9910     14382714741     14382724651         4325689       7926       2000      10000         28
   0       14     1955     9904     14382724748     14382734651         4335696       7919       2000      10000         28
   0       14     1955     9902     14382734749     14382744651         4345697       7917       2000      10000         28
   0       14     1955     9905     14382744745     14382754650         4355694       7921       2000      10000         27
   0       14     1955     9903     14382754749     14382764652         4365697       7917       2000      10000         29
   0       14     1955     9905     14382764748     14382774653         4375696       7919       2000      10000         30
   0       14     1956     9914     14382774742     14382784655         4385690       7924       2000      10000         32
   0       14     1955     9892     14382784758     14382794651         4395706       7908       2000      10000         28
   0       14     1955     9903     14382794748     14382804651         4405697       7918       2000      10000         28
   0       14     1955     9903     14382804748     14382814651         4415696       7919       2000      10000         28
   0       14     1955     9905     14382814748     14382824652         4425696       7919       2000      10000         29
   0       14     1955     9902     14382824748     14382834650         4435697       7918       2000      10000         27
   0       14     1955     9909     14382834743     14382844652         4445691       7924       2000      10000         29
   0       14     1955     9903     14382844748     14382854651         4455696       7919       2000      10000         27
   0       14     1955     9903     14382854748     14382864651         4465696       7919       2000      10000         28
   0       14     1955     9902     14382864751     14382874652         4475699       7916       2000      10000         29
   0       14     1955     9902     14382874749     14382884651         4485697       7917       2000      10000         28
   0       14     1955     9904     14382884748     14382894652         4495696       7918       2000      10000         28
   0       14     1955     9910     14382894741     14382904651         4505690       7925       2000      10000         28
   0       14     1955     9903     14382904748     14382914651         4515696       7919       2000      10000         28
   0       14     1955     9899     14382914752     14382924651         4525700       7915       2000      10000         28
   0       14     1955     9903     14382924747     14382934651         4535695       7919       2000      10000         27
   0       14     1955     9903     14382934747     14382944650         4545696       7919       2000      10000         27
   0       14     1955     9903     14382944750     14382954652         4555698       7917       2000      10000         29
   0       14     1955     9911     14382954741     14382964652         4565689       7926       2000      10000         29
   0       14     1955     9903     14382964748     14382974651         4575696       7918       2000      10000         28
   0       14     1955     9902     14382974750     14382984651         4585698       7917       2000      10000         28
   0       14     1955     9904     14382984747     14382994651         4595695       7919       2000      10000         28
   0       14     1955     9900     14382994751     14383004652         4605699       7915       2000      10000         28
   0       14     1955     9904     14383004748     14383014652         4615696       7918       2000      10000         29
   0       14     1955     9893     14383014761     14383024654         4625709       7906       2000      10000         31
   0       14     1955     9899     14383024753     14383034652         4635701       7914       2000      10000         28
   0       14     1955     9901     14383034750     14383044651         4645698       7917       2000      10000         28
   0       14     1955     9903     14383044748     14383054651         4655696       7918       2000      10000         28
   0       14     1955     9903     14383054748     14383064651         4665696       7918       2000      10000         28
   0       14     1955     9909     14383064742     14383074651         4675690       7925       2000      10000         28
   0       14     1955     9901     14383074751     14383084651         4685699       7916       2000      10000         28
   0       14     1955     9902     14383084749     14383094651         4695698       7917       2000      10000         28
   0       14     1955     9901     14383094749     14383104651         4705698       7917       2000      10000         28
   0       14     1955     9903     14383104748     14383114651         4715696       7918       2000      10000         28
   0       14     1955     9902     14383114750     14383124652         4725698       7917       2000      10000         29
   0       14     1955     9910     14383124742     14383134652         4735690       7925       2000      10000         29
   0       14     1955     9906     14383134746     14383144652         4745694       7921       2000      10000         29
   0       14     1956     9902     14383144749     14383154651         4755698       7917       2000      10000         28
   0       14     1955     9900     14383154751     14383164651         4765699       7915       2000      10000         28
   0       14     1955     9903     14383164748     14383174651         4775697       7918       2000      10000         28
   0       14     1955     9903     14383174749     14383184652         4785698       7917       2000      10000         29
   0       14     1955     9910     14383184741     14383194651         4795690       7925       2000      10000         28
   0       14     1955     9903     14383194748     14383204651         4805697       7918       2000      10000         28
   0       14     1955     9902     14383204750     14383214652         4815698       7917       2000      10000         29
   0       14     1955     9902     14383214750     14383224652         4825698       7917       2000      10000         29
   0       14     1955     9903     14383224749     14383234651         4835697       7918       2000      10000         28
   0       14     1955     9900     14383234752     14383244652         4845700       7915       2000      10000         29
   0       14     1955     9910     14383244742     14383254652         4855690       7925       2000      10000         29
   0       14     1955     9901     14383254750     14383264652         4865699       7916       2000      10000         28
   0       14     1955     9902     14383264750     14383274652         4875698       7916       2000      10000         29
   0       14     1955     9905     14383274747     14383284652         4885695       7919       2000      10000         29
   0       14     1955     9902     14383284750     14383294652         4895698       7916       2000      10000         29
   0       14     1955     9905     14383294747     14383304652         4905695       7920       2000      10000         29
   0       14     1955     9910     14383304742     14383314652         4915691       7924       2000      10000         29
   0       14     1955     9900     14383314752     14383324652         4925700       7914       2000      10000         29
   0       14     1955     9903     14383324749     14383334652         4935697       7917       2000      10000         29
   0       14     1955     9901     14383334750     14383344651         4945698       7916       2000      10000         28
   0       14     1955     9881     14383344771     14383354652         4955720       7895       2000      10000         29
   0       14     1955     9912     14383354741     14383364653         4965689       7926       2000      10000         30
   0       14     1955     9901     14383364750     14383374651         4975699       7916       2000      10000         28
   0       14     1955     9904     14383374749     14383384653         4985697       7918       2000      10000         30
   0       14     1955     9885     14383384749     14383394634         4995697       7918       2000      10000         11
   0       14     1468     9955     14383394678     14383404632         5005626       8476       2000      10000         10
   0       14     1404     9966     14383404670     14383414636         5015618       8547       2000      10000         13
   0       14     1554     9952     14383414679     14383424632         5025627       8388       2000      10000          9
   0       14     1955     9975     14383424677     14383434652         5035626       7989       2000      10000         29
   0       14     1955     9910     14383434741     14383444651         5045689       7926       2000      10000         28
   0       14     1955     9910     14383444742     14383454652         5055690       7925       2000      10000         28
   0       14     1955     9909     14383454743     14383464652         5065691       7924       2000      10000         29
   0       14     1955     9910     14383464741     14383474651         5075689       7926       2000      10000         28
   0       14     1955     9911     14383474741     14383484652         5085689       7926       2000      10000         29
   0       14     1955     9910     14383484741     14383494652         5095689       7926       2000      10000         28
   0       14     1955     9909     14383494742     14383504651         5105690       7925       2000      10000         28
   0       14     1955     9909     14383504742     14383514651         5115690       7925       2000      10000         28
   0       14     1955     9912     14383514739     14383524651         5125687       7928       2000      10000         28
   0       14     1955     9911     14383524741     14383534652         5135689       7926       2000      10000         29
   0       14     1955     9913     14383534739     14383544652         5145687       7928       2000      10000         28
   0       14     1955     9912     14383544740     14383554652         5155688       7927       2000      10000         29
   0       14     1955     9912     14383554739     14383564651         5165688       7927       2000      10000         28
   0       14     1955     9913     14383564738     14383574651         5175686       7929       2000      10000         28
   0       14     1955     9915     14383574736     14383584651         5185685       7930       2000      10000         28
   0       14     1955     9911     14383584740     14383594651         5195688       7927       2000      10000         28
   0       14     1955     9913     14383594738     14383604651         5205687       7928       2000      10000         28
   0       14     1955     9910     14383604742     14383614651         5215690       7925       2000      10000         28
   0       14     1955     9908     14383614743     14383624651         5225691       7924       2000      10000         28
   0       14     1955     9912     14383624739     14383634651         5235688       7927       2000      10000         28
   0       14     1955     9911     14383634740     14383644651         5245688       7927       2000      10000         28
   0       14     1955     9912     14383644739     14383654651         5255688       7927       2000      10000         28
   0       14     1955     9914     14383654737     14383664651         5265686       7930       2000      10000         28
   0       14     1955     9912     14383664740     14383674652         5275689       7926       2000      10000         29
   0       14     1955     9889     14383674763     14383684652         5285712       7903       2000      10000         29
   0       14     1955     9908     14383684743     14383694652         5295691       7924       2000      10000         29
   0       14     1955     9912     14383694739     14383704652         5305688       7927       2000      10000         29
   0       14     1955     9912     14383704739     14383714651         5315687       7928       2000      10000         28
   0       14     1955     9912     14383714739     14383724651         5325688       7927       2000      10000         28
   0       14     1955     9913     14383724739     14383734652         5335687       7928       2000      10000         29
   0       14     1955     9914     14383734738     14383744652         5345686       7929       2000      10000         29
   0       14     1955     9911     14383744740     14383754651         5355689       7926       2000      10000         28
   0       14     1955     9911     14383754740     14383764651         5365688       7927       2000      10000         28
   0       14     1955     9893     14383764738     14383774632         5375687       7928       2000      10000          9
   0       14     1955     9985     14383774670     14383784655         5385618       7997       2000      10000         32
   0       14     1955     9911     14383784741     14383794652         5395689       7926       2000      10000         29
   0       14     1955     9911     14383794741     14383804652         5405689       7926       2000      10000         29
   0       14     1955     9912     14383804740     14383814653         5415689       7926       2000      10000         29
   0       14     1955     9891     14383814739     14383824630         5425687       7928       2000      10000          7
   0       14     1955     9985     14383824666     14383834651         5435614       8001       2000      10000         28
   0       14     1955     9913     14383834739     14383844652         5445687       7928       2000      10000         29
   0       14     1956     9913     14383844739     14383854652         5455687       7927       2000      10000         29
   0       14     1955     9912     14383854740     14383864652         5465688       7927       2000      10000         29
   0       14     1955     9913     14383864739     14383874653         5475688       7927       2000      10000         29
   0       14     1955     9904     14383874747     14383884652         5485695       7920       2000      10000         28
   0       14     1955     9912     14383884739     14383894651         5495687       7928       2000      10000         28
   0       14     1955     9914     14383894738     14383904652         5505686       7929       2000      10000         29
   0       14     1955     9911     14383904741     14383914652         5515689       7926       2000      10000         29
   0       14     1955     9911     14383914741     14383924652         5525689       7926       2000      10000         29
   0       14     1955     9912     14383924740     14383934652         5535688       7927       2000      10000         29
   0       14     1955     9913     14383934739     14383944652         5545687       7928       2000      10000         29
   0       14     1955     9913     14383944739     14383954652         5555687       7928       2000      10000         29
   0       14     1955     9912     14383954739     14383964651         5565688       7927       2000      10000         28
   0       14     1955     9912     14383964740     14383974652         5575688       7927       2000      10000         29
   0       14     1955     9914     14383974738     14383984651         5585686       7929       2000      10000         28
   0       14     1955     9910     14383984742     14383994652         5595690       7925       2000      10000         29
   0       14     1955     9890     14383994740     14384004629         5605688       7927       2000      10000          7
   0       14     1955     9968     14384004685     14384014653         5615633       7982       2000      10000         29
   0       14     1955     9912     14384014740     14384024652         5625688       7927       2000      10000         29
   0       14     1955     9911     14384024741     14384034652         5635689       7926       2000      10000         29
   0       14     1955     9912     14384034740     14384044652         5645688       7927       2000      10000         29
   0       14     1955     9911     14384044741     14384054651         5655689       7926       2000      10000         28
   0       14     1955     9911     14384054740     14384064652         5665689       7926       2000      10000         29
   0       14     1955     9910     14384064742     14384074652         5675690       7925       2000      10000         29
   0       14     1955     9912     14384074739     14384084651         5685687       7928       2000      10000         28
   0       14     1955     9912     14384084740     14384094652         5695688       7927       2000      10000         29
   0       14     1955     9909     14384094742     14384104651         5705690       7925       2000      10000         28
   0       14     1955     9912     14384104740     14384114652         5715688       7927       2000      10000         28
   0       14     1955     9911     14384114741     14384124652         5725689       7926       2000      10000         29
   0       14     1955     9893     14384124737     14384134629         5735685       7930       2000      10000          7
   0       14     1955     9988     14384134664     14384144652         5745612       8003       2000      10000         29
   0       14     1955     9910     14384144742     14384154652         5755690       7925       2000      10000         29
   0       14     1955     9912     14384154740     14384164652         5765688       7927       2000      10000         29
   0       14     1955     9911     14384164740     14384174651         5775689       7926       2000      10000         28
   0       14     1955     9907     14384174745     14384184652         5785693       7922       2000      10000         29
   0       14     1955     9913     14384184739     14384194652         5795687       7928       2000      10000         29
   0       14     1955     9911     14384194740     14384204652         5805688       7926       2000      10000         28
   0       14     1955     9912     14384204740     14384214652         5815688       7926       2000      10000         29
   0       14     1955     9913     14384214740     14384224652         5825688       7927       2000      10000         29
   0       14     1955     9909     14384224742     14384234652         5835691       7924       2000      10000         29
   0       14     1955     9912     14384234739     14384244651         5845688       7927       2000      10000         28
   0       14     1955     9911     14384244740     14384254652         5855689       7926       2000      10000         29
   0       14     1955     9912     14384254740     14384264652         5865688       7927       2000      10000         29
   0       14     1955     9911     14384264741     14384274652         5875689       7926       2000      10000         29
   0       14     1955     9911     14384274741     14384284652         5885690       7925       2000      10000         29
   0       14     1955     9911     14384284740     14384294652         5895689       7926       2000      10000         29
   0       14     1955     9912     14384294740     14384304652         5905689       7926       2000      10000         29
   0       14     1955     9909     14384304743     14384314652         5915691       7924       2000      10000         29
   0       14     1955     9912     14384314740     14384324652         5925688       7927       2000      10000         29
   0       14     1955     9906     14384324746     14384334652         5935694       7921       2000      10000         29
   0       14     1955     9897     14384334756     14384344652         5945704       7911       2000      10000         29
   0       14     1955     9914     14384344739     14384354652         5955687       7928       2000      10000         29
   0       14     1955     9910     14384354742     14384364652         5965690       7925       2000      10000         28
   0       14     1955     9914     14384364739     14384374652         5975687       7928       2000      10000         29
   0       14     1955     9911     14384374740     14384384651         5985689       7926       2000      10000         29
   0       14     1955     9889     14384384741     14384394630         5995689       7926       2000      10000          7
   0       14     1955     9964     14384394666     14384404630         6005614       8001       2000      10000          7
   0       14     1955     9985     14384404666     14384414651         6015614       8001       2000      10000         28
   0       14     1955     9910     14384414741     14384424651         6025689       7926       2000      10000         28
   0       14     1955     9911     14384424741     14384434651         6035689       7926       2000      10000         28
   0       14     1955     9911     14384434741     14384444652         6045689       7926       2000      10000         28
   0       14     1955     9911     14384444740     14384454651         6055688       7927       2000      10000         28
   0       14     1955     9912     14384454740     14384464652         6065688       7927       2000      10000         29
   0       14     1955     9913     14384464739     14384474652         6075687       7928       2000      10000         29
   0       14     1955     9911     14384474741     14384484652         6085690       7925       2000      10000         29
   0       14     1955     9910     14384484742     14384494652         6095690       7925       2000      10000         29
   0       14     1955     9910     14384494742     14384504652         6105690       7925       2000      10000         29
   0       14     1955     9909     14384504742     14384514651         6115690       7925       2000      10000         28
   0       14     1955     9910     14384514741     14384524651         6125689       7926       2000      10000         28
   0       14     1955     9908     14384524743     14384534651         6135692       7923       2000      10000         28
   0       14     1955     9912     14384534740     14384544652         6145689       7926       2000      10000         29
   0       14     1955     9912     14384544740     14384554652         6155688       7927       2000      10000         29
   0       14     1955     9913     14384554739     14384564652         6165687       7928       2000      10000         28
   0       14     1955     9905     14384564747     14384574651         6175695       7920       2000      10000         28
   0       14     1955     9912     14384574740     14384584652         6185688       7927       2000      10000         28
   0       14     1955     9912     14384584739     14384594651         6195687       7928       2000      10000         28
   0       14     1955     9910     14384594742     14384604652         6205690       7925       2000      10000         29
   0       14     1955     9911     14384604740     14384614651         6215688       7927       2000      10000         28
   0       14     1955     9912     14384614739     14384624652         6225688       7927       2000      10000         29
   0       14     1955     9912     14384624740     14384634651         6235688       7927       2000      10000         28
   0       14     1955     9910     14384634741     14384644651         6245689       7926       2000      10000         28
   0       14     1955     9915     14384644736     14384654651         6255685       7930       2000      10000         28
   0       14     1955     9911     14384654740     14384664652         6265689       7926       2000      10000         29
   0       14     1955     9897     14384664755     14384674652         6275703       7912       2000      10000         29
   0       14     1955     9908     14384674743     14384684652         6285691       7924       2000      10000         29
   0       14     1955     9912     14384684740     14384694652         6295688       7927       2000      10000         29
   0       14     1955     9912     14384694740     14384704652         6305688       7927       2000      10000         29
   0       14     1955     9912     14384704740     14384714652         6315688       7927       2000      10000         29
   0       14     1955     9913     14384714739     14384724652         6325687       7928       2000      10000         29
   0       14     1955     9914     14384724737     14384734651         6335685       7930       2000      10000         28
   0       14     1955     9911     14384734740     14384744651         6345688       7927       2000      10000         28
   0       14     1955     9912     14384744739     14384754651         6355687       7928       2000      10000         28
   0       14     1955     9913     14384754738     14384764652         6365686       7929       2000      10000         28
   0       14     1955     9892     14384764739     14384774631         6375687       7928       2000      10000          8
   0       14     1955     9985     14384774668     14384784652         6385616       7999       2000      10000         29
   0       14     1955     9911     14384784741     14384794652         6395689       7926       2000      10000         29
   0       14     1955     9912     14384794740     14384804652         6405688       7927       2000      10000         29
   0       14     1955     9915     14384804738     14384814652         6415686       7929       2000      10000         29
   0       14     1955     9910     14384814742     14384824651         6425690       7925       2000      10000         28
   0       14     1955     9912     14384824739     14384834651         6435688       7927       2000      10000         28
   0       14     1955     9908     14384834743     14384844651         6445691       7924       2000      10000         28
   0       14     1955     9911     14384844740     14384854651         6455689       7926       2000      10000         28
   0       14     1955     9910     14384854742     14384864652         6465690       7925       2000      10000         29
   0       14     1955     9911     14384864741     14384874652         6475689       7926       2000      10000         29
   0       14     1955     9911     14384874741     14384884652         6485689       7926       2000      10000         29
   0       14     1955     9913     14384884738     14384894652         6495687       7928       2000      10000         29
   0       14     1955     9910     14384894741     14384904652         6505690       7925       2000      10000         29
   0       14     1955     9912     14384904740     14384914652         6515688       7927       2000      10000         29
   0       14     1955     9908     14384914744     14384924652         6525692       7923       2000      10000         29
   0       14     1955     9912     14384924739     14384934651         6535688       7927       2000      10000         28
   0       14     1955     9914     14384934739     14384944652         6545687       7928       2000      10000         29
   0       14     1955     9912     14384944739     14384954651         6555687       7928       2000      10000         28
   0       14     1955     9910     14384954741     14384964651         6565689       7926       2000      10000         28
   0       14     1955     9914     14384964738     14384974652         6575686       7929       2000      10000         29
   0       14     1955     9910     14384974742     14384984652         6585690       7925       2000      10000         29
   0       14     1955     9912     14384984739     14384994652         6595688       7927       2000      10000         29
   0       14     1955     9896     14384994757     14385004653         6605705       7910       2000      10000         30
   0       14     1955     9910     14385004741     14385014652         6615689       7925       2000      10000         28
   0       14     1955     9915     14385014740     14385024655         6625689       7926       2000      10000         32
   0       14     1955     9907     14385024744     14385034651         6635692       7923       2000      10000         28
   0       14     1955     9910     14385034741     14385044651         6645689       7926       2000      10000         28
   0       14     1955     9911     14385044740     14385054651         6655688       7927       2000      10000         28
   0       14     1955     9911     14385054741     14385064652         6665690       7925       2000      10000         29
   0       14     1955     9911     14385064740     14385074651         6675688       7926       2000      10000         28
   0       14     1955     9911     14385074741     14385084651         6685689       7926       2000      10000         28
   0       14     1955     9913     14385084739     14385094652         6695687       7928       2000      10000         29
   0       14     1955     9911     14385094741     14385104651         6705689       7926       2000      10000         28
   0       14     1955     9909     14385104742     14385114651         6715690       7925       2000      10000         28
   0       14     1955     9914     14385114739     14385124653         6725687       7928       2000      10000         30
   0       14     1955     9906     14385124745     14385134651         6735693       7922       2000      10000         28
   0       14     1955     9908     14385134743     14385144651         6745691       7924       2000      10000         28
   0       14     1955     9906     14385144745     14385154651         6755693       7922       2000      10000         28
   0       14     1955     9911     14385154740     14385164651         6765688       7927       2000      10000         28
   0       14     1955     9910     14385164741     14385174651         6775689       7926       2000      10000         28
   0       14     1955     9913     14385174739     14385184652         6785687       7928       2000      10000         29
   0       14     1955     9912     14385184740     14385194652         6795688       7927       2000      10000         29
   0       14     1955     9912     14385194740     14385204652         6805688       7927       2000      10000         29
   0       14     1955     9913     14385204739     14385214652         6815687       7928       2000      10000         29
   0       14     1955     9909     14385214742     14385224651         6825690       7925       2000      10000         28
   0       14     1955     9913     14385224739     14385234651         6835687       7928       2000      10000         28
   0       14     1955     9911     14385234740     14385244652         6845689       7926       2000      10000         29
   0       14     1955     9912     14385244739     14385254651         6855688       7927       2000      10000         28
   0       14     1955     9910     14385254740     14385264651         6865689       7926       2000      10000         28
   0       14     1955     9911     14385264741     14385274652         6875689       7926       2000      10000         29
   0       14     1955     9912     14385274740     14385284651         6885688       7927       2000      10000         28
   0       14     1955     9913     14385284739     14385294651         6895687       7928       2000      10000         28
   0       14     1955     9910     14385294742     14385304651         6905690       7925       2000      10000         28
   0       14     1955     9909     14385304742     14385314652         6915691       7924       2000      10000         29
   0       14     1955     9909     14385314742     14385324651         6925690       7925       2000      10000         28
   0       14     1955     9895     14385324757     14385334652         6935705       7910       2000      10000         29
   0       14     1955     9910     14385334742     14385344652         6945690       7925       2000      10000         29
   0       14     1955     9911     14385344740     14385354651         6955689       7926       2000      10000         28
   0       14     1955     9886     14385354743     14385364629         6965691       7924       2000      10000          7
   0       14     1955     9964     14385364666     14385374630         6975614       8001       2000      10000          7
   0       14     1955     9963     14385374666     14385384630         6985615       8000       2000      10000          7
   0       14     1955     9985     14385384666     14385394651         6995614       8001       2000      10000         28
   0       14     1955     9910     14385394741     14385404651         7005689       7926       2000      10000         28
   0       14     1955     9912     14385404739     14385414652         7015688       7927       2000      10000         29
   0       14     1955     9913     14385414739     14385424652         7025687       7928       2000      10000         29
   0       14     1955     9910     14385424741     14385434651         7035689       7926       2000      10000         28
   0       14     1955     9911     14385434740     14385444651         7045688       7927       2000      10000         28
   0       14     1955     9911     14385444740     14385454651         7055688       7927       2000      10000         27
   0       14     1955     9908     14385454743     14385464651         7065691       7924       2000      10000         28
   0       14     1955     9911     14385464740     14385474651         7075689       7926       2000      10000         28
   0       14     1955     9911     14385474740     14385484652         7085689       7926       2000      10000         29
   0       14     1955     9912     14385484739     14385494651         7095687       7928       2000      10000         28
   0       14     1955     9912     14385494739     14385504651         7105688       7927       2000      10000         28
   0       14     1955     9911     14385504740     14385514651         7115688       7927       2000      10000         28
   0       14     1955     9912     14385514739     14385524651         7125687       7928       2000      10000         28
   0       14     1955     9911     14385524740     14385534651         7135688       7927       2000      10000         28
   0       14     1955     9908     14385534744     14385544652         7145692       7923       2000      10000         29
   0       14     1955     9911     14385544739     14385554650         7155687       7928       2000      10000         27
   0       14     1955     9905     14385554746     14385564651         7165694       7921       2000      10000         28
   0       14     1955     9911     14385564740     14385574651         7175688       7927       2000      10000         28
   0       14     1955     9912     14385574739     14385584651         7185687       7928       2000      10000         28
   0       14     1955     9909     14385584742     14385594651         7195690       7925       2000      10000         28
   0       14     1955     9913     14385594738     14385604651         7205686       7929       2000      10000         28
   0       14     1955     9912     14385604740     14385614652         7215688       7927       2000      10000         28
   0       14     1955     9912     14385614739     14385624651         7225687       7928       2000      10000         28
   0       14     1955     9912     14385624739     14385634651         7235687       7928       2000      10000         28
   0       14     1955     9915     14385634736     14385644651         7245685       7930       2000      10000         28
   0       14     1955     9911     14385644740     14385654651         7255688       7927       2000      10000         28
   0       14     1955     9895     14385654758     14385664653         7265706       7909       2000      10000         29
   0       14     1955     9909     14385664743     14385674651         7275691       7924       2000      10000         28
   0       14     1955     9912     14385674739     14385684651         7285687       7928       2000      10000         27
   0       14     1955     9911     14385684740     14385694651         7295688       7926       2000      10000         28
   0       14     1955     9912     14385694739     14385704651         7305687       7928       2000      10000         28
   0       14     1955     9911     14385704740     14385714651         7315688       7927       2000      10000         28
   0       14     1955     9908     14385714743     14385724651         7325691       7924       2000      10000         28
   0       14     1955     9911     14385724740     14385734652         7335688       7927       2000      10000         29
   0       14     1955     9913     14385734739     14385744652         7345687       7928       2000      10000         29
   0       14     1955     9888     14385744742     14385754630         7355690       7925       2000      10000          8
   0       14     1955     9986     14385754665     14385764651         7365613       8002       2000      10000         28
   0       14     1955     9890     14385764740     14385774631         7375689       7926       2000      10000          8
   0       14     1955     9982     14385774670     14385784651         7385618       7997       2000      10000         28
   0       14     1955     9909     14385784742     14385794651         7395690       7925       2000      10000         28
   0       14     1955     9915     14385794737     14385804651         7405685       7930       2000      10000         28
   0       14     1955     9911     14385804740     14385814652         7415688       7927       2000      10000         28
   0       14     1955     9911     14385814740     14385824651         7425688       7927       2000      10000         28
   0       14     1955     9913     14385824739     14385834652         7435688       7927       2000      10000         29
   0       14     1955     9910     14385834741     14385844651         7445689       7926       2000      10000         28
   0       14     1955     9912     14385844739     14385854651         7455688       7927       2000      10000         28
   0       14     1955     9911     14385854741     14385864652         7465689       7926       2000      10000         28
   0       14     1955     9913     14385864739     14385874651         7475687       7928       2000      10000         28
   0       14     1955     9905     14385874747     14385884652         7485695       7920       2000      10000         29
   0       14     1955     9910     14385884742     14385894651         7495690       7925       2000      10000         28
   0       14     1955     9912     14385894740     14385904652         7505688       7927       2000      10000         29
   0       14     1955     9906     14385904745     14385914651         7515693       7922       2000      10000         28
   0       14     1955     9910     14385914742     14385924651         7525690       7925       2000      10000         28
   0       14     1955     9912     14385924740     14385934651         7535688       7927       2000      10000         28
   0       14     1955     9913     14385934738     14385944651         7545686       7929       2000      10000         28
   0       14     1955     9912     14385944740     14385954652         7555688       7927       2000      10000         29
   0       14     1955     9914     14385954738     14385964652         7565686       7929       2000      10000         29
   0       14     1955     9911     14385964741     14385974652         7575690       7925       2000      10000         29
   0       14     1955     9911     14385974741     14385984652         7585689       7926       2000      10000         29
   0       14     1955     9896     14385984756     14385994652         7595704       7911       2000      10000         29
   0       14     1955     9912     14385994739     14386004651         7605687       7928       2000      10000         28
   0       14     1955     9911     14386004740     14386014651         7615688       7927       2000      10000         28
   0       14     1955     9913     14386014740     14386024652         7625688       7927       2000      10000         29
   0       14     1955     9925     14386024727     14386034651         7635675       7940       2000      10000         28
   0       14     1955     9911     14386034740     14386044651         7645689       7926       2000      10000         28
   0       14     1955     9909     14386044742     14386054651         7655690       7925       2000      10000         28
   0       14     1955     9913     14386054739     14386064651         7665687       7928       2000      10000         28
   0       14     1955     9911     14386064740     14386074651         7675689       7926       2000      10000         28
   0       14     1955     9913     14386074738     14386084651         7685687       7928       2000      10000         28
   0       14     1955     9910     14386084741     14386094651         7695690       7925       2000      10000         28
   0       14     1955     9910     14386094741     14386104651         7705689       7926       2000      10000         28
   0       14     1955     9912     14386104739     14386114651         7715687       7928       2000      10000         28
   0       14     1955     9889     14386114741     14386124629         7725689       7926       2000      10000          7
   0       14     1955     9988     14386124664     14386134651         7735612       8003       2000      10000         28
   0       14     1955     9912     14386134739     14386144652         7745688       7927       2000      10000         28
   0       14     1955     9912     14386144739     14386154652         7755688       7927       2000      10000         29
   0       14     1955     9912     14386154740     14386164651         7765688       7927       2000      10000         28
   0       14     1955     9912     14386164739     14386174651         7775688       7927       2000      10000         28
   0       14     1955     9912     14386174740     14386184651         7785688       7927       2000      10000         28
   0       14     1955     9907     14386184744     14386194652         7795693       7922       2000      10000         28
   0       14     1955     9912     14386194739     14386204651         7805687       7928       2000      10000         28
   0       14     1955     9910     14386204742     14386214652         7815690       7925       2000      10000         28
   0       14     1955     9912     14386214739     14386224652         7825687       7928       2000      10000         28
   0       14     1955     9910     14386224741     14386234652         7835690       7925       2000      10000         28
   0       14     1955     9913     14386234739     14386244652         7845687       7928       2000      10000         28
   0       14     1955     9910     14386244741     14386254651         7855689       7926       2000      10000         28
   0       14     1955     9911     14386254740     14386264651         7865688       7927       2000      10000         28
   0       14     1955     9913     14386264739     14386274652         7875687       7928       2000      10000         29
   0       14     1955     9912     14386274740     14386284652         7885688       7927       2000      10000         29
   0       14     1955     9909     14386284742     14386294651         7895690       7925       2000      10000         28
   0       14     1955     9912     14386294739     14386304651         7905687       7928       2000      10000         28
   0       14     1955     9912     14386304740     14386314651         7915688       7927       2000      10000         28
   0       14     1955     9898     14386314754     14386324652         7925703       7912       2000      10000         29
   0       14     1955     9910     14386324742     14386334652         7935690       7925       2000      10000         29
   0       14     1955     9889     14386334741     14386344630         7945689       7926       2000      10000          7
   0       14     1956     9963     14386344666     14386354630         7955615       8000       2000      10000          7
   0       14     1955    10004     14386354666     14386364670         7965614       8001       2000      10000         47
   0       14     1955     9944     14386364707     14386374652         7975656       7959       2000      10000         29
   0       14     1955     9913     14386374739     14386384652         7985687       7928       2000      10000         28
   0       14     1955     9911     14386384740     14386394651         7995689       7926       2000      10000         28
   0       14     1955     9912     14386394739     14386404651         8005688       7927       2000      10000         28
   0       14     1955     9909     14386404742     14386414651         8015690       7925       2000      10000         28
   0       14     1955     9909     14386414743     14386424652         8025691       7924       2000      10000         29
   0       14     1955     9913     14386424738     14386434652         8035687       7928       2000      10000         29
   0       14     1955     9912     14386434739     14386444651         8045687       7928       2000      10000         28
   0       14     1955     9906     14386444745     14386454651         8055693       7922       2000      10000         28
   0       14     1955     9912     14386454739     14386464651         8065687       7928       2000      10000         28
   0       14     1955     9910     14386464741     14386474651         8075689       7926       2000      10000         28
   0       14     1955     9913     14386474738     14386484651         8085687       7928       2000      10000         28
   0       14     1955     9911     14386484740     14386494651         8095688       7927       2000      10000         28
   0       14     1955     9910     14386494741     14386504651         8105689       7926       2000      10000         28
   0       14     1955     9912     14386504739     14386514651         8115688       7927       2000      10000         28
   0       14     1955     9910     14386514741     14386524651         8125689       7926       2000      10000         28
   0       14     1955     9912     14386524739     14386534651         8135687       7928       2000      10000         28
   0       14     1955     9910     14386534741     14386544651         8145689       7926       2000      10000         28
   0       14     1955     9910     14386544741     14386554651         8155690       7925       2000      10000         28
   0       14     1955     9912     14386554739     14386564651         8165687       7928       2000      10000         27
   0       14     1955     9909     14386564741     14386574651         8175690       7925       2000      10000         28
   0       14     1955     9910     14386574741     14386584651         8185690       7926       2000      10000         28
   0       14     1955     9912     14386584739     14386594651         8195688       7927       2000      10000         28
   0       14     1955     9911     14386594740     14386604651         8205688       7927       2000      10000         28
   0       14     1955     9911     14386604740     14386614651         8215688       7927       2000      10000         28
   0       14     1955     9911     14386614741     14386624651         8225689       7926       2000      10000         28
   0       14     1955     9915     14386624736     14386634651         8235685       7930       2000      10000         28
   0       14     1955     9910     14386634741     14386644651         8245690       7925       2000      10000         28
   0       14     1955     9896     14386644756     14386654652         8255704       7910       2000      10000         29
   0       14     1955     9909     14386654743     14386664651         8265691       7924       2000      10000         28
   0       14     1955     9911     14386664740     14386674651         8275689       7926       2000      10000         28
   0       14     1955     9911     14386674739     14386684651         8285688       7927       2000      10000         28
   0       14     1955     9912     14386684739     14386694651         8295688       7928       2000      10000         28
   0       14     1955     9913     14386694739     14386704652         8305687       7928       2000      10000         29
   0       14     1955     9909     14386704742     14386714651         8315691       7924       2000      10000         28
   0       14     1955     9910     14386714742     14386724652         8325690       7925       2000      10000         28
   0       14     1955     9911     14386724741     14386734653         8335690       7925       2000      10000         29
   0       14     1955     9910     14386734742     14386744652         8345691       7924       2000      10000         29
   0       14     1955     9912     14386744739     14386754651         8355688       7927       2000      10000         28
   0       14     1955     9911     14386754740     14386764651         8365688       7927       2000      10000         28
   0       14     1955     9890     14386764742     14386774632         8375691       7924       2000      10000          9
   0       14     1955     9980     14386774673     14386784654         8385622       7993       2000      10000         31
   0       14     1991     9916     14386784737     14386794654         8395686       7894       2000      10000         30
   0       14     1955     9911     14386794741     14386804651         8405689       7926       2000      10000         29
   0       14     1955     9912     14386804739     14386814652         8415687       7928       2000      10000         28
   0       14     1955     9908     14386814743     14386824651         8425691       7924       2000      10000         28
   0       14     1955     9910     14386824742     14386834651         8435690       7925       2000      10000         28
   0       14     1955     9912     14386834739     14386844651         8445688       7927       2000      10000         28
   0       14     1955     9906     14386844745     14386854651         8455693       7922       2000      10000         28
   0       14     1955     9913     14386854739     14386864652         8465687       7928       2000      10000         29
   0       14     1955     9915     14386864737     14386874652         8475685       7930       2000      10000         29
   0       14     1955     9889     14386874741     14386884630         8485689       7926       2000      10000          7
   0       14     1955     9987     14386884665     14386894652         8495613       8002       2000      10000         29
   0       14     1955     9912     14386894739     14386904651         8505687       7928       2000      10000         28
   0       14     1955     9912     14386904739     14386914651         8515687       7928       2000      10000         28
   0       14     1955     9911     14386914740     14386924651         8525688       7927       2000      10000         28
   0       14     1955     9910     14386924741     14386934651         8535690       7925       2000      10000         28
   0       14     1955     9912     14386934739     14386944652         8545687       7927       2000      10000         29
   0       14     1955     9914     14386944737     14386954652         8555686       7929       2000      10000         29
   0       14     1955     9911     14386954740     14386964651         8565689       7926       2000      10000         28
   0       14     1955     9911     14386964740     14386974651         8575688       7927       2000      10000         28
   0       14     1955     9897     14386974757     14386984654         8585705       7909       2000      10000         31
   0       14     1955     9910     14386984742     14386994652         8595690       7925       2000      10000         29
   0       14     1955     9911     14386994741     14387004652         8605689       7926       2000      10000         29
   0       14     1955     9910     14387004742     14387014652         8615690       7925       2000      10000         29
   0       14     1955     9890     14387014740     14387024630         8625688       7927       2000      10000          7
   0       14     1955     9985     14387024667     14387034652         8635615       8000       2000      10000         29
   0       14     1955     9910     14387034742     14387044651         8645690       7925       2000      10000         28
   0       14     1955     9913     14387044739     14387054652         8655688       7927       2000      10000         29
   0       14     1955     9907     14387054744     14387064651         8665692       7923       2000      10000         28
   0       14     1955     9912     14387064740     14387074651         8675688       7927       2000      10000         28
   0       14     1955     9912     14387074740     14387084652         8685688       7927       2000      10000         29
   0       14     1955     9909     14387084743     14387094652         8695691       7924       2000      10000         29
   0       14     1955     9910     14387094741     14387104651         8705689       7926       2000      10000         28
   0       14     1955     9912     14387104739     14387114651         8715687       7928       2000      10000         28
   0       14     1955     9910     14387114742     14387124652         8725690       7924       2000      10000         30
   0       14     1955     9963     14387124688     14387134651         8735637       7978       2000      10000         28
   0       14     1955     9912     14387134739     14387144651         8745687       7928       2000      10000         28
   0       14     1955     9910     14387144741     14387154650         8755689       7926       2000      10000         27
   0       14     1955     9911     14387154740     14387164651         8765688       7927       2000      10000         28
   0       14     1955     9911     14387164741     14387174652         8775689       7926       2000      10000         29
   0       14     1955     9912     14387174739     14387184651         8785688       7927       2000      10000         28
   0       14     1955     9912     14387184740     14387194652         8795688       7927       2000      10000         29
   0       14     1955     9910     14387194742     14387204651         8805690       7925       2000      10000         28
   0       14     1955     9912     14387204740     14387214652         8815688       7927       2000      10000         29
   0       14     1955     9911     14387214740     14387224651         8825688       7927       2000      10000         28
   0       14     1955     9912     14387224739     14387234652         8835688       7927       2000      10000         29
   0       14     1955     9906     14387234745     14387244651         8845693       7922       2000      10000         28
   0       14     1955     9911     14387244740     14387254652         8855689       7926       2000      10000         29
   0       14     1955     9911     14387254740     14387264651         8865688       7927       2000      10000         27
   0       14     1955     9911     14387264740     14387274651         8875688       7927       2000      10000         28
   0       14     1955     9910     14387274742     14387284652         8885690       7925       2000      10000         29
   0       14     1955     9912     14387284740     14387294652         8895688       7927       2000      10000         28
   0       14     1955     9910     14387294742     14387304652         8905690       7925       2000      10000         29
   0       14     1955     9874     14387304756     14387314630         8915704       7910       2000      10000          7
   0       14     1955     9963     14387314666     14387324630         8925615       8000       2000      10000          7
   0       14     1955    10004     14387324667     14387334670         8935615       8000       2000      10000         48
   0       14     1955     9945     14387334706     14387344651         8945655       7960       2000      10000         28
   0       14     1955     9911     14387344740     14387354652         8955689       7926       2000      10000         28
   0       14     1955     9908     14387354743     14387364652         8965692       7923       2000      10000         29
   0       14     1955     9912     14387364740     14387374652         8975688       7927       2000      10000         29
   0       14     1955     9911     14387374740     14387384651         8985688       7927       2000      10000         28
   0       14     1955     9910     14387384741     14387394651         8995689       7926       2000      10000         28
   0       14     1955     9914     14387394738     14387404652         9005686       7929       2000      10000         29
   0       14     1955     9910     14387404742     14387414652         9015690       7925       2000      10000         29
   0       14     1955     9911     14387414739     14387424651         9025687       7928       2000      10000         27
   0       14     1955     9911     14387424740     14387434651         9035688       7927       2000      10000         28
   0       14     1955     9909     14387434743     14387444651         9045691       7924       2000      10000         28
   0       14     1955     9911     14387444740     14387454651         9055688       7927       2000      10000         28
   0       14     1955     9910     14387454741     14387464651         9065689       7926       2000      10000         28
   0       14     1955     9911     14387464740     14387474651         9075688       7927       2000      10000         28
   0       14     1955     9912     14387474740     14387484652         9085688       7927       2000      10000         29
   0       14     1955     9910     14387484741     14387494651         9095689       7926       2000      10000         28
   0       14     1955     9912     14387494739     14387504651         9105688       7928       2000      10000         28
   0       14     1955     9911     14387504740     14387514651         9115689       7926       2000      10000         28
   0       14     1955     9908     14387514744     14387524652         9125692       7923       2000      10000         28
   0       14     1955     9911     14387524740     14387534651         9135689       7926       2000      10000         28
   0       14     1955     9910     14387534741     14387544651         9145690       7926       2000      10000         28
   0       14     1955     9911     14387544740     14387554651         9155688       7927       2000      10000         28
   0       14     1955     9909     14387554742     14387564651         9165690       7925       2000      10000         28
   0       14     1955     9909     14387564742     14387574651         9175690       7925       2000      10000         28
   0       14     1955     9912     14387574740     14387584652         9185688       7927       2000      10000         28
   0       14     1955     9912     14387584740     14387594652         9195688       7927       2000      10000         28
   0       14     1955     9908     14387594743     14387604651         9205691       7924       2000      10000         28
   0       14     1955     9911     14387604740     14387614651         9215688       7927       2000      10000         28
   0       14     1955     9913     14387614737     14387624651         9225686       7929       2000      10000         27
   0       14     1955     9911     14387624741     14387634651         9235689       7926       2000      10000         28
   0       14     1955     9897     14387634755     14387644652         9245703       7912       2000      10000         29
   0       14     1955     9909     14387644742     14387654651         9255690       7925       2000      10000         28
   0       14     1955     9913     14387654738     14387664651         9265687       7928       2000      10000         28
   0       14     1955     9912     14387664740     14387674651         9275688       7927       2000      10000         28
   0       14     1955     9912     14387674740     14387684652         9285688       7927       2000      10000         28
   0       14     1957     9914     14387684739     14387694654         9295688       7926       2000      10000         31
   0       14     1955     9905     14387694746     14387704652         9305694       7921       2000      10000         29
   0       14     1955     9912     14387704740     14387714652         9315688       7927       2000      10000         28
   0       14     1955     9913     14387714739     14387724651         9325687       7928       2000      10000         28
   0       14     1955     9908     14387724743     14387734652         9335692       7923       2000      10000         29
   0       14     1955     9909     14387734742     14387744651         9345690       7925       2000      10000         28
   0       14     1955     9912     14387744740     14387754652         9355688       7926       2000      10000         29
   0       14     1955     9912     14387754740     14387764652         9365688       7927       2000      10000         29
   0       14     1955     9890     14387764741     14387774630         9375689       7926       2000      10000          8
   0       14     1955     9980     14387774672     14387784651         9385620       7995       2000      10000         28
   0       14     1984     9912     14387784739     14387794651         9395687       7899       2000      10000         28
   0       14     1955     9913     14387794739     14387804652         9405688       7927       2000      10000         29
   0       14     1955     9908     14387804744     14387814652         9415693       7922       2000      10000         29
   0       14     1955     9912     14387814740     14387824652         9425688       7927       2000      10000         29
   0       14     1955     9911     14387824740     14387834651         9435688       7927       2000      10000         28
   0       14     1955     9910     14387834742     14387844652         9445690       7925       2000      10000         29
   0       14     1955     9912     14387844739     14387854651         9455688       7927       2000      10000         28
   0       14     1955     9915     14387854737     14387864651         9465685       7930       2000      10000         28
   0       14     1955     9909     14387864742     14387874652         9475691       7924       2000      10000         28
   0       14     1955     9911     14387874740     14387884651         9485689       7926       2000      10000         28
   0       14     1955     9908     14387884743     14387894651         9495691       7924       2000      10000         28
   0       14     1955     9913     14387894739     14387904652         9505687       7928       2000      10000         29
   0       14     1955     9911     14387904740     14387914651         9515688       7927       2000      10000         28
   0       14     1955     9907     14387914745     14387924652         9525693       7922       2000      10000         29
   0       14     1955     9912     14387924740     14387934652         9535688       7927       2000      10000         29
   0       14     1955     9914     14387934738     14387944652         9545686       7929       2000      10000         29
   0       14     1955     9911     14387944740     14387954651         9555689       7926       2000      10000         28
   0       14     1955     9912     14387954740     14387964651         9565688       7927       2000      10000         28
   0       14     1955     9896     14387964757     14387974652         9575705       7910       2000      10000         29
   0       14     1955     9913     14387974739     14387984652         9585688       7927       2000      10000         29
   0       14     1955     9910     14387984742     14387994651         9595690       7925       2000      10000         28
   0       14     1955     9908     14387994745     14388004654         9605694       7921       2000      10000         31
   0       14     1955     9939     14388004712     14388014651         9615661       7954       2000      10000         28
   0       14     1955     9912     14388014740     14388024652         9625688       7927       2000      10000         28
   0       14     1955     9910     14388024741     14388034652         9635690       7925       2000      10000         29
   0       14     1955     9914     14388034738     14388044652         9645687       7928       2000      10000         29
   0       14     1955     9907     14388044745     14388054652         9655693       7922       2000      10000         29
   0       14     1955     9912     14388054739     14388064651         9665688       7927       2000      10000         28
   0       14     1955     9913     14388064739     14388074652         9675687       7928       2000      10000         29
   0       14     1955     9913     14388074739     14388084652         9685687       7928       2000      10000         29
   0       14     1955     9912     14388084739     14388094652         9695688       7927       2000      10000         28
   0       14     1955     9911     14388094741     14388104652         9705689       7926       2000      10000         29
   0       14     1955     9908     14388104742     14388114651         9715691       7924       2000      10000         28
   0       14     1955     9911     14388114740     14388124651         9725688       7927       2000      10000         28
   0       14     1955     9910     14388124741     14388134651         9735689       7926       2000      10000         28
   0       14     1955     9912     14388134739     14388144652         9745688       7927       2000      10000         29
   0       14     1955     9912     14388144740     14388154651         9755688       7927       2000      10000         28
   0       14     1955     9912     14388154740     14388164652         9765688       7927       2000      10000         29
   0       14     1955     9910     14388164740     14388174651         9775689       7926       2000      10000         28
   0       14     1955     9911     14388174740     14388184651         9785688       7927       2000      10000         28
   0       14     1955     9910     14388184741     14388194651         9795690       7925       2000      10000         28
   0       14     1955     9911     14388194740     14388204651         9805688       7927       2000      10000         28
   0       14     1955     9910     14388204741     14388214652         9815690       7925       2000      10000         29
   0       14     1955     9911     14388214740     14388224651         9825688       7927       2000      10000         28
   0       14     1955     9910     14388224742     14388234652         9835690       7925       2000      10000         29
   0       14     1955     9905     14388234746     14388244651         9845694       7921       2000      10000         28
   0       14     1955     9910     14388244740     14388254650         9855688       7927       2000      10000         27
   0       14     1955     9906     14388254745     14388264651         9865694       7921       2000      10000         28
   0       14     1955     9909     14388264742     14388274651         9875691       7924       2000      10000         28
   0       14     1955     9912     14388274740     14388284651         9885688       7927       2000      10000         28
   0       14     1955     9889     14388284741     14388294630         9895689       7926       2000      10000          7
   0       14     1955     9949     14388294681     14388304630         9905629       7985       2000      10000          8
   0       14     1955    10003     14388304667     14388314670         9915615       8000       2000      10000         47
   0       14     1955     9944     14388314707     14388324651         9925656       7959       2000      10000         28
   0       14     1955     9913     14388324739     14388334651         9935687       7928       2000      10000         28
   0       14     1955     9913     14388334739     14388344652         9945687       7928       2000      10000         29
   0       14     1955     9909     14388344742     14388354651         9955690       7925       2000      10000         28
   0       14     1955     9912     14388354739     14388364651         9965687       7927       2000      10000         28
   0       14     1955     9910     14388364740     14388374651         9975689       7926       2000      10000         28
   0       14     1955     9909     14388374742     14388384651         9985690       7925       2000      10000         28
   0       14     1955     9891     14388384741     14388394632         9995689       7926       2000      10000          9
   0       14     1322     9964     14388394668     14388404632        10005617       8631       2000      10000         10
   0       14     1376     9999     14388404668     14388414667        10015616       8578       2000      10000         42
   0       14     1955     9899     14388414754     14388424653        10025703       7912       2000      10000         30
   0       14     1955     9907     14388424745     14388434652        10035694       7921       2000      10000         29
   0       14     1955     9911     14388434741     14388444651        10045689       7926       2000      10000         28
   0       14     1955     9910     14388444741     14388454651        10055690       7925       2000      10000         28
   0       14     1955     9910     14388454741     14388464651        10065689       7926       2000      10000         28
   0       14     1955     9912     14388464739     14388474652        10075688       7927       2000      10000         28
   0       14     1955     9909     14388474742     14388484651        10085690       7925       2000      10000         28
   0       14     1955     9911     14388484740     14388494652        10095688       7927       2000      10000         28
   0       14     1955     9911     14388494740     14388504651        10105689       7926       2000      10000         28
   0       14     1955     9908     14388504743     14388514651        10115691       7924       2000      10000         28
   0       14     1955     9912     14388514739     14388524651        10125688       7928       2000      10000         28
   0       14     1955     9910     14388524742     14388534652        10135690       7925       2000      10000         29
   0       14     1955     9911     14388534741     14388544651        10145689       7926       2000      10000         28
   0       14     1955     9910     14388544741     14388554652        10155690       7925       2000      10000         29
   0       14     1955     9909     14388554742     14388564651        10165691       7924       2000      10000         28
   0       14     1955     9912     14388564739     14388574651        10175687       7928       2000      10000         28
   0       14     1955     9911     14388574740     14388584651        10185688       7927       2000      10000         28
   0       14     1955     9913     14388584738     14388594651        10195687       7928       2000      10000         28
   0       14     1955     9911     14388594741     14388604652        10205689       7926       2000      10000         28
   0       14     1955     9910     14388604741     14388614651        10215689       7926       2000      10000         28
   0       14     1955     9911     14388614740     14388624651        10225688       7927       2000      10000         28
   0       14     1955     9912     14388624739     14388634652        10235688       7927       2000      10000         29
   0       14     1955     9880     14388634772     14388644652        10245721       7894       2000      10000         29
   0       14     1955     9910     14388644741     14388654651        10255689       7926       2000      10000         28
   0       14     1955     9911     14388654740     14388664651        10265689       7926       2000      10000         28
   0       14     1955     9910     14388664741     14388674651        10275689       7926       2000      10000         28
   0       14     1955     9912     14388674739     14388684651        10285687       7928       2000      10000         28
   0       14     1955     9914     14388684738     14388694651        10295686       7929       2000      10000         28
   0       14     1955     9910     14388694741     14388704651        10305689       7926       2000      10000         28
   0       14     1955     9912     14388704739     14388714651        10315687       7928       2000      10000         28
   0       14     1955     9908     14388714743     14388724651        10325691       7924       2000      10000         28
   0       14     1955     9912     14388724740     14388734651        10335688       7927       2000      10000         28
   0       14     1955     9904     14388734747     14388744651        10345696       7919       2000      10000         28
   0       14     1955     9909     14388744742     14388754651        10355690       7925       2000      10000         28
   0       14     1955     9911     14388754740     14388764651        10365689       7926       2000      10000         28
   0       14     1955     9890     14388764742     14388774632        10375690       7925       2000      10000          9
   0       14     1956     9982     14388774672     14388784654        10385620       7994       2000      10000         31
   0       14     1984     9916     14388784736     14388794652        10395685       7902       2000      10000         29
   0       14     1955     9908     14388794743     14388804651        10405692       7923       2000      10000         28
   0       14     1955     9912     14388804740     14388814652        10415688       7927       2000      10000         29
   0       14     1955     9910     14388814741     14388824651        10425689       7926       2000      10000         28
   0       14     1955     9911     14388824740     14388834651        10435688       7927       2000      10000         28
   0       14     1955     9911     14388834740     14388844652        10445689       7926       2000      10000         29
   0       14     1956     9909     14388844743     14388854652        10455692       7923       2000      10000         29
   0       14     1955     9909     14388854742     14388864651        10465690       7925       2000      10000         28
   0       14     1955     9912     14388864739     14388874651        10475687       7928       2000      10000         28
   0       14     1955     9908     14388874744     14388884651        10485692       7923       2000      10000         28
   0       14     1955     9891     14388884741     14388894631        10495689       7926       2000      10000          9
   0       14     1955     9986     14388894666     14388904651        10505614       8001       2000      10000         28
   0       14     1955     9912     14388904740     14388914651        10515688       7927       2000      10000         28
   0       14     1955     9910     14388914742     14388924652        10525690       7925       2000      10000         29
   0       14     1955     9913     14388924738     14388934651        10535686       7929       2000      10000         28
   0       14     1955     9910     14388934741     14388944651        10545690       7925       2000      10000         28
   0       14     1955     9908     14388944743     14388954651        10555691       7924       2000      10000         28
   0       14     1955     9909     14388954743     14388964651        10565691       7924       2000      10000         28
   0       14     1955     9894     14388964759     14388974653        10575707       7908       2000      10000         30
   0       14     1955     9911     14388974741     14388984652        10585689       7926       2000      10000         28
   0       14     1955     9909     14388984743     14388994651        10595691       7924       2000      10000         28
   0       14     1955     9912     14388994739     14389004651        10605687       7928       2000      10000         28
   0       14     1955     9915     14389004737     14389014652        10615685       7930       2000      10000         29
   0       14     1955     9909     14389014742     14389024652        10625690       7925       2000      10000         29
   0       14     1955     9914     14389024739     14389034653        10635687       7928       2000      10000         30
   0       14     1955     9911     14389034740     14389044651        10645688       7927       2000      10000         28
   0       14     1955     9910     14389044741     14389054652        10655690       7925       2000      10000         28
   0       14     1955     9912     14389054740     14389064652        10665688       7927       2000      10000         29
   0       14     1955     9912     14389064739     14389074651        10675687       7928       2000      10000         28
   0       14     1955     9911     14389074740     14389084651        10685688       7927       2000      10000         28
   0       14     1955     9894     14389084745     14389094639        10695693       7922       2000      10000         17
   0       14     1955     9976     14389094676     14389104652        10705624       7991       2000      10000         29
   0       14     1955     9910     14389104741     14389114651        10715690       7925       2000      10000         28
   0       14     1955     9911     14389114740     14389124651        10725688       7927       2000      10000         28
   0       14     1955     9888     14389124742     14389134630        10735690       7925       2000      10000          7
   0       14     1955     9984     14389134668     14389144652        10745616       7999       2000      10000         29
   0       14     1955     9912     14389144739     14389154652        10755688       7927       2000      10000         29
   0       14     1955     9911     14389154740     14389164651        10765689       7926       2000      10000         28
   0       14     1955     9912     14389164740     14389174652        10775688       7927       2000      10000         29
   0       14     1955     9909     14389174743     14389184651        10785691       7924       2000      10000         28
   0       14     1955     9910     14389184742     14389194652        10795691       7924       2000      10000         29
   0       14     1955     9911     14389194741     14389204652        10805689       7926       2000      10000         29
   0       14     1955     9910     14389204741     14389214651        10815689       7926       2000      10000         28
   0       14     1955     9912     14389214740     14389224651        10825688       7927       2000      10000         28
   0       14     1955     9912     14389224740     14389234652        10835688       7927       2000      10000         29
   0       14     1955     9909     14389234742     14389244651        10845690       7925       2000      10000         28
   0       14     1955     9912     14389244739     14389254651        10855687       7928       2000      10000         28
   0       14     1955     9909     14389254743     14389264652        10865691       7924       2000      10000         29
   0       14     1955     9890     14389264740     14389274630        10875688       7927       2000      10000          7
   0       14     1955     9963     14389274667     14389284630        10885615       8000       2000      10000          7
   0       14     1955    10003     14389284665     14389294668        10895613       8002       2000      10000         46
   0       14     1955     9930     14389294722     14389304652        10905670       7944       2000      10000         29
   0       14     1955     9910     14389304741     14389314651        10915690       7925       2000      10000         28
   0       14     1955     9911     14389314740     14389324652        10925689       7926       2000      10000         29
   0       14     1955     9911     14389324740     14389334652        10935688       7926       2000      10000         28
   0       14     1955     9908     14389334743     14389344652        10945692       7923       2000      10000         29
   0       14     1955     9911     14389344740     14389354652        10955689       7926       2000      10000         28
   0       14     1955     9910     14389354742     14389364652        10965690       7925       2000      10000         29
   0       14     1955     9911     14389364740     14389374651        10975688       7927       2000      10000         28
   0       14     1955     9910     14389374742     14389384652        10985690       7925       2000      10000         29
   0       14     1955     9911     14389384741     14389394651        10995689       7926       2000      10000         28
   0       14     1955     9910     14389394741     14389404651        11005689       7926       2000      10000         28
   0       14     1955     9913     14389404739     14389414652        11015687       7928       2000      10000         29
   0       14     1955     9909     14389414743     14389424652        11025692       7923       2000      10000         29
   0       14     1955     9912     14389424740     14389434651        11035688       7927       2000      10000         28
   0       14     1955     9910     14389434742     14389444651        11045690       7925       2000      10000         28
   0       14     1955     9912     14389444739     14389454651        11055687       7928       2000      10000         28
   0       14     1955     9912     14389454740     14389464652        11065689       7926       2000      10000         29
   0       14     1955     9911     14389464740     14389474651        11075688       7927       2000      10000         28
   0       14     1955     9907     14389474744     14389484651        11085693       7922       2000      10000         28
   0       14     1955     9912     14389484740     14389494652        11095688       7927       2000      10000         29
   0       14     1955     9908     14389494744     14389504651        11105692       7923       2000      10000         28
   0       14     1955     9912     14389504739     14389514651        11115687       7928       2000      10000         28
   0       14     1955     9909     14389514742     14389524651        11125690       7925       2000      10000         28
   0       14     1955     9913     14389524739     14389534652        11135687       7928       2000      10000         29
   0       14     1955     9910     14389534743     14389544653        11145691       7924       2000      10000         29
   0       14     1955     9910     14389544741     14389554652        11155689       7926       2000      10000         29
   0       14     1955     9912     14389554739     14389564651        11165687       7928       2000      10000         28
   0       14     1955     9906     14389564746     14389574652        11175694       7921       2000      10000         29
   0       14     1955     9908     14389574744     14389584652        11185692       7923       2000      10000         29
   0       14     1955     9912     14389584740     14389594651        11195688       7927       2000      10000         28
   0       14     1955     9910     14389594742     14389604652        11205691       7924       2000      10000         29
   0       14     1955     9912     14389604739     14389614651        11215687       7928       2000      10000         28
   0       14     1955     9911     14389614741     14389624652        11225689       7926       2000      10000         29
   0       14     1955     9892     14389624760     14389634652        11235709       7906       2000      10000         29
   0       14     1955     9906     14389634746     14389644651        11245694       7921       2000      10000         28
   0       14     1955     9911     14389644740     14389654651        11255688       7927       2000      10000         28
   0       14     1955     9906     14389654745     14389664651        11265693       7922       2000      10000         28
   0       14     1955     9912     14389664739     14389674651        11275688       7927       2000      10000         28
   0       14     1955     9909     14389674742     14389684651        11285690       7925       2000      10000         28
   0       14     1955     9911     14389684740     14389694651        11295688       7927       2000      10000         28
   0       14     1955     9912     14389694740     14389704652        11305688       7927       2000      10000         29
   0       14     1955     9910     14389704741     14389714651        11315689       7925       2000      10000         28
   0       14     1955     9911     14389714741     14389724651        11325689       7926       2000      10000         28
   0       14     1955     9911     14389724740     14389734651        11335689       7926       2000      10000         28
   0       14     1955     9912     14389734740     14389744652        11345688       7927       2000      10000         29
   0       14     1955     9911     14389744740     14389754651        11355688       7927       2000      10000         28
   0       14     1955     9915     14389754737     14389764652        11365685       7930       2000      10000         29
   0       14     1955     9891     14389764741     14389774632        11375689       7926       2000      10000          9
   0       14     1956     9981     14389774675     14389784655        11385623       7992       2000      10000         32
   0       14     1983     9913     14389784739     14389794652        11395687       7900       2000      10000         29
   0       14     1955     9912     14389794740     14389804652        11405688       7927       2000      10000         29
   0       14     1955     9911     14389804741     14389814652        11415690       7925       2000      10000         29
   0       14     1955     9910     14389814741     14389824652        11425690       7925       2000      10000         29
   0       14     1955     9910     14389824741     14389834651        11435689       7926       2000      10000         28
   0       14     1955     9908     14389834743     14389844651        11445692       7923       2000      10000         28
   0       14     1955     9910     14389844741     14389854652        11455689       7926       2000      10000         28
   0       14     1955     9912     14389854739     14389864652        11465688       7927       2000      10000         28
   0       14     1955     9909     14389864743     14389874652        11475691       7924       2000      10000         28
   0       14     1955     9911     14389874741     14389884652        11485689       7926       2000      10000         29
   0       14     1955     9909     14389884742     14389894651        11495690       7925       2000      10000         28
   0       14     1955     9908     14389894744     14389904652        11505692       7923       2000      10000         29
   0       14     1955     9912     14389904740     14389914651        11515688       7927       2000      10000         28
   0       14     1955     9914     14389914737     14389924651        11525685       7930       2000      10000         28
   0       14     1955     9911     14389924741     14389934651        11535689       7926       2000      10000         28
   0       14     1955     9912     14389934740     14389944652        11545688       7927       2000      10000         29
   0       14     1955     9912     14389944739     14389954651        11555687       7928       2000      10000         28
   0       14     1955     9892     14389954760     14389964653        11565708       7906       2000      10000         29
   0       14     1955     9908     14389964743     14389974651        11575691       7924       2000      10000         28
   0       14     1955     9908     14389974743     14389984652        11585692       7923       2000      10000         29
   0       14     1955     9911     14389984741     14389994652        11595689       7926       2000      10000         29
   0       14     1955     9913     14389994739     14390004651        11605687       7928       2000      10000         28
   0       14     1955     9911     14390004741     14390014652        11615689       7926       2000      10000         28
   0       14     1955     9911     14390014740     14390024651        11625688       7926       2000      10000         28
   0       14     1955     9912     14390024740     14390034652        11635688       7927       2000      10000         29
   0       14     1955     9910     14390034742     14390044652        11645690       7925       2000      10000         29
   0       14     1955     9910     14390044741     14390054651        11655690       7925       2000      10000         28
   0       14     1955     9906     14390054745     14390064651        11665694       7921       2000      10000         28
   0       14     1955     9912     14390064739     14390074652        11675688       7927       2000      10000         29
   0       14     1955     9914     14390074738     14390084652        11685686       7929       2000      10000         29
   0       14     1955     9911     14390084740     14390094651        11695688       7927       2000      10000         28
   0       14     1955     9912     14390094740     14390104652        11705688       7926       2000      10000         29
   0       14     1955     9912     14390104740     14390114652        11715688       7927       2000      10000         29
   0       14     1955     9911     14390114740     14390124652        11725688       7927       2000      10000         28
   0       14     1955     9912     14390124740     14390134652        11735688       7927       2000      10000         29
   0       14     1955     9910     14390134742     14390144652        11745690       7925       2000      10000         29
   0       14     1955     9913     14390144739     14390154652        11755688       7927       2000      10000         29
   0       14     1955     9911     14390154741     14390164652        11765689       7926       2000      10000         29
   0       14     1955     9907     14390164744     14390174651        11775693       7922       2000      10000         28
   0       14     1955     9912     14390174740     14390184652        11785689       7926       2000      10000         29
   0       14     1955     9907     14390184744     14390194651        11795692       7923       2000      10000         28
   0       14     1955     9909     14390194742     14390204651        11805691       7924       2000      10000         28
   0       14     1955     9912     14390204740     14390214652        11815688       7927       2000      10000         29
   0       14     1955     9909     14390214743     14390224651        11825691       7924       2000      10000         28
   0       14     1955     9911     14390224741     14390234652        11835689       7926       2000      10000         29
   0       14     1955     9890     14390234739     14390244630        11845688       7927       2000      10000          7
   0       14     1955     9964     14390244666     14390254630        11855614       8001       2000      10000          7
   0       14     1955    10001     14390254667     14390264667        11865615       8000       2000      10000         45
   0       14     1955     9948     14390264704     14390274651        11875652       7963       2000      10000         28
   0       14     1955     9910     14390274741     14390284651        11885689       7926       2000      10000         28
   0       14     1955     9897     14390284756     14390294653        11895704       7911       2000      10000         29
   0       14     1955     9911     14390294741     14390304652        11905689       7926       2000      10000         29
   0       14     1955     9911     14390304740     14390314651        11915688       7927       2000      10000         28
   0       14     1955     9910     14390314741     14390324651        11925689       7926       2000      10000         28
   0       14     1955     9909     14390324742     14390334651        11935691       7924       2000      10000         28
   0       14     1955     9910     14390334741     14390344651        11945689       7926       2000      10000         28
   0       14     1955     9911     14390344740     14390354651        11955688       7927       2000      10000         28
   0       14     1955     9912     14390354740     14390364651        11965688       7927       2000      10000         28
   0       14     1955     9912     14390364740     14390374652        11975688       7927       2000      10000         29
   0       14     1955     9911     14390374740     14390384651        11985689       7926       2000      10000         28
   0       14     1955     9911     14390384740     14390394651        11995689       7926       2000      10000         28
   0       14     1955     9911     14390394740     14390404652        12005689       7926       2000      10000         28
   0       14     1955     9907     14390404743     14390414651        12015691       7924       2000      10000         27
   0       14     1955     9911     14390414740     14390424652        12025689       7926       2000      10000         29
   0       14     1955     9911     14390424740     14390434651        12035688       7927       2000      10000         28
   0       14     1955     9910     14390434741     14390444651        12045689       7926       2000      10000         28
   0       14     1955     9910     14390444741     14390454651        12055689       7926       2000      10000         28
   0       14     1955     9910     14390454741     14390464652        12065689       7926       2000      10000         29
   0       14     1955     9912     14390464740     14390474651        12075688       7927       2000      10000         28
   0       14     1955     9911     14390474740     14390484651        12085688       7927       2000      10000         28
   0       14     1955     9909     14390484742     14390494651        12095691       7924       2000      10000         28
   0       14     1955     9912     14390494739     14390504651        12105688       7927       2000      10000         28
   0       14     1955     9910     14390504741     14390514652        12115690       7925       2000      10000         28
   0       14     1955     9912     14390514739     14390524651        12125688       7927       2000      10000         28
   0       14     1955     9912     14390524739     14390534652        12135688       7927       2000      10000         29
   0       14     1955     9910     14390534742     14390544652        12145690       7925       2000      10000         29
   0       14     1955     9912     14390544739     14390554652        12155687       7928       2000      10000         28
   0       14     1955     9911     14390554740     14390564651        12165688       7927       2000      10000         28
   0       14     1955     9908     14390564744     14390574651        12175692       7923       2000      10000         28
   0       14     1955     9910     14390574741     14390584651        12185689       7926       2000      10000         28
   0       14     1955     9910     14390584741     14390594652        12195690       7925       2000      10000         29
   0       14     1955     9911     14390594741     14390604652        12205689       7926       2000      10000         29
   0       14     1955     9913     14390604739     14390614652        12215687       7928       2000      10000         29
   0       14     1955     9895     14390614757     14390624652        12225706       7909       2000      10000         29
   0       14     1955     9910     14390624741     14390634651        12235689       7926       2000      10000         28
   0       14     1955     9911     14390634741     14390644652        12245689       7926       2000      10000         28
   0       14     1955     9910     14390644742     14390654651        12255690       7925       2000      10000         28
   0       14     1955     9913     14390654739     14390664652        12265687       7928       2000      10000         28
   0       14     1955     9910     14390664742     14390674652        12275690       7925       2000      10000         28
   0       14     1955     9908     14390674744     14390684652        12285693       7922       2000      10000         29
   0       14     1955     9911     14390684741     14390694651        12295689       7926       2000      10000         28
   0       14     1955     9910     14390694742     14390704652        12305690       7925       2000      10000         29
   0       14     1955     9910     14390704742     14390714651        12315690       7925       2000      10000         28
   0       14     1955     9910     14390714740     14390724650        12325689       7926       2000      10000         27
   0       14     1955     9909     14390724742     14390734651        12335690       7925       2000      10000         28
   0       14     1955     9912     14390734740     14390744652        12345688       7927       2000      10000         29
   0       14     1955     9914     14390744738     14390754652        12355686       7929       2000      10000         28
   0       14     1955     9911     14390754740     14390764651        12365688       7927       2000      10000         28
   0       14     1955     9888     14390764744     14390774632        12375692       7923       2000      10000          9
   0       14     1984     9978     14390774675     14390784653        12385623       7963       2000      10000         30
   0       14     1983     9915     14390784737     14390794652        12395685       7902       2000      10000         29
   0       14     1955     9909     14390794743     14390804652        12405692       7923       2000      10000         29
   0       14     1955     9909     14390804742     14390814651        12415691       7924       2000      10000         28
   0       14     1955     9890     14390814740     14390824630        12425688       7927       2000      10000          7
   0       14     1955     9986     14390824666     14390834652        12435615       8000       2000      10000         29
   0       14     1955     9910     14390834741     14390844651        12445689       7926       2000      10000         28
   0       14     1955     9910     14390844741     14390854651        12455689       7926       2000      10000         28
   0       14     1955     9909     14390854742     14390864651        12465691       7924       2000      10000         28
   0       14     1955     9911     14390864740     14390874651        12475688       7927       2000      10000         28
   0       14     1955     9911     14390874740     14390884651        12485689       7926       2000      10000         28
   0       14     1955     9911     14390884740     14390894651        12495689       7926       2000      10000         28
   0       14     1955     9890     14390894740     14390904629        12505688       7927       2000      10000          7
   0       14     1955     9987     14390904664     14390914651        12515613       8002       2000      10000         28
   0       14     1955     9909     14390914742     14390924651        12525690       7925       2000      10000         28
   0       14     1955     9910     14390924741     14390934651        12535689       7925       2000      10000         28
   0       14     1955     9908     14390934743     14390944651        12545692       7923       2000      10000         28
   0       14     1955     9893     14390944759     14390954652        12555708       7907       2000      10000         29
   0       14     1955     9911     14390954741     14390964652        12565690       7925       2000      10000         29
   0       14     1955     9907     14390964745     14390974651        12575693       7922       2000      10000         29
   0       14     1955     9911     14390974740     14390984651        12585688       7927       2000      10000         28
   0       14     1955     9908     14390984744     14390994651        12595692       7923       2000      10000         28
   0       14     1955     9910     14390994741     14391004651        12605690       7925       2000      10000         28
   0       14     1955     9909     14391004743     14391014652        12615691       7924       2000      10000         29
   0       14     1955     9911     14391014740     14391024651        12625688       7927       2000      10000         28
   0       14     1955     9911     14391024740     14391034652        12635689       7926       2000      10000         28
   0       14     1955     9912     14391034740     14391044651        12645688       7927       2000      10000         28
   0       14     1955     9910     14391044741     14391054651        12655689       7925       2000      10000         28
   0       14     1955     9912     14391054740     14391064652        12665688       7927       2000      10000         29
   0       14     1955     9913     14391064738     14391074652        12675687       7928       2000      10000         29
   0       14     1955     9911     14391074741     14391084652        12685689       7926       2000      10000         29
   0       14     1955     9912     14391084740     14391094651        12695688       7927       2000      10000         28
   0       14     1955     9890     14391094739     14391104629        12705688       7927       2000      10000          7
   0       14     1955     9988     14391104664     14391114652        12715613       8002       2000      10000         29
   0       14     1955     9889     14391114740     14391124630        12725688       7927       2000      10000          7
   0       14     1955     9987     14391124666     14391134652        12735614       8001       2000      10000         29
   0       14     1955     9911     14391134740     14391144651        12745688       7927       2000      10000         28
   0       14     1955     9907     14391144745     14391154651        12755693       7922       2000      10000         28
   0       14     1955     9909     14391154742     14391164651        12765690       7925       2000      10000         28
   0       14     1955     9912     14391164739     14391174651        12775687       7928       2000      10000         28
   0       14     1955     9911     14391174740     14391184651        12785689       7926       2000      10000         28
   0       14     1955     9913     14391184739     14391194652        12795687       7928       2000      10000         29
   0       14     1955     9890     14391194740     14391204630        12805688       7927       2000      10000          7
   0       14     1955     9964     14391204666     14391214630        12815614       8001       2000      10000          7
   0       14     1955    10003     14391214666     14391224669        12825614       8001       2000      10000         46
   0       14     1955     9946     14391224706     14391234652        12835654       7961       2000      10000         29
   0       14     1955     9906     14391234745     14391244651        12845693       7922       2000      10000         28
   0       14     1955     9909     14391244743     14391254651        12855691       7924       2000      10000         28
   0       14     1955     9907     14391254744     14391264651        12865693       7922       2000      10000         28
   0       14     1955     9911     14391264740     14391274651        12875689       7926       2000      10000         28
   0       14     1955     9893     14391274759     14391284653        12885707       7907       2000      10000         29
   0       14     1955     9909     14391284742     14391294651        12895691       7924       2000      10000         28
   0       14     1955     9886     14391294744     14391304630        12905692       7923       2000      10000          7
   0       14     1955     9987     14391304664     14391314651        12915613       8002       2000      10000         28
   0       14     1955     9908     14391314742     14391324651        12925691       7924       2000      10000         28
   0       14     1955     9910     14391324740     14391334650        12935688       7927       2000      10000         27
   0       14     1955     9907     14391334745     14391344652        12945693       7922       2000      10000         28
   0       14     1955     9913     14391344740     14391354652        12955688       7927       2000      10000         29
   0       14     1955     9906     14391354745     14391364651        12965693       7922       2000      10000         28
   0       14     1955     9909     14391364742     14391374651        12975690       7925       2000      10000         28
   0       14     1955     9910     14391374740     14391384651        12985688       7927       2000      10000         28
   0       14     1955     9912     14391384739     14391394651        12995687       7928       2000      10000         28
   0       14     1955     9886     14391394744     14391404630        13005692       7923       2000      10000          7
   0       14     1955     9986     14391404665     14391414651        13015613       8001       2000      10000         28
   0       14     1955     9906     14391414746     14391424652        13025694       7921       2000      10000         29
   0       14     1955     9911     14391424740     14391434651        13035688       7927       2000      10000         28
   0       14     1955     9908     14391434743     14391444651        13045691       7924       2000      10000         28
   0       14     1955     9911     14391444741     14391454651        13055689       7926       2000      10000         28
   0       14     1955     9895     14391454742     14391464637        13065690       7925       2000      10000         15
   0       14     1955     9977     14391464674     14391474651        13075622       7993       2000      10000         28
   0       14     1955     9908     14391474744     14391484651        13085692       7923       2000      10000         28
   0       14     1955     9912     14391484739     14391494651        13095687       7928       2000      10000         28
   0       14     1955     9905     14391494746     14391504651        13105694       7921       2000      10000         28
   0       14     1955     9912     14391504739     14391514652        13115688       7927       2000      10000         29
   0       14     1955     9912     14391514739     14391524651        13125688       7927       2000      10000         28
   0       14     1955     9908     14391524742     14391534651        13135691       7924       2000      10000         28
   0       14     1955     9912     14391534739     14391544651        13145687       7928       2000      10000         28
   0       14     1955     9905     14391544746     14391554652        13155694       7921       2000      10000         29
   0       14     1955     9908     14391554743     14391564651        13165691       7924       2000      10000         28
   0       14     1955     9909     14391564742     14391574651        13175691       7924       2000      10000         28
   0       14     1955     9909     14391574742     14391584651        13185690       7925       2000      10000         28
   0       14     1955     9911     14391584740     14391594651        13195688       7927       2000      10000         28
   0       14     1955     9911     14391594741     14391604651        13205689       7926       2000      10000         28
   0       14     1955     9895     14391604758     14391614653        13215706       7909       2000      10000         30
   0       14     1955     9911     14391614741     14391624651        13225689       7926       2000      10000         28
   0       14     1955     9910     14391624741     14391634651        13235689       7926       2000      10000         28
   0       14     1955     9907     14391634744     14391644651        13245693       7922       2000      10000         28
   0       14     1955     9908     14391644743     14391654651        13255691       7924       2000      10000         28
   0       14     1955     9910     14391654742     14391664652        13265690       7925       2000      10000         29
   0       14     1955     9910     14391664741     14391674651        13275689       7926       2000      10000         28
   0       14     1955     9912     14391674740     14391684651        13285688       7927       2000      10000         28
   0       14     1955     9907     14391684744     14391694652        13295693       7922       2000      10000         29
   0       14     1955     9907     14391694745     14391704651        13305693       7922       2000      10000         28
   0       14     1955     9909     14391704742     14391714651        13315691       7924       2000      10000         28
   0       14     1955     9906     14391714745     14391724652        13325693       7922       2000      10000         29
   0       14     1955     9912     14391724739     14391734652        13335688       7927       2000      10000         29
   0       14     1955     9909     14391734742     14391744652        13345691       7924       2000      10000         29
   0       14     1955     9911     14391744740     14391754651        13355689       7926       2000      10000         28
   0       14     1955     9911     14391754740     14391764651        13365688       7927       2000      10000         28
   0       14     1955     9889     14391764742     14391774630        13375690       7925       2000      10000          8
   0       14     1984     9978     14391774675     14391784653        13385624       7962       2000      10000         30
   0       14     1991     9915     14391784737     14391794652        13395686       7894       2000      10000         29
   0       14     1955     9911     14391794741     14391804651        13405689       7926       2000      10000         28
   0       14     1956     9909     14391804743     14391814652        13415691       7924       2000      10000         29
   0       14     1955     9913     14391814739     14391824651        13425687       7928       2000      10000         28
   0       14     1955     9909     14391824742     14391834651        13435690       7924       2000      10000         28
   0       14     1955     9911     14391834740     14391844651        13445688       7927       2000      10000         28
   0       14     1955     9909     14391844742     14391854651        13455690       7925       2000      10000         28
   0       14     1955     9912     14391854740     14391864651        13465688       7927       2000      10000         28
   0       14     1955     9911     14391864740     14391874651        13475688       7927       2000      10000         28
   0       14     1955     9910     14391874741     14391884651        13485689       7926       2000      10000         28
   0       14     1955     9910     14391884741     14391894651        13495689       7926       2000      10000         28
   0       14     1955     9913     14391894738     14391904652        13505687       7928       2000      10000         28
   0       14     1955     9913     14391904740     14391914653        13515688       7927       2000      10000         29
   0       14     1955     9911     14391914741     14391924652        13525689       7926       2000      10000         29
   0       14     1955     9909     14391924742     14391934651        13535691       7924       2000      10000         28
   0       14     1955     9894     14391934759     14391944653        13545707       7908       2000      10000         29
   0       14     1955     9911     14391944740     14391954652        13555689       7926       2000      10000         28
   0       14     1955     9911     14391954740     14391964652        13565689       7926       2000      10000         29
   0       14     1955     9911     14391964741     14391974651        13575689       7926       2000      10000         28
   0       14     1955     9913     14391974738     14391984651        13585686       7929       2000      10000         28
   0       14     1955     9911     14391984740     14391994651        13595688       7927       2000      10000         28
   0       14     1955     9911     14391994740     14392004651        13605688       7927       2000      10000         28
   0       14     1955     9909     14392004742     14392014651        13615691       7924       2000      10000         28
   0       14     1955     9909     14392014742     14392024651        13625691       7924       2000      10000         28
   0       14     1955     9912     14392024739     14392034652        13635688       7927       2000      10000         29
   0       14     1955     9909     14392034743     14392044652        13645691       7924       2000      10000         29
   0       14     1955     9911     14392044741     14392054652        13655689       7926       2000      10000         28
   0       14     1955     9907     14392054744     14392064651        13665693       7922       2000      10000         28
   0       14     1955     9910     14392064741     14392074652        13675689       7926       2000      10000         28
   0       14     1955     9912     14392074740     14392084653        13685688       7926       2000      10000         29
   0       14     1955     9910     14392084741     14392094652        13695690       7925       2000      10000         29
   0       14     1955     9913     14392094739     14392104652        13705688       7927       2000      10000         29
   0       14     1955     9912     14392104740     14392114652        13715688       7927       2000      10000         29
   0       14     1955     9911     14392114740     14392124651        13725688       7927       2000      10000         28
   0       14     1955     9913     14392124739     14392134652        13735687       7928       2000      10000         29
   0       14     1955     9914     14392134738     14392144652        13745687       7928       2000      10000         29
   0       14     1955     9911     14392144741     14392154651        13755689       7926       2000      10000         28
   0       14     1955     9889     14392154741     14392164630        13765689       7926       2000      10000          7
   0       14     1955     9964     14392164666     14392174630        13775614       8001       2000      10000          7
   0       14     1955    10003     14392174666     14392184669        13785615       8000       2000      10000         47
   0       14     1955     9946     14392184706     14392194652        13795654       7961       2000      10000         29
   0       14     1955     9911     14392194740     14392204651        13805688       7927       2000      10000         28
   0       14     1955     9912     14392204739     14392214651        13815687       7928       2000      10000         28
   0       14     1955     9911     14392214740     14392224651        13825688       7927       2000      10000         28
   0       14     1955     9910     14392224741     14392234651        13835689       7926       2000      10000         28
   0       14     1955     9911     14392234740     14392244651        13845688       7927       2000      10000         28
   0       14     1955     9912     14392244739     14392254651        13855687       7928       2000      10000         28
   0       14     1955     9911     14392254740     14392264651        13865689       7926       2000      10000         28
   0       14     1955     9897     14392264756     14392274652        13875704       7911       2000      10000         29
   0       14     1955     9901     14392274749     14392284651        13885698       7918       2000      10000         28
   0       14     1955     9912     14392284739     14392294651        13895687       7928       2000      10000         28
   0       14     1955     9912     14392294740     14392304652        13905688       7927       2000      10000         28
   0       14     1955     9910     14392304742     14392314651        13915690       7925       2000      10000         28
   0       14     1955     9911     14392314741     14392324651        13925689       7926       2000      10000         28
   0       14     1955     9912     14392324739     14392334651        13935687       7927       2000      10000         28
   0       14     1955     9906     14392334744     14392344651        13945693       7922       2000      10000         28
   0       14     1955     9912     14392344739     14392354652        13955688       7927       2000      10000         28
   0       14     1955     9910     14392354741     14392364651        13965689       7926       2000      10000         28
   0       14     1955     9911     14392364740     14392374651        13975689       7926       2000      10000         28
   0       14     1955     9912     14392374740     14392384652        13985688       7927       2000      10000         29
   0       14     1955     9909     14392384742     14392394651        13995691       7924       2000      10000         28
   0       14     1955     9912     14392394739     14392404651        14005688       7927       2000      10000         28
   0       14     1955     9911     14392404740     14392414651        14015689       7926       2000      10000         28
   0       14     1955     9912     14392414740     14392424652        14025688       7927       2000      10000         29
   0       14     1955     9912     14392424740     14392434651        14035688       7927       2000      10000         28
   0       14     1955     9910     14392434741     14392444651        14045689       7926       2000      10000         28
   0       14     1955     9908     14392444743     14392454651        14055691       7924       2000      10000         28
   0       14     1955     9911     14392454741     14392464652        14065689       7926       2000      10000         28
   0       14     1955     9908     14392464742     14392474651        14075691       7924       2000      10000         28
   0       14     1955     9911     14392474739     14392484651        14085688       7927       2000      10000         28
   0       14     1955     9910     14392484741     14392494651        14095689       7926       2000      10000         28
   0       14     1955     9912     14392494740     14392504651        14105688       7927       2000      10000         28
   0       14     1955     9912     14392504740     14392514652        14115688       7927       2000      10000         29
   0       14     1955     9910     14392514741     14392524651        14125689       7926       2000      10000         28
   0       14     1955     9907     14392524744     14392534651        14135692       7923       2000      10000         28
   0       14     1955     9911     14392534741     14392544651        14145689       7926       2000      10000         28
   0       14     1955     9908     14392544743     14392554651        14155691       7924       2000      10000         28
   0       14     1955     9912     14392554740     14392564652        14165688       7927       2000      10000         29
   0       14     1955     9910     14392564741     14392574651        14175689       7926       2000      10000         28
   0       14     1955     9912     14392574740     14392584651        14185688       7927       2000      10000         28
   0       14     1955     9912     14392584739     14392594652        14195688       7927       2000      10000         28
   0       14     1956     9895     14392594757     14392604651        14205705       7910       2000      10000         28
   0       14     1955     9911     14392604740     14392614652        14215688       7927       2000      10000         28
   0       14     1955     9911     14392614740     14392624651        14225688       7927       2000      10000         28
   0       14     1955     9909     14392624743     14392634652        14235691       7924       2000      10000         28
   0       14     1955     9911     14392634740     14392644651        14245688       7926       2000      10000         28
   0       14     1955     9912     14392644740     14392654652        14255688       7927       2000      10000         29
   0       14     1955     9911     14392654740     14392664651        14265689       7926       2000      10000         28
   0       14     1955     9911     14392664741     14392674651        14275689       7926       2000      10000         28
   0       14     1955     9910     14392674741     14392684652        14285690       7925       2000      10000         29
   0       14     1955     9912     14392684740     14392694651        14295688       7927       2000      10000         28
   0       14     1955     9911     14392694740     14392704651        14305689       7926       2000      10000         28
   0       14     1955     9912     14392704740     14392714652        14315688       7927       2000      10000         28
   0       14     1955     9912     14392714740     14392724652        14325688       7927       2000      10000         29
   0       14     1955     9910     14392724742     14392734652        14335690       7925       2000      10000         29
   0       14     1955     9889     14392734740     14392744629        14345689       7926       2000      10000          7
   0       14     1955     9986     14392744666     14392754652        14355614       8001       2000      10000         29
   0       14     1955     9909     14392754743     14392764651        14365691       7924       2000      10000         28
   0       14     1955     9892     14392764740     14392774632        14375688       7927       2000      10000          9
   0       14     1984     9979     14392774673     14392784652        14385622       7964       2000      10000         29
   0       14     1991     9913     14392784738     14392794651        14395686       7893       2000      10000         28
   0       14     1955     9912     14392794739     14392804651        14405688       7927       2000      10000         28
   0       14     1955     9916     14392804737     14392814653        14415685       7930       2000      10000         30
   0       14     1955     9908     14392814743     14392824651        14425691       7924       2000      10000         28
   0       14     1955     9912     14392824739     14392834651        14435687       7928       2000      10000         28
   0       14     1955     9908     14392834743     14392844651        14445691       7924       2000      10000         28
   0       14     1955     9912     14392844740     14392854651        14455688       7927       2000      10000         28
   0       14     1955     9910     14392854741     14392864651        14465689       7926       2000      10000         28
   0       14     1955     9912     14392864740     14392874652        14475688       7927       2000      10000         29
   0       14     1955     9910     14392874741     14392884651        14485689       7926       2000      10000         28
   0       14     1955     9914     14392884737     14392894651        14495685       7930       2000      10000         28
   0       14     1955     9911     14392894741     14392904652        14505689       7926       2000      10000         29
   0       14     1955     9891     14392904739     14392914630        14515687       7928       2000      10000          7
   0       14     1955     9986     14392914666     14392924651        14525614       8001       2000      10000         28
   0       14     1955     9897     14392924756     14392934653        14535704       7911       2000      10000         30
   0       14     1955     9910     14392934741     14392944651        14545690       7925       2000      10000         28
   0       14     1955     9912     14392944741     14392954652        14555689       7926       2000      10000         29
   0       14     1955     9910     14392954742     14392964651        14565690       7925       2000      10000         28
   0       14     1955     9914     14392964739     14392974652        14575687       7928       2000      10000         29
   0       14     1955     9911     14392974741     14392984651        14585689       7926       2000      10000         28
   0       14     1955     9910     14392984741     14392994651        14595689       7926       2000      10000         28
   0       14     1955     9849     14392994803     14393004652        14605751       7864       2000      10000         29
   0       14     1955     9913     14393004741     14393014654        14615690       7925       2000      10000         31
   0       14     1955     9904     14393014748     14393024652        14625696       7919       2000      10000         29
   0       14     1955     9908     14393024744     14393034652        14635693       7922       2000      10000         29
   0       14     1955     9909     14393034742     14393044652        14645691       7924       2000      10000         29
   0       14     1955     9910     14393044741     14393054651        14655690       7925       2000      10000         28
   0       14     1955     9906     14393054745     14393064651        14665693       7922       2000      10000         28
   0       14     1955     9910     14393064742     14393074652        14675691       7924       2000      10000         29
   0       14     1955     9909     14393074743     14393084652        14685691       7924       2000      10000         28
   0       14     1955     9906     14393084746     14393094651        14695694       7921       2000      10000         28
   0       14     1955     9909     14393094743     14393104652        14705691       7924       2000      10000         29
   0       14     1955     9886     14393104743     14393114629        14715692       7923       2000      10000          7
   0       14     1955     9964     14393114666     14393124630        14725614       8001       2000      10000          7
   0       14     1956     9961     14393124669     14393134630        14735617       7997       2000      10000          7
   0       14     1955     9984     14393134669     14393144653        14745617       7997       2000      10000         30
   0       14     1955     9909     14393144742     14393154651        14755690       7925       2000      10000         28
   0       14     1955     9910     14393154741     14393164651        14765689       7926       2000      10000         28
   0       14     1955     9911     14393164740     14393174652        14775689       7926       2000      10000         29
   0       14     1955     9909     14393174742     14393184651        14785691       7924       2000      10000         28
   0       14     1955     9910     14393184741     14393194651        14795689       7926       2000      10000         28
   0       14     1955     9910     14393194741     14393204651        14805690       7925       2000      10000         28
   0       14     1955     9909     14393204742     14393214651        14815690       7925       2000      10000         28
   0       14     1955     9909     14393214743     14393224652        14825691       7924       2000      10000         29
   0       14     1955     9910     14393224741     14393234651        14835690       7925       2000      10000         28
   0       14     1955     9910     14393234741     14393244652        14845690       7925       2000      10000         29
   0       14     1955     9909     14393244742     14393254651        14855690       7925       2000      10000         28
   0       14     1955     9894     14393254760     14393264653        14865708       7907       2000      10000         30
   0       14     1955     9908     14393264743     14393274652        14875691       7924       2000      10000         28
   0       14     1955     9912     14393274740     14393284652        14885688       7927       2000      10000         28
   0       14     1955     9909     14393284742     14393294651        14895690       7925       2000      10000         28
   0       14     1955     9910     14393294742     14393304652        14905690       7925       2000      10000         28
   0       14     1955     9890     14393304739     14393314630        14915688       7927       2000      10000          7
   0       14     1955     9985     14393314666     14393324651        14925615       8000       2000      10000         28
   0       14     1955     9911     14393324740     14393334651        14935688       7927       2000      10000         28
   0       14     1955     9911     14393334741     14393344652        14945690       7925       2000      10000         29
   0       14     1955     9911     14393344740     14393354651        14955688       7927       2000      10000         28
   0       14     1955     9883     14393354769     14393364652        14965718       7897       2000      10000         29
   0       14     1955     9900     14393364751     14393374652        14975700       7915       2000      10000         28
   0       14     1955     9900     14393374752     14393384652        14985700       7915       2000      10000         29
   0       14     1955     9883     14393384749     14393394632        14995698       7917       2000      10000         10
   0       14     1342     9962     14393394670     14393404632        15005618       8610       2000      10000          9
   0       14     1339    10000     14393404667     14393414667        15015615       8616       2000      10000         43
   0       14     1955     9899     14393414754     14393424653        15025702       7913       2000      10000         30
   0       14     1955     9908     14393424743     14393434651        15035692       7923       2000      10000         28
   0       14     1955     9912     14393434740     14393444651        15045688       7927       2000      10000         28
   0       14     1955     9911     14393444741     14393454652        15055689       7926       2000      10000         29
   0       14     1955     9908     14393454744     14393464652        15065692       7923       2000      10000         29
   0       14     1955     9912     14393464740     14393474652        15075688       7927       2000      10000         29
   0       14     1955     9911     14393474740     14393484651        15085688       7927       2000      10000         28
   0       14     1955     9909     14393484742     14393494651        15095690       7925       2000      10000         28
   0       14     1955     9912     14393494740     14393504652        15105688       7927       2000      10000         29
   0       14     1955     9910     14393504741     14393514651        15115689       7926       2000      10000         28
   0       14     1955     9913     14393514739     14393524652        15125687       7928       2000      10000         29
   0       14     1955     9910     14393524741     14393534651        15135689       7926       2000      10000         28
   0       14     1955     9909     14393534743     14393544652        15145691       7924       2000      10000         29
   0       14     1955     9909     14393544742     14393554651        15155690       7925       2000      10000         28
   0       14     1955     9910     14393554741     14393564651        15165690       7925       2000      10000         28
   0       14     1955     9912     14393564739     14393574651        15175688       7927       2000      10000         28
   0       14     1955     9903     14393574749     14393584652        15185697       7918       2000      10000         29
   0       14     1955     9887     14393584765     14393594652        15195713       7902       2000      10000         29
   0       14     1955     9911     14393594740     14393604651        15205689       7926       2000      10000         28
   0       14     1955     9912     14393604740     14393614653        15215689       7926       2000      10000         30
   0       14     1955     9908     14393614744     14393624652        15225693       7922       2000      10000         29
   0       14     1955     9910     14393624741     14393634651        15235690       7925       2000      10000         28
   0       14     1955     9910     14393634741     14393644651        15245689       7926       2000      10000         28
   0       14     1955     9910     14393644742     14393654652        15255690       7925       2000      10000         29
   0       14     1955     9911     14393654740     14393664651        15265688       7927       2000      10000         28
   0       14     1955     9910     14393664742     14393674652        15275690       7925       2000      10000         29
   0       14     1955     9911     14393674739     14393684651        15285688       7927       2000      10000         28
   0       14     1955     9911     14393684740     14393694651        15295688       7927       2000      10000         28
   0       14     1955     9907     14393694744     14393704651        15305693       7922       2000      10000         28
   0       14     1955     9912     14393704740     14393714651        15315688       7927       2000      10000         28
   0       14     1955     9911     14393714741     14393724652        15325690       7925       2000      10000         29
   0       14     1955     9911     14393724741     14393734652        15335689       7926       2000      10000         29
   0       14     1955     9912     14393734739     14393744651        15345687       7928       2000      10000         28
   0       14     1955     9910     14393744741     14393754651        15355690       7925       2000      10000         28
   0       14     1955     9914     14393754739     14393764653        15365687       7928       2000      10000         30
   0       14     1955     9889     14393764740     14393774630        15375689       7926       2000      10000          7
   0       14     1956     9983     14393774669     14393784652        15385618       7996       2000      10000         29
   0       14     1984     9912     14393784739     14393794652        15395688       7899       2000      10000         29
   0       14     1955     9914     14393794738     14393804652        15405686       7929       2000      10000         28
   0       14     1955     9910     14393804742     14393814652        15415690       7925       2000      10000         29
   0       14     1955     9910     14393814741     14393824651        15425690       7925       2000      10000         28
   0       14     1955     9910     14393824742     14393834651        15435690       7925       2000      10000         28
   0       14     1955     9912     14393834740     14393844652        15445688       7927       2000      10000         29
   0       14     1956     9910     14393844742     14393854651        15455690       7924       2000      10000         28
   0       14     1955     9911     14393854741     14393864652        15465690       7925       2000      10000         29
   0       14     1955     9905     14393864747     14393874651        15475695       7920       2000      10000         28
   0       14     1955     9909     14393874743     14393884652        15485691       7924       2000      10000         29
   0       14     1955     9909     14393884743     14393894651        15495691       7924       2000      10000         28
   0       14     1955     9913     14393894739     14393904652        15505688       7927       2000      10000         29
   0       14     1955     9909     14393904743     14393914652        15515691       7924       2000      10000         29
   0       14     1955     9887     14393914767     14393924653        15525715       7900       2000      10000         30
   0       14     1955     9908     14393924744     14393934652        15535692       7923       2000      10000         29
   0       14     1955     9912     14393934739     14393944652        15545688       7927       2000      10000         29
   0       14     1955     9909     14393944743     14393954652        15555691       7924       2000      10000         29
   0       14     1955     9904     14393954748     14393964652        15565696       7919       2000      10000         29
   0       14     1955     9911     14393964741     14393974652        15575689       7926       2000      10000         29
   0       14     1955     9911     14393974741     14393984652        15585689       7926       2000      10000         29
   0       14     1955     9907     14393984744     14393994651        15595692       7923       2000      10000         28
   0       14     1955     9895     14393994741     14394004636        15605690       7925       2000      10000         14
   0       14     1955     9978     14394004674     14394014652        15615622       7993       2000      10000         29
   0       14     1955     9910     14394014742     14394024651        15625690       7925       2000      10000         28
   0       14     1955     9912     14394024739     14394034652        15635687       7927       2000      10000         29
   0       14     1955     9905     14394034748     14394044653        15645696       7919       2000      10000         30
   0       14     1955     9910     14394044741     14394054651        15655690       7925       2000      10000         28
   0       14     1955     9909     14394054743     14394064652        15665691       7924       2000      10000         29
   0       14     1955     9908     14394064744     14394074652        15675692       7923       2000      10000         29
   0       14     1955     9891     14394074739     14394084630        15685687       7928       2000      10000          7
   0       14     1955     9963     14394084667     14394094630        15695615       8000       2000      10000          7
   0       14     1955     9985     14394094667     14394104652        15705615       8000       2000      10000         29
   0       14     1955     9919     14394104733     14394114652        15715681       7934       2000      10000         29
   0       14     1955     9916     14394114737     14394124652        15725685       7930       2000      10000         29
   0       14     1955     9911     14394124741     14394134652        15735689       7926       2000      10000         29
   0       14     1955     9907     14394134745     14394144651        15745693       7922       2000      10000         28
   0       14     1955     9908     14394144744     14394154652        15755692       7923       2000      10000         29
   0       14     1955     9912     14394154739     14394164652        15765688       7927       2000      10000         29
   0       14     1955     9911     14394164741     14394174651        15775689       7926       2000      10000         28
   0       14     1955     9911     14394174741     14394184652        15785689       7926       2000      10000         29
   0       14     1955     9912     14394184740     14394194652        15795688       7927       2000      10000         29
   0       14     1955     9914     14394194737     14394204651        15805685       7930       2000      10000         28
   0       14     1955     9909     14394204742     14394214651        15815691       7924       2000      10000         28
   0       14     1955     9909     14394214743     14394224651        15825691       7924       2000      10000         28
   0       14     1955     9911     14394224740     14394234652        15835689       7926       2000      10000         29
   0       14     1955     9911     14394234740     14394244651        15845688       7927       2000      10000         28
   0       14     1955     9897     14394244756     14394254653        15855704       7911       2000      10000         30
   0       14     1955     9911     14394254740     14394264651        15865689       7926       2000      10000         28
   0       14     1955     9911     14394264740     14394274651        15875688       7927       2000      10000         28
   0       14     1955     9913     14394274738     14394284651        15885686       7929       2000      10000         28
   0       14     1955     9907     14394284743     14394294651        15895692       7923       2000      10000         28
   0       14     1955     9912     14394294739     14394304652        15905688       7927       2000      10000         29
   0       14     1955     9905     14394304747     14394314652        15915695       7920       2000      10000         29
   0       14     1955     9911     14394314739     14394324651        15925688       7927       2000      10000         28
   0       14     1955     9912     14394324740     14394334651        15935688       7927       2000      10000         28
   0       14     1955     9913     14394334739     14394344652        15945688       7927       2000      10000         29
   0       14     1955     9911     14394344741     14394354652        15955689       7926       2000      10000         29
   0       14     1955     9912     14394354740     14394364652        15965688       7927       2000      10000         29
   0       14     1955     9909     14394364742     14394374652        15975691       7924       2000      10000         29
   0       14     1955     9912     14394374740     14394384652        15985688       7927       2000      10000         29
   0       14     1955     9910     14394384741     14394394651        15995689       7926       2000      10000         28
   0       14     1955     9912     14394394740     14394404652        16005688       7927       2000      10000         29
   0       14     1955     9911     14394404740     14394414652        16015689       7926       2000      10000         28
   0       14     1955     9911     14394414740     14394424652        16025689       7926       2000      10000         29
   0       14     1955     9904     14394424748     14394434652        16035696       7919       2000      10000         29
   0       14     1955     9913     14394434739     14394444652        16045687       7928       2000      10000         29
   0       14     1955     9909     14394444742     14394454652        16055691       7924       2000      10000         29
   0       14     1955     9912     14394454739     14394464651        16065687       7928       2000      10000         28
   0       14     1955     9910     14394464741     14394474651        16075689       7926       2000      10000         28
   0       14     1955     9909     14394474742     14394484651        16085690       7925       2000      10000         28
   0       14     1955     9907     14394484744     14394494651        16095692       7923       2000      10000         28
   0       14     1955     9911     14394494740     14394504651        16105688       7927       2000      10000         28
   0       14     1955     9912     14394504740     14394514652        16115688       7927       2000      10000         29
   0       14     1955     9906     14394514745     14394524652        16125694       7921       2000      10000         29
   0       14     1955     9908     14394524743     14394534651        16135692       7923       2000      10000         28
   0       14     1955     9912     14394534740     14394544652        16145688       7927       2000      10000         28
   0       14     1955     9910     14394544742     14394554652        16155690       7925       2000      10000         29
   0       14     1955     9910     14394554741     14394564651        16165689       7926       2000      10000         28
   0       14     1955     9912     14394564740     14394574652        16175688       7927       2000      10000         29
   0       14     1955     9895     14394574757     14394584653        16185706       7909       2000      10000         29
   0       14     1955     9911     14394584740     14394594652        16195689       7926       2000      10000         29
   0       14     1955     9912     14394594739     14394604651        16205688       7927       2000      10000         28
   0       14     1955     9905     14394604746     14394614651        16215694       7921       2000      10000         28
   0       14     1955     9912     14394614740     14394624652        16225688       7927       2000      10000         28
   0       14     1955     9909     14394624742     14394634651        16235690       7925       2000      10000         28
   0       14     1955     9911     14394634740     14394644651        16245688       7927       2000      10000         28
   0       14     1955     9911     14394644740     14394654651        16255688       7927       2000      10000         28
   0       14     1955     9911     14394654740     14394664651        16265688       7927       2000      10000         28
   0       14     1955     9912     14394664740     14394674651        16275688       7927       2000      10000         28
   0       14     1955     9911     14394674740     14394684651        16285689       7926       2000      10000         28
   0       14     1955     9907     14394684744     14394694651        16295692       7922       2000      10000         28
   0       14     1955     9911     14394694740     14394704651        16305688       7927       2000      10000         28
   0       14     1955     9910     14394704742     14394714651        16315690       7925       2000      10000         28
   0       14     1955     9912     14394714739     14394724652        16325687       7927       2000      10000         29
   0       14     1955     9912     14394724740     14394734652        16335688       7927       2000      10000         29
   0       14     1955     9909     14394734742     14394744651        16345690       7925       2000      10000         28
   0       14     1955     9912     14394744739     14394754651        16355688       7927       2000      10000         28
   0       14     1955     9912     14394754739     14394764651        16365687       7928       2000      10000         28
   0       14     1955     9891     14394764739     14394774630        16375687       7928       2000      10000          8
   0       14     1984     9980     14394774671     14394784651        16385619       7967       2000      10000         28
   0       14     1984     9914     14394784738     14394794652        16395686       7900       2000      10000         29
   0       14     1955     9911     14394794741     14394804652        16405689       7926       2000      10000         28
   0       14     1955     9910     14394804742     14394814652        16415690       7925       2000      10000         29
   0       14     1955     9908     14394814743     14394824651        16425691       7924       2000      10000         28
   0       14     1955     9911     14394824740     14394834651        16435688       7927       2000      10000         28
   0       14     1955     9911     14394834740     14394844651        16445688       7927       2000      10000         28
   0       14     1955     9907     14394844745     14394854652        16455693       7922       2000      10000         29
   0       14     1955     9911     14394854740     14394864651        16465689       7926       2000      10000         28
   0       14     1955     9912     14394864740     14394874652        16475688       7927       2000      10000         29
   0       14     1955     9911     14394874740     14394884651        16485688       7927       2000      10000         28
   0       14     1955     9911     14394884740     14394894652        16495688       7927       2000      10000         28
   0       14     1955     9909     14394894742     14394904651        16505691       7924       2000      10000         28
   0       14     1955     9895     14394904757     14394914653        16515705       7909       2000      10000         29
   0       14     1955     9889     14394914741     14394924630        16525689       7926       2000      10000          8
   0       14     1955     9986     14394924666     14394934652        16535614       8001       2000      10000         29
   0       14     1955     9912     14394934740     14394944651        16545688       7927       2000      10000         28
   0       14     1955     9906     14394944746     14394954652        16555695       7920       2000      10000         29
   0       14     1955     9909     14394954743     14394964652        16565691       7924       2000      10000         29
   0       14     1955     9909     14394964742     14394974651        16575691       7924       2000      10000         28
   0       14     1955     9910     14394974742     14394984653        16585691       7924       2000      10000         30
   0       14     1955     9909     14394984742     14394994651        16595690       7925       2000      10000         27
   0       14     1955     9909     14394994742     14395004651        16605691       7924       2000      10000         28
   0       14     1955     9911     14395004741     14395014652        16615689       7926       2000      10000         29
   0       14     1955     9914     14395014740     14395024655        16625689       7926       2000      10000         31
   0       14     1955     9908     14395024744     14395034652        16635692       7923       2000      10000         29
   0       14     1955     9888     14395034742     14395044630        16645690       7925       2000      10000          7
   0       14     1955     9963     14395044667     14395054630        16655615       8000       2000      10000          7
   0       14     1955     9988     14395054667     14395064655        16665615       8000       2000      10000         32
   0       14     1955     9941     14395064711     14395074651        16675659       7956       2000      10000         28
   0       14     1955     9911     14395074740     14395084651        16685688       7927       2000      10000         28
   0       14     1955     9905     14395084746     14395094651        16695694       7921       2000      10000         28
   0       14     1956     9912     14395094740     14395104652        16705688       7926       2000      10000         29
   0       14     1955     9913     14395104739     14395114652        16715687       7928       2000      10000         29
   0       14     1955     9889     14395114740     14395124630        16725689       7926       2000      10000          7
   0       14     1955     9987     14395124664     14395134652        16735613       8002       2000      10000         28
   0       14     1955     9912     14395134739     14395144651        16745688       7927       2000      10000         28
   0       14     1955     9910     14395144741     14395154652        16755690       7925       2000      10000         29
   0       14     1955     9910     14395154741     14395164651        16765689       7926       2000      10000         28
   0       14     1955     9910     14395164741     14395174651        16775689       7926       2000      10000         28
   0       14     1955     9911     14395174740     14395184651        16785688       7927       2000      10000         28
   0       14     1955     9913     14395184739     14395194652        16795687       7928       2000      10000         29
   0       14     1955     9905     14395194746     14395204651        16805694       7921       2000      10000         28
   0       14     1955     9911     14395204739     14395214651        16815688       7927       2000      10000         28
   0       14     1955     9911     14395214739     14395224651        16825688       7927       2000      10000         28
   0       14     1955     9911     14395224740     14395234651        16835688       7927       2000      10000         28
   0       14     1955     9897     14395234755     14395244652        16845703       7912       2000      10000         29
   0       14     1955     9910     14395244740     14395254651        16855689       7926       2000      10000         28
   0       14     1955     9912     14395254740     14395264651        16865688       7927       2000      10000         28
   0       14     1955     9913     14395264738     14395274651        16875687       7928       2000      10000         28
   0       14     1955     9910     14395274741     14395284651        16885690       7925       2000      10000         28
   0       14     1955     9909     14395284742     14395294651        16895690       7925       2000      10000         28
   0       14     1955     9886     14395294744     14395304630        16905692       7923       2000      10000          7
   0       14     1955     9984     14395304667     14395314652        16915616       7999       2000      10000         28
   0       14     1955     9909     14395314741     14395324649        16925689       7926       2000      10000         26
   0       14     1955     9938     14395324713     14395334651        16935661       7954       2000      10000         28
   0       14     1955     9910     14395334742     14395344651        16945690       7925       2000      10000         28
   0       14     1955     9911     14395344740     14395354652        16955689       7926       2000      10000         29
   0       14     1955     9909     14395354742     14395364651        16965690       7925       2000      10000         28
   0       14     1955     9910     14395364741     14395374651        16975689       7926       2000      10000         28
   0       14     1955     9912     14395374740     14395384651        16985688       7927       2000      10000         28
   0       14     1955     9912     14395384739     14395394651        16995688       7927       2000      10000         28
   0       14     1955     9911     14395394740     14395404651        17005688       7927       2000      10000         28
   0       14     1955     9911     14395404740     14395414651        17015689       7926       2000      10000         28
   0       14     1955     9908     14395414743     14395424651        17025691       7924       2000      10000         28
   0       14     1955     9911     14395424741     14395434652        17035689       7926       2000      10000         29
   0       14     1955     9909     14395434742     14395444651        17045691       7924       2000      10000         28
   0       14     1955     9909     14395444741     14395454651        17055690       7925       2000      10000         28
   0       14     1955     9911     14395454741     14395464651        17065689       7926       2000      10000         28
   0       14     1955     9911     14395464740     14395474651        17075688       7927       2000      10000         28
   0       14     1955     9910     14395474741     14395484651        17085690       7925       2000      10000         28
   0       14     1955     9911     14395484740     14395494651        17095688       7927       2000      10000         28
   0       14     1955     9912     14395494739     14395504651        17105687       7928       2000      10000         28
   0       14     1955     9911     14395504740     14395514651        17115688       7927       2000      10000         28
   0       14     1955     9909     14395514742     14395524651        17125690       7925       2000      10000         28
   0       14     1955     9908     14395524743     14395534651        17135691       7924       2000      10000         28
   0       14     1955     9909     14395534742     14395544651        17145690       7925       2000      10000         28
   0       14     1955     9911     14395544741     14395554652        17155689       7926       2000      10000         29
   0       14     1955     9911     14395554740     14395564651        17165688       7927       2000      10000         28
   0       14     1955     9891     14395564762     14395574653        17175710       7905       2000      10000         30
   0       14     1955     9911     14395574740     14395584651        17185688       7927       2000      10000         28
   0       14     1955     9911     14395584741     14395594651        17195689       7926       2000      10000         28
   0       14     1955     9909     14395594742     14395604652        17205691       7924       2000      10000         28
   0       14     1955     9910     14395604741     14395614651        17215689       7926       2000      10000         28
   0       14     1955     9885     14395614745     14395624630        17225693       7922       2000      10000          7
   0       14     1955     9986     14395624665     14395634651        17235613       8002       2000      10000         28
   0       14     1955     9907     14395634744     14395644651        17245692       7923       2000      10000         28
   0       14     1955     9910     14395644741     14395654651        17255690       7925       2000      10000         28
   0       14     1955     9912     14395654739     14395664651        17265687       7928       2000      10000         28
   0       14     1955     9911     14395664740     14395674652        17275689       7926       2000      10000         29
   0       14     1955     9909     14395674742     14395684651        17285690       7925       2000      10000         28
   0       14     1955     9911     14395684740     14395694651        17295688       7927       2000      10000         28
   0       14     1955     9911     14395694740     14395704651        17305689       7926       2000      10000         28
   0       14     1955     9911     14395704741     14395714651        17315689       7926       2000      10000         28
   0       14     1955     9909     14395714742     14395724651        17325690       7925       2000      10000         28
   0       14     1956     9913     14395724743     14395734655        17335691       7923       2000      10000         32
   0       14     1955     9906     14395734746     14395744652        17345695       7920       2000      10000         29
   0       14     1955     9911     14395744741     14395754652        17355689       7926       2000      10000         29
   0       14     1955     9908     14395754744     14395764652        17365692       7923       2000      10000         29
   0       14     1955     9891     14395764740     14395774630        17375688       7927       2000      10000          8
   0       14     1984     9979     14395774673     14395784652        17385621       7965       2000      10000         29
   0       14     1983     9910     14395784741     14395794651        17395689       7897       2000      10000         28
   0       14     1955     9907     14395794744     14395804651        17405692       7923       2000      10000         28
   0       14     1955     9910     14395804742     14395814651        17415690       7925       2000      10000         28
   0       14     1955     9910     14395814742     14395824652        17425690       7925       2000      10000         29
   0       14     1955     9909     14395824742     14395834651        17435690       7925       2000      10000         28
   0       14     1955     9911     14395834740     14395844651        17445688       7927       2000      10000         28
   0       14     1955     9911     14395844741     14395854652        17455689       7926       2000      10000         29
   0       14     1955     9906     14395854745     14395864651        17465694       7921       2000      10000         28
   0       14     1955     9912     14395864740     14395874652        17475688       7927       2000      10000         29
   0       14     1955     9912     14395874739     14395884651        17485688       7927       2000      10000         28
   0       14     1955     9907     14395884743     14395894651        17495692       7923       2000      10000         28
   0       14     1955     9895     14395894758     14395904652        17505706       7909       2000      10000         29
   0       14     1955     9910     14395904741     14395914651        17515690       7926       2000      10000         28
   0       14     1955     9912     14395914740     14395924652        17525688       7927       2000      10000         29
   0       14     1955     9912     14395924740     14395934652        17535688       7927       2000      10000         29
   0       14     1955     9913     14395934738     14395944651        17545687       7928       2000      10000         28
   0       14     1955     9910     14395944740     14395954650        17555689       7926       2000      10000         27
   0       14     1955     9912     14395954740     14395964651        17565688       7927       2000      10000         28
   0       14     1955     9909     14395964742     14395974652        17575691       7924       2000      10000         29
   0       14     1955     9911     14395974740     14395984651        17585688       7927       2000      10000         28
   0       14     1955     9889     14395984740     14395994629        17595689       7926       2000      10000          7
   0       14     1955     9964     14395994666     14396004629        17605614       8001       2000      10000          7
   0       14     1955     9997     14396004666     14396014663        17615614       8001       2000      10000         41
   0       14     1955     9952     14396014699     14396024651        17625648       7967       2000      10000         28
   0       14     1955     9911     14396024740     14396034651        17635689       7926       2000      10000         28
   0       14     1955     9912     14396034739     14396044651        17645687       7928       2000      10000         28
   0       14     1955     9909     14396044742     14396054652        17655690       7925       2000      10000         28
   0       14     1955     9911     14396054741     14396064651        17665689       7926       2000      10000         28
   0       14     1955     9909     14396064742     14396074651        17675690       7925       2000      10000         28
   0       14     1955     9909     14396074742     14396084651        17685691       7924       2000      10000         28
   0       14     1955     9907     14396084744     14396094651        17695692       7923       2000      10000         28
   0       14     1955     9915     14396094737     14396104652        17705685       7930       2000      10000         29
   0       14     1955     9910     14396104741     14396114651        17715689       7926       2000      10000         28
   0       14     1955     9912     14396114739     14396124651        17725687       7928       2000      10000         28
   0       14     1955     9907     14396124743     14396134651        17735692       7923       2000      10000         28
   0       14     1955     9912     14396134739     14396144652        17745688       7927       2000      10000         29
   0       14     1955     9910     14396144742     14396154652        17755690       7925       2000      10000         29
   0       14     1955     9910     14396154741     14396164651        17765689       7926       2000      10000         28
   0       14     1955     9912     14396164739     14396174651        17775687       7928       2000      10000         28
   0       14     1955     9913     14396174737     14396184651        17785686       7929       2000      10000         28
   0       14     1955     9911     14396184740     14396194651        17795688       7927       2000      10000         28
   0       14     1955     9912     14396194739     14396204652        17805688       7927       2000      10000         28
   0       14     1955     9912     14396204739     14396214651        17815687       7928       2000      10000         28
   0       14     1955     9911     14396214739     14396224650        17825688       7927       2000      10000         27
   0       14     1955     9897     14396224756     14396234653        17835704       7911       2000      10000         30
   0       14     1955     9912     14396234740     14396244651        17845688       7927       2000      10000         28
   0       14     1955     9911     14396244740     14396254651        17855689       7926       2000      10000         29
   0       14     1955     9914     14396254737     14396264651        17865685       7930       2000      10000         28
   0       14     1955     9911     14396264741     14396274652        17875689       7926       2000      10000         29
   0       14     1955     9912     14396274739     14396284651        17885687       7928       2000      10000         28
   0       14     1955     9912     14396284739     14396294651        17895687       7928       2000      10000         28
   0       14     1955     9912     14396294739     14396304651        17905688       7927       2000      10000         28
   0       14     1955     9909     14396304743     14396314651        17915691       7924       2000      10000         28
   0       14     1955     9910     14396314740     14396324651        17925688       7927       2000      10000         28
   0       14     1955     9912     14396324739     14396334651        17935687       7928       2000      10000         28
   0       14     1955     9912     14396334739     14396344651        17945688       7927       2000      10000         28
   0       14     1955     9911     14396344741     14396354652        17955689       7925       2000      10000         29
   0       14     1955     9911     14396354740     14396364651        17965688       7927       2000      10000         28
   0       14     1955     9911     14396364740     14396374651        17975688       7926       2000      10000         28
   0       14     1955     9912     14396374739     14396384652        17985688       7927       2000      10000         29
   0       14     1955     9911     14396384740     14396394651        17995688       7927       2000      10000         28
   0       14     1955     9912     14396394739     14396404651        18005687       7927       2000      10000         28
   0       14     1955     9910     14396404741     14396414652        18015689       7926       2000      10000         28
   0       14     1955     9911     14396414740     14396424651        18025688       7927       2000      10000         28
   0       14     1955     9909     14396424742     14396434651        18035691       7924       2000      10000         28
   0       14     1955     9912     14396434739     14396444651        18045687       7928       2000      10000         28
   0       14     1955     9910     14396444740     14396454651        18055688       7926       2000      10000         28
   0       14     1955     9913     14396454738     14396464651        18065687       7928       2000      10000         28
   0       14     1955     9909     14396464741     14396474651        18075690       7925       2000      10000         28
   0       14     1955     9911     14396474740     14396484651        18085688       7927       2000      10000         28
   0       14     1955     9909     14396484742     14396494651        18095690       7924       2000      10000         28
   0       14     1955     9911     14396494739     14396504651        18105688       7927       2000      10000         28
   0       14     1955     9909     14396504742     14396514651        18115690       7925       2000      10000         28
   0       14     1955     9905     14396514746     14396524651        18125694       7921       2000      10000         28
   0       14     1955     9910     14396524741     14396534651        18135689       7926       2000      10000         28
   0       14     1955     9910     14396534741     14396544651        18145689       7926       2000      10000         28
   0       14     1955     9909     14396544742     14396554652        18155691       7924       2000      10000         29
   0       14     1955     9896     14396554757     14396564653        18165705       7910       2000      10000         29
   0       14     1955     9911     14396564740     14396574652        18175688       7926       2000      10000         29
   0       14     1955     9912     14396574739     14396584651        18185687       7928       2000      10000         28
   0       14     1955     9908     14396584743     14396594651        18195692       7923       2000      10000         28
   0       14     1955     9911     14396594740     14396604651        18205689       7926       2000      10000         28
   0       14     1955     9907     14396604745     14396614651        18215693       7922       2000      10000         28
   0       14     1955     9912     14396614739     14396624652        18225688       7927       2000      10000         29
   0       14     1955     9912     14396624740     14396634652        18235688       7927       2000      10000         29
   0       14     1955     9911     14396634740     14396644651        18245688       7927       2000      10000         28
   0       14     1955     9911     14396644740     14396654652        18255688       7927       2000      10000         29
   0       14     1955     9911     14396654741     14396664651        18265689       7926       2000      10000         28
   0       14     1955     9907     14396664744     14396674651        18275692       7923       2000      10000         28
   0       14     1955     9908     14396674743     14396684651        18285691       7924       2000      10000         28
   0       14     1955     9909     14396684743     14396694651        18295691       7924       2000      10000         28
   0       14     1955     9912     14396694739     14396704651        18305687       7928       2000      10000         28
   0       14     1955     9908     14396704743     14396714652        18315692       7923       2000      10000         28
   0       14     1955     9911     14396714740     14396724651        18325688       7927       2000      10000         28
   0       14     1955     9912     14396724740     14396734652        18335688       7927       2000      10000         29
   0       14     1955     9911     14396734740     14396744651        18345688       7927       2000      10000         28
   0       14     1955     9908     14396744743     14396754651        18355692       7923       2000      10000         28
   0       14     1955     9912     14396754739     14396764651        18365688       7927       2000      10000         28
   0       14     1955     9889     14396764742     14396774631        18375691       7924       2000      10000          9
   0       14     1986     9980     14396774672     14396784652        18385620       7963       2000      10000         29
   0       14     1983     9912     14396784739     14396794651        18395687       7900       2000      10000         28
   0       14     1955     9908     14396794742     14396804651        18405691       7924       2000      10000         27
   0       14     1955     9912     14396804740     14396814652        18415688       7927       2000      10000         29
   0       14     1955     9910     14396814741     14396824651        18425689       7926       2000      10000         28
   0       14     1955     9908     14396824744     14396834652        18435692       7923       2000      10000         28
   0       14     1955     9913     14396834740     14396844653        18445688       7927       2000      10000         29
   0       14     1955     9909     14396844742     14396854650        18455690       7925       2000      10000         27
   0       14     1955     9906     14396854744     14396864650        18465692       7923       2000      10000         27
   0       14     1955     9910     14396864741     14396874651        18475689       7926       2000      10000         28
   0       14     1955     9909     14396874742     14396884651        18485690       7925       2000      10000         28
   0       14     1955     9895     14396884757     14396894652        18495705       7910       2000      10000         29
   0       14     1955     9912     14396894740     14396904652        18505688       7927       2000      10000         29
   0       14     1955     9910     14396904740     14396914650        18515689       7926       2000      10000         27
   0       14     1955     9912     14396914739     14396924651        18525687       7928       2000      10000         28
   0       14     1955     9891     14396924738     14396934630        18535686       7929       2000      10000          7
   0       14     1955     9987     14396934663     14396944650        18545612       8003       2000      10000         27
   0       14     1955     9911     14396944740     14396954650        18555688       7927       2000      10000         27
   0       14     1955     9888     14396954741     14396964629        18565690       7925       2000      10000          7
   0       14     1955     9963     14396964667     14396974630        18575615       8000       2000      10000          7
   0       14     1955     9985     14396974666     14396984651        18585614       8001       2000      10000         28
   0       14     1955     9940     14396984712     14396994651        18595660       7955       2000      10000         28
   0       14     1955     9910     14396994741     14397004651        18605689       7926       2000      10000         28
   0       14     1955     9915     14397004737     14397014652        18615685       7930       2000      10000         29
   0       14     1955     9909     14397014741     14397024650        18625689       7926       2000      10000         27
   0       14     1955     9909     14397024742     14397034652        18635691       7924       2000      10000         29
   0       14     1955     9919     14397034732     14397044651        18645681       7934       2000      10000         28
   0       14     1955     9910     14397044740     14397054650        18655688       7927       2000      10000         27
   0       14     1955     9911     14397054740     14397064650        18665688       7927       2000      10000         27
   0       14     1955     9906     14397064745     14397074651        18675693       7922       2000      10000         28
   0       14     1955     9913     14397074738     14397084651        18685686       7929       2000      10000         28
   0       14     1955     9912     14397084739     14397094650        18695687       7928       2000      10000         27
   0       14     1955     9912     14397094740     14397104651        18705688       7927       2000      10000         28
   0       14     1955     9906     14397104744     14397114650        18715693       7922       2000      10000         27
   0       14     1955     9907     14397114743     14397124651        18725692       7923       2000      10000         28
   0       14     1955     9890     14397124739     14397134629        18735688       7927       2000      10000          7
   0       14     1955     9989     14397134663     14397144652        18745612       8003       2000      10000         29
   0       14     1955     9909     14397144741     14397154650        18755689       7926       2000      10000         27
   0       14     1955     9911     14397154739     14397164651        18765687       7928       2000      10000         27
   0       14     1955     9913     14397164738     14397174650        18775686       7929       2000      10000         27
   0       14     1955     9911     14397174739     14397184650        18785688       7927       2000      10000         27
   0       14     1955     9909     14397184742     14397194651        18795690       7925       2000      10000         28
   0       14     1955     9912     14397194738     14397204650        18805687       7928       2000      10000         27
   0       14     1955     9911     14397204739     14397214650        18815688       7927       2000      10000         27
   0       14     1955     9896     14397214757     14397224653        18825705       7910       2000      10000         30
   0       14     1955     9909     14397224742     14397234651        18835690       7925       2000      10000         28
   0       14     1955     9912     14397234739     14397244651        18845687       7928       2000      10000         28
   0       14     1955     9913     14397244737     14397254651        18855686       7929       2000      10000         28
   0       14     1955     9910     14397254740     14397264650        18865688       7927       2000      10000         27
   0       14     1955     9912     14397264739     14397274651        18875688       7927       2000      10000         28
   0       14     1955     9912     14397274739     14397284651        18885687       7928       2000      10000         27
   0       14     1955     9911     14397284740     14397294651        18895688       7927       2000      10000         27
   0       14     1955     9912     14397294739     14397304650        18905687       7928       2000      10000         27
   0       14     1955     9910     14397304741     14397314651        18915689       7926       2000      10000         28
   0       14     1955     9911     14397314739     14397324651        18925688       7927       2000      10000         28
   0       14     1955     9892     14397324738     14397334630        18935687       7928       2000      10000          7
   0       14     1955     9986     14397334665     14397344651        18945613       8002       2000      10000         28
   0       14     1955     9913     14397344738     14397354651        18955687       7928       2000      10000         28
   0       14     1955     9907     14397354744     14397364651        18965692       7923       2000      10000         28
   0       14     1955     9911     14397364740     14397374651        18975688       7927       2000      10000         28
   0       14     1955     9912     14397374739     14397384651        18985687       7928       2000      10000         28
   0       14     1955     9911     14397384740     14397394651        18995688       7927       2000      10000         28
   0       14     1955     9908     14397394743     14397404651        19005691       7924       2000      10000         28
   0       14     1955     9911     14397404740     14397414651        19015688       7927       2000      10000         28
   0       14     1955     9911     14397414741     14397424651        19025689       7926       2000      10000         28
   0       14     1955     9912     14397424739     14397434651        19035687       7928       2000      10000         28
   0       14     1955     9911     14397434740     14397444651        19045688       7927       2000      10000         28
   0       14     1955     9911     14397444740     14397454651        19055688       7927       2000      10000         28
   0       14     1955     9912     14397454739     14397464651        19065688       7927       2000      10000         28
   0       14     1955     9912     14397464739     14397474651        19075687       7928       2000      10000         28
   0       14     1955     9912     14397474739     14397484652        19085688       7927       2000      10000         28
   0       14     1955     9912     14397484739     14397494651        19095687       7928       2000      10000         28
   0       14     1955     9909     14397494741     14397504651        19105690       7925       2000      10000         27
   0       14     1955     9911     14397504740     14397514651        19115688       7927       2000      10000         28
   0       14     1955     9911     14397514740     14397524651        19125688       7927       2000      10000         28
   0       14     1955     9906     14397524744     14397534650        19135692       7923       2000      10000         27
   0       14     1955     9918     14397534734     14397544653        19145682       7933       2000      10000         30
   0       14     1955     9895     14397544758     14397554652        19155706       7909       2000      10000         29
   0       14     1955     9911     14397554740     14397564651        19165689       7926       2000      10000         28
   0       14     1955     9910     14397564741     14397574651        19175690       7925       2000      10000         28
   0       14     1955     9908     14397574743     14397584651        19185691       7924       2000      10000         28
   0       14     1955     9912     14397584740     14397594651        19195688       7927       2000      10000         28
   0       14     1955     9907     14397594744     14397604651        19205693       7922       2000      10000         28
   0       14     1955     9911     14397604740     14397614651        19215688       7927       2000      10000         28
   0       14     1955     9911     14397614740     14397624651        19225688       7927       2000      10000         28
   0       14     1955     9912     14397624740     14397634652        19235688       7927       2000      10000         29
   0       14     1955     9912     14397634739     14397644651        19245687       7928       2000      10000         28
   0       14     1955     9911     14397644740     14397654651        19255688       7927       2000      10000         28
   0       14     1955     9906     14397654744     14397664650        19265692       7923       2000      10000         27
   0       14     1955     9911     14397664740     14397674651        19275688       7927       2000      10000         28
   0       14     1955     9910     14397674741     14397684651        19285689       7926       2000      10000         28
   0       14     1955     9911     14397684741     14397694651        19295689       7926       2000      10000         28
   0       14     1955     9909     14397694742     14397704651        19305691       7924       2000      10000         28
   0       14     1955     9910     14397704741     14397714651        19315689       7925       2000      10000         28
   0       14     1955     9912     14397714739     14397724651        19325687       7928       2000      10000         28
   0       14     1955     9910     14397724741     14397734651        19335689       7926       2000      10000         28
   0       14     1955     9909     14397734743     14397744652        19345691       7924       2000      10000         29
   0       14     1955     9905     14397744747     14397754652        19355695       7920       2000      10000         29
   0       14     1955     9911     14397754740     14397764651        19365688       7927       2000      10000         28
   0       14     1955     9890     14397764741     14397774631        19375690       7925       2000      10000          9
   0       14     1984     9979     14397774674     14397784652        19385622       7964       2000      10000         29
   0       14     1984     9911     14397784739     14397794651        19395687       7899       2000      10000         27
   0       14     1955     9911     14397794740     14397804651        19405688       7927       2000      10000         28
   0       14     1955     9910     14397804741     14397814651        19415689       7926       2000      10000         28
   0       14     1955     9912     14397814738     14397824651        19425686       7928       2000      10000         28
   0       14     1955     9911     14397824740     14397834651        19435689       7926       2000      10000         28
   0       14     1955     9910     14397834741     14397844651        19445689       7926       2000      10000         28
   0       14     1955     9909     14397844742     14397854651        19455690       7925       2000      10000         27
   0       14     1955     9911     14397854740     14397864651        19465688       7927       2000      10000         28
   0       14     1955     9909     14397864741     14397874651        19475690       7925       2000      10000         28
   0       14     1955     9896     14397874756     14397884652        19485704       7911       2000      10000         29
   0       14     1955     9910     14397884741     14397894650        19495689       7926       2000      10000         27
   0       14     1955     9912     14397894739     14397904651        19505687       7928       2000      10000         28
   0       14     1955     9912     14397904739     14397914651        19515687       7927       2000      10000         28
   0       14     1955     9906     14397914745     14397924651        19525693       7922       2000      10000         28
   0       14     1955     9910     14397924740     14397934651        19535688       7926       2000      10000         27
   0       14     1955     9943     14397934739     14397944682        19545687       7928       2000      10000         59
   0       14     1955     9911     14397944718     14397954629        19555667       7948       2000      10000          7
   0       14     1955     9983     14397954665     14397964649        19565613       8001       2000      10000         26
   0       14     1955     9965     14397964686     14397974651        19575634       7981       2000      10000         28
   0       14     1955     9907     14397974744     14397984651        19585692       7923       2000      10000         28
   0       14     1955     9911     14397984739     14397994651        19595688       7927       2000      10000         28
   0       14     1955     9914     14397994736     14398004650        19605684       7931       2000      10000         27
   0       14     1955     9911     14398004740     14398014651        19615688       7927       2000      10000         28
   0       14     1955     9912     14398014739     14398024651        19625687       7928       2000      10000         28
   0       14     1955     9909     14398024743     14398034652        19635691       7924       2000      10000         29
   0       14     1955     9910     14398034741     14398044652        19645689       7926       2000      10000         28
   0       14     1955     9910     14398044741     14398054651        19655689       7926       2000      10000         28
   0       14     1955     9912     14398054739     14398064651        19665687       7928       2000      10000         28
   0       14     1955     9910     14398064741     14398074651        19675690       7925       2000      10000         28
   0       14     1955     9915     14398074737     14398084652        19685685       7930       2000      10000         28
   0       14     1955     9910     14398084741     14398094651        19695689       7926       2000      10000         28
   0       14     1955     9911     14398094739     14398104651        19705688       7927       2000      10000         28
   0       14     1955     9908     14398104743     14398114651        19715691       7924       2000      10000         28
   0       14     1955     9912     14398114739     14398124651        19725688       7927       2000      10000         28
   0       14     1955     9910     14398124742     14398134652        19735690       7925       2000      10000         29
   0       14     1955     9911     14398134741     14398144652        19745689       7926       2000      10000         29
   0       14     1955     9910     14398144741     14398154650        19755689       7926       2000      10000         27
   0       14     1955     9913     14398154738     14398164651        19765686       7929       2000      10000         28
   0       14     1955     9911     14398164739     14398174650        19775688       7927       2000      10000         27
   0       14     1955     9911     14398174739     14398184651        19785687       7927       2000      10000         28
   0       14     1955     9912     14398184739     14398194651        19795687       7928       2000      10000         28
   0       14     1955     9911     14398194739     14398204651        19805688       7927       2000      10000         28
   0       14     1955     9895     14398204756     14398214652        19815705       7910       2000      10000         29
   0       14     1955     9910     14398214741     14398224651        19825689       7926       2000      10000         28
   0       14     1955     9909     14398224742     14398234651        19835690       7925       2000      10000         28
   0       14     1955     9915     14398234737     14398244652        19845685       7930       2000      10000         29
   0       14     1955     9910     14398244741     14398254651        19855689       7926       2000      10000         28
   0       14     1955     9910     14398254740     14398264651        19865689       7926       2000      10000         28
   0       14     1955     9912     14398264739     14398274651        19875687       7928       2000      10000         28
   0       14     1955     9911     14398274740     14398284651        19885688       7927       2000      10000         28
   0       14     1955     9911     14398284740     14398294651        19895688       7927       2000      10000         28
   0       14     1955     9903     14398294748     14398304651        19905696       7919       2000      10000         28
   0       14     1955     9911     14398304740     14398314650        19915688       7927       2000      10000         27
   0       14     1955     9914     14398314737     14398324650        19925685       7930       2000      10000         27
   0       14     1955     9909     14398324742     14398334651        19935690       7925       2000      10000         28
   0       14     1955     9913     14398334739     14398344652        19945687       7928       2000      10000         29
   0       14     1955     9912     14398344739     14398354651        19955688       7927       2000      10000         28
   0       14     1955     9911     14398354739     14398364650        19965688       7927       2000      10000         27
   0       14     1955     9910     14398364741     14398374651        19975689       7926       2000      10000         28
   0       14     1955     9909     14398374742     14398384651        19985690       7925       2000      10000         28
