run_id,block,trace_level,processor_type,sampler_type,sampler_ratio,n_lo,rep,run_dir,exporter,hi_n_iters,hi_deadline_miss_count,hi_deadline_miss_ratio,hi_slack_median_us,hi_slack_min_us,hi_period_median_us,hi_period_jitter_std_us,hi_period_iqr_us,hi_wu_latency_median_us,hi_wu_latency_p99_us,hi_wu_latency_max_us,hi_max_duration_us,hi_mean_duration_us,lo_n_iters,lo_deadline_miss_count,lo_deadline_miss_ratio,lo_slack_median_us,lo_slack_min_us,lo_period_median_us,lo_period_jitter_std_us,lo_period_iqr_us,lo_wu_latency_median_us,lo_wu_latency_p99_us,lo_wu_latency_max_us,lo_max_duration_us,lo_mean_duration_us,spans_exported_total,hi_spans_exported,lo_spans_exported
1,block1,0,0,0,0.0,0,1,/home/fabio/Scrivania/OTel-capabilities-for-mixed-criticality-workloads/2-DoE/block1/t0_p0_s0_r0.0_n0/run_01,zipkin,1999,0,0.0,7940,7910,9985,33.78,82.0,41,54.0,58,2038,1991.1,,,,,,,,,,,,,,0,0,0
2,block1,0,0,0,0.0,0,2,/home/fabio/Scrivania/OTel-capabilities-for-mixed-criticality-workloads/2-DoE/block1/t0_p0_s0_r0.0_n0/run_02,zipkin,1999,0,0.0,8010,7975,9996,2.93,0.0,7,11.0,20,2008,1979.0,,,,,,,,,,,,,,0,0,0
3,block1,0,0,0,0.0,0,3,/home/fabio/Scrivania/OTel-capabilities-for-mixed-criticality-workloads/2-DoE/block1/t0_p0_s0_r0.0_n0/run_03,zipkin,1999,0,0.0,7941,7911,9983,15.22,2.0,27,50.0,59,2041,2007.1,,,,,,,,,,,,,,0,0,0
4,block1,0,0,0,0.0,0,4,/home/fabio/Scrivania/OTel-capabilities-for-mixed-criticality-workloads/2-DoE/block1/t0_p0_s0_r0.0_n0/run_04,zipkin,1999,0,0.0,7935,7899,9984,18.51,5.0,27,51.0,61,2046,2008.5,,,,,,,,,,,,,,0,0,0
5,block1,0,0,0,0.0,0,5,/home/fabio/Scrivania/OTel-capabilities-for-mixed-criticality-workloads/2-DoE/block1/t0_p0_s0_r0.0_n0/run_05,zipkin,1999,0,0.0,8010,7965,9996,2.69,0.0,7,9.0,19,2009,1979.0,,,,,,,,,,,,,,0,0,0
6,block1,0,0,0,0.0,0,6,/home/fabio/Scrivania/OTel-capabilities-for-mixed-criticality-workloads/2-DoE/block1/t0_p0_s0_r0.0_n0/run_06,zipkin,1999,0,0.0,7934,7906,9983,11.95,1.0,27,37.0,59,2046,2017.6,,,,,,,,,,,,,,0,0,0
7,block1,0,0,0,0.0,0,7,/home/fabio/Scrivania/OTel-capabilities-for-mixed-criticality-workloads/2-DoE/block1/t0_p0_s0_r0.0_n0/run_07,zipkin,1999,0,0.0,8010,7939,9996,3.29,0.0,7,11.0,46,1992,1979.0,,,,,,,,,,,,,,0,0,0
8,block1,0,0,0,0.0,0,8,/home/fabio/Scrivania/OTel-capabilities-for-mixed-criticality-workloads/2-DoE/block1/t0_p0_s0_r0.0_n0/run_08,zipkin,1999,0,0.0,8010,7972,9996,2.62,0.0,7,8.0,13,2009,1979.1,,,,,,,,,,,,,,0,0,0
9,block1,0,0,0,0.0,0,9,/home/fabio/Scrivania/OTel-capabilities-for-mixed-criticality-workloads/2-DoE/block1/t0_p0_s0_r0.0_n0/run_09,zipkin,1999,0,0.0,7941,7913,9983,15.95,4.0,28,50.0,58,2028,2007.9,,,,,,,,,,,,,,0,0,0
10,block1,0,0,0,0.0,0,10,/home/fabio/Scrivania/OTel-capabilities-for-mixed-criticality-workloads/2-DoE/block1/t0_p0_s0_r0.0_n0/run_10,zipkin,1999,0,0.0,8010,7967,9996,2.57,0.0,7,9.0,14,2011,1979.3,,,,,,,,,,,,,,0,0,0
11,block1,0,0,0,0.0,0,11,/home/fabio/Scrivania/OTel-capabilities-for-mixed-criticality-workloads/2-DoE/block1/t0_p0_s0_r0.0_n0/run_11,zipkin,1999,0,0.0,8010,7960,9996,2.77,0.0,7,9.0,17,2012,1979.3,,,,,,,,,,,,,,0,0,0
12,block1,0,0,0,0.0,0,12,/home/fabio/Scrivania/OTel-capabilities-for-mixed-criticality-workloads/2-DoE/block1/t0_p0_s0_r0.0_n0/run_12,zipkin,1999,0,0.0,7933,7897,9983,14.13,1.0,27,45.0,58,2048,2015.9,,,,,,,,,,,,,,0,0,0
13,block1,0,0,0,0.0,0,13,/home/fabio/Scrivania/OTel-capabilities-for-mixed-criticality-workloads/2-DoE/block1/t0_p0_s0_r0.0_n0/run_13,zipkin,1999,0,0.0,7949,7911,9983,20.08,11.0,30,39.0,58,2045,1998.6,,,,,,,,,,,,,,0,0,0
14,block1,0,0,0,0.0,0,14,/home/fabio/Scrivania/OTel-capabilities-for-mixed-criticality-workloads/2-DoE/block1/t0_p0_s0_r0.0_n0/run_14,zipkin,1999,0,0.0,8010,7976,9996,2.64,0.0,7,8.0,25,2009,1979.2,,,,,,,,,,,,,,0,0,0
15,block1,0,0,0,0.0,0,15,/home/fabio/Scrivania/OTel-capabilities-for-mixed-criticality-workloads/2-DoE/block1/t0_p0_s0_r0.0_n0/run_15,zipkin,1999,0,0.0,8010,7932,9996,2.89,0.0,7,9.0,27,2022,1979.1,,,,,,,,,,,,,,0,0,0
16,block1,0,0,0,0.0,0,16,/home/fabio/Scrivania/OTel-capabilities-for-mixed-criticality-workloads/2-DoE/block1/t0_p0_s0_r0.0_n0/run_16,zipkin,1999,0,0.0,7934,7895,9983,14.02,2.0,27,49.0,60,2046,2013.3,,,,,,,,,,,,,,0,0,0
17,block1,0,0,0,0.0,0,17,/home/fabio/Scrivania/OTel-capabilities-for-mixed-criticality-workloads/2-DoE/block1/t0_p0_s0_r0.0_n0/run_17,zipkin,1999,0,0.0,7942,7905,9983,16.42,24.0,27,51.0,59,2031,2005.1,,,,,,,,,,,,,,0,0,0
18,block1,0,0,0,0.0,0,18,/home/fabio/Scrivania/OTel-capabilities-for-mixed-criticality-workloads/2-DoE/block1/t0_p0_s0_r0.0_n0/run_18,zipkin,1999,0,0.0,8010,7933,9996,2.76,0.0,7,8.0,27,2022,1980.6,,,,,,,,,,,,,,0,0,0
19,block1,0,0,0,0.0,0,19,/home/fabio/Scrivania/OTel-capabilities-for-mixed-criticality-workloads/2-DoE/block1/t0_p0_s0_r0.0_n0/run_19,zipkin,1999,0,0.0,7951,7920,9983,19.22,22.0,28,50.0,58,2040,1995.6,,,,,,,,,,,,,,0,0,0
20,block1,0,0,0,0.0,0,20,/home/fabio/Scrivania/OTel-capabilities-for-mixed-criticality-workloads/2-DoE/block1/t0_p0_s0_r0.0_n0/run_20,zipkin,1999,0,0.0,8010,7970,9996,2.59,0.0,7,8.0,12,1983,1979.0,,,,,,,,,,,,,,0,0,0
21,block1,1,0,0,0.0,0,1,/home/fabio/Scrivania/OTel-capabilities-for-mixed-criticality-workloads/2-DoE/block1/t1_p0_s0_r0.0_n0/run_01,zipkin,1998,0,0.0,7958.0,7912,9984.0,27.35,19.0,39.0,46.0,52,2027,1979.2,,,,,,,,,,,,,,0,0,0
22,block1,1,0,0,0.0,0,2,/home/fabio/Scrivania/OTel-capabilities-for-mixed-criticality-workloads/2-DoE/block1/t1_p0_s0_r0.0_n0/run_02,zipkin,1998,0,0.0,7950.0,7912,9983.0,11.24,1.0,27.0,30.0,57,2030,2002.6,,,,,,,,,,,,,,0,0,0
23,block1,1,0,0,0.0,0,3,/home/fabio/Scrivania/OTel-capabilities-for-mixed-criticality-workloads/2-DoE/block1/t1_p0_s0_r0.0_n0/run_03,zipkin,1998,0,0.0,7950.0,7922,9983.0,11.07,1.0,28.0,30.0,75,2030,2002.1,,,,,,,,,,,,,,0,0,0
24,block1,1,0,0,0.0,0,4,/home/fabio/Scrivania/OTel-capabilities-for-mixed-criticality-workloads/2-DoE/block1/t1_p0_s0_r0.0_n0/run_04,zipkin,1998,0,0.0,7950.0,7909,9983.0,11.23,1.0,27.0,32.0,44,2014,2002.8,,,,,,,,,,,,,,0,0,0
25,block1,1,0,0,0.0,0,5,/home/fabio/Scrivania/OTel-capabilities-for-mixed-criticality-workloads/2-DoE/block1/t1_p0_s0_r0.0_n0/run_05,zipkin,1998,0,0.0,7950.0,7908,9983.0,11.23,1.0,28.0,30.0,41,2028,2002.3,,,,,,,,,,,,,,0,0,0
26,block1,1,0,0,0.0,0,6,/home/fabio/Scrivania/OTel-capabilities-for-mixed-criticality-workloads/2-DoE/block1/t1_p0_s0_r0.0_n0/run_06,zipkin,1998,0,0.0,7950.0,7919,9983.0,11.15,1.0,27.0,31.0,50,2013,2002.6,,,,,,,,,,,,,,0,0,0
27,block1,1,0,0,0.0,0,7,/home/fabio/Scrivania/OTel-capabilities-for-mixed-criticality-workloads/2-DoE/block1/t1_p0_s0_r0.0_n0/run_07,zipkin,1998,0,0.0,7950.0,7913,9984.0,11.12,1.0,27.0,31.0,50,2016,2002.6,,,,,,,,,,,,,,0,0,0
28,block1,1,0,0,0.0,0,8,/home/fabio/Scrivania/OTel-capabilities-for-mixed-criticality-workloads/2-DoE/block1/t1_p0_s0_r0.0_n0/run_08,zipkin,1998,0,0.0,7956.0,7912,9983.0,14.78,2.0,27.0,45.0,58,2023,1993.7,,,,,,,,,,,,,,0,0,0
29,block1,1,0,0,0.0,0,9,/home/fabio/Scrivania/OTel-capabilities-for-mixed-criticality-workloads/2-DoE/block1/t1_p0_s0_r0.0_n0/run_09,zipkin,1998,0,0.0,7950.0,7916,9983.0,13.38,1.0,28.0,43.0,59,2031,1998.0,,,,,,,,,,,,,,0,0,0
30,block1,1,0,0,0.0,0,10,/home/fabio/Scrivania/OTel-capabilities-for-mixed-criticality-workloads/2-DoE/block1/t1_p0_s0_r0.0_n0/run_10,zipkin,1998,0,0.0,7950.0,7916,9984.0,11.24,1.0,27.0,32.0,56,2030,2002.6,,,,,,,,,,,,,,0,0,0
31,block1,1,0,0,0.0,0,11,/home/fabio/Scrivania/OTel-capabilities-for-mixed-criticality-workloads/2-DoE/block1/t1_p0_s0_r0.0_n0/run_11,zipkin,1998,0,0.0,7964.0,7932,9983.0,19.56,31.0,27.0,56.0,58,2025,1983.4,,,,,,,,,,,,,,0,0,0
32,block1,1,0,0,0.0,0,12,/home/fabio/Scrivania/OTel-capabilities-for-mixed-criticality-workloads/2-DoE/block1/t1_p0_s0_r0.0_n0/run_12,zipkin,1998,0,0.0,7950.0,7919,9983.0,10.81,1.0,27.0,31.0,45,2012,2002.9,,,,,,,,,,,,,,0,0,0
33,block1,1,0,0,0.0,0,13,/home/fabio/Scrivania/OTel-capabilities-for-mixed-criticality-workloads/2-DoE/block1/t1_p0_s0_r0.0_n0/run_13,zipkin,1998,0,0.0,7949.0,7913,9983.0,11.3,1.0,27.0,30.0,51,2037,2004.2,,,,,,,,,,,,,,0,0,0
34,block1,1,0,0,0.0,0,14,/home/fabio/Scrivania/OTel-capabilities-for-mixed-criticality-workloads/2-DoE/block1/t1_p0_s0_r0.0_n0/run_14,zipkin,1998,0,0.0,7950.0,7917,9983.0,10.95,1.0,28.0,32.0,50,2014,2002.5,,,,,,,,,,,,,,0,0,0
35,block1,1,0,0,0.0,0,15,/home/fabio/Scrivania/OTel-capabilities-for-mixed-criticality-workloads/2-DoE/block1/t1_p0_s0_r0.0_n0/run_15,zipkin,1998,0,0.0,7950.0,7918,9984.0,10.65,1.0,27.0,31.0,46,2027,2002.6,,,,,,,,,,,,,,0,0,0
36,block1,1,0,0,0.0,0,16,/home/fabio/Scrivania/OTel-capabilities-for-mixed-criticality-workloads/2-DoE/block1/t1_p0_s0_r0.0_n0/run_16,zipkin,1998,0,0.0,7950.0,7917,9983.0,11.26,1.0,27.0,30.0,40,2029,2002.6,,,,,,,,,,,,,,0,0,0
37,block1,1,0,0,0.0,0,17,/home/fabio/Scrivania/OTel-capabilities-for-mixed-criticality-workloads/2-DoE/block1/t1_p0_s0_r0.0_n0/run_17,zipkin,1998,0,0.0,7950.0,7916,9983.0,10.4,1.0,27.0,32.0,50,2013,2002.8,,,,,,,,,,,,,,0,0,0
38,block1,1,0,0,0.0,0,18,/home/fabio/Scrivania/OTel-capabilities-for-mixed-criticality-workloads/2-DoE/block1/t1_p0_s0_r0.0_n0/run_18,zipkin,1998,0,0.0,7950.0,7912,9983.0,10.93,1.0,27.0,31.0,47,2026,2002.3,,,,,,,,,,,,,,0,0,0
39,block1,1,0,0,0.0,0,19,/home/fabio/Scrivania/OTel-capabilities-for-mixed-criticality-workloads/2-DoE/block1/t1_p0_s0_r0.0_n0/run_19,zipkin,1998,0,0.0,7950.0,7910,9983.0,10.98,1.0,28.0,31.0,51,2029,2002.4,,,,,,,,,,,,,,0,0,0
40,block1,1,0,0,0.0,0,20,/home/fabio/Scrivania/OTel-capabilities-for-mixed-criticality-workloads/2-DoE/block1/t1_p0_s0_r0.0_n0/run_20,zipkin,1998,0,0.0,7950.0,7916,9983.0,10.7,1.0,28.0,32.0,51,2013,2002.6,,,,,,,,,,,,,,0,0,0
41,block1,2,0,0,0.0,0,1,/home/fabio/Scrivania/OTel-capabilities-for-mixed-criticality-workloads/2-DoE/block1/t2_p0_s0_r0.0_n0/run_01,zipkin,1998,0,0.0,7950.0,7919,9983.0,10.77,1.0,27.0,31.0,44,2029,2002.8,,,,,,,,,,,,,,0,0,0
42,block1,2,0,0,0.0,0,2,/home/fabio/Scrivania/OTel-capabilities-for-mixed-criticality-workloads/2-DoE/block1/t2_p0_s0_r0.0_n0/run_02,zipkin,1998,0,0.0,7950.0,7920,9983.0,10.75,1.0,27.0,31.0,52,2012,2002.6,,,,,,,,,,,,,,0,0,0
43,block1,2,0,0,0.0,0,3,/home/fabio/Scrivania/OTel-capabilities-for-mixed-criticality-workloads/2-DoE/block1/t2_p0_s0_r0.0_n0/run_03,zipkin,1998,0,0.0,7950.0,7895,9983.0,10.95,1.0,27.0,31.0,47,2028,2002.7,,,,,,,,,,,,,,0,0,0
44,block1,2,0,0,0.0,0,4,/home/fabio/Scrivania/OTel-capabilities-for-mixed-criticality-workloads/2-DoE/block1/t2_p0_s0_r0.0_n0/run_04,zipkin,1998,0,0.0,7950.0,7919,9983.0,10.78,1.0,28.0,31.0,44,2030,2002.4,,,,,,,,,,,,,,0,0,0
45,block1,2,0,0,0.0,0,5,/home/fabio/Scrivania/OTel-capabilities-for-mixed-criticality-workloads/2-DoE/block1/t2_p0_s0_r0.0_n0/run_05,zipkin,1998,0,0.0,7950.0,7916,9983.0,10.08,1.0,27.0,31.0,39,2016,2002.9,,,,,,,,,,,,,,0,0,0
46,block1,2,0,0,0.0,0,6,/home/fabio/Scrivania/OTel-capabilities-for-mixed-criticality-workloads/2-DoE/block1/t2_p0_s0_r0.0_n0/run_06,zipkin,1998,0,0.0,7950.0,7921,9983.0,11.3,1.0,27.0,30.0,52,2030,2002.4,,,,,,,,,,,,,,0,0,0
47,block1,2,0,0,0.0,0,7,/home/fabio/Scrivania/OTel-capabilities-for-mixed-criticality-workloads/2-DoE/block1/t2_p0_s0_r0.0_n0/run_07,zipkin,1998,0,0.0,7950.0,7917,9983.0,10.35,1.0,27.0,31.0,44,2013,2002.9,,,,,,,,,,,,,,0,0,0
48,block1,2,0,0,0.0,0,8,/home/fabio/Scrivania/OTel-capabilities-for-mixed-criticality-workloads/2-DoE/block1/t2_p0_s0_r0.0_n0/run_08,zipkin,1998,0,0.0,7950.0,7922,9983.0,11.46,1.0,28.0,32.0,57,2015,2002.3,,,,,,,,,,,,,,0,0,0
49,block1,2,0,0,0.0,0,9,/home/fabio/Scrivania/OTel-capabilities-for-mixed-criticality-workloads/2-DoE/block1/t2_p0_s0_r0.0_n0/run_09,zipkin,1998,0,0.0,7950.0,7920,9983.0,10.97,1.0,28.0,31.0,56,2030,2003.0,,,,,,,,,,,,,,0,0,0
50,block1,2,0,0,0.0,0,10,/home/fabio/Scrivania/OTel-capabilities-for-mixed-criticality-workloads/2-DoE/block1/t2_p0_s0_r0.0_n0/run_10,zipkin,1998,0,0.0,7950.0,7922,9983.0,10.51,1.0,27.0,30.0,40,2025,2003.2,,,,,,,,,,,,,,0,0,0
51,block1,2,0,0,0.0,0,11,/home/fabio/Scrivania/OTel-capabilities-for-mixed-criticality-workloads/2-DoE/block1/t2_p0_s0_r0.0_n0/run_11,zipkin,1998,0,0.0,7950.0,7836,9983.0,12.26,1.0,28.0,31.0,165,2033,2002.5,,,,,,,,,,,,,,0,0,0
52,block1,2,0,0,0.0,0,12,/home/fabio/Scrivania/OTel-capabilities-for-mixed-criticality-workloads/2-DoE/block1/t2_p0_s0_r0.0_n0/run_12,zipkin,1998,0,0.0,7950.0,7887,9983.0,11.26,1.0,28.0,32.0,57,2043,2002.4,,,,,,,,,,,,,,0,0,0
53,block1,2,0,0,0.0,0,13,/home/fabio/Scrivania/OTel-capabilities-for-mixed-criticality-workloads/2-DoE/block1/t2_p0_s0_r0.0_n0/run_13,zipkin,1998,0,0.0,7950.0,7913,9983.0,10.08,1.0,28.0,31.0,43,2011,2002.8,,,,,,,,,,,,,,0,0,0
54,block1,2,0,0,0.0,0,14,/home/fabio/Scrivania/OTel-capabilities-for-mixed-criticality-workloads/2-DoE/block1/t2_p0_s0_r0.0_n0/run_14,zipkin,1998,0,0.0,7950.0,7917,9983.0,10.53,1.0,27.0,31.0,56,2012,2002.8,,,,,,,,,,,,,,0,0,0
55,block1,2,0,0,0.0,0,15,/home/fabio/Scrivania/OTel-capabilities-for-mixed-criticality-workloads/2-DoE/block1/t2_p0_s0_r0.0_n0/run_15,zipkin,1998,0,0.0,7950.0,7914,9983.0,11.55,1.0,27.0,30.0,48,2029,2002.4,,,,,,,,,,,,,,0,0,0
56,block1,2,0,0,0.0,0,16,/home/fabio/Scrivania/OTel-capabilities-for-mixed-criticality-workloads/2-DoE/block1/t2_p0_s0_r0.0_n0/run_16,zipkin,1998,0,0.0,7950.0,7918,9983.0,10.9,1.0,28.0,31.0,45,2028,2002.7,,,,,,,,,,,,,,0,0,0
57,block1,2,0,0,0.0,0,17,/home/fabio/Scrivania/OTel-capabilities-for-mixed-criticality-workloads/2-DoE/block1/t2_p0_s0_r0.0_n0/run_17,zipkin,1998,0,0.0,7950.0,7918,9983.0,10.53,1.0,27.0,31.0,76,2013,2003.1,,,,,,,,,,,,,,0,0,0
58,block1,2,0,0,0.0,0,18,/home/fabio/Scrivania/OTel-capabilities-for-mixed-criticality-workloads/2-DoE/block1/t2_p0_s0_r0.0_n0/run_18,zipkin,1998,0,0.0,7950.0,7917,9983.0,10.76,1.0,28.0,32.0,50,2014,2002.2,,,,,,,,,,,,,,0,0,0
59,block1,2,0,0,0.0,0,19,/home/fabio/Scrivania/OTel-capabilities-for-mixed-criticality-workloads/2-DoE/block1/t2_p0_s0_r0.0_n0/run_19,zipkin,1998,0,0.0,7950.0,7917,9983.0,10.93,1.0,27.0,31.0,43,2029,2002.5,,,,,,,,,,,,,,0,0,0
60,block1,2,0,0,0.0,0,20,/home/fabio/Scrivania/OTel-capabilities-for-mixed-criticality-workloads/2-DoE/block1/t2_p0_s0_r0.0_n0/run_20,zipkin,1999,0,0.0,7950,7913,9983,10.63,1.0,28,31.0,44,2014,2002.5,,,,,,,,,,,,,,0,0,0
61,block1,3,0,0,0.0,0,1,/home/fabio/Scrivania/OTel-capabilities-for-mixed-criticality-workloads/2-DoE/block1/t3_p0_s0_r0.0_n0/run_01,zipkin,1998,0,0.0,7925.0,7864,9909.0,13.43,4.0,28.0,31.0,49,1993,1953.1,,,,,,,,,,,,,,0,0,0
62,block1,3,0,0,0.0,0,2,/home/fabio/Scrivania/OTel-capabilities-for-mixed-criticality-workloads/2-DoE/block1/t3_p0_s0_r0.0_n0/run_02,zipkin,1998,0,0.0,7926.0,7866,9910.0,14.37,5.0,28.0,32.0,53,1993,1953.1,,,,,,,,,,,,,,0,0,0
63,block1,3,0,0,0.0,0,3,/home/fabio/Scrivania/OTel-capabilities-for-mixed-criticality-workloads/2-DoE/block1/t3_p0_s0_r0.0_n0/run_03,zipkin,1998,0,0.0,7926.0,7866,9909.0,14.4,5.0,28.0,33.0,51,2019,1955.4,,,,,,,,,,,,,,0,0,0
64,block1,3,0,0,0.0,0,4,/home/fabio/Scrivania/OTel-capabilities-for-mixed-criticality-workloads/2-DoE/block1/t3_p0_s0_r0.0_n0/run_04,zipkin,1998,0,0.0,7925.0,7868,9909.0,11.64,5.0,28.0,30.0,46,1984,1953.1,,,,,,,,,,,,,,0,0,0
65,block1,3,0,0,0.0,0,5,/home/fabio/Scrivania/OTel-capabilities-for-mixed-criticality-workloads/2-DoE/block1/t3_p0_s0_r0.0_n0/run_05,zipkin,1998,0,0.0,7925.0,7868,9909.0,13.57,5.0,28.0,31.0,59,1985,1954.1,,,,,,,,,,,,,,0,0,0
66,block1,3,0,0,0.0,0,6,/home/fabio/Scrivania/OTel-capabilities-for-mixed-criticality-workloads/2-DoE/block1/t3_p0_s0_r0.0_n0/run_06,zipkin,1998,0,0.0,7925.0,7867,9909.0,12.83,5.0,28.0,32.0,53,1985,1953.2,,,,,,,,,,,,,,0,0,0
67,block1,3,0,0,0.0,0,7,/home/fabio/Scrivania/OTel-capabilities-for-mixed-criticality-workloads/2-DoE/block1/t3_p0_s0_r0.0_n0/run_07,zipkin,1998,0,0.0,7925.0,7857,9910.0,12.31,5.0,28.0,32.0,47,1962,1953.0,,,,,,,,,,,,,,0,0,0
68,block1,3,0,0,0.0,0,8,/home/fabio/Scrivania/OTel-capabilities-for-mixed-criticality-workloads/2-DoE/block1/t3_p0_s0_r0.0_n0/run_08,zipkin,1998,0,0.0,7925.0,7860,9909.0,12.57,6.0,28.0,31.0,52,1985,1953.2,,,,,,,,,,,,,,0,0,0
69,block1,3,0,0,0.0,0,9,/home/fabio/Scrivania/OTel-capabilities-for-mixed-criticality-workloads/2-DoE/block1/t3_p0_s0_r0.0_n0/run_09,zipkin,1998,0,0.0,7931.0,7870,9918.0,21.33,13.0,29.0,47.1,60,1988,1955.1,,,,,,,,,,,,,,0,0,0
70,block1,3,0,0,0.0,0,10,/home/fabio/Scrivania/OTel-capabilities-for-mixed-criticality-workloads/2-DoE/block1/t3_p0_s0_r0.0_n0/run_10,zipkin,1998,0,0.0,7924.0,7871,9909.0,17.24,6.0,28.0,33.0,57,1984,1953.2,,,,,,,,,,,,,,0,0,0
71,block1,3,0,0,0.0,0,11,/home/fabio/Scrivania/OTel-capabilities-for-mixed-criticality-workloads/2-DoE/block1/t3_p0_s0_r0.0_n0/run_11,zipkin,1998,0,0.0,7924.0,7865,9908.0,12.71,5.0,28.0,32.0,52,1984,1953.0,,,,,,,,,,,,,,0,0,0
72,block1,3,0,0,0.0,0,12,/home/fabio/Scrivania/OTel-capabilities-for-mixed-criticality-workloads/2-DoE/block1/t3_p0_s0_r0.0_n0/run_12,zipkin,1998,0,0.0,7929.0,7869,9913.0,16.58,8.0,28.0,44.0,57,1985,1955.1,,,,,,,,,,,,,,0,0,0
73,block1,3,0,0,0.0,0,13,/home/fabio/Scrivania/OTel-capabilities-for-mixed-criticality-workloads/2-DoE/block1/t3_p0_s0_r0.0_n0/run_13,zipkin,1998,0,0.0,7924.0,7869,9909.0,13.01,5.0,28.0,31.0,44,1986,1953.2,,,,,,,,,,,,,,0,0,0
74,block1,3,0,0,0.0,0,14,/home/fabio/Scrivania/OTel-capabilities-for-mixed-criticality-workloads/2-DoE/block1/t3_p0_s0_r0.0_n0/run_14,zipkin,1998,0,0.0,7925.0,7864,9909.0,13.84,6.0,28.0,32.0,48,1989,1953.0,,,,,,,,,,,,,,0,0,0
75,block1,3,0,0,0.0,0,15,/home/fabio/Scrivania/OTel-capabilities-for-mixed-criticality-workloads/2-DoE/block1/t3_p0_s0_r0.0_n0/run_15,zipkin,1998,0,0.0,7925.0,7867,9909.0,11.16,5.0,28.0,32.0,45,1958,1953.0,,,,,,,,,,,,,,0,0,0
76,block1,3,0,0,0.0,0,16,/home/fabio/Scrivania/OTel-capabilities-for-mixed-criticality-workloads/2-DoE/block1/t3_p0_s0_r0.0_n0/run_16,zipkin,1998,0,0.0,7864.0,7776,9909.0,16.16,6.0,28.0,34.0,50,2083,1993.1,,,,,,,,,,,,,,0,0,0
77,block1,3,0,0,0.0,0,17,/home/fabio/Scrivania/OTel-capabilities-for-mixed-criticality-workloads/2-DoE/block1/t3_p0_s0_r0.0_n0/run_17,zipkin,1998,0,0.0,7870.5,7770,9909.0,14.5,5.0,28.0,45.0,58,2115,2010.1,,,,,,,,,,,,,,0,0,0
78,block1,3,0,0,0.0,0,18,/home/fabio/Scrivania/OTel-capabilities-for-mixed-criticality-workloads/2-DoE/block1/t3_p0_s0_r0.0_n0/run_18,zipkin,1998,0,0.0,7854.0,7788,9910.0,14.86,5.0,28.0,31.0,50,2064,2001.9,,,,,,,,,,,,,,0,0,0
79,block1,3,0,0,0.0,0,19,/home/fabio/Scrivania/OTel-capabilities-for-mixed-criticality-workloads/2-DoE/block1/t3_p0_s0_r0.0_n0/run_19,zipkin,1998,0,0.0,7925.0,7825,9909.0,13.33,4.0,28.0,32.0,51,2019,1955.3,,,,,,,,,,,,,,0,0,0
80,block1,3,0,0,0.0,0,20,/home/fabio/Scrivania/OTel-capabilities-for-mixed-criticality-workloads/2-DoE/block1/t3_p0_s0_r0.0_n0/run_20,zipkin,1998,0,0.0,7924.0,7865,9909.0,12.3,5.0,28.0,32.0,40,1959,1955.0,,,,,,,,,,,,,,0,0,0
81,block2,2,0,2,0.0,4,1,/home/fabio/Scrivania/OTel-capabilities-for-mixed-criticality-workloads/2-DoE/block2/t2_p0_s2_r0.0_n4/run_01,ostream,1996,0,0.0,8034.0,7957,9996.0,2.98,0.0,7.0,13.1,24,1996,1955.3,40086,20884,0.52098,-510.0,-7956,1999.0,1513.66,2986.0,0.0,4490.0,7477,7986,658.1,0,0,0
82,block2,2,0,2,0.0,4,2,/home/fabio/Scrivania/OTel-capabilities-for-mixed-criticality-workloads/2-DoE/block2/t2_p0_s2_r0.0_n4/run_02,ostream,1996,0,0.0,7970.0,7933,9996.0,3.25,0.0,7.0,16.0,27,2050,1988.6,39536,20662,0.522612,-506.0,-7409,2041.0,1527.15,2985.0,0.0,4965.3,7579,7587,740.7,0,0,0
83,block2,2,0,2,0.0,4,3,/home/fabio/Scrivania/OTel-capabilities-for-mixed-criticality-workloads/2-DoE/block2/t2_p0_s2_r0.0_n4/run_03,ostream,1996,0,0.0,8034.0,7990,9996.0,2.38,0.0,6.0,9.0,20,1985,1955.2,40032,20792,0.519384,-510.0,-7416,1995.0,1523.33,2986.0,0.0,4520.8,7497,6950,647.8,0,0,0
84,block2,2,0,2,0.0,4,4,/home/fabio/Scrivania/OTel-capabilities-for-mixed-criticality-workloads/2-DoE/block2/t2_p0_s2_r0.0_n4/run_04,ostream,1996,0,0.0,8034.0,8007,9996.0,2.1,0.0,7.0,8.0,10,1957,1955.0,40070,20842,0.52014,-510.0,-7470,1997.0,1526.13,2986.0,0.0,4544.6,7477,7967,652.5,0,0,0
85,block2,2,0,2,0.0,4,5,/home/fabio/Scrivania/OTel-capabilities-for-mixed-criticality-workloads/2-DoE/block2/t2_p0_s2_r0.0_n4/run_05,ostream,1996,0,0.0,7970.0,7939,9996.0,2.11,0.0,7.0,8.0,11,2048,2005.3,39618,20710,0.522742,-505.0,-7563,2016.0,1529.76,2986.0,0.0,4919.7,7661,8419,729.8,0,0,0
86,block2,2,0,2,0.0,4,6,/home/fabio/Scrivania/OTel-capabilities-for-mixed-criticality-workloads/2-DoE/block2/t2_p0_s2_r0.0_n4/run_06,ostream,1996,0,0.0,7970.0,7881,9996.0,2.09,0.0,7.0,9.0,13,2084,2024.2,39831,20686,0.519344,-524,-7981,2008,1528.93,2986.0,0,4585.0,7563,8411,674.1,0,0,0
87,block2,2,0,2,0.0,4,7,/home/fabio/Scrivania/OTel-capabilities-for-mixed-criticality-workloads/2-DoE/block2/t2_p0_s2_r0.0_n4/run_07,ostream,1996,0,0.0,8034.0,7927,9996.0,2.44,0.0,7.0,8.0,35,2048,1966.8,40082,20880,0.520932,-509.0,-7966,1996.0,1523.66,2986.0,0.0,4543.0,7512,7550,660.2,0,0,0
88,block2,2,0,2,0.0,4,8,/home/fabio/Scrivania/OTel-capabilities-for-mixed-criticality-workloads/2-DoE/block2/t2_p0_s2_r0.0_n4/run_08,ostream,1996,0,0.0,8034.0,7956,9996.0,2.08,0.0,7.0,8.0,10,2019,1957.0,40098,20844,0.519826,-511.0,-7478,1994.0,1525.69,2986.0,0.0,4510.1,7497,6986,649.9,0,0,0
89,block2,2,0,2,0.0,4,9,/home/fabio/Scrivania/OTel-capabilities-for-mixed-criticality-workloads/2-DoE/block2/t2_p0_s2_r0.0_n4/run_09,ostream,1996,0,0.0,8034.0,8007,9996.0,2.05,0.0,7.0,8.0,9,1957,1955.0,40071,20872,0.520875,-509,-7956,1996,1526.52,2986.0,0,4546.3,7541,7547,658.2,0,0,0
90,block2,2,0,2,0.0,4,10,/home/fabio/Scrivania/OTel-capabilities-for-mixed-criticality-workloads/2-DoE/block2/t2_p0_s2_r0.0_n4/run_10,ostream,1996,0,0.0,8034.0,7952,9996.0,2.07,0.0,6.0,8.0,11,2020,1980.6,39763,20857,0.524533,-536,-7693,2029,1526.51,2986.0,0,4653.0,7665,8011,711.3,0,0,0
91,block2,2,0,2,0.0,4,11,/home/fabio/Scrivania/OTel-capabilities-for-mixed-criticality-workloads/2-DoE/block2/t2_p0_s2_r0.0_n4/run_11,ostream,1996,0,0.0,7906.0,7886,9996.0,2.01,0.0,6.0,8.0,13,2084,2030.7,39940,20776,0.52018,-506.0,-7555,1998.0,1524.71,2986.0,0.0,4691.1,7705,8085,678.3,0,0,0
92,block2,2,0,2,0.0,4,12,/home/fabio/Scrivania/OTel-capabilities-for-mixed-criticality-workloads/2-DoE/block2/t2_p0_s2_r0.0_n4/run_12,ostream,1996,0,0.0,8034.0,8008,9996.0,2.0,0.0,6.0,8.0,11,1956,1955.0,40072,20871,0.520837,-508.0,-7906,1994.0,1525.94,2986.0,0.0,4547.0,7521,7441,662.9,0,0,0
93,block2,2,0,2,0.0,4,13,/home/fabio/Scrivania/OTel-capabilities-for-mixed-criticality-workloads/2-DoE/block2/t2_p0_s2_r0.0_n4/run_13,ostream,1996,0,0.0,7970.0,7944,9996.0,2.09,0.0,6.0,8.0,10,2020,2013.9,40106,20793,0.518451,-512.0,-7479,1996.0,1528.62,2986.0,0.0,4505.9,7473,6969,633.6,0,0,0
94,block2,2,0,2,0.0,4,14,/home/fabio/Scrivania/OTel-capabilities-for-mixed-criticality-workloads/2-DoE/block2/t2_p0_s2_r0.0_n4/run_14,ostream,1996,0,0.0,8034.0,8010,9996.0,2.01,0.0,7.0,8.0,9,1963,1955.0,39988,20754,0.519006,-508.0,-7573,1994.0,1524.79,2986.0,0.0,4523.1,7529,8054,657.8,0,0,0
95,block2,2,0,2,0.0,4,15,/home/fabio/Scrivania/OTel-capabilities-for-mixed-criticality-workloads/2-DoE/block2/t2_p0_s2_r0.0_n4/run_15,ostream,1996,0,0.0,8034.0,8004,9996.0,2.09,0.0,6.0,8.0,10,1984,1955.0,40097,20791,0.518518,-514,-7518,1996,1521.59,2986.0,0,4500.0,7465,7968,644.9,0,0,0
96,block2,2,0,2,0.0,4,16,/home/fabio/Scrivania/OTel-capabilities-for-mixed-criticality-workloads/2-DoE/block2/t2_p0_s2_r0.0_n4/run_16,ostream,1996,0,0.0,7970.0,7937,9996.0,2.01,0.0,6.0,8.0,13,2049,2009.7,39982,20782,0.519784,-507.0,-8609,2002.5,1521.74,2986.0,0.0,4585.9,7592,8231,672.2,0,0,0
97,block2,2,0,2,0.0,4,17,/home/fabio/Scrivania/OTel-capabilities-for-mixed-criticality-workloads/2-DoE/block2/t2_p0_s2_r0.0_n4/run_17,ostream,1996,0,0.0,8034.0,8003,9996.0,2.05,0.0,7.0,8.0,10,1984,1955.0,40098,20886,0.520874,-507.0,-7498,1994.0,1524.82,2986.0,0.0,4554.1,7496,7961,664.6,0,0,0
98,block2,2,0,2,0.0,4,18,/home/fabio/Scrivania/OTel-capabilities-for-mixed-criticality-workloads/2-DoE/block2/t2_p0_s2_r0.0_n4/run_18,ostream,1996,0,0.0,7970.0,7951,9996.0,2.05,0.0,6.0,8.0,11,2020,2000.1,40017,20820,0.520279,-518,-7383,1995,1524.53,2986.0,0,4554.9,7523,7680,655.2,0,0,0
99,block2,2,0,2,0.0,4,19,/home/fabio/Scrivania/OTel-capabilities-for-mixed-criticality-workloads/2-DoE/block2/t2_p0_s2_r0.0_n4/run_19,ostream,1996,0,0.0,8034.0,8007,9996.0,2.17,0.0,6.0,8.0,11,1958,1955.0,40096,20846,0.519902,-507.0,-7524,1995.0,1525.59,2986.0,0.0,4601.1,7484,7381,657.7,0,0,0
100,block2,2,0,2,0.0,4,20,/home/fabio/Scrivania/OTel-capabilities-for-mixed-criticality-workloads/2-DoE/block2/t2_p0_s2_r0.0_n4/run_20,ostream,1996,0,0.0,7970.0,7927,9996.0,2.0,0.0,7.0,8.0,10,2048,2005.9,40099,20922,0.521759,-507,-7915,1995,1520.15,2986.0,0,4550.1,7497,8062,660.4,0,0,0
101,block2,2,0,2,0.0,4,21,/home/fabio/Scrivania/OTel-capabilities-for-mixed-criticality-workloads/2-DoE/block2/t2_p0_s2_r0.0_n4/run_21,ostream,1996,0,0.0,8034.0,8002,9996.0,2.05,0.0,6.0,8.0,9,1985,1955.2,40044,20785,0.519054,-507.0,-7946,1995.0,1521.87,2986.0,0.0,4557.0,7489,6993,655.6,0,0,0
102,block2,2,0,2,0.0,4,22,/home/fabio/Scrivania/OTel-capabilities-for-mixed-criticality-workloads/2-DoE/block2/t2_p0_s2_r0.0_n4/run_22,ostream,1996,0,0.0,8034.0,8003,9996.0,2.07,0.0,6.0,8.0,9,1983,1955.0,39966,20777,0.519867,-514.0,-7484,1995.0,1525.53,2986.0,0.0,4540.3,7481,8097,664.3,0,0,0
103,block2,2,0,2,0.0,4,23,/home/fabio/Scrivania/OTel-capabilities-for-mixed-criticality-workloads/2-DoE/block2/t2_p0_s2_r0.0_n4/run_23,ostream,1996,0,0.0,8034.0,7949,9996.0,2.09,0.0,7.0,8.0,14,2020,1983.3,39696,20722,0.522017,-537.0,-8070,2029.0,1534.86,2986.0,0.0,4651.0,7727,8289,686.5,0,0,0
104,block2,2,0,2,0.0,4,24,/home/fabio/Scrivania/OTel-capabilities-for-mixed-criticality-workloads/2-DoE/block2/t2_p0_s2_r0.0_n4/run_24,ostream,1996,0,0.0,8034.0,8005,9996.0,2.11,0.0,7.0,8.0,10,1958,1955.0,40097,20884,0.520837,-507,-7913,1993,1524.83,2986.0,0,4569.0,7495,7955,663.2,0,0,0
105,block2,2,0,2,0.0,4,25,/home/fabio/Scrivania/OTel-capabilities-for-mixed-criticality-workloads/2-DoE/block2/t2_p0_s2_r0.0_n4/run_25,ostream,1996,0,0.0,7970.0,7938,9996.0,2.09,0.0,7.0,9.0,12,2048,2002.5,39929,20769,0.520148,-506,-7496,2001,1529.96,2986.0,0,4862.7,7676,8011,682.4,0,0,0
106,block2,2,0,0,0.0,4,1,/home/fabio/Scrivania/OTel-capabilities-for-mixed-criticality-workloads/2-DoE/block2/t2_p0_s0_r0.0_n4/run_01,ostream,1996,0,0.0,8034.0,7995,9996.0,2.15,0.0,7.0,8.0,10,1984,1955.1,40094,20873,0.520602,-507.0,-8379,1993.5,1524.33,2986.0,0.0,4601.1,7463,7414,658.9,17,1,4
107,block2,2,0,0,0.0,4,2,/home/fabio/Scrivania/OTel-capabilities-for-mixed-criticality-workloads/2-DoE/block2/t2_p0_s0_r0.0_n4/run_02,ostream,1996,0,0.0,8034.0,7903,9996.0,3.87,0.0,7.0,13.0,40,2083,1958.6,39999,20652,0.516313,-507,-7633,1996,1527.08,2987.0,0,4542.0,7554,7947,644.1,17,1,4
108,block2,2,0,0,0.0,4,3,/home/fabio/Scrivania/OTel-capabilities-for-mixed-criticality-workloads/2-DoE/block2/t2_p0_s0_r0.0_n4/run_03,ostream,1996,0,0.0,8034.0,7875,9996.0,3.92,1.0,7.0,13.0,37,2100,1970.8,39720,20557,0.517548,-521.0,-8624,2016.0,1529.17,2987.0,0.0,4570.6,7579,8676,664.0,17,1,4
109,block2,2,0,0,0.0,4,4,/home/fabio/Scrivania/OTel-capabilities-for-mixed-criticality-workloads/2-DoE/block2/t2_p0_s0_r0.0_n4/run_04,ostream,1996,0,0.0,8031.0,7877,9996.0,3.85,0.0,7.0,13.0,17,2112,1982.9,39566,20698,0.523126,-528.0,-7845,2032.5,1534.19,2986.0,0.0,4651.0,7669,8413,708.9,17,1,4
110,block2,2,0,0,0.0,4,5,/home/fabio/Scrivania/OTel-capabilities-for-mixed-criticality-workloads/2-DoE/block2/t2_p0_s0_r0.0_n4/run_05,ostream,1996,0,0.0,7970.0,7936,9996.0,2.64,0.0,6.0,11.0,26,2048,1998.8,39628,20776,0.524276,-510.0,-7665,2016.0,1539.19,2986.0,0.0,4981.7,7813,8121,723.2,17,1,4
111,block2,2,0,0,0.0,4,6,/home/fabio/Scrivania/OTel-capabilities-for-mixed-criticality-workloads/2-DoE/block2/t2_p0_s0_r0.0_n4/run_06,ostream,1996,0,0.0,7970.0,7942,9996.0,2.19,0.0,6.0,8.0,11,2020,1991.9,39767,20694,0.520381,-506,-8637,2009,1530.42,2986.0,0,4686.0,7660,8289,691.4,17,1,4
112,block2,2,0,0,0.0,4,7,/home/fabio/Scrivania/OTel-capabilities-for-mixed-criticality-workloads/2-DoE/block2/t2_p0_s0_r0.0_n4/run_07,ostream,1996,0,0.0,8034.0,8003,9996.0,2.13,0.0,6.0,8.0,22,1984,1955.0,40098,20829,0.519452,-507.0,-7445,1995.0,1524.95,2986.0,0.0,4516.1,7482,8441,649.9,17,1,4
113,block2,2,0,0,0.0,4,8,/home/fabio/Scrivania/OTel-capabilities-for-mixed-criticality-workloads/2-DoE/block2/t2_p0_s0_r0.0_n4/run_08,ostream,1996,0,0.0,8034.0,7939,9996.0,2.13,0.0,6.0,8.0,9,2049,1975.0,39827,20750,0.521003,-506,-7671,2018,1517.62,2985.0,0,4651.0,7485,8363,698.7,17,1,4
114,block2,2,0,0,0.0,4,9,/home/fabio/Scrivania/OTel-capabilities-for-mixed-criticality-workloads/2-DoE/block2/t2_p0_s0_r0.0_n4/run_09,ostream,1996,0,0.0,8034.0,7996,9996.0,2.12,0.0,6.0,8.0,12,1986,1955.1,40092,20802,0.518857,-508.0,-7947,1994.0,1525.09,2986.0,0.0,4539.1,7498,7565,642.1,17,1,4
115,block2,2,0,0,0.0,4,10,/home/fabio/Scrivania/OTel-capabilities-for-mixed-criticality-workloads/2-DoE/block2/t2_p0_s0_r0.0_n4/run_10,ostream,1996,0,0.0,7970.0,7927,9996.0,2.06,0.0,7.0,8.0,10,2048,1989.7,39725,20772,0.522895,-539,-7958,2013,1536.64,2986.0,0,4662.8,7475,8263,699.9,17,1,4
116,block2,2,0,0,0.0,4,11,/home/fabio/Scrivania/OTel-capabilities-for-mixed-criticality-workloads/2-DoE/block2/t2_p0_s0_r0.0_n4/run_11,ostream,1996,0,0.0,8034.0,7948,9996.0,2.05,0.0,7.0,8.0,13,2019,1977.6,39759,20729,0.521366,-517,-8579,1997,1537.24,2986.0,0,4846.0,7650,8152,696.2,17,1,4
117,block2,2,0,0,0.0,4,12,/home/fabio/Scrivania/OTel-capabilities-for-mixed-criticality-workloads/2-DoE/block2/t2_p0_s0_r0.0_n4/run_12,ostream,1996,0,0.0,7970.0,7936,9996.0,2.16,0.0,6.0,8.0,11,2049,1998.1,39689,20831,0.524856,-509,-8097,2011,1541.26,2985.0,0,5017.2,7722,8242,738.5,17,1,4
118,block2,2,0,0,0.0,4,13,/home/fabio/Scrivania/OTel-capabilities-for-mixed-criticality-workloads/2-DoE/block2/t2_p0_s0_r0.0_n4/run_13,ostream,1996,0,0.0,8034.0,8004,9996.0,2.15,0.0,6.0,8.0,10,1984,1955.1,40094,20903,0.52135,-508.0,-7453,1994.0,1524.64,2986.0,0.0,4778.1,7505,6884,657.8,17,1,4
119,block2,2,0,0,0.0,4,14,/home/fabio/Scrivania/OTel-capabilities-for-mixed-criticality-workloads/2-DoE/block2/t2_p0_s0_r0.0_n4/run_14,ostream,1996,0,0.0,7970.0,7965,9996.0,2.05,0.0,6.0,8.0,10,2021,2016.6,39913,20760,0.520131,-506,-7737,1998,1530.8,2986.0,0,4918.9,7496,7689,680.8,17,1,4
120,block2,2,0,0,0.0,4,15,/home/fabio/Scrivania/OTel-capabilities-for-mixed-criticality-workloads/2-DoE/block2/t2_p0_s0_r0.0_n4/run_15,ostream,1996,0,0.0,7970.0,7951,9996.0,2.06,0.0,7.0,8.0,12,2021,1997.9,39723,20705,0.521235,-532,-7720,2017,1528.91,2986.0,0,4605.8,7547,8294,696.4,17,1,4
121,block2,2,0,0,0.0,4,16,/home/fabio/Scrivania/OTel-capabilities-for-mixed-criticality-workloads/2-DoE/block2/t2_p0_s0_r0.0_n4/run_16,ostream,1996,0,0.0,8034.0,8007,9996.0,2.07,0.0,6.0,8.0,12,1957,1955.0,40097,20844,0.519839,-513,-7155,1995,1525.46,2986.0,0,4502.0,7487,8141,648.6,17,1,4
122,block2,2,0,0,0.0,4,17,/home/fabio/Scrivania/OTel-capabilities-for-mixed-criticality-workloads/2-DoE/block2/t2_p0_s0_r0.0_n4/run_17,ostream,1996,0,0.0,8034.0,7949,9996.0,2.0,0.0,6.0,8.0,9,2020,1972.3,40103,20841,0.519687,-507,-8003,1994,1520.23,2986.0,0,4498.0,7478,7475,649.5,17,1,4
123,block2,2,0,0,0.0,4,18,/home/fabio/Scrivania/OTel-capabilities-for-mixed-criticality-workloads/2-DoE/block2/t2_p0_s0_r0.0_n4/run_18,ostream,1996,0,0.0,8034.0,8011,9996.0,2.03,0.0,6.0,8.0,10,1957,1955.0,40095,20854,0.520115,-509,-7916,1994,1525.39,2986.0,0,4546.0,7491,7967,650.5,17,1,4
124,block2,2,0,0,0.0,4,19,/home/fabio/Scrivania/OTel-capabilities-for-mixed-criticality-workloads/2-DoE/block2/t2_p0_s0_r0.0_n4/run_19,ostream,1996,0,0.0,8034.0,8003,9996.0,2.05,0.0,6.0,8.0,11,1985,1955.2,39662,20805,0.524558,-535.0,-7848,2025.0,1535.37,2986.0,0.0,4727.9,7708,8197,718.9,17,1,4
125,block2,2,0,0,0.0,4,20,/home/fabio/Scrivania/OTel-capabilities-for-mixed-criticality-workloads/2-DoE/block2/t2_p0_s0_r0.0_n4/run_20,ostream,1996,0,0.0,8034.0,8003,9996.0,2.12,0.0,7.0,8.0,10,1985,1955.0,39954,20759,0.519573,-514.0,-7770,2002.5,1524.9,2986.0,0.0,4584.0,7590,8051,666.0,17,1,4
126,block2,2,0,0,0.0,4,21,/home/fabio/Scrivania/OTel-capabilities-for-mixed-criticality-workloads/2-DoE/block2/t2_p0_s0_r0.0_n4/run_21,ostream,1996,0,0.0,7970.0,7946,9996.0,2.02,0.0,6.0,8.0,11,2021,2006.7,39751,20795,0.523131,-507,-7608,2005,1537.57,2985.0,0,4941.5,8037,7593,707.8,17,1,4
127,block2,2,0,0,0.0,4,22,/home/fabio/Scrivania/OTel-capabilities-for-mixed-criticality-workloads/2-DoE/block2/t2_p0_s0_r0.0_n4/run_22,ostream,1996,0,0.0,8034.0,8008,9996.0,2.06,0.0,6.0,8.0,11,1957,1955.0,39681,20780,0.523676,-528,-7789,2028,1537.7,2985.0,0,4929.4,7579,8010,708.6,17,1,4
128,block2,2,0,0,0.0,4,23,/home/fabio/Scrivania/OTel-capabilities-for-mixed-criticality-workloads/2-DoE/block2/t2_p0_s0_r0.0_n4/run_23,ostream,1996,0,0.0,7970.0,7939,9996.0,2.12,0.0,6.0,8.0,10,2048,1999.1,40097,20900,0.521236,-507,-7799,1995,1521.87,2985.0,0,4617.1,7532,7971,670.4,17,1,4
129,block2,2,0,0,0.0,4,24,/home/fabio/Scrivania/OTel-capabilities-for-mixed-criticality-workloads/2-DoE/block2/t2_p0_s0_r0.0_n4/run_24,ostream,1996,0,0.0,8034.0,7951,9996.0,2.11,0.0,6.0,8.0,10,2020,1984.6,39807,20674,0.519356,-506,-8033,1999,1531.71,2986.0,0,4652.0,7580,8391,684.4,17,1,4
130,block2,2,0,0,0.0,4,25,/home/fabio/Scrivania/OTel-capabilities-for-mixed-criticality-workloads/2-DoE/block2/t2_p0_s0_r0.0_n4/run_25,ostream,1996,0,0.0,8034.0,7957,9996.0,2.13,0.0,6.0,7.0,9,2019,1965.2,39518,20714,0.524166,-539.0,-8465,2051.0,1531.07,2986.0,0.0,4656.8,8024,8233,713.4,17,1,4
131,block2,2,0,1,0.1,4,1,/home/fabio/Scrivania/OTel-capabilities-for-mixed-criticality-workloads/2-DoE/block2/t2_p0_s1_r0.1_n4/run_01,ostream,1996,0,0.0,8026.0,7999,9996.0,2.12,0.0,7.0,8.0,9,1966,1963.0,39973,20069,0.502064,-510,-7011,2012,1506.26,2999.0,0,2974.3,7082,7509,517.5,0,0,0
132,block2,2,0,1,0.1,4,2,/home/fabio/Scrivania/OTel-capabilities-for-mixed-criticality-workloads/2-DoE/block2/t2_p0_s1_r0.1_n4/run_02,ostream,1996,0,0.0,8026.0,7925,9996.0,3.51,0.0,7.0,13.0,15,2030,1964.9,39862,20434,0.512619,-513.0,-7527,2009.0,1523.74,2999.0,0.0,4505.0,7242,8054,617.5,0,0,0
133,block2,2,0,1,0.1,4,3,/home/fabio/Scrivania/OTel-capabilities-for-mixed-criticality-workloads/2-DoE/block2/t2_p0_s1_r0.1_n4/run_03,ostream,1996,0,0.0,8026.0,7989,9996.0,2.36,0.0,7.0,9.0,20,1995,1963.1,39972,20072,0.502152,-511.0,-6530,2001.0,1507.0,2998.0,0.0,3061.0,6498,6604,513.2,0,0,0
134,block2,2,0,1,0.1,4,4,/home/fabio/Scrivania/OTel-capabilities-for-mixed-criticality-workloads/2-DoE/block2/t2_p0_s1_r0.1_n4/run_04,ostream,1996,0,0.0,8026.0,7994,9996.0,2.16,0.0,6.0,8.0,24,1992,1963.1,39975,20112,0.503114,-507,-7042,2002,1506.11,2998.0,0,2989.3,7506,6467,522.4,0,0,0
135,block2,2,0,1,0.1,4,5,/home/fabio/Scrivania/OTel-capabilities-for-mixed-criticality-workloads/2-DoE/block2/t2_p0_s1_r0.1_n4/run_05,ostream,1996,0,0.0,8026.0,7997,9996.0,2.13,0.0,6.0,8.0,10,1992,1963.1,39985,20024,0.500788,-514,-7947,2027,1502.04,2998.0,0,2524.0,6574,6509,499.7,0,0,0
136,block2,2,0,1,0.1,4,6,/home/fabio/Scrivania/OTel-capabilities-for-mixed-criticality-workloads/2-DoE/block2/t2_p0_s1_r0.1_n4/run_06,ostream,1996,0,0.0,8026.0,7986,9996.0,2.09,0.0,6.0,8.0,12,1995,1963.2,39982,20033,0.50105,-514.0,-7006,2010.0,1502.69,2998.0,0.0,2533.0,7507,6493,502.6,0,0,0
137,block2,2,0,1,0.1,4,7,/home/fabio/Scrivania/OTel-capabilities-for-mixed-criticality-workloads/2-DoE/block2/t2_p0_s1_r0.1_n4/run_07,ostream,1996,0,0.0,8026.0,7984,9996.0,2.1,0.0,7.0,8.0,11,1992,1963.2,39982,20063,0.501801,-500.5,-7467,2012.0,1507.5,2998.0,0.0,3496.0,7519,6492,512.7,0,0,0
138,block2,2,0,1,0.1,4,8,/home/fabio/Scrivania/OTel-capabilities-for-mixed-criticality-workloads/2-DoE/block2/t2_p0_s1_r0.1_n4/run_08,ostream,1996,0,0.0,8026.0,7994,9996.0,2.05,0.0,6.0,8.0,10,1992,1963.1,39978,20155,0.504152,-503.0,-7617,2000.5,1512.05,2997.0,0.0,3498.0,6532,6582,537.3,0,0,0
139,block2,2,0,1,0.1,4,9,/home/fabio/Scrivania/OTel-capabilities-for-mixed-criticality-workloads/2-DoE/block2/t2_p0_s1_r0.1_n4/run_09,ostream,1996,0,0.0,8026.0,7992,9996.0,2.02,0.0,7.0,8.0,11,1996,1963.2,39984,20063,0.501776,-512.5,-7159,2006.5,1504.81,2998.0,0.0,2580.2,7512,6518,512.6,0,0,0
140,block2,2,0,1,0.1,4,10,/home/fabio/Scrivania/OTel-capabilities-for-mixed-criticality-workloads/2-DoE/block2/t2_p0_s1_r0.1_n4/run_10,ostream,1996,0,0.0,8026.0,7997,9996.0,2.05,0.0,7.0,8.0,10,1965,1963.0,39984,20050,0.501451,-512.5,-7524,2003.0,1504.7,2998.0,0.0,2542.0,7508,7009,507.9,0,0,0
141,block2,2,0,1,0.1,4,11,/home/fabio/Scrivania/OTel-capabilities-for-mixed-criticality-workloads/2-DoE/block2/t2_p0_s1_r0.1_n4/run_11,ostream,1996,0,0.0,8026.0,7999,9996.0,2.09,0.0,6.0,8.0,11,1965,1963.0,39985,20071,0.501963,-508,-7100,2000,1506.4,2998.0,0,2648.8,7508,7492,515.3,0,0,0
142,block2,2,0,1,0.1,4,12,/home/fabio/Scrivania/OTel-capabilities-for-mixed-criticality-workloads/2-DoE/block2/t2_p0_s1_r0.1_n4/run_12,ostream,1996,0,0.0,8026.0,8001,9996.0,2.02,0.0,7.0,8.0,12,1967,1963.0,39973,20080,0.502339,-509,-6974,2007,1504.88,2998.0,0,2928.6,7002,6510,519.1,0,0,0
143,block2,2,0,1,0.1,4,13,/home/fabio/Scrivania/OTel-capabilities-for-mixed-criticality-workloads/2-DoE/block2/t2_p0_s1_r0.1_n4/run_13,ostream,1996,0,0.0,8026.0,7994,9996.0,2.05,0.0,6.5,7.0,10,1994,1963.1,39981,20127,0.503414,-512,-7492,2006,1508.56,2998.0,0,3496.0,7506,6995,527.3,17,1,4
144,block2,2,0,1,0.1,4,14,/home/fabio/Scrivania/OTel-capabilities-for-mixed-criticality-workloads/2-DoE/block2/t2_p0_s1_r0.1_n4/run_14,ostream,1996,0,0.0,8026.0,7998,9996.0,2.09,0.0,7.0,8.0,10,1967,1963.0,39986,20040,0.501175,-512.0,-7010,2003.5,1504.32,2998.0,0.0,2534.0,7499,7151,503.8,0,0,0
145,block2,2,0,1,0.1,4,15,/home/fabio/Scrivania/OTel-capabilities-for-mixed-criticality-workloads/2-DoE/block2/t2_p0_s1_r0.1_n4/run_15,ostream,1996,0,0.0,8026.0,7992,9996.0,2.1,0.0,7.0,8.0,10,1966,1963.0,39983,20057,0.501638,-511,-6452,2001,1505.69,2998.0,0,2540.0,6757,6566,509.5,0,0,0
146,block2,2,0,1,0.1,4,16,/home/fabio/Scrivania/OTel-capabilities-for-mixed-criticality-workloads/2-DoE/block2/t2_p0_s1_r0.1_n4/run_16,ostream,1996,0,0.0,8026.0,8002,9996.0,2.02,0.0,6.0,8.0,10,1965,1963.0,39984,20088,0.502401,-510.5,-7010,2009.5,1506.25,2998.0,0.0,3005.2,7503,7492,519.1,0,0,0
147,block2,2,0,1,0.1,4,17,/home/fabio/Scrivania/OTel-capabilities-for-mixed-criticality-workloads/2-DoE/block2/t2_p0_s1_r0.1_n4/run_17,ostream,1996,0,0.0,8026.0,7983,9996.0,2.05,0.0,6.0,8.0,10,1993,1963.1,39973,20202,0.505391,-511,-7051,2014,1511.68,2998.0,0,3510.0,7519,7496,551.3,0,0,0
148,block2,2,0,1,0.1,4,18,/home/fabio/Scrivania/OTel-capabilities-for-mixed-criticality-workloads/2-DoE/block2/t2_p0_s1_r0.1_n4/run_18,ostream,1996,0,0.0,8026.0,8002,9996.0,2.06,0.0,6.0,8.0,9,1966,1963.0,39972,20142,0.503903,-508.0,-7565,2007.5,1509.22,2998.0,0.0,3497.0,7519,6995,533.0,0,0,0
149,block2,2,0,1,0.1,4,19,/home/fabio/Scrivania/OTel-capabilities-for-mixed-criticality-workloads/2-DoE/block2/t2_p0_s1_r0.1_n4/run_19,ostream,1996,0,0.0,8026.0,7996,9996.0,2.07,0.0,7.0,8.0,18,1992,1963.0,39983,20044,0.501313,-498,-7530,2000,1511.16,2998.0,0,3497.0,7045,6512,507.8,0,0,0
150,block2,2,0,1,0.1,4,20,/home/fabio/Scrivania/OTel-capabilities-for-mixed-criticality-workloads/2-DoE/block2/t2_p0_s1_r0.1_n4/run_20,ostream,1996,0,0.0,8026.0,7991,9996.0,2.04,0.0,7.0,8.0,13,1996,1963.2,39984,20050,0.501451,-508.5,-7013,1999.5,1508.09,2998.0,0.0,2905.5,6532,6692,507.6,0,0,0
151,block2,2,0,1,0.1,4,21,/home/fabio/Scrivania/OTel-capabilities-for-mixed-criticality-workloads/2-DoE/block2/t2_p0_s1_r0.1_n4/run_21,ostream,1996,0,0.0,8026.0,7999,9996.0,2.04,0.0,6.0,8.0,10,1966,1963.0,39988,20032,0.50095,-504.5,-7003,1999.5,1503.12,2998.0,0.0,2532.0,7503,7014,503.0,0,0,0
152,block2,2,0,1,0.1,4,22,/home/fabio/Scrivania/OTel-capabilities-for-mixed-criticality-workloads/2-DoE/block2/t2_p0_s1_r0.1_n4/run_22,ostream,1996,0,0.0,8026.0,8002,9996.0,2.04,0.0,7.0,8.0,10,1971,1963.0,39986,20036,0.501075,-511.0,-6995,2022.0,1503.56,2998.0,0.0,2536.0,7045,6492,504.4,0,0,0
153,block2,2,0,1,0.1,4,23,/home/fabio/Scrivania/OTel-capabilities-for-mixed-criticality-workloads/2-DoE/block2/t2_p0_s1_r0.1_n4/run_23,ostream,1996,0,0.0,8026.0,7999,9996.0,2.1,0.0,7.0,8.0,11,1967,1963.0,39965,20149,0.504166,-511,-7564,2005,1508.15,2999.0,0,3498.0,7112,8173,533.7,17,1,4
154,block2,2,0,1,0.1,4,24,/home/fabio/Scrivania/OTel-capabilities-for-mixed-criticality-workloads/2-DoE/block2/t2_p0_s1_r0.1_n4/run_24,ostream,1996,0,0.0,8026.0,7980,9996.0,2.21,0.0,6.0,8.0,15,1993,1963.1,39974,20091,0.502602,-500.0,-7663,2002.0,1505.46,2998.0,0.0,3013.3,6945,6998,521.3,0,0,0
155,block2,2,0,1,0.1,4,25,/home/fabio/Scrivania/OTel-capabilities-for-mixed-criticality-workloads/2-DoE/block2/t2_p0_s1_r0.1_n4/run_25,ostream,1996,0,0.0,8026.0,8001,9996.0,1.97,0.0,6.0,8.0,10,1970,1963.0,39985,20054,0.501538,-555,-6351,2057,1502.06,2998.0,0,2535.0,6525,7347,506.9,0,0,0
156,block2,2,0,1,0.3,4,1,/home/fabio/Scrivania/OTel-capabilities-for-mixed-criticality-workloads/2-DoE/block2/t2_p0_s1_r0.3_n4/run_01,ostream,1996,0,0.0,8026.0,7994,9996.0,2.08,0.0,6.0,8.0,10,1993,1963.2,39969,20269,0.507118,-511,-7941,2003,1514.76,2997.0,0,3666.6,7188,8019,566.0,0,0,0
157,block2,2,0,1,0.3,4,2,/home/fabio/Scrivania/OTel-capabilities-for-mixed-criticality-workloads/2-DoE/block2/t2_p0_s1_r0.3_n4/run_02,ostream,1996,0,0.0,8026.0,7977,9996.0,2.61,0.0,7.0,11.0,27,2006,1963.3,39948,20220,0.506158,-509.0,-7597,2003.0,1513.75,2998.0,0.0,3529.0,7196,7641,557.5,17,1,4
158,block2,2,0,1,0.3,4,3,/home/fabio/Scrivania/OTel-capabilities-for-mixed-criticality-workloads/2-DoE/block2/t2_p0_s1_r0.3_n4/run_03,ostream,1996,0,0.0,8026.0,8000,9996.0,2.07,0.0,7.0,8.0,11,1965,1963.0,39987,20070,0.501913,-508,-6708,2011,1504.43,2998.0,0,2617.0,7209,6605,513.4,0,0,0
159,block2,2,0,1,0.3,4,4,/home/fabio/Scrivania/OTel-capabilities-for-mixed-criticality-workloads/2-DoE/block2/t2_p0_s1_r0.3_n4/run_04,ostream,1996,0,0.0,8026.0,7981,9996.0,2.03,0.0,7.0,8.0,10,1992,1963.2,39987,20043,0.501238,-512,-7498,2007,1503.84,2998.0,0,2546.0,6520,6494,504.1,0,0,0
160,block2,2,0,1,0.3,4,5,/home/fabio/Scrivania/OTel-capabilities-for-mixed-criticality-workloads/2-DoE/block2/t2_p0_s1_r0.3_n4/run_05,ostream,1996,0,0.0,8026.0,7988,9996.0,2.03,0.0,6.0,8.0,11,1993,1963.1,39984,20083,0.502276,-509.0,-7019,2001.0,1506.51,2998.0,0.0,2991.0,7069,7952,517.7,0,0,0
161,block2,2,0,1,0.3,4,6,/home/fabio/Scrivania/OTel-capabilities-for-mixed-criticality-workloads/2-DoE/block2/t2_p0_s1_r0.3_n4/run_06,ostream,1996,0,0.0,8026.0,7995,9996.0,2.06,0.0,7.0,8.0,10,1991,1963.0,39986,20033,0.501,-511.0,-6587,2001.0,1504.93,2998.0,0.0,2539.2,7087,6020,502.9,0,0,0
162,block2,2,0,1,0.3,4,7,/home/fabio/Scrivania/OTel-capabilities-for-mixed-criticality-workloads/2-DoE/block2/t2_p0_s1_r0.3_n4/run_07,ostream,1996,0,0.0,8026.0,7997,9996.0,2.07,0.0,6.0,8.0,9,1976,1963.0,39972,20097,0.502777,-512.0,-6998,2003.0,1507.45,2999.0,0.0,3450.0,6923,6537,523.5,0,0,0
163,block2,2,0,1,0.3,4,8,/home/fabio/Scrivania/OTel-capabilities-for-mixed-criticality-workloads/2-DoE/block2/t2_p0_s1_r0.3_n4/run_08,ostream,1996,0,0.0,8026.0,7992,9996.0,2.11,0.0,7.0,8.0,11,1992,1963.0,39971,20198,0.505316,-511,-7521,2009,1513.5,2998.0,0,3527.2,7527,7128,552.7,0,0,0
164,block2,2,0,1,0.3,4,9,/home/fabio/Scrivania/OTel-capabilities-for-mixed-criticality-workloads/2-DoE/block2/t2_p0_s1_r0.3_n4/run_09,ostream,1996,0,0.0,8026.0,8000,9996.0,2.0,0.0,7.0,8.0,12,1968,1963.0,39988,20045,0.501275,-515.0,-7136,2012.5,1502.16,2998.0,0.0,2529.0,7498,8132,503.8,17,1,4
165,block2,2,0,1,0.3,4,10,/home/fabio/Scrivania/OTel-capabilities-for-mixed-criticality-workloads/2-DoE/block2/t2_p0_s1_r0.3_n4/run_10,ostream,1996,0,0.0,8026.0,7999,9996.0,2.07,0.0,6.0,7.0,9,1966,1963.0,39981,20127,0.503414,-508,-7013,2001,1509.8,2998.0,0,3123.2,7511,7157,531.0,17,1,4
166,block2,2,0,1,0.3,4,11,/home/fabio/Scrivania/OTel-capabilities-for-mixed-criticality-workloads/2-DoE/block2/t2_p0_s1_r0.3_n4/run_11,ostream,1996,0,0.0,8026.0,7996,9996.0,2.08,0.0,7.0,8.0,14,1991,1963.0,39981,20105,0.502864,-512,-7467,2012,1505.51,2998.0,0,3004.0,7518,6508,524.2,0,0,0
167,block2,2,0,1,0.3,4,12,/home/fabio/Scrivania/OTel-capabilities-for-mixed-criticality-workloads/2-DoE/block2/t2_p0_s1_r0.3_n4/run_12,ostream,1996,0,0.0,8026.0,7994,9996.0,2.07,0.0,6.0,8.0,9,1994,1963.2,39985,20030,0.500938,-500,-6994,2004,1503.71,2998.0,0,2528.0,6563,6400,504.7,0,0,0
168,block2,2,0,1,0.3,4,13,/home/fabio/Scrivania/OTel-capabilities-for-mixed-criticality-workloads/2-DoE/block2/t2_p0_s1_r0.3_n4/run_13,ostream,1996,0,0.0,8026.0,8002,9996.0,2.06,0.0,6.0,8.0,10,1966,1963.0,39968,20082,0.502452,-506.0,-7515,2001.0,1508.04,2999.0,0.0,3448.7,7038,7161,520.2,17,1,4
169,block2,2,0,1,0.3,4,14,/home/fabio/Scrivania/OTel-capabilities-for-mixed-criticality-workloads/2-DoE/block2/t2_p0_s1_r0.3_n4/run_14,ostream,1996,0,0.0,8026.0,7977,9996.0,2.84,0.0,7.0,12.0,35,2008,1963.4,39953,20203,0.505669,-513,-8029,2007,1511.62,2998.0,0,3516.0,7522,6608,546.6,0,0,0
170,block2,2,0,1,0.3,4,15,/home/fabio/Scrivania/OTel-capabilities-for-mixed-criticality-workloads/2-DoE/block2/t2_p0_s1_r0.3_n4/run_15,ostream,1996,0,0.0,8026.0,7959,9996.0,2.86,0.0,6.0,11.0,21,2003,1963.3,39894,20101,0.50386,-512.0,-7103,2010.5,1509.98,2998.0,0.0,3498.0,7052,6538,533.4,17,1,4
171,block2,2,0,1,0.3,4,16,/home/fabio/Scrivania/OTel-capabilities-for-mixed-criticality-workloads/2-DoE/block2/t2_p0_s1_r0.3_n4/run_16,ostream,1996,0,0.0,8026.0,7975,9996.0,2.41,0.0,7.0,10.0,20,2008,1963.2,39961,20185,0.505117,-513,-7551,2010,1509.45,2998.0,0,3507.0,7031,7477,546.5,17,1,4
172,block2,2,0,1,0.3,4,17,/home/fabio/Scrivania/OTel-capabilities-for-mixed-criticality-workloads/2-DoE/block2/t2_p0_s1_r0.3_n4/run_17,ostream,1996,0,0.0,8026.0,7975,9996.0,2.28,0.0,7.0,9.0,19,2007,1963.1,39979,20085,0.502389,-511,-7533,2006,1512.48,2998.0,0,3497.0,6561,7407,517.5,17,1,4
173,block2,2,0,1,0.3,4,18,/home/fabio/Scrivania/OTel-capabilities-for-mixed-criticality-workloads/2-DoE/block2/t2_p0_s1_r0.3_n4/run_18,ostream,1996,0,0.0,8026.0,7995,9996.0,2.1,0.0,7.0,8.0,14,1992,1963.0,39980,20058,0.501701,-512.0,-7058,2010.0,1508.72,2998.0,0.0,3497.0,7558,6769,508.9,17,1,4
174,block2,2,0,1,0.3,4,19,/home/fabio/Scrivania/OTel-capabilities-for-mixed-criticality-workloads/2-DoE/block2/t2_p0_s1_r0.3_n4/run_19,ostream,1996,0,0.0,8026.0,7996,9996.0,2.41,0.0,7.0,9.0,21,1992,1963.1,39978,20072,0.502076,-511.5,-7116,2004.5,1504.32,2998.0,0.0,2542.0,7617,6678,515.3,0,0,0
175,block2,2,0,1,0.3,4,20,/home/fabio/Scrivania/OTel-capabilities-for-mixed-criticality-workloads/2-DoE/block2/t2_p0_s1_r0.3_n4/run_20,ostream,1996,0,0.0,8026.0,7996,9996.0,2.24,0.0,6.0,8.0,18,1969,1963.0,39981,20085,0.502364,-509,-7059,2010,1504.38,2998.0,0,2834.6,7519,6499,516.4,0,0,0
176,block2,2,0,1,0.3,4,21,/home/fabio/Scrivania/OTel-capabilities-for-mixed-criticality-workloads/2-DoE/block2/t2_p0_s1_r0.3_n4/run_21,ostream,1996,0,0.0,8026.0,7998,9996.0,2.07,0.0,6.0,8.0,9,1965,1963.0,39978,20133,0.503602,-508.0,-7448,2004.5,1507.15,2998.0,0.0,3496.0,6990,7015,534.3,17,1,4
177,block2,2,0,1,0.3,4,22,/home/fabio/Scrivania/OTel-capabilities-for-mixed-criticality-workloads/2-DoE/block2/t2_p0_s1_r0.3_n4/run_22,ostream,1996,0,0.0,8026.0,8001,9996.0,2.0,0.0,7.0,8.0,10,1964,1963.0,39987,20029,0.500888,-514,-7455,2029,1505.54,2998.0,0,2543.0,6471,7029,500.6,17,1,4
178,block2,2,0,1,0.3,4,23,/home/fabio/Scrivania/OTel-capabilities-for-mixed-criticality-workloads/2-DoE/block2/t2_p0_s1_r0.3_n4/run_23,ostream,1996,0,0.0,8026.0,7980,9996.0,2.05,0.0,6.0,8.0,11,2003,1963.0,39980,20088,0.502451,-511.0,-7025,2007.5,1505.31,2998.0,0.0,2969.4,7526,6966,521.2,0,0,0
179,block2,2,0,1,0.3,4,24,/home/fabio/Scrivania/OTel-capabilities-for-mixed-criticality-workloads/2-DoE/block2/t2_p0_s1_r0.3_n4/run_24,ostream,1996,0,0.0,8026.0,7976,9996.0,1.99,0.0,6.0,8.0,11,1992,1963.2,39975,20154,0.504165,-506,-8141,2002,1509.7,2998.0,0,3497.3,7522,8549,540.0,0,0,0
180,block2,2,0,1,0.3,4,25,/home/fabio/Scrivania/OTel-capabilities-for-mixed-criticality-workloads/2-DoE/block2/t2_p0_s1_r0.3_n4/run_25,ostream,1996,0,0.0,8026.0,7990,9996.0,2.05,0.0,6.0,8.0,10,1999,1963.4,39987,20052,0.501463,-511,-7597,2006,1505.21,2998.0,0,2587.4,7102,6524,505.9,0,0,0
181,block2,2,0,1,0.5,4,1,/home/fabio/Scrivania/OTel-capabilities-for-mixed-criticality-workloads/2-DoE/block2/t2_p0_s1_r0.5_n4/run_01,ostream,1996,0,0.0,8026.0,7995,9996.0,2.01,0.0,7.0,8.0,9,1992,1963.0,39978,20142,0.503827,-510.0,-6994,2001.0,1507.58,2998.0,0.0,3496.0,7040,7446,536.1,17,1,4
182,block2,2,0,1,0.5,4,2,/home/fabio/Scrivania/OTel-capabilities-for-mixed-criticality-workloads/2-DoE/block2/t2_p0_s1_r0.5_n4/run_02,ostream,1996,0,0.0,8026.0,7954,9996.0,2.72,0.0,7.0,11.0,19,2007,1963.4,39883,20196,0.506381,-514,-7616,2010,1514.61,2998.0,0,3537.0,7499,7014,553.1,0,0,0
183,block2,2,0,1,0.5,4,3,/home/fabio/Scrivania/OTel-capabilities-for-mixed-criticality-workloads/2-DoE/block2/t2_p0_s1_r0.5_n4/run_03,ostream,1996,0,0.0,8026.0,8000,9996.0,2.0,0.0,7.0,8.0,9,1964,1963.0,39973,20205,0.505466,-507,-7594,2002,1513.12,2998.0,0,3571.0,7524,8044,550.2,0,0,0
184,block2,2,0,1,0.5,4,4,/home/fabio/Scrivania/OTel-capabilities-for-mixed-criticality-workloads/2-DoE/block2/t2_p0_s1_r0.5_n4/run_04,ostream,1996,0,0.0,8026.0,8000,9996.0,2.05,0.0,6.0,8.0,9,1965,1963.0,39981,20132,0.503539,-508,-8007,2005,1509.35,2998.0,0,3497.0,7119,6496,529.4,0,0,0
185,block2,2,0,1,0.5,4,5,/home/fabio/Scrivania/OTel-capabilities-for-mixed-criticality-workloads/2-DoE/block2/t2_p0_s1_r0.5_n4/run_05,ostream,1996,0,0.0,8026.0,7976,9996.0,2.21,0.0,7.0,9.0,11,1993,1963.2,39973,20185,0.504966,-503,-7451,2008,1512.2,2997.0,0,3512.3,7083,7199,549.2,17,1,4
186,block2,2,0,1,0.5,4,6,/home/fabio/Scrivania/OTel-capabilities-for-mixed-criticality-workloads/2-DoE/block2/t2_p0_s1_r0.5_n4/run_06,ostream,1996,0,0.0,8026.0,7998,9996.0,2.06,0.0,7.0,8.0,9,1966,1963.0,39969,20211,0.505667,-513,-7951,2016,1509.91,2997.0,0,3515.0,7532,7247,551.0,17,1,4
187,block2,2,0,1,0.5,4,7,/home/fabio/Scrivania/OTel-capabilities-for-mixed-criticality-workloads/2-DoE/block2/t2_p0_s1_r0.5_n4/run_07,ostream,1996,0,0.0,8026.0,7989,9996.0,2.27,0.0,6.0,8.0,35,1992,1963.1,39981,20125,0.503364,-504,-7109,2009,1504.57,2997.0,0,3050.4,7084,7001,532.3,0,0,0
188,block2,2,0,1,0.5,4,8,/home/fabio/Scrivania/OTel-capabilities-for-mixed-criticality-workloads/2-DoE/block2/t2_p0_s1_r0.5_n4/run_08,ostream,1996,0,0.0,8026.0,7990,9996.0,2.11,0.0,7.0,8.0,11,1999,1963.2,39987,20035,0.501038,-506,-6037,2016,1503.51,2998.0,0,2544.0,6498,6501,501.8,17,1,4
189,block2,2,0,1,0.5,4,9,/home/fabio/Scrivania/OTel-capabilities-for-mixed-criticality-workloads/2-DoE/block2/t2_p0_s1_r0.5_n4/run_09,ostream,1996,0,0.0,8026.0,7991,9996.0,2.04,0.0,7.0,8.0,10,1995,1963.0,39981,20149,0.503964,-504,-7552,2006,1508.22,2998.0,0,3496.0,7526,6522,534.8,17,1,4
190,block2,2,0,1,0.5,4,10,/home/fabio/Scrivania/OTel-capabilities-for-mixed-criticality-workloads/2-DoE/block2/t2_p0_s1_r0.5_n4/run_10,ostream,1996,0,0.0,8026.0,7995,9996.0,2.09,0.0,7.0,8.0,10,1992,1963.1,39975,20169,0.50454,-509,-7473,2009,1511.33,2998.0,0,3501.0,7496,8034,540.3,17,1,4
191,block2,2,0,1,0.5,4,11,/home/fabio/Scrivania/OTel-capabilities-for-mixed-criticality-workloads/2-DoE/block2/t2_p0_s1_r0.5_n4/run_11,ostream,1996,0,0.0,8026.0,7980,9996.0,2.09,0.0,7.0,10.0,15,2007,1963.1,39955,20232,0.50637,-514,-7522,2012,1507.43,2997.0,0,3496.0,7534,8089,548.0,0,0,0
192,block2,2,0,1,0.5,4,12,/home/fabio/Scrivania/OTel-capabilities-for-mixed-criticality-workloads/2-DoE/block2/t2_p0_s1_r0.5_n4/run_12,ostream,1996,0,0.0,8026.0,7995,9996.0,2.4,0.0,7.0,9.0,20,1992,1963.0,39975,20132,0.503615,-512,-7982,2011,1506.77,2998.0,0,3056.3,7524,6568,529.8,17,1,4
193,block2,2,0,1,0.5,4,13,/home/fabio/Scrivania/OTel-capabilities-for-mixed-criticality-workloads/2-DoE/block2/t2_p0_s1_r0.5_n4/run_13,ostream,1996,0,0.0,8026.0,7978,9996.0,2.29,0.0,7.0,9.0,19,2005,1964.4,39979,20078,0.502214,-513,-7331,2005,1506.36,2998.0,0,3021.0,6903,6529,514.3,17,1,4
194,block2,2,0,1,0.5,4,14,/home/fabio/Scrivania/OTel-capabilities-for-mixed-criticality-workloads/2-DoE/block2/t2_p0_s1_r0.5_n4/run_14,ostream,1996,0,0.0,8026.0,8002,9996.0,2.01,0.0,7.0,8.0,9,1966,1963.0,39971,20216,0.505767,-508,-6994,2003,1509.39,2998.0,0,3504.0,7059,7233,546.7,0,0,0
195,block2,2,0,1,0.5,4,15,/home/fabio/Scrivania/OTel-capabilities-for-mixed-criticality-workloads/2-DoE/block2/t2_p0_s1_r0.5_n4/run_15,ostream,1996,0,0.0,8026.0,8003,9996.0,2.01,0.0,6.0,8.0,13,1966,1963.0,39984,20090,0.502451,-504.0,-7132,2001.5,1507.84,2998.0,0.0,3436.7,7500,6569,515.8,0,0,0
196,block2,2,0,1,0.5,4,16,/home/fabio/Scrivania/OTel-capabilities-for-mixed-criticality-workloads/2-DoE/block2/t2_p0_s1_r0.5_n4/run_16,ostream,1996,0,0.0,8026.0,7996,9996.0,2.02,0.0,7.0,8.0,17,1992,1963.0,39983,20087,0.502389,-512,-7955,2014,1505.24,2998.0,0,3451.0,7114,8108,518.4,17,1,4
197,block2,2,0,1,0.5,4,17,/home/fabio/Scrivania/OTel-capabilities-for-mixed-criticality-workloads/2-DoE/block2/t2_p0_s1_r0.5_n4/run_17,ostream,1996,0,0.0,8026.0,7979,9996.0,2.09,0.0,6.0,8.0,14,1994,1963.1,39962,20266,0.507132,-511.0,-7474,2004.5,1514.08,2997.0,0.0,3993.8,7166,7453,571.1,17,1,4
198,block2,2,0,1,0.5,4,18,/home/fabio/Scrivania/OTel-capabilities-for-mixed-criticality-workloads/2-DoE/block2/t2_p0_s1_r0.5_n4/run_18,ostream,1996,0,0.0,8026.0,7975,9996.0,2.12,0.0,6.0,9.0,13,2010,1963.2,39976,20133,0.503627,-511.0,-7994,2002.5,1506.25,2998.0,0.0,3057.0,7021,7044,528.5,17,1,4
199,block2,2,0,1,0.5,4,19,/home/fabio/Scrivania/OTel-capabilities-for-mixed-criticality-workloads/2-DoE/block2/t2_p0_s1_r0.5_n4/run_19,ostream,1996,0,0.0,8026.0,7995,9996.0,2.06,0.0,6.0,8.0,14,1992,1963.0,39983,20115,0.503089,-503,-7545,2006,1510.97,2998.0,0,3496.0,7497,7296,526.7,0,0,0
200,block2,2,0,1,0.5,4,20,/home/fabio/Scrivania/OTel-capabilities-for-mixed-criticality-workloads/2-DoE/block2/t2_p0_s1_r0.5_n4/run_20,ostream,1996,0,0.0,8026.0,8002,9996.0,1.99,0.0,6.0,8.0,11,1966,1963.0,39988,20030,0.5009,-511.0,-6535,2010.0,1502.23,2998.0,0.0,2527.0,6531,6494,502.4,17,1,4
201,block2,2,0,1,0.5,4,21,/home/fabio/Scrivania/OTel-capabilities-for-mixed-criticality-workloads/2-DoE/block2/t2_p0_s1_r0.5_n4/run_21,ostream,1996,0,0.0,8026.0,7994,9996.0,2.08,0.0,7.0,8.0,10,1992,1963.0,39972,20195,0.505229,-511.0,-7496,2009.0,1512.65,2998.0,0.0,3512.0,7539,8229,546.6,17,1,4
202,block2,2,0,1,0.5,4,22,/home/fabio/Scrivania/OTel-capabilities-for-mixed-criticality-workloads/2-DoE/block2/t2_p0_s1_r0.5_n4/run_22,ostream,1996,0,0.0,8026.0,8000,9996.0,2.03,0.0,6.0,8.0,9,1966,1963.0,39982,20099,0.502701,-505.0,-7954,2002.0,1506.4,2998.0,0.0,3024.0,7518,7940,525.7,0,0,0
203,block2,2,0,1,0.5,4,23,/home/fabio/Scrivania/OTel-capabilities-for-mixed-criticality-workloads/2-DoE/block2/t2_p0_s1_r0.5_n4/run_23,ostream,1996,0,0.0,8026.0,7986,9996.0,2.03,0.0,7.0,8.0,13,1999,1963.1,39980,20145,0.503877,-508.0,-7358,2007.0,1509.05,2998.0,0.0,3496.0,7508,6644,533.3,0,0,0
204,block2,2,0,1,0.5,4,24,/home/fabio/Scrivania/OTel-capabilities-for-mixed-criticality-workloads/2-DoE/block2/t2_p0_s1_r0.5_n4/run_24,ostream,1996,0,0.0,8026.0,7995,9996.0,2.08,0.0,6.0,8.0,16,1993,1963.0,39980,20128,0.503452,-511.0,-7393,2007.5,1509.46,2998.0,0.0,3497.0,7508,6575,526.8,17,1,4
205,block2,2,0,1,0.5,4,25,/home/fabio/Scrivania/OTel-capabilities-for-mixed-criticality-workloads/2-DoE/block2/t2_p0_s1_r0.5_n4/run_25,ostream,1996,0,0.0,8026.0,8001,9996.0,2.04,0.0,7.0,8.0,11,1966,1963.0,39984,20083,0.502276,-508.0,-6487,2001.0,1506.78,2998.0,0.0,2861.0,6980,7006,516.3,0,0,0
206,block2,2,0,1,0.7,4,1,/home/fabio/Scrivania/OTel-capabilities-for-mixed-criticality-workloads/2-DoE/block2/t2_p0_s1_r0.7_n4/run_01,ostream,1996,0,0.0,8018.0,7990,9996.0,2.08,0.0,7.0,8.0,10,1991,1970.8,39586,21103,0.533093,-524.0,-7652,2020.5,1533.81,2991.0,0.0,4714.8,7610,8269,771.6,0,0,0
207,block2,2,0,1,0.7,4,2,/home/fabio/Scrivania/OTel-capabilities-for-mixed-criticality-workloads/2-DoE/block2/t2_p0_s1_r0.7_n4/run_02,ostream,1996,0,0.0,8026.0,7973,9996.0,2.45,0.0,7.0,11.0,14,2009,1963.4,39959,20162,0.504567,-513,-6993,2010,1508.41,2998.0,0,3497.0,6536,7259,535.5,17,1,4
208,block2,2,0,1,0.7,4,3,/home/fabio/Scrivania/OTel-capabilities-for-mixed-criticality-workloads/2-DoE/block2/t2_p0_s1_r0.7_n4/run_03,ostream,1996,0,0.0,8026.0,7997,9996.0,2.05,0.0,7.0,8.0,10,1965,1963.0,39988,20048,0.50135,-513.0,-6642,2011.5,1503.2,2998.0,0.0,2530.0,7143,7013,505.9,17,1,4
209,block2,2,0,1,0.7,4,4,/home/fabio/Scrivania/OTel-capabilities-for-mixed-criticality-workloads/2-DoE/block2/t2_p0_s1_r0.7_n4/run_04,ostream,1996,0,0.0,8026.0,7986,9996.0,2.09,0.0,6.0,8.0,13,1996,1963.0,39984,20063,0.501776,-511.5,-7530,2011.0,1505.17,2998.0,0.0,2626.2,6631,6993,509.5,17,1,4
210,block2,2,0,1,0.7,4,5,/home/fabio/Scrivania/OTel-capabilities-for-mixed-criticality-workloads/2-DoE/block2/t2_p0_s1_r0.7_n4/run_05,ostream,1996,0,0.0,8026.0,7997,9996.0,2.12,0.0,6.0,8.0,8,1965,1963.0,39984,20031,0.500975,-505.5,-6550,2002.0,1504.72,2998.0,0.0,2543.0,6517,6578,503.7,17,1,4
211,block2,2,0,1,0.7,4,6,/home/fabio/Scrivania/OTel-capabilities-for-mixed-criticality-workloads/2-DoE/block2/t2_p0_s1_r0.7_n4/run_06,ostream,1996,0,0.0,8026.0,7996,9996.0,2.07,0.0,6.0,8.0,9,1992,1963.0,39982,20064,0.501826,-513.0,-7531,2005.0,1503.56,2998.0,0.0,2536.0,7503,7958,510.4,17,1,4
212,block2,2,0,1,0.7,4,7,/home/fabio/Scrivania/OTel-capabilities-for-mixed-criticality-workloads/2-DoE/block2/t2_p0_s1_r0.7_n4/run_07,ostream,1996,0,0.0,8026.0,7992,9996.0,2.33,0.0,6.0,8.0,37,1993,1963.2,39986,20052,0.501476,-494.5,-7526,2000.0,1503.57,2998.0,0.0,2546.0,7500,7041,511.5,17,1,4
213,block2,2,0,1,0.7,4,8,/home/fabio/Scrivania/OTel-capabilities-for-mixed-criticality-workloads/2-DoE/block2/t2_p0_s1_r0.7_n4/run_08,ostream,1996,0,0.0,8026.0,8002,9996.0,1.99,0.0,7.0,8.0,9,1966,1963.0,39987,20047,0.501338,-508,-6965,1999,1508.9,2998.0,0,3497.0,7466,6453,506.6,0,0,0
214,block2,2,0,1,0.7,4,9,/home/fabio/Scrivania/OTel-capabilities-for-mixed-criticality-workloads/2-DoE/block2/t2_p0_s1_r0.7_n4/run_09,ostream,1996,0,0.0,8026.0,7999,9996.0,2.01,0.0,6.0,8.0,9,1964,1963.0,39985,20070,0.501938,-504,-7506,2000,1510.79,2998.0,0,3474.2,7500,8223,515.7,0,0,0
215,block2,2,0,1,0.7,4,10,/home/fabio/Scrivania/OTel-capabilities-for-mixed-criticality-workloads/2-DoE/block2/t2_p0_s1_r0.7_n4/run_10,ostream,1996,0,0.0,8026.0,7983,9996.0,2.73,0.0,7.0,8.0,35,1998,1963.2,39986,20085,0.502301,-513.0,-6684,2006.0,1504.37,2997.0,0.0,2625.0,7185,6511,514.7,17,1,4
216,block2,2,0,1,0.7,4,11,/home/fabio/Scrivania/OTel-capabilities-for-mixed-criticality-workloads/2-DoE/block2/t2_p0_s1_r0.7_n4/run_11,ostream,1996,0,0.0,8026.0,8001,9996.0,2.03,0.0,6.0,8.0,9,1971,1963.0,39988,20023,0.500725,-502.0,-7532,2000.5,1503.98,2998.0,0.0,2532.0,7533,7959,501.8,0,0,0
217,block2,2,0,1,0.7,4,12,/home/fabio/Scrivania/OTel-capabilities-for-mixed-criticality-workloads/2-DoE/block2/t2_p0_s1_r0.7_n4/run_12,ostream,1996,0,0.0,8026.0,7998,9996.0,2.09,0.0,6.0,8.0,18,1966,1963.0,39981,20108,0.502939,-514,-7028,2003,1518.94,2998.0,0,3498.0,7529,7082,517.4,17,1,4
218,block2,2,0,1,0.7,4,13,/home/fabio/Scrivania/OTel-capabilities-for-mixed-criticality-workloads/2-DoE/block2/t2_p0_s1_r0.7_n4/run_13,ostream,1996,0,0.0,8026.0,7982,9996.0,2.09,0.0,7.0,8.0,16,1993,1963.1,39971,20231,0.506142,-513,-7535,2009,1512.49,2998.0,0,3525.3,7518,6543,552.9,17,1,4
219,block2,2,0,1,0.7,4,14,/home/fabio/Scrivania/OTel-capabilities-for-mixed-criticality-workloads/2-DoE/block2/t2_p0_s1_r0.7_n4/run_14,ostream,1996,0,0.0,8026.0,8002,9996.0,1.98,0.0,6.0,7.0,11,1965,1963.0,39981,20085,0.502364,-510,-7455,2006,1505.76,2998.0,0,2904.4,7301,6506,517.8,0,0,0
220,block2,2,0,1,0.7,4,15,/home/fabio/Scrivania/OTel-capabilities-for-mixed-criticality-workloads/2-DoE/block2/t2_p0_s1_r0.7_n4/run_15,ostream,1996,0,0.0,8026.0,7998,9996.0,2.02,0.0,7.0,8.0,9,1966,1963.0,39984,20068,0.501901,-512.0,-6611,2002.5,1505.21,2998.0,0.0,2618.0,7112,6556,510.5,17,1,4
221,block2,2,0,1,0.7,4,16,/home/fabio/Scrivania/OTel-capabilities-for-mixed-criticality-workloads/2-DoE/block2/t2_p0_s1_r0.7_n4/run_16,ostream,1996,0,0.0,8026.0,7999,9996.0,2.08,0.0,6.0,8.0,9,1965,1963.0,39989,20023,0.500713,-513,-7453,2012,1502.02,2998.0,0,2526.0,7517,6533,499.9,17,1,4
222,block2,2,0,1,0.7,4,17,/home/fabio/Scrivania/OTel-capabilities-for-mixed-criticality-workloads/2-DoE/block2/t2_p0_s1_r0.7_n4/run_17,ostream,1996,0,0.0,8026.0,7994,9996.0,2.02,0.0,6.0,8.0,10,1991,1963.0,39985,20099,0.502663,-512,-7040,2005,1506.96,2998.0,0,3012.0,7539,6518,517.6,17,1,4
223,block2,2,0,1,0.7,4,18,/home/fabio/Scrivania/OTel-capabilities-for-mixed-criticality-workloads/2-DoE/block2/t2_p0_s1_r0.7_n4/run_18,ostream,1996,0,0.0,8026.0,8000,9996.0,1.94,0.0,6.0,7.0,9,1969,1963.0,39980,20119,0.503227,-512.0,-7429,2008.0,1506.93,2998.0,0.0,3039.4,7497,8062,525.4,17,1,4
224,block2,2,0,1,0.7,4,19,/home/fabio/Scrivania/OTel-capabilities-for-mixed-criticality-workloads/2-DoE/block2/t2_p0_s1_r0.7_n4/run_19,ostream,1996,0,0.0,8026.0,7995,9996.0,2.19,0.0,6.0,8.0,10,1992,1963.1,39985,20080,0.502188,-514,-6516,2014,1505.26,2998.0,0,2631.3,7017,7081,515.0,17,1,4
225,block2,2,0,1,0.7,4,20,/home/fabio/Scrivania/OTel-capabilities-for-mixed-criticality-workloads/2-DoE/block2/t2_p0_s1_r0.7_n4/run_20,ostream,1996,0,0.0,8026.0,7990,9996.0,2.0,0.0,7.0,7.0,13,1997,1963.2,39979,20133,0.503589,-514,-7471,2026,1507.8,2998.0,0,3496.0,7147,7004,528.2,0,0,0
226,block2,2,0,1,0.7,4,21,/home/fabio/Scrivania/OTel-capabilities-for-mixed-criticality-workloads/2-DoE/block2/t2_p0_s1_r0.7_n4/run_21,ostream,1996,0,0.0,8026.0,7991,9996.0,2.01,0.0,6.0,8.0,10,1998,1963.1,39973,20162,0.50439,-513,-7506,2007,1510.18,2998.0,0,3499.3,6999,7007,536.8,17,1,4
227,block2,2,0,1,0.7,4,22,/home/fabio/Scrivania/OTel-capabilities-for-mixed-criticality-workloads/2-DoE/block2/t2_p0_s1_r0.7_n4/run_22,ostream,1996,0,0.0,8026.0,8001,9996.0,2.02,0.0,6.0,7.0,9,1965,1963.0,39981,20058,0.501688,-508,-7994,2002,1506.3,2998.0,0,2897.2,6861,6981,512.9,17,1,4
228,block2,2,0,1,0.7,4,23,/home/fabio/Scrivania/OTel-capabilities-for-mixed-criticality-workloads/2-DoE/block2/t2_p0_s1_r0.7_n4/run_23,ostream,1996,0,0.0,8026.0,7994,9996.0,1.98,0.0,6.0,8.0,10,1992,1963.1,39981,20058,0.501688,-512,-7671,2003,1505.86,2998.0,0,2751.8,7048,6995,513.8,17,1,4
229,block2,2,0,1,0.7,4,24,/home/fabio/Scrivania/OTel-capabilities-for-mixed-criticality-workloads/2-DoE/block2/t2_p0_s1_r0.7_n4/run_24,ostream,1996,0,0.0,8026.0,7994,9996.0,2.18,0.0,6.0,8.0,35,1993,1963.2,39971,20233,0.506192,-508,-7991,2006,1515.93,2998.0,0,3628.0,7544,6519,557.4,17,1,4
230,block2,2,0,1,0.7,4,25,/home/fabio/Scrivania/OTel-capabilities-for-mixed-criticality-workloads/2-DoE/block2/t2_p0_s1_r0.7_n4/run_25,ostream,1996,0,0.0,8026.0,7981,9996.0,2.03,0.0,6.0,8.0,9,1993,1963.2,39987,20038,0.501113,-509,-6992,2001,1504.29,2998.0,0,2547.0,7497,6009,502.6,17,1,4
231,block3,0,0,0,0.0,0,1,/home/fabio/Scrivania/OTel-capabilities-for-mixed-criticality-workloads/2-DoE/block3/t0_p0_s0_r0.0_n0/run_01,zipkin,1999,0,0.0,8010,7940,9996,3.87,0.0,7,13.0,18,2025,1979.6,,,,,,,,,,,,,,0,0,0
232,block3,0,0,0,0.0,0,2,/home/fabio/Scrivania/OTel-capabilities-for-mixed-criticality-workloads/2-DoE/block3/t0_p0_s0_r0.0_n0/run_02,zipkin,1999,0,0.0,8010,7927,9996,5.73,0.0,7,12.0,61,2044,1980.0,,,,,,,,,,,,,,0,0,0
233,block3,0,0,0,0.0,0,3,/home/fabio/Scrivania/OTel-capabilities-for-mixed-criticality-workloads/2-DoE/block3/t0_p0_s0_r0.0_n0/run_03,zipkin,1999,0,0.0,8010,7973,9996,2.8,0.0,7,9.0,27,1985,1979.0,,,,,,,,,,,,,,0,0,0
234,block3,0,0,0,0.0,0,4,/home/fabio/Scrivania/OTel-capabilities-for-mixed-criticality-workloads/2-DoE/block3/t0_p0_s0_r0.0_n0/run_04,zipkin,1999,0,0.0,7934,7898,9983,14.64,2.0,27,48.0,59,2034,2012.0,,,,,,,,,,,,,,0,0,0
235,block3,0,0,0,0.0,0,5,/home/fabio/Scrivania/OTel-capabilities-for-mixed-criticality-workloads/2-DoE/block3/t0_p0_s0_r0.0_n0/run_05,zipkin,1999,0,0.0,8010,7963,9996,2.61,0.0,7,9.0,10,2026,1979.3,,,,,,,,,,,,,,0,0,0
236,block3,0,0,0,0.0,0,6,/home/fabio/Scrivania/OTel-capabilities-for-mixed-criticality-workloads/2-DoE/block3/t0_p0_s0_r0.0_n0/run_06,zipkin,1999,0,0.0,7976,7944,9996,8.7,3.0,41,46.0,50,2013,1979.2,,,,,,,,,,,,,,0,0,0
237,block3,0,0,0,0.0,0,7,/home/fabio/Scrivania/OTel-capabilities-for-mixed-criticality-workloads/2-DoE/block3/t0_p0_s0_r0.0_n0/run_07,zipkin,1999,0,0.0,7933,7901,9983,14.47,1.0,28,44.0,54,2030,2013.7,,,,,,,,,,,,,,0,0,0
238,block3,0,0,0,0.0,0,8,/home/fabio/Scrivania/OTel-capabilities-for-mixed-criticality-workloads/2-DoE/block3/t0_p0_s0_r0.0_n0/run_08,zipkin,1999,0,0.0,8010,7933,9996,3.54,0.0,7,9.0,29,2022,1979.1,,,,,,,,,,,,,,0,0,0
239,block3,0,0,0,0.0,0,9,/home/fabio/Scrivania/OTel-capabilities-for-mixed-criticality-workloads/2-DoE/block3/t0_p0_s0_r0.0_n0/run_09,zipkin,1999,0,0.0,8010,7974,9996,2.62,0.0,7,9.0,11,2010,1979.4,,,,,,,,,,,,,,0,0,0
240,block3,0,0,0,0.0,0,10,/home/fabio/Scrivania/OTel-capabilities-for-mixed-criticality-workloads/2-DoE/block3/t0_p0_s0_r0.0_n0/run_10,zipkin,1999,0,0.0,8010,7980,9996,2.51,0.0,7,8.0,11,1982,1979.0,,,,,,,,,,,,,,0,0,0
241,block3,0,0,0,0.0,0,11,/home/fabio/Scrivania/OTel-capabilities-for-mixed-criticality-workloads/2-DoE/block3/t0_p0_s0_r0.0_n0/run_11,zipkin,1999,0,0.0,7997,7954,9996,4.83,4.0,19,26.0,45,2010,1979.3,,,,,,,,,,,,,,0,0,0
242,block3,0,0,0,0.0,0,12,/home/fabio/Scrivania/OTel-capabilities-for-mixed-criticality-workloads/2-DoE/block3/t0_p0_s0_r0.0_n0/run_12,zipkin,1999,0,0.0,7934,7905,9983,12.14,1.0,28,33.0,48,2029,2017.1,,,,,,,,,,,,,,0,0,0
243,block3,0,0,0,0.0,0,13,/home/fabio/Scrivania/OTel-capabilities-for-mixed-criticality-workloads/2-DoE/block3/t0_p0_s0_r0.0_n0/run_13,zipkin,1999,0,0.0,7934,7897,9983,12.49,1.0,28,41.0,54,2045,2016.5,,,,,,,,,,,,,,0,0,0
244,block3,0,0,0,0.0,0,14,/home/fabio/Scrivania/OTel-capabilities-for-mixed-criticality-workloads/2-DoE/block3/t0_p0_s0_r0.0_n0/run_14,zipkin,1999,0,0.0,8010,7972,9996,2.53,0.0,7,8.0,10,1981,1979.0,,,,,,,,,,,,,,0,0,0
245,block3,0,0,0,0.0,0,15,/home/fabio/Scrivania/OTel-capabilities-for-mixed-criticality-workloads/2-DoE/block3/t0_p0_s0_r0.0_n0/run_15,zipkin,1999,0,0.0,7951,7921,9983,20.46,15.0,29,47.0,90,2044,1995.3,,,,,,,,,,,,,,0,0,0
246,block3,3,0,0,0.0,0,1,/home/fabio/Scrivania/OTel-capabilities-for-mixed-criticality-workloads/2-DoE/block3/t3_p0_s0_r0.0_n0/run_01,zipkin,1998,0,0.0,7925.5,7888,9910.0,14.32,4.0,28.0,32.0,54,1961,1955.1,,,,,,,,,,,,,,0,0,0
247,block3,3,0,0,0.0,0,2,/home/fabio/Scrivania/OTel-capabilities-for-mixed-criticality-workloads/2-DoE/block3/t3_p0_s0_r0.0_n0/run_02,zipkin,1998,0,0.0,7951.0,7824,9936.0,16.28,6.0,29.0,55.0,67,2040,1962.0,,,,,,,,,,,,,,0,0,0
248,block3,3,0,0,0.0,0,3,/home/fabio/Scrivania/OTel-capabilities-for-mixed-criticality-workloads/2-DoE/block3/t3_p0_s0_r0.0_n0/run_03,zipkin,1998,0,0.0,7926.0,7861,9910.0,18.57,7.0,28.0,31.0,57,1989,1955.7,,,,,,,,,,,,,,0,0,0
249,block3,3,0,0,0.0,0,4,/home/fabio/Scrivania/OTel-capabilities-for-mixed-criticality-workloads/2-DoE/block3/t3_p0_s0_r0.0_n0/run_04,zipkin,1998,0,0.0,7925.0,7864,9910.0,15.83,5.0,29.0,32.0,51,1989,1955.9,,,,,,,,,,,,,,0,0,0
250,block3,3,0,0,0.0,0,5,/home/fabio/Scrivania/OTel-capabilities-for-mixed-criticality-workloads/2-DoE/block3/t3_p0_s0_r0.0_n0/run_05,zipkin,1998,0,0.0,7925.0,7862,9910.0,14.65,6.0,29.0,32.0,50,1984,1955.7,,,,,,,,,,,,,,0,0,0
251,block3,3,0,0,0.0,0,6,/home/fabio/Scrivania/OTel-capabilities-for-mixed-criticality-workloads/2-DoE/block3/t3_p0_s0_r0.0_n0/run_06,zipkin,1998,0,0.0,7925.0,7861,9910.0,15.74,6.0,29.0,32.0,55,1986,1953.3,,,,,,,,,,,,,,0,0,0
252,block3,3,0,0,0.0,0,7,/home/fabio/Scrivania/OTel-capabilities-for-mixed-criticality-workloads/2-DoE/block3/t3_p0_s0_r0.0_n0/run_07,zipkin,2000,0,0.0,7925.0,7862,9910.0,16.48,5.0,28.0,32.0,51,1985,1955.2,,,,,,,,,,,,,,0,0,0
253,block3,3,0,0,0.0,0,8,/home/fabio/Scrivania/OTel-capabilities-for-mixed-criticality-workloads/2-DoE/block3/t3_p0_s0_r0.0_n0/run_08,zipkin,1998,0,0.0,7925.0,7888,9910.0,16.3,6.0,28.0,32.0,58,1986,1955.2,,,,,,,,,,,,,,0,0,0
254,block3,3,0,0,0.0,0,9,/home/fabio/Scrivania/OTel-capabilities-for-mixed-criticality-workloads/2-DoE/block3/t3_p0_s0_r0.0_n0/run_09,zipkin,1998,0,0.0,7925.0,7869,9910.0,15.95,5.0,29.0,36.0,58,2001,1955.3,,,,,,,,,,,,,,0,0,0
255,block3,3,0,0,0.0,0,10,/home/fabio/Scrivania/OTel-capabilities-for-mixed-criticality-workloads/2-DoE/block3/t3_p0_s0_r0.0_n0/run_10,zipkin,1998,0,0.0,7925.0,7864,9910.0,16.4,5.0,28.0,32.0,55,1986,1955.3,,,,,,,,,,,,,,0,0,0
256,block3,3,0,0,0.0,0,11,/home/fabio/Scrivania/OTel-capabilities-for-mixed-criticality-workloads/2-DoE/block3/t3_p0_s0_r0.0_n0/run_11,zipkin,1998,0,0.0,7925.0,7869,9910.0,16.97,7.0,29.0,32.0,51,1987,1953.8,,,,,,,,,,,,,,0,0,0
257,block3,3,0,0,0.0,0,12,/home/fabio/Scrivania/OTel-capabilities-for-mixed-criticality-workloads/2-DoE/block3/t3_p0_s0_r0.0_n0/run_12,zipkin,1998,0,0.0,7925.0,7869,9910.0,16.06,6.0,28.0,31.0,51,1987,1955.8,,,,,,,,,,,,,,0,0,0
258,block3,3,0,0,0.0,0,13,/home/fabio/Scrivania/OTel-capabilities-for-mixed-criticality-workloads/2-DoE/block3/t3_p0_s0_r0.0_n0/run_13,zipkin,1998,0,0.0,7926.0,7864,9910.0,17.26,6.0,28.0,32.0,59,1991,1953.4,,,,,,,,,,,,,,0,0,0
259,block3,3,0,0,0.0,0,14,/home/fabio/Scrivania/OTel-capabilities-for-mixed-criticality-workloads/2-DoE/block3/t3_p0_s0_r0.0_n0/run_14,zipkin,1998,0,0.0,7926.0,7865,9910.0,15.99,5.75,28.0,31.0,51,1988,1953.4,,,,,,,,,,,,,,0,0,0
260,block3,3,0,0,0.0,0,15,/home/fabio/Scrivania/OTel-capabilities-for-mixed-criticality-workloads/2-DoE/block3/t3_p0_s0_r0.0_n0/run_15,zipkin,1998,0,0.0,7926.0,7868,9910.0,16.15,5.0,28.0,32.0,44,2015,1953.5,,,,,,,,,,,,,,0,0,0
261,block3,3,1,0,0.0,0,1,/home/fabio/Scrivania/OTel-capabilities-for-mixed-criticality-workloads/2-DoE/block3/t3_p1_s0_r0.0_n0/run_01,zipkin,1999,0,0.0,7594,7560,9592,14.4,4.0,34,38.0,53,1991,1963.1,,,,,,,,,,,,,,0,0,0
262,block3,3,1,0,0.0,0,2,/home/fabio/Scrivania/OTel-capabilities-for-mixed-criticality-workloads/2-DoE/block3/t3_p1_s0_r0.0_n0/run_02,zipkin,1998,0,0.0,7593.0,7372,9591.0,40.96,35.0,34.0,56.0,88,2008,1965.5,,,,,,,,,,,,,,0,0,0
263,block3,3,1,0,0.0,0,3,/home/fabio/Scrivania/OTel-capabilities-for-mixed-criticality-workloads/2-DoE/block3/t3_p1_s0_r0.0_n0/run_03,zipkin,2000,0,0.0,7593.0,7397,9591.0,39.92,24.0,34.0,53.0,61,2011,1966.3,,,,,,,,,,,,,,0,0,0
264,block3,3,1,0,0.0,0,4,/home/fabio/Scrivania/OTel-capabilities-for-mixed-criticality-workloads/2-DoE/block3/t3_p1_s0_r0.0_n0/run_04,zipkin,2000,0,0.0,7593.0,7406,9592.0,27.45,5.0,34.0,44.0,62,2009,1964.4,,,,,,,,,,,,,,0,0,0
265,block3,3,1,0,0.0,0,5,/home/fabio/Scrivania/OTel-capabilities-for-mixed-criticality-workloads/2-DoE/block3/t3_p1_s0_r0.0_n0/run_05,zipkin,2000,0,0.0,7592.0,7561,9590.0,12.11,4.0,33.0,36.0,51,1979,1963.0,,,,,,,,,,,,,,0,0,0
266,block3,3,1,0,0.0,0,6,/home/fabio/Scrivania/OTel-capabilities-for-mixed-criticality-workloads/2-DoE/block3/t3_p1_s0_r0.0_n0/run_06,zipkin,1999,0,0.0,7593,7565,9591,14.22,4.0,33,36.0,54,1992,1963.2,,,,,,,,,,,,,,0,0,0
267,block3,3,1,0,0.0,0,7,/home/fabio/Scrivania/OTel-capabilities-for-mixed-criticality-workloads/2-DoE/block3/t3_p1_s0_r0.0_n0/run_07,zipkin,1999,0,0.0,7595,7455,9593,24.25,5.0,33,39.0,57,2035,1964.0,,,,,,,,,,,,,,0,0,0
268,block3,3,1,0,0.0,0,8,/home/fabio/Scrivania/OTel-capabilities-for-mixed-criticality-workloads/2-DoE/block3/t3_p1_s0_r0.0_n0/run_08,zipkin,2000,0,0.0,7592.0,7449,9590.0,24.64,5.0,33.0,37.0,62,1997,1963.7,,,,,,,,,,,,,,0,0,0
269,block3,3,1,0,0.0,0,9,/home/fabio/Scrivania/OTel-capabilities-for-mixed-criticality-workloads/2-DoE/block3/t3_p1_s0_r0.0_n0/run_09,zipkin,1999,0,0.0,7592,7559,9591,16.97,5.0,34,39.0,69,1992,1963.1,,,,,,,,,,,,,,0,0,0
270,block3,3,1,0,0.0,0,10,/home/fabio/Scrivania/OTel-capabilities-for-mixed-criticality-workloads/2-DoE/block3/t3_p1_s0_r0.0_n0/run_10,zipkin,2000,0,0.0,7593.0,7427,9591.0,15.3,4.0,33.0,37.0,53,1994,1964.3,,,,,,,,,,,,,,0,0,0
271,block3,3,1,0,0.0,0,11,/home/fabio/Scrivania/OTel-capabilities-for-mixed-criticality-workloads/2-DoE/block3/t3_p1_s0_r0.0_n0/run_11,zipkin,1999,0,0.0,7593,7560,9591,16.93,4.0,33,37.0,58,1963,1963,,,,,,,,,,,,,,0,0,0
272,block3,3,1,0,0.0,0,12,/home/fabio/Scrivania/OTel-capabilities-for-mixed-criticality-workloads/2-DoE/block3/t3_p1_s0_r0.0_n0/run_12,zipkin,2000,0,0.0,7592.0,7552,9592.0,15.29,5.0,34.0,36.0,52,2008,1966.4,,,,,,,,,,,,,,0,0,0
273,block3,3,1,0,0.0,0,13,/home/fabio/Scrivania/OTel-capabilities-for-mixed-criticality-workloads/2-DoE/block3/t3_p1_s0_r0.0_n0/run_13,zipkin,1999,0,0.0,7592,7496,9590,13.41,4.0,34,37.0,59,1987,1963.4,,,,,,,,,,,,,,0,0,0
274,block3,3,1,0,0.0,0,14,/home/fabio/Scrivania/OTel-capabilities-for-mixed-criticality-workloads/2-DoE/block3/t3_p1_s0_r0.0_n0/run_14,zipkin,2000,0,0.0,7593.0,7553,9592.0,13.73,4.0,34.0,36.0,52,2004,1963.8,,,,,,,,,,,,,,0,0,0
275,block3,3,1,0,0.0,0,15,/home/fabio/Scrivania/OTel-capabilities-for-mixed-criticality-workloads/2-DoE/block3/t3_p1_s0_r0.0_n0/run_15,zipkin,2000,0,0.0,7594.0,7563,9593.0,12.56,4.0,34.0,37.0,53,1979,1963.0,,,,,,,,,,,,,,0,0,0
276,block3,0,0,0,0.0,1,1,/home/fabio/Scrivania/OTel-capabilities-for-mixed-criticality-workloads/2-DoE/block3/t0_p0_s0_r0.0_n1/run_01,zipkin,1998,0,0.0,8010.0,7917,9996.0,5.83,0.0,7.0,9.0,56,2008,1979.2,19999,0,0.0,363,336,984,22.48,13.0,95,104.0,140,552,513.5,0,0,0
277,block3,0,0,0,0.0,1,2,/home/fabio/Scrivania/OTel-capabilities-for-mixed-criticality-workloads/2-DoE/block3/t0_p0_s0_r0.0_n1/run_02,zipkin,1998,0,0.0,7993.0,7864,9996.0,9.38,6.0,23.0,30.0,38,2091,1981.8,19999,0,0.0,363,207,988,27.21,14.0,100,126.0,250,549,505.5,0,0,0
278,block3,0,0,0,0.0,1,3,/home/fabio/Scrivania/OTel-capabilities-for-mixed-criticality-workloads/2-DoE/block3/t0_p0_s0_r0.0_n1/run_03,zipkin,1998,0,0.0,7932.0,7873,9983.0,14.46,2.0,28.0,37.0,58,2071,2016.6,19999,0,0.0,361,316,984,22.31,25.0,104,114.0,157,536,507.6,0,0,0
279,block3,0,0,0,0.0,1,4,/home/fabio/Scrivania/OTel-capabilities-for-mixed-criticality-workloads/2-DoE/block3/t0_p0_s0_r0.0_n1/run_04,zipkin,1998,0,0.0,7962.0,7937,9991.0,22.2,21.0,36.0,58.0,59,2029,1981.5,19999,0,0.0,363,301,984,22.25,13.0,95,103.0,137,537,513.7,0,0,0
280,block3,0,0,0,0.0,1,5,/home/fabio/Scrivania/OTel-capabilities-for-mixed-criticality-workloads/2-DoE/block3/t0_p0_s0_r0.0_n1/run_05,zipkin,1998,0,0.0,8010.0,7947,9996.0,10.3,0.0,7.0,50.0,50,2031,1980.4,19999,0,0.0,363,326,985,22.43,13.0,96,105.0,138,549,513.4,0,0,0
281,block3,0,0,0,0.0,1,6,/home/fabio/Scrivania/OTel-capabilities-for-mixed-criticality-workloads/2-DoE/block3/t0_p0_s0_r0.0_n1/run_06,zipkin,1998,0,0.0,8010.0,7933,9996.0,6.75,0.0,7.0,27.0,33,2022,1979.8,19999,0,0.0,380,337,975,27.44,27.0,95,124.0,142,540,496.3,0,0,0
282,block3,0,0,0,0.0,1,7,/home/fabio/Scrivania/OTel-capabilities-for-mixed-criticality-workloads/2-DoE/block3/t0_p0_s0_r0.0_n1/run_07,zipkin,1998,0,0.0,8010.0,7916,9996.0,7.18,0.0,7.0,27.0,27,2032,1980.0,19999,0,0.0,381,307,985,29.76,26.0,98,132.0,140,532,495.7,0,0,0
283,block3,0,0,0,0.0,1,8,/home/fabio/Scrivania/OTel-capabilities-for-mixed-criticality-workloads/2-DoE/block3/t0_p0_s0_r0.0_n1/run_08,zipkin,1998,0,0.0,8010.0,7947,9996.0,9.15,0.0,7.0,35.0,56,2011,1979.1,19999,0,0.0,363,300,984,22.41,13.0,95,104.0,137,553,513.5,0,0,0
284,block3,0,0,0,0.0,1,9,/home/fabio/Scrivania/OTel-capabilities-for-mixed-criticality-workloads/2-DoE/block3/t0_p0_s0_r0.0_n1/run_09,zipkin,1998,0,0.0,8010.0,7964,9996.0,2.41,0.0,7.0,9.0,19,2011,1979.4,19999,0,0.0,361,334,984,24.52,14.0,104,114.0,143,545,508.7,0,0,0
285,block3,0,0,0,0.0,1,10,/home/fabio/Scrivania/OTel-capabilities-for-mixed-criticality-workloads/2-DoE/block3/t0_p0_s0_r0.0_n1/run_10,zipkin,1998,0,0.0,7938.0,7912,9984.0,17.58,8.0,43.0,57.0,59,2031,1994.0,19999,0,0.0,363,300,984,22.46,13.0,95,113.0,142,551,513.4,0,0,0
286,block3,0,0,0,0.0,1,11,/home/fabio/Scrivania/OTel-capabilities-for-mixed-criticality-workloads/2-DoE/block3/t0_p0_s0_r0.0_n1/run_11,zipkin,1998,0,0.0,7950.0,7917,9983.0,10.53,1.0,28.0,40.0,58,2034,2002.9,19999,0,0.0,361,335,984,24.43,14.0,104,113.0,140,541,509.1,0,0,0
287,block3,0,0,0,0.0,1,12,/home/fabio/Scrivania/OTel-capabilities-for-mixed-criticality-workloads/2-DoE/block3/t0_p0_s0_r0.0_n1/run_12,zipkin,1998,0,0.0,7939.0,7910,9984.0,19.59,10.0,42.0,58.0,59,2038,1993.5,19999,0,0.0,363,325,984,22.31,13.0,96,103.0,140,535,513.3,0,0,0
288,block3,0,0,0,0.0,1,13,/home/fabio/Scrivania/OTel-capabilities-for-mixed-criticality-workloads/2-DoE/block3/t0_p0_s0_r0.0_n1/run_13,zipkin,1998,0,0.0,8010.0,7920,9996.0,3.98,0.0,7.0,8.0,31,2007,1979.1,19998,1,5e-05,361.0,-402,984.0,25.65,5.75,104.0,113.0,142,542,511.0,0,0,0
289,block3,0,0,0,0.0,1,14,/home/fabio/Scrivania/OTel-capabilities-for-mixed-criticality-workloads/2-DoE/block3/t0_p0_s0_r0.0_n1/run_14,zipkin,1998,0,0.0,7931.0,7902,9983.0,11.23,1.0,28.0,32.0,50,2032,2019.9,19999,0,0.0,361,320,984,25.04,11.0,104,113.0,145,530,508.3,0,0,0
290,block3,0,0,0,0.0,1,15,/home/fabio/Scrivania/OTel-capabilities-for-mixed-criticality-workloads/2-DoE/block3/t0_p0_s0_r0.0_n1/run_15,zipkin,1998,0,0.0,8010.0,7930,9996.0,8.15,0.0,7.0,33.1,57,2025,1979.6,19999,0,0.0,375,342,992,32.34,24.0,106,136.0,142,531,495.5,0,0,0
291,block3,3,0,0,0.0,1,1,/home/fabio/Scrivania/OTel-capabilities-for-mixed-criticality-workloads/2-DoE/block3/t3_p0_s0_r0.0_n1/run_01,zipkin,1998,0,0.0,8003.0,7969,9965.0,4.9,1.0,7.0,13.0,26,1984,1917.0,19997,3,0.00015,348,-600,939,30.93,29.0,101,135.0,159,518,489.0,0,0,0
292,block3,3,0,0,0.0,1,2,/home/fabio/Scrivania/OTel-capabilities-for-mixed-criticality-workloads/2-DoE/block3/t3_p0_s0_r0.0_n1/run_02,zipkin,1997,0,0.0,8002,7903,9965,12.23,2.0,7,46.0,57,1998,1955.6,19997,3,0.00015,379,-490,965,24.86,9.0,98,118.0,192,524,489.1,0,0,0
293,block3,3,0,0,0.0,1,3,/home/fabio/Scrivania/OTel-capabilities-for-mixed-criticality-workloads/2-DoE/block3/t3_p0_s0_r0.0_n1/run_03,zipkin,1998,0,0.0,8002.0,7318,9965.0,16.04,2.0,7.0,13.0,21,1989,1917.3,19997,3,0.00015,362,-610,965,29.27,15.0,113,127.0,154,518,489.0,0,0,0
294,block3,3,0,0,0.0,1,4,/home/fabio/Scrivania/OTel-capabilities-for-mixed-criticality-workloads/2-DoE/block3/t3_p0_s0_r0.0_n1/run_04,zipkin,1998,0,0.0,8002.0,7929,9965.0,4.53,1.0,7.0,12.0,19,2027,1963.2,19999,3,0.00015,330,-435,936,31.9,32.0,111,121.0,150,528,492.8,0,0,0
295,block3,3,0,0,0.0,1,5,/home/fabio/Scrivania/OTel-capabilities-for-mixed-criticality-workloads/2-DoE/block3/t3_p0_s0_r0.0_n1/run_05,zipkin,1998,0,0.0,8003.0,7965,9965.0,5.28,2.0,7.0,13.0,35,1985,1955.2,19999,5,0.00025,335,-443,934,33.45,38.0,100,119.0,141,519,489.0,0,0,0
296,block3,3,0,0,0.0,1,6,/home/fabio/Scrivania/OTel-capabilities-for-mixed-criticality-workloads/2-DoE/block3/t3_p0_s0_r0.0_n1/run_06,zipkin,1998,0,0.0,8003.0,7968,9966.0,5.7,1.0,7.0,26.0,27,1959,1916.6,19997,5,0.00025,333,-489,934,33.67,30.0,111,123.0,151,524,489.0,0,0,0
297,block3,3,0,0,0.0,1,7,/home/fabio/Scrivania/OTel-capabilities-for-mixed-criticality-workloads/2-DoE/block3/t3_p0_s0_r0.0_n1/run_07,zipkin,1998,0,0.0,8003.0,7936,9966.0,4.6,1.0,7.0,12.0,26,2011,1955.7,19999,5,0.00025,333,-540,935,32.69,31.0,110,120.0,144,519,489.0,0,0,0
298,block3,3,0,0,0.0,1,8,/home/fabio/Scrivania/OTel-capabilities-for-mixed-criticality-workloads/2-DoE/block3/t3_p0_s0_r0.0_n1/run_08,zipkin,1998,0,0.0,8002.0,7971,9965.0,4.36,2.0,7.0,12.0,13,1958,1955.0,19978,1,5e-05,372.0,-416,965.0,28.25,33.0,104.0,119.0,143,518,489.0,0,0,0
299,block3,3,0,0,0.0,1,9,/home/fabio/Scrivania/OTel-capabilities-for-mixed-criticality-workloads/2-DoE/block3/t3_p0_s0_r0.0_n1/run_09,zipkin,1998,0,0.0,8003.0,7857,9966.0,5.85,1.0,7.0,13.0,26,1986,1917.1,19997,3,0.00015,333,-517,934,32.83,30.0,111,121.0,146,520,489.0,0,0,0
300,block3,3,0,0,0.0,1,10,/home/fabio/Scrivania/OTel-capabilities-for-mixed-criticality-workloads/2-DoE/block3/t3_p0_s0_r0.0_n1/run_10,zipkin,1998,0,0.0,7936.0,7885,9921.0,25.64,54.0,29.0,41.0,46,1991,1919.2,19980,3,0.00015,338.0,-581,936.0,32.79,32.0,110.0,126.0,144,519,489.0,0,0,0
301,block3,3,0,0,0.0,1,11,/home/fabio/Scrivania/OTel-capabilities-for-mixed-criticality-workloads/2-DoE/block3/t3_p0_s0_r0.0_n1/run_11,zipkin,1998,0,0.0,8002.0,7886,9964.0,29.01,56.0,9.0,39.0,57,1957,1918.4,19979,4,0.0002,410,-525,964,28.13,32.0,65,119.0,145,518,489.0,0,0,0
302,block3,3,0,0,0.0,1,12,/home/fabio/Scrivania/OTel-capabilities-for-mixed-criticality-workloads/2-DoE/block3/t3_p0_s0_r0.0_n1/run_12,zipkin,1998,0,0.0,8002.0,7962,9966.0,4.58,1.0,7.0,12.0,21,1984,1955.1,19978,1,5e-05,333.0,-372,936.0,33.54,31.0,112.0,122.0,147,520,489.0,0,0,0
303,block3,3,0,0,0.0,1,13,/home/fabio/Scrivania/OTel-capabilities-for-mixed-criticality-workloads/2-DoE/block3/t3_p0_s0_r0.0_n1/run_13,zipkin,1998,0,0.0,7923.0,7881,9908.0,20.88,3.0,29.0,42.0,57,1958,1918.8,19981,0,0.0,333,3,935,29.95,29.0,111,121.0,144,519,489.1,0,0,0
304,block3,3,0,0,0.0,1,14,/home/fabio/Scrivania/OTel-capabilities-for-mixed-criticality-workloads/2-DoE/block3/t3_p0_s0_r0.0_n1/run_14,zipkin,1998,0,0.0,8003.0,7969,9965.0,4.83,1.0,7.0,13.0,26,1958,1916.9,19997,3,0.00015,334,-547,934,34.95,36.0,105,151.0,226,520,489.1,0,0,0
305,block3,3,0,0,0.0,1,15,/home/fabio/Scrivania/OTel-capabilities-for-mixed-criticality-workloads/2-DoE/block3/t3_p0_s0_r0.0_n1/run_15,zipkin,1998,0,0.0,8003.0,7871,9965.0,18.71,2.0,7.0,43.0,53,1986,1919.1,19981,2,0.0001,415,-421,966,17.35,2.0,62,116.0,143,519,489.1,0,0,0
306,block3,3,1,0,0.0,1,1,/home/fabio/Scrivania/OTel-capabilities-for-mixed-criticality-workloads/2-DoE/block3/t3_p1_s0_r0.0_n1/run_01,zipkin,1997,1,0.000501,7673,-11666,9645,171.91,3.0,8,9.0,12,1992,1964.6,19810,190,0.009591,79.0,-1028,640.0,17.2,3.0,70.0,71.0,85,523,491.3,0,0,0
307,block3,3,1,0,0.0,1,2,/home/fabio/Scrivania/OTel-capabilities-for-mixed-criticality-workloads/2-DoE/block3/t3_p1_s0_r0.0_n1/run_02,zipkin,1996,5,0.002505,7671.0,-10661,9644.0,1406.74,18.0,8.0,14.0,25,2021,1964.8,19514,615,0.031516,79.0,-1149,641.0,30.19,4.0,70.0,74.0,99,537,491.4,0,0,0
308,block3,3,1,0,0.0,1,3,/home/fabio/Scrivania/OTel-capabilities-for-mixed-criticality-workloads/2-DoE/block3/t3_p1_s0_r0.0_n1/run_03,zipkin,1997,7,0.003505,7669,-7600,9643,1843.69,26.0,8,14.0,36,2000,1965.2,19964,200,0.010018,78.0,-1130,640.0,17.79,3.0,70.0,74.0,101,526,491.7,0,0,0
309,block3,3,1,0,0.0,1,4,/home/fabio/Scrivania/OTel-capabilities-for-mixed-criticality-workloads/2-DoE/block3/t3_p1_s0_r0.0_n1/run_04,zipkin,1997,6,0.003005,7672,-2560,9645,1436.86,14.0,8,14.0,19,2004,1964.8,19954,208,0.010424,78.0,-1536,640.0,18.3,3.0,70.0,74.0,100,523,491.4,0,0,0
310,block3,3,1,0,0.0,1,5,/home/fabio/Scrivania/OTel-capabilities-for-mixed-criticality-workloads/2-DoE/block3/t3_p1_s0_r0.0_n1/run_05,zipkin,1997,9,0.004507,7668,-2558,9641,1762.1,20.0,8,14.0,33,2027,1965.2,19979,194,0.00971,76,-1089,638,17.57,4.0,70,74.0,114,523,491.5,0,0,0
311,block3,3,1,0,0.0,1,6,/home/fabio/Scrivania/OTel-capabilities-for-mixed-criticality-workloads/2-DoE/block3/t3_p1_s0_r0.0_n1/run_06,zipkin,1998,1,0.000501,4601.0,-461,6576.0,2127.9,4067.0,8.0,12.0,33,1996,1963.8,19990,54,0.002701,78.0,-1040,640.0,10.34,3.0,69.0,71.0,102,524,491.2,0,0,0
312,block3,3,1,0,0.0,1,7,/home/fabio/Scrivania/OTel-capabilities-for-mixed-criticality-workloads/2-DoE/block3/t3_p1_s0_r0.0_n1/run_07,zipkin,1997,1,0.000501,7673,-11656,9646,171.98,3.0,8,9.0,12,1992,1963.4,19919,81,0.004066,80,-1027,641,11.9,3.0,70,71.0,98,519,491.0,0,0,0
313,block3,3,1,0,0.0,1,8,/home/fabio/Scrivania/OTel-capabilities-for-mixed-criticality-workloads/2-DoE/block3/t3_p1_s0_r0.0_n1/run_08,zipkin,1997,1,0.000501,7673,-10630,9645,171.89,2.0,8,9.0,16,1992,1963.3,19880,120,0.006036,89.0,-1030,644.0,13.99,4.0,63.0,70.0,98,522,491.3,0,0,0
314,block3,3,1,0,0.0,1,9,/home/fabio/Scrivania/OTel-capabilities-for-mixed-criticality-workloads/2-DoE/block3/t3_p1_s0_r0.0_n1/run_09,zipkin,1997,1,0.000501,7677,-10655,9649,171.98,3.0,8,10.0,12,1987,1963.7,19867,133,0.006695,88,-1027,643,14.79,3.0,63,75.0,150,525,491.6,0,0,0
315,block3,3,1,0,0.0,1,10,/home/fabio/Scrivania/OTel-capabilities-for-mixed-criticality-workloads/2-DoE/block3/t3_p1_s0_r0.0_n1/run_10,zipkin,1995,2,0.001003,7673,-14826,9645,243.13,2.0,8,9.0,13,1992,1963.2,19902,88,0.004422,80.0,-11805,642.0,12.48,3.0,70.0,71.0,94,520,491.1,0,0,0
316,block3,3,1,0,0.0,1,11,/home/fabio/Scrivania/OTel-capabilities-for-mixed-criticality-workloads/2-DoE/block3/t3_p1_s0_r0.0_n1/run_11,zipkin,1997,1,0.000501,7672,-10640,9644,171.86,3.0,8,9.0,12,1991,1963.0,19914,86,0.004319,79.0,-1008,640.0,12.12,3.0,70.0,71.0,99,520,491.0,0,0,0
317,block3,3,1,0,0.0,1,12,/home/fabio/Scrivania/OTel-capabilities-for-mixed-criticality-workloads/2-DoE/block3/t3_p1_s0_r0.0_n1/run_12,zipkin,1997,1,0.000501,7673,-9643,9645,172.04,3.0,8,10.0,23,1964,1963.0,19899,101,0.005076,80,-1032,642,13.02,3.0,69,71.0,99,520,491.0,0,0,0
318,block3,3,1,0,0.0,1,13,/home/fabio/Scrivania/OTel-capabilities-for-mixed-criticality-workloads/2-DoE/block3/t3_p1_s0_r0.0_n1/run_13,zipkin,1997,1,0.000501,7671,-10637,9643,171.83,3.0,8,9.0,13,1987,1963.1,18981,1019,0.053685,79,-1029,640,38.81,4.0,69,71.0,96,522,491.1,0,0,0
319,block3,3,1,0,0.0,1,14,/home/fabio/Scrivania/OTel-capabilities-for-mixed-criticality-workloads/2-DoE/block3/t3_p1_s0_r0.0_n1/run_14,zipkin,1997,1,0.000501,7673,-9625,9645,171.92,3.0,8,9.0,12,1991,1963.1,19934,65,0.003261,79.0,-1027,640.0,10.8,3.0,69.0,71.0,72,520,491.0,0,0,0
320,block3,3,1,0,0.0,1,15,/home/fabio/Scrivania/OTel-capabilities-for-mixed-criticality-workloads/2-DoE/block3/t3_p1_s0_r0.0_n1/run_15,zipkin,1996,2,0.001002,7672.0,-11658,9643.0,242.98,3.0,8.0,9.0,11,1980,1963.3,19622,378,0.019264,84.0,-1043,641.0,23.83,4.0,63.0,71.0,85,521,491.1,0,0,0
321,block3,0,0,0,0.0,4,1,/home/fabio/Scrivania/OTel-capabilities-for-mixed-criticality-workloads/2-DoE/block3/t0_p0_s0_r0.0_n4/run_01,zipkin,1997,0,0.0,8010,7985,9996,2.0,0.0,7,8.0,8,1980,1979.0,39529,21023,0.531837,-527,-8644,2029,1538.13,3004.0,0,4995.2,7622,8076,759.9,0,0,0
322,block3,0,0,0,0.0,4,2,/home/fabio/Scrivania/OTel-capabilities-for-mixed-criticality-workloads/2-DoE/block3/t0_p0_s0_r0.0_n4/run_02,zipkin,1997,0,0.0,8010,7962,9996,2.55,0.0,7,12.0,14,2021,1979.6,39430,21051,0.533883,-528.0,-8179,2030.0,1544.16,3003.0,0.0,5058.0,7679,8279,777.5,0,0,0
323,block3,0,0,0,0.0,4,3,/home/fabio/Scrivania/OTel-capabilities-for-mixed-criticality-workloads/2-DoE/block3/t0_p0_s0_r0.0_n4/run_03,zipkin,1997,0,0.0,8010,7979,9996,2.05,0.0,7,8.0,14,2008,1979.0,39457,21046,0.533391,-527,-7651,2029,1539.87,3000.0,0,4993.8,7670,8306,774.7,0,0,0
324,block3,0,0,0,0.0,4,4,/home/fabio/Scrivania/OTel-capabilities-for-mixed-criticality-workloads/2-DoE/block3/t0_p0_s0_r0.0_n4/run_04,zipkin,1997,0,0.0,8010,7982,9996,2.1,0.0,7,8.0,10,1981,1979.0,39516,20982,0.530975,-527.0,-7602,2025.0,1546.92,3011.0,0.0,5012.2,7665,8121,751.0,0,0,0
325,block3,0,0,0,0.0,4,5,/home/fabio/Scrivania/OTel-capabilities-for-mixed-criticality-workloads/2-DoE/block3/t0_p0_s0_r0.0_n4/run_05,zipkin,1997,0,0.0,8010,7982,9996,2.02,0.0,7,8.0,9,1982,1979.0,39438,21000,0.532481,-527.0,-8119,2030.0,1543.18,3011.0,0.0,4722.8,7634,8169,770.7,0,0,0
326,block3,0,0,0,0.0,4,6,/home/fabio/Scrivania/OTel-capabilities-for-mixed-criticality-workloads/2-DoE/block3/t0_p0_s0_r0.0_n4/run_06,zipkin,1997,0,0.0,8010,7983,9996,2.09,0.0,6,8.0,12,1986,1979.0,39433,20999,0.532524,-527,-8111,2029,1543.62,3007.0,0,4967.6,7636,8297,768.8,0,0,0
327,block3,0,0,0,0.0,4,7,/home/fabio/Scrivania/OTel-capabilities-for-mixed-criticality-workloads/2-DoE/block3/t0_p0_s0_r0.0_n4/run_07,zipkin,1997,0,0.0,8010,7978,9996,2.01,0.0,7,8.0,10,2008,1979.1,39422,21019,0.533179,-529.0,-8120,2031.0,1543.8,3007.0,0.0,4916.3,7568,8307,774.1,0,0,0
328,block3,0,0,0,0.0,4,8,/home/fabio/Scrivania/OTel-capabilities-for-mixed-criticality-workloads/2-DoE/block3/t0_p0_s0_r0.0_n4/run_08,zipkin,1997,0,0.0,8010,7977,9996,2.1,0.0,7,8.0,11,2009,1979.1,39438,21131,0.535803,-529.0,-7652,2033.0,1544.34,2997.0,0.0,5080.0,7659,8199,786.9,0,0,0
329,block3,0,0,0,0.0,4,9,/home/fabio/Scrivania/OTel-capabilities-for-mixed-criticality-workloads/2-DoE/block3/t0_p0_s0_r0.0_n4/run_09,zipkin,1997,0,0.0,8010,7986,9996,2.05,0.0,6,8.0,9,1981,1979.0,39447,21026,0.533019,-529,-7656,2032,1542.91,3005.0,0,4976.2,7654,8264,769.5,0,0,0
330,block3,0,0,0,0.0,4,10,/home/fabio/Scrivania/OTel-capabilities-for-mixed-criticality-workloads/2-DoE/block3/t0_p0_s0_r0.0_n4/run_10,zipkin,1997,0,0.0,8010,7980,9996,2.03,0.0,7,8.0,13,2008,1979.1,39524,21068,0.533043,-530.0,-8616,2033.0,1537.45,3005.0,0.0,4708.0,7632,8184,762.5,0,0,0
331,block3,0,0,0,0.0,4,11,/home/fabio/Scrivania/OTel-capabilities-for-mixed-criticality-workloads/2-DoE/block3/t0_p0_s0_r0.0_n4/run_11,zipkin,1997,0,0.0,8010,7976,9996,2.0,0.0,6,8.0,10,2011,1979.0,39462,21019,0.532639,-528.0,-7654,2031.0,1542.73,3005.0,0.0,5018.4,8070,8262,765.1,0,0,0
332,block3,0,0,0,0.0,4,12,/home/fabio/Scrivania/OTel-capabilities-for-mixed-criticality-workloads/2-DoE/block3/t0_p0_s0_r0.0_n4/run_12,zipkin,1997,0,0.0,8010,7983,9996,2.08,0.0,6,8.0,12,1982,1979.0,39480,21043,0.533004,-529.0,-8136,2032.0,1543.03,3005.0,0.0,5041.2,7609,8648,765.1,0,0,0
333,block3,0,0,0,0.0,4,13,/home/fabio/Scrivania/OTel-capabilities-for-mixed-criticality-workloads/2-DoE/block3/t0_p0_s0_r0.0_n4/run_13,zipkin,1997,0,0.0,8010,7986,9996,1.95,0.0,7,8.0,10,1986,1979.0,39463,21104,0.534779,-528,-7643,2034,1544.99,2995.0,0,4972.8,7609,8301,780.5,0,0,0
334,block3,0,0,0,0.0,4,14,/home/fabio/Scrivania/OTel-capabilities-for-mixed-criticality-workloads/2-DoE/block3/t0_p0_s0_r0.0_n4/run_14,zipkin,1997,0,0.0,8010,7987,9996,1.98,0.0,7,8.0,12,1981,1979.0,39459,21001,0.532223,-527,-8573,2028,1547.31,3012.5,0,4837.1,7716,9106,760.5,0,0,0
335,block3,0,0,0,0.0,4,15,/home/fabio/Scrivania/OTel-capabilities-for-mixed-criticality-workloads/2-DoE/block3/t0_p0_s0_r0.0_n4/run_15,zipkin,1997,0,0.0,8010,7987,9996,2.01,0.0,7,8.0,9,1981,1979.0,39447,21103,0.534971,-528,-8641,2031,1539.55,3004.0,0,5052.5,7643,8365,778.8,0,0,0
336,block3,3,0,0,0.0,4,1,/home/fabio/Scrivania/OTel-capabilities-for-mixed-criticality-workloads/2-DoE/block3/t3_p0_s0_r0.0_n4/run_01,zipkin,1996,0,0.0,8001.0,7938,9964.0,5.05,2.0,7.0,12.0,20,1986,1955.8,37505,19593,0.52241,-210,-8699,2094,1454.92,2664.0,0,4870.0,7914,8503,929.5,0,0,0
337,block3,3,0,0,0.0,4,2,/home/fabio/Scrivania/OTel-capabilities-for-mixed-criticality-workloads/2-DoE/block3/t3_p0_s0_r0.0_n4/run_02,zipkin,1996,0,0.0,8000.0,7896,9963.0,7.39,5.0,7.0,16.0,39,2019,1899.4,37290,19479,0.522365,-222.0,-8779,2098.0,1463.18,2676.0,0.0,5004.1,7768,8188,926.3,0,0,0
338,block3,3,0,0,0.0,4,3,/home/fabio/Scrivania/OTel-capabilities-for-mixed-criticality-workloads/2-DoE/block3/t3_p0_s0_r0.0_n4/run_03,zipkin,1996,0,0.0,7974.0,7707,9964.0,8.45,3.0,7.0,13.0,23,2055,1985.0,37468,19670,0.524981,-275.0,-8723,2093.0,1462.96,2668.0,0.0,4895.0,7641,8498,921.7,0,0,0
339,block3,3,0,0,0.0,4,4,/home/fabio/Scrivania/OTel-capabilities-for-mixed-criticality-workloads/2-DoE/block3/t3_p0_s0_r0.0_n4/run_04,zipkin,1996,0,0.0,8002.0,7961,9964.0,5.44,1.0,7.0,13.0,16,1963,1899.2,37546,19709,0.524929,-382.5,-11095,2092.0,1460.32,2667.0,0.0,4878.0,7595,8450,904.4,0,0,0
340,block3,3,0,0,0.0,4,5,/home/fabio/Scrivania/OTel-capabilities-for-mixed-criticality-workloads/2-DoE/block3/t3_p0_s0_r0.0_n4/run_05,zipkin,1996,0,0.0,8002.0,7961,9964.0,5.41,2.0,7.0,13.0,14,1957,1898.9,37535,19581,0.521673,-197,-8632,2092,1461.46,2666.0,0,4881.0,7633,8554,916.7,0,0,0
341,block3,3,0,0,0.0,4,6,/home/fabio/Scrivania/OTel-capabilities-for-mixed-criticality-workloads/2-DoE/block3/t3_p0_s0_r0.0_n4/run_06,zipkin,1996,0,0.0,8002.0,7961,9965.0,4.94,1.0,7.0,12.0,19,1962,1955.3,37497,19562,0.521695,-198,-8616,2094,1471.31,2671.0,0,4900.0,7742,8054,916.0,0,0,0
342,block3,3,0,0,0.0,4,7,/home/fabio/Scrivania/OTel-capabilities-for-mixed-criticality-workloads/2-DoE/block3/t3_p0_s0_r0.0_n4/run_07,zipkin,1996,0,0.0,8002.0,7968,9964.0,5.41,1.0,7.0,13.0,15,1985,1898.8,37536,19602,0.522219,-231.5,-8744,2093.0,1459.09,2665.0,0.0,4923.9,8556,8469,918.1,0,0,0
343,block3,3,0,0,0.0,4,8,/home/fabio/Scrivania/OTel-capabilities-for-mixed-criticality-workloads/2-DoE/block3/t3_p0_s0_r0.0_n4/run_08,zipkin,1996,0,0.0,8001.0,7909,9964.0,5.05,2.0,7.0,12.0,19,2013,1957.5,37503,19615,0.523025,-221,-8652,2094,1458.92,2666.0,0,4934.0,7642,8548,922.0,0,0,0
344,block3,3,0,0,0.0,4,9,/home/fabio/Scrivania/OTel-capabilities-for-mixed-criticality-workloads/2-DoE/block3/t3_p0_s0_r0.0_n4/run_09,zipkin,1996,0,0.0,8002.0,7928,9965.0,5.0,1.0,7.0,12.0,19,2012,1955.3,37529,19620,0.522796,-275,-8677,2093,1458.31,2666.0,0,4878.0,7587,8474,919.7,0,0,0
345,block3,3,0,0,0.0,4,10,/home/fabio/Scrivania/OTel-capabilities-for-mixed-criticality-workloads/2-DoE/block3/t3_p0_s0_r0.0_n4/run_10,zipkin,1996,0,0.0,8002.0,7944,9965.0,4.95,1.0,7.0,12.0,19,1987,1955.4,37554,19710,0.524844,-357.5,-8720,2091.0,1459.53,2661.0,0.0,4886.0,7607,8290,909.9,0,0,0
346,block3,3,0,0,0.0,4,11,/home/fabio/Scrivania/OTel-capabilities-for-mixed-criticality-workloads/2-DoE/block3/t3_p0_s0_r0.0_n4/run_11,zipkin,1996,0,0.0,8001.0,7972,9964.0,4.89,2.0,7.0,12.0,19,1967,1955.0,37514,19562,0.521459,-191.0,-8868,2094.0,1454.01,2665.0,0.0,4887.0,7722,8202,924.3,0,0,0
347,block3,3,0,0,0.0,4,12,/home/fabio/Scrivania/OTel-capabilities-for-mixed-criticality-workloads/2-DoE/block3/t3_p0_s0_r0.0_n4/run_12,zipkin,1996,0,0.0,8002.0,7966,9964.0,5.39,1.0,7.0,13.0,20,1960,1899.4,37535,19605,0.522313,-242,-8665,2093,1457.09,2667.0,0,4870.0,7595,8433,915.1,0,0,0
348,block3,3,0,0,0.0,4,13,/home/fabio/Scrivania/OTel-capabilities-for-mixed-criticality-workloads/2-DoE/block3/t3_p0_s0_r0.0_n4/run_13,zipkin,1996,0,0.0,8002.0,7960,9965.0,5.43,1.0,7.0,13.0,14,1984,1899.7,37537,19683,0.524363,-242,-8681,2093,1457.2,2660.0,0,4957.5,7704,8456,922.0,0,0,0
349,block3,3,0,0,0.0,4,14,/home/fabio/Scrivania/OTel-capabilities-for-mixed-criticality-workloads/2-DoE/block3/t3_p0_s0_r0.0_n4/run_14,zipkin,1996,0,0.0,8002.0,7962,9965.0,4.97,2.0,7.0,12.0,20,1963,1955.1,37548,19627,0.522718,-208.0,-8670,2092.0,1463.19,2666.0,0.0,4898.1,7574,8415,907.2,0,0,0
350,block3,3,0,0,0.0,4,15,/home/fabio/Scrivania/OTel-capabilities-for-mixed-criticality-workloads/2-DoE/block3/t3_p0_s0_r0.0_n4/run_15,zipkin,1996,0,0.0,8002.0,7971,9964.0,4.89,2.0,7.0,12.0,19,1984,1955.1,37549,19643,0.52313,-208,-9731,2092,1455.55,2664.0,0,4867.5,7588,8464,919.9,0,0,0
351,block3,3,1,0,0.0,4,1,/home/fabio/Scrivania/OTel-capabilities-for-mixed-criticality-workloads/2-DoE/block3/t3_p1_s0_r0.0_n4/run_01,zipkin,1997,0,0.0,7662,2565,9641,1006.88,1022.0,8,9.0,12,1987,1965.7,22267,12338,0.554094,-1431,-40638,684,1758.91,2542.0,0,6178.3,10626,11505,709.3,0,0,0
352,block3,3,1,0,0.0,4,2,/home/fabio/Scrivania/OTel-capabilities-for-mixed-criticality-workloads/2-DoE/block3/t3_p1_s0_r0.0_n4/run_02,zipkin,1989,2,0.001006,7671,-47337,9645,990.12,1020.0,8,12.0,20,2004,1965.0,22384,12420,0.554861,-1451.0,-71240,700.5,1858.02,2869.0,0.0,6357.6,12199,11504,762.9,0,0,0
353,block3,3,1,0,0.0,4,3,/home/fabio/Scrivania/OTel-capabilities-for-mixed-criticality-workloads/2-DoE/block3/t3_p1_s0_r0.0_n4/run_03,zipkin,1997,0,0.0,7675,2582,9647,856.7,1018.0,8,9.0,12,1992,1963.4,22132,12373,0.559055,-1456.0,-46222,618.5,1730.43,2452.25,0.0,5995.8,11158,10505,721.7,0,0,0
354,block3,3,1,0,0.0,4,4,/home/fabio/Scrivania/OTel-capabilities-for-mixed-criticality-workloads/2-DoE/block3/t3_p1_s0_r0.0_n4/run_04,zipkin,1997,1,0.000501,7673,-469,9645,1023.84,1019.0,8,9.0,12,1992,1963.4,22441,12375,0.551446,-1455,-49980,707,1825.14,2808.0,0,6284.2,11708,10625,748.1,0,0,0
355,block3,3,1,0,0.0,4,5,/home/fabio/Scrivania/OTel-capabilities-for-mixed-criticality-workloads/2-DoE/block3/t3_p1_s0_r0.0_n4/run_05,zipkin,1996,1,0.000501,7676.0,-464,9648.0,901.09,27.25,8.0,9.0,12,1992,1963.1,22254,12442,0.559091,-1460.0,-45777,611.0,1766.96,2666.0,0.0,6142.8,11265,10558,733.9,0,0,0
356,block3,3,1,0,0.0,4,6,/home/fabio/Scrivania/OTel-capabilities-for-mixed-criticality-workloads/2-DoE/block3/t3_p1_s0_r0.0_n4/run_06,zipkin,1997,0,0.0,7677,1570,9649,829.11,19.0,8,9.0,18,2000,1963.7,22386,12290,0.549004,-1451.0,-51340,658.0,1833.58,2850.0,0.0,6370.8,11281,11222,741.7,0,0,0
357,block3,3,1,0,0.0,4,7,/home/fabio/Scrivania/OTel-capabilities-for-mixed-criticality-workloads/2-DoE/block3/t3_p1_s0_r0.0_n4/run_07,zipkin,1997,0,0.0,7677,2587,9649,839.78,18.0,8,9.0,10,1992,1963.3,22254,12382,0.556394,-1458.0,-39230,617.5,1788.03,2707.0,0.0,6203.8,10239,11677,732.9,0,0,0
358,block3,3,1,0,0.0,4,8,/home/fabio/Scrivania/OTel-capabilities-for-mixed-criticality-workloads/2-DoE/block3/t3_p1_s0_r0.0_n4/run_08,zipkin,1996,1,0.000501,7676.0,-1490,9648.0,931.15,1018.0,8.0,9.0,10,1991,1963.0,22217,12400,0.558131,-1457,-33607,612,1748.33,2598.0,0,6107.7,11003,11249,719.1,0,0,0
359,block3,3,1,0,0.0,4,9,/home/fabio/Scrivania/OTel-capabilities-for-mixed-criticality-workloads/2-DoE/block3/t3_p1_s0_r0.0_n4/run_09,zipkin,1997,0,0.0,7678,2590,9650,819.93,10.0,8,9.0,12,1992,1963.3,22439,12365,0.55105,-1454,-39691,691,1825.8,2856.5,0,6294.9,12139,10521,742.8,0,0,0
360,block3,3,1,0,0.0,4,10,/home/fabio/Scrivania/OTel-capabilities-for-mixed-criticality-workloads/2-DoE/block3/t3_p1_s0_r0.0_n4/run_10,zipkin,1997,0,0.0,7677,2555,9649,903.75,1019.0,8,10.0,12,1992,1963.2,22268,12444,0.558829,-1433.0,-41511,636.0,1760.46,2517.25,0.0,6203.3,11197,10505,716.5,0,0,0
361,block3,3,1,0,0.0,4,11,/home/fabio/Scrivania/OTel-capabilities-for-mixed-criticality-workloads/2-DoE/block3/t3_p1_s0_r0.0_n4/run_11,zipkin,1997,0,0.0,7677,2580,9649,812.13,11.0,8,9.0,12,1987,1963.1,22358,12249,0.547858,-1454.0,-44123,668.0,1826.6,2843.0,0.0,6221.3,10764,11851,739.5,0,0,0
362,block3,3,1,0,0.0,4,12,/home/fabio/Scrivania/OTel-capabilities-for-mixed-criticality-workloads/2-DoE/block3/t3_p1_s0_r0.0_n4/run_12,zipkin,1997,0,0.0,7677,2575,9649,873.92,22.0,8,9.0,11,1992,1964.2,22373,12325,0.550887,-1453,-36605,653,1803.79,2810.0,0,6123.1,11157,10517,735.7,0,0,0
363,block3,3,1,0,0.0,4,13,/home/fabio/Scrivania/OTel-capabilities-for-mixed-criticality-workloads/2-DoE/block3/t3_p1_s0_r0.0_n4/run_13,zipkin,1997,0,0.0,7667,2579,9648,754.97,8.0,8,9.0,11,1987,1968.8,22407,12376,0.552327,-1460,-35963,689,1804.79,2839.0,0,6175.9,10973,11212,750.3,0,0,0
364,block3,3,1,0,0.0,4,14,/home/fabio/Scrivania/OTel-capabilities-for-mixed-criticality-workloads/2-DoE/block3/t3_p1_s0_r0.0_n4/run_14,zipkin,1988,1,0.000503,7676.5,-86040,9648.0,890.26,1019.0,8.0,9.0,34,1995,1963.3,22128,12369,0.558975,-1449.5,-113620,633.5,1738.94,2546.0,0.0,6098.5,10214,10440,716.3,0,0,0
365,block3,3,1,0,0.0,4,15,/home/fabio/Scrivania/OTel-capabilities-for-mixed-criticality-workloads/2-DoE/block3/t3_p1_s0_r0.0_n4/run_15,zipkin,1997,0,0.0,7667,2586,9647,819.19,11.0,8,9.0,11,1987,1969.0,22142,12398,0.559931,-1469.0,-36753,602.5,1745.14,2628.75,0.0,6041.4,11188,11646,720.9,0,0,0
366,block3,0,0,0,0.0,8,1,/home/fabio/Scrivania/OTel-capabilities-for-mixed-criticality-workloads/2-DoE/block3/t0_p0_s0_r0.0_n8/run_01,zipkin,1995,0,0.0,8010,7979,9996,2.08,0.0,7,8.0,10,2008,1979.1,39433,20937,0.530951,-632,-22825,2517,4278.86,6163.0,0,15730.7,22941,21844,1082.2,0,0,0
367,block3,0,0,0,0.0,8,2,/home/fabio/Scrivania/OTel-capabilities-for-mixed-criticality-workloads/2-DoE/block3/t0_p0_s0_r0.0_n8/run_02,zipkin,1995,0,0.0,8010,7902,9996,3.9,1.0,7,13.0,16,2053,1981.9,39383,20949,0.53193,-927,-24196,2527,4262.37,6175.0,0,15698.4,24698,20560,1105.1,0,0,0
368,block3,0,0,0,0.0,8,3,/home/fabio/Scrivania/OTel-capabilities-for-mixed-criticality-workloads/2-DoE/block3/t0_p0_s0_r0.0_n8/run_03,zipkin,1995,0,0.0,8010,7932,9996,4.03,1.0,7,13.1,22,2025,1981.4,39322,20881,0.531026,-706.0,-23891,2527.0,4280.3,6158.0,0.0,15752.6,24387,24502,1103.4,0,0,0
369,block3,0,0,0,0.0,8,4,/home/fabio/Scrivania/OTel-capabilities-for-mixed-criticality-workloads/2-DoE/block3/t0_p0_s0_r0.0_n8/run_04,zipkin,1995,0,0.0,8010,7935,9996,4.29,0.0,7,14.0,29,2025,1981.9,39363,20950,0.532226,-618,-23273,2522,4288.83,6203.0,0,15732.9,23770,21505,1101.4,0,0,0
370,block3,0,0,0,0.0,8,5,/home/fabio/Scrivania/OTel-capabilities-for-mixed-criticality-workloads/2-DoE/block3/t0_p0_s0_r0.0_n8/run_05,zipkin,1995,0,0.0,8010,7921,9996,4.01,0.0,7,13.0,21,2030,1981.1,39375,20945,0.531937,-920,-24905,2528,4275.98,6176.5,0,15736.5,25400,25503,1105.5,0,0,0
371,block3,0,0,0,0.0,8,6,/home/fabio/Scrivania/OTel-capabilities-for-mixed-criticality-workloads/2-DoE/block3/t0_p0_s0_r0.0_n8/run_06,zipkin,1995,0,0.0,8010,7962,9996,2.48,0.0,7,11.0,14,2023,1979.4,39430,20981,0.532108,-893.0,-23737,2527.0,4254.72,6166.75,0.0,15734.7,22905,21294,1089.7,0,0,0
372,block3,0,0,0,0.0,8,7,/home/fabio/Scrivania/OTel-capabilities-for-mixed-criticality-workloads/2-DoE/block3/t0_p0_s0_r0.0_n8/run_07,zipkin,1995,0,0.0,8010,7973,9996,2.11,0.0,7,8.0,11,2011,1979.0,39497,20973,0.531002,-734,-22721,2517,4255.19,6230.0,0,15718.0,22618,21264,1069.4,0,0,0
373,block3,0,0,0,0.0,8,8,/home/fabio/Scrivania/OTel-capabilities-for-mixed-criticality-workloads/2-DoE/block3/t0_p0_s0_r0.0_n8/run_08,zipkin,1995,0,0.0,8010,7978,9996,2.06,0.0,7,8.0,11,2009,1979.2,39434,20963,0.531597,-663.5,-22357,2525.0,4269.33,6177.75,0.0,15742.7,22732,21223,1086.9,0,0,0
374,block3,0,0,0,0.0,8,9,/home/fabio/Scrivania/OTel-capabilities-for-mixed-criticality-workloads/2-DoE/block3/t0_p0_s0_r0.0_n8/run_09,zipkin,1995,0,0.0,8002,7967,9996,2.06,0.0,6,8.0,11,2016,1987.1,39348,21001,0.533725,-920.0,-22081,2528.0,4268.18,6279.25,0.0,15745.5,21616,23078,1123.1,0,0,0
375,block3,0,0,0,0.0,8,10,/home/fabio/Scrivania/OTel-capabilities-for-mixed-criticality-workloads/2-DoE/block3/t0_p0_s0_r0.0_n8/run_10,zipkin,1995,0,0.0,8010,7980,9996,2.19,0.0,7,8.0,24,2007,1979.0,39434,21024,0.533144,-961.5,-23442,2528.0,4252.51,6178.75,0.0,15712.3,23930,22502,1106.4,0,0,0
376,block3,0,0,0,0.0,8,11,/home/fabio/Scrivania/OTel-capabilities-for-mixed-criticality-workloads/2-DoE/block3/t0_p0_s0_r0.0_n8/run_11,zipkin,1995,0,0.0,8010,7988,9996,2.08,0.0,7,8.0,10,1982,1979.0,39406,20915,0.530757,-693.5,-22999,2525.0,4254.38,6194.75,0.0,15672.0,23411,23995,1090.8,0,0,0
377,block3,0,0,0,0.0,8,12,/home/fabio/Scrivania/OTel-capabilities-for-mixed-criticality-workloads/2-DoE/block3/t0_p0_s0_r0.0_n8/run_12,zipkin,1995,0,0.0,8010,7984,9996,2.06,0.0,7,8.0,13,1981,1979.0,39431,21025,0.53321,-662,-23923,2525,4269.68,6153.5,0,15775.4,23104,24919,1113.1,0,0,0
378,block3,0,0,0,0.0,8,13,/home/fabio/Scrivania/OTel-capabilities-for-mixed-criticality-workloads/2-DoE/block3/t0_p0_s0_r0.0_n8/run_13,zipkin,1995,0,0.0,8010,7984,9996,2.03,0.0,7,8.0,11,1981,1979.0,39454,20971,0.53153,-772.5,-21801,2525.0,4278.12,6192.0,0.0,15765.7,22289,21126,1083.1,0,0,0
379,block3,0,0,0,0.0,8,14,/home/fabio/Scrivania/OTel-capabilities-for-mixed-criticality-workloads/2-DoE/block3/t0_p0_s0_r0.0_n8/run_14,zipkin,1995,0,0.0,8010,7983,9996,2.07,0.0,7,8.0,11,1982,1979.0,39400,20964,0.532081,-614.5,-24954,2526.0,4268.16,6159.0,0.0,15713.0,23651,19511,1099.9,0,0,0
380,block3,0,0,0,0.0,8,15,/home/fabio/Scrivania/OTel-capabilities-for-mixed-criticality-workloads/2-DoE/block3/t0_p0_s0_r0.0_n8/run_15,zipkin,1995,0,0.0,8010,7981,9996,2.03,0.0,7,8.0,15,2008,1979.0,39425,20990,0.532403,-718,-23217,2527,4263.5,6168.0,0,15718.0,23715,20502,1107.7,0,0,0
381,block3,3,0,0,0.0,8,1,/home/fabio/Scrivania/OTel-capabilities-for-mixed-criticality-workloads/2-DoE/block3/t3_p0_s0_r0.0_n8/run_01,zipkin,1994,0,0.0,8002.0,7967,9965.0,5.53,1.0,7.0,13.0,16,1983,1898.9,37554,19746,0.525803,-678.0,-24772,3235.5,4242.65,6120.0,0.0,15670.5,24123,20689,1357.1,0,0,0
382,block3,3,0,0,0.0,8,2,/home/fabio/Scrivania/OTel-capabilities-for-mixed-criticality-workloads/2-DoE/block3/t3_p0_s0_r0.0_n8/run_02,zipkin,1995,0,0.0,8002,7940,9964,5.84,2.0,7,13.0,20,2004,1898.3,37408,19717,0.52708,-690.0,-24573,3280.0,4215.24,6183.5,0.0,15586.7,23922,24966,1408.8,0,0,0
383,block3,3,0,0,0.0,8,3,/home/fabio/Scrivania/OTel-capabilities-for-mixed-criticality-workloads/2-DoE/block3/t3_p0_s0_r0.0_n8/run_03,zipkin,1994,0,0.0,8002.0,7962,9964.0,5.4,2.0,7.0,13.0,14,1985,1899.0,37552,19777,0.526656,-688.0,-24621,3250.0,4208.27,6217.0,0.0,15745.3,23933,25498,1381.3,0,0,0
384,block3,3,0,0,0.0,8,4,/home/fabio/Scrivania/OTel-capabilities-for-mixed-criticality-workloads/2-DoE/block3/t3_p0_s0_r0.0_n8/run_04,zipkin,1994,0,0.0,8002.0,7967,9965.0,5.43,1.0,7.0,13.0,15,1985,1899.3,37553,19799,0.527228,-704,-23752,3282,4223.1,6112.0,0,15883.3,22684,23497,1382.6,0,0,0
385,block3,3,0,0,0.0,8,5,/home/fabio/Scrivania/OTel-capabilities-for-mixed-criticality-workloads/2-DoE/block3/t3_p0_s0_r0.0_n8/run_05,zipkin,1994,0,0.0,8002.0,7935,9965.0,5.53,1.0,7.0,13.0,14,1986,1898.7,37580,19835,0.527807,-701.5,-24531,3350.0,4200.07,6261.25,0.0,15726.2,24857,25498,1377.1,0,0,0
386,block3,3,0,0,0.0,8,6,/home/fabio/Scrivania/OTel-capabilities-for-mixed-criticality-workloads/2-DoE/block3/t3_p0_s0_r0.0_n8/run_06,zipkin,1999,0,0.0,8002,7962,9964,5.43,2.0,7,13.0,15,1970,1899.4,37652,19842,0.526984,-686.0,-27091,3251.5,4214.36,6217.25,0.0,15627.0,25973,28058,1377.8,0,0,0
387,block3,3,0,0,0.0,8,7,/home/fabio/Scrivania/OTel-capabilities-for-mixed-criticality-workloads/2-DoE/block3/t3_p0_s0_r0.0_n8/run_07,zipkin,1994,0,0.0,8002.0,7947,9964.0,5.18,2.0,7.0,13.0,21,1987,1955.4,37545,19796,0.527261,-700,-25531,3298,4209.2,6113.0,0,15687.2,24160,26497,1375.0,0,0,0
388,block3,3,0,0,0.0,8,8,/home/fabio/Scrivania/OTel-capabilities-for-mixed-criticality-workloads/2-DoE/block3/t3_p0_s0_r0.0_n8/run_08,zipkin,1994,0,0.0,8002.0,7946,9964.0,5.71,2.0,7.0,12.0,20,2002,1955.3,37455,20246,0.540542,-1186,-25418,2960,4155.68,5867.0,0,15577.5,25894,24405,1328.5,0,0,0
389,block3,3,0,0,0.0,8,9,/home/fabio/Scrivania/OTel-capabilities-for-mixed-criticality-workloads/2-DoE/block3/t3_p0_s0_r0.0_n8/run_09,zipkin,1994,0,0.0,8002.0,7968,9965.0,5.53,1.0,7.0,13.0,15,1984,1899.3,37572,19797,0.526908,-684.0,-25472,3278.5,4219.02,6212.0,0.0,15565.5,21321,25497,1376.5,0,0,0
390,block3,3,0,0,0.0,8,10,/home/fabio/Scrivania/OTel-capabilities-for-mixed-criticality-workloads/2-DoE/block3/t3_p0_s0_r0.0_n8/run_10,zipkin,1994,0,0.0,8002.0,7961,9965.0,5.63,1.0,7.0,13.0,15,1958,1899.0,37545,19734,0.525609,-681,-24119,3244,4228.01,6236.0,0,15722.6,21480,22380,1359.9,0,0,0
391,block3,3,0,0,0.0,8,11,/home/fabio/Scrivania/OTel-capabilities-for-mixed-criticality-workloads/2-DoE/block3/t3_p0_s0_r0.0_n8/run_11,zipkin,1994,0,0.0,8002.0,7966,9964.0,5.46,2.0,7.0,13.0,14,1956,1899.4,37565,19775,0.526421,-684,-25828,3277,4228.76,6172.0,0,15865.0,24423,26497,1351.2,0,0,0
392,block3,3,0,0,0.0,8,12,/home/fabio/Scrivania/OTel-capabilities-for-mixed-criticality-workloads/2-DoE/block3/t3_p0_s0_r0.0_n8/run_12,zipkin,1994,0,0.0,8001.0,7935,9964.0,5.21,2.0,7.0,12.0,19,1986,1955.8,37537,19772,0.526734,-676,-26261,3226,4234.4,6206.0,0,15691.1,24449,23499,1386.3,0,0,0
393,block3,3,0,0,0.0,8,13,/home/fabio/Scrivania/OTel-capabilities-for-mixed-criticality-workloads/2-DoE/block3/t3_p0_s0_r0.0_n8/run_13,zipkin,1995,0,0.0,8002,7960,9964,5.42,2.0,7,13.0,14,1989,1898.8,37428,19735,0.527279,-698.0,-24236,3238.5,4230.6,6260.5,0.0,15846.7,24712,21372,1371.0,0,0,0
394,block3,3,0,0,0.0,8,14,/home/fabio/Scrivania/OTel-capabilities-for-mixed-criticality-workloads/2-DoE/block3/t3_p0_s0_r0.0_n8/run_14,zipkin,1994,0,0.0,8002.0,7960,9965.0,5.33,1.0,7.0,13.0,15,1958,1900.2,37175,19663,0.528931,-830,-25023,3378,4245.33,6121.5,0,15851.8,22562,24232,1427.4,0,0,0
395,block3,3,0,0,0.0,8,15,/home/fabio/Scrivania/OTel-capabilities-for-mixed-criticality-workloads/2-DoE/block3/t3_p0_s0_r0.0_n8/run_15,zipkin,1994,0,0.0,8002.0,7951,9964.0,6.34,2.0,7.0,13.0,14,1994,1899.9,37531,20253,0.539634,-1173,-25588,2680,4183.79,5873.0,0,15670.6,24755,22267,1287.3,0,0,0
396,block3,3,1,0,0.0,8,1,/home/fabio/Scrivania/OTel-capabilities-for-mixed-criticality-workloads/2-DoE/block3/t3_p1_s0_r0.0_n8/run_01,zipkin,1995,0,0.0,7671,1575,9643,998.47,1022.0,8,9.0,11,1991,1963.0,22590,13054,0.577866,-1899.5,-75838,613.0,3475.9,4398.0,0.0,13068.2,22202,24556,1069.9,0,0,0
397,block3,3,1,0,0.0,8,2,/home/fabio/Scrivania/OTel-capabilities-for-mixed-criticality-workloads/2-DoE/block3/t3_p1_s0_r0.0_n8/run_02,zipkin,1995,0,0.0,7673,1567,9645,960.94,1020.0,8,12.0,15,1994,1963.6,22392,12977,0.579537,-1749.5,-93455,503.0,3163.63,3673.0,0.0,11511.3,21393,20598,965.7,0,0,0
398,block3,3,1,0,0.0,8,3,/home/fabio/Scrivania/OTel-capabilities-for-mixed-criticality-workloads/2-DoE/block3/t3_p1_s0_r0.0_n8/run_03,zipkin,1995,1,0.000501,7670,-1482,9642,1093.93,1024.0,8,10.0,12,1992,1963.3,22529,13083,0.580718,-2036,-107822,512,3444.24,3882.0,0,13168.9,22757,21860,1060.0,0,0,0
399,block3,3,1,0,0.0,8,4,/home/fabio/Scrivania/OTel-capabilities-for-mixed-criticality-workloads/2-DoE/block3/t3_p1_s0_r0.0_n8/run_04,zipkin,1995,1,0.000501,7670,-467,9643,1216.43,2032.0,8,9.0,13,1994,1963.2,22512,13075,0.580801,-2080.0,-101820,503.0,3384.68,4067.25,0.0,12702.9,21317,20505,1048.2,0,0,0
400,block3,3,1,0,0.0,8,5,/home/fabio/Scrivania/OTel-capabilities-for-mixed-criticality-workloads/2-DoE/block3/t3_p1_s0_r0.0_n8/run_05,zipkin,1995,0,0.0,7670,1568,9642,1045.87,1023.0,8,9.0,13,1992,1963.2,22634,13134,0.580277,-1949.5,-101996,573.5,3431.17,4126.5,0.0,12988.3,20827,24958,1075.8,0,0,0
401,block3,3,1,0,0.0,8,6,/home/fabio/Scrivania/OTel-capabilities-for-mixed-criticality-workloads/2-DoE/block3/t3_p1_s0_r0.0_n8/run_06,zipkin,1995,1,0.000501,7675,-1480,9648,1063.3,1021.0,8,9.0,12,1987,1963.1,22512,13064,0.580313,-2035.0,-123375,503.0,3316.07,3833.25,0.0,12375.0,21803,22519,1015.3,0,0,0
402,block3,3,1,0,0.0,8,7,/home/fabio/Scrivania/OTel-capabilities-for-mixed-criticality-workloads/2-DoE/block3/t3_p1_s0_r0.0_n8/run_07,zipkin,1995,0,0.0,7670,2585,9642,864.11,1019.0,8,9.0,13,1993,1963.9,22491,12986,0.577387,-1871,-93287,504,3315.88,3981.0,0,12463.8,21207,23150,1008.0,0,0,0
403,block3,3,1,0,0.0,8,8,/home/fabio/Scrivania/OTel-capabilities-for-mixed-criticality-workloads/2-DoE/block3/t3_p1_s0_r0.0_n8/run_08,zipkin,1995,0,0.0,7675,1572,9647,906.15,1019.0,8,9.0,11,1979,1963.0,22538,12978,0.575827,-1892.5,-92791,517.0,3351.07,3842.5,0.0,12868.0,22963,24490,1011.2,0,0,0
404,block3,3,1,0,0.0,8,9,/home/fabio/Scrivania/OTel-capabilities-for-mixed-criticality-workloads/2-DoE/block3/t3_p1_s0_r0.0_n8/run_09,zipkin,1995,1,0.000501,7669,-462,9642,1262.02,2034.0,8,9.0,11,1993,1963.4,22446,13071,0.582331,-2000.0,-84014,505.0,3231.49,3785.0,0.0,11902.2,21144,19703,1001.8,0,0,0
405,block3,3,1,0,0.0,8,10,/home/fabio/Scrivania/OTel-capabilities-for-mixed-criticality-workloads/2-DoE/block3/t3_p1_s0_r0.0_n8/run_10,zipkin,1987,1,0.000503,7668,-81948,9640,1015.57,1020.0,8,9.0,35,2001,1963.4,22358,12991,0.581045,-1871.5,-137877,502.0,3187.81,3839.0,0.0,11736.6,18927,21626,985.4,0,0,0
406,block3,3,1,0,0.0,8,11,/home/fabio/Scrivania/OTel-capabilities-for-mixed-criticality-workloads/2-DoE/block3/t3_p1_s0_r0.0_n8/run_11,zipkin,1995,0,0.0,7674,554,9646,887.45,1019.0,8,9.0,11,1964,1963.0,22532,13078,0.580419,-1974.5,-83869,502.0,3374.99,4001.5,0.0,12686.7,23890,20562,1039.6,0,0,0
407,block3,3,1,0,0.0,8,12,/home/fabio/Scrivania/OTel-capabilities-for-mixed-criticality-workloads/2-DoE/block3/t3_p1_s0_r0.0_n8/run_12,zipkin,1995,0,0.0,7669,555,9640,1230.34,2030.0,8,9.0,10,1984,1963.0,22564,13117,0.581324,-2196.0,-75875,517.0,3454.68,4243.25,0.0,13046.0,22581,20504,1081.0,0,0,0
408,block3,3,1,0,0.0,8,13,/home/fabio/Scrivania/OTel-capabilities-for-mixed-criticality-workloads/2-DoE/block3/t3_p1_s0_r0.0_n8/run_13,zipkin,1995,0,0.0,7674,2583,9646,867.81,1019.0,8,9.0,10,1984,1963.0,22536,12994,0.576589,-1820.0,-84577,502.0,3326.99,3974.5,0.0,12872.0,20598,19519,990.0,0,0,0
409,block3,3,1,0,0.0,8,14,/home/fabio/Scrivania/OTel-capabilities-for-mixed-criticality-workloads/2-DoE/block3/t3_p1_s0_r0.0_n8/run_14,zipkin,1995,0,0.0,7668,554,9640,1042.47,1020.0,8,9.0,15,1992,1963.5,22548,13059,0.579164,-1913.5,-84399,529.0,3386.3,3954.5,0.0,12639.1,24860,23505,1057.4,0,0,0
410,block3,3,1,0,0.0,8,15,/home/fabio/Scrivania/OTel-capabilities-for-mixed-criticality-workloads/2-DoE/block3/t3_p1_s0_r0.0_n8/run_15,zipkin,1995,0,0.0,7674,555,9647,859.24,1020.0,8,9.0,12,2012,1964.3,22551,13034,0.577979,-1963,-80116,506,3318.09,3856.0,0,12732.0,23086,19537,1003.1,0,0,0
