#idx     perf      run   period           start             end          rel_st      slack c_duration   c_period     wu_lat
   0       14     1979     1980     15046966426     15046968407           10116      -1958       2000      10000          0
   0       14     1979    10028     15046968413     15046978441           12103       8014       2000      10000         33
   0       14     2015     9976     15046978460     15046988436           22150       7931       2000      10000         29
   0       14     2026     9981     15046988453     15046998435           32143       7927       2000      10000         27
   0       14     2022     9985     15046998452     15047008436           42141       7932       2000      10000         29
   0       14     2021     9982     15047008453     15047018436           52143       7932       2000      10000         28
   0       14     2025     9983     15047018452     15047028435           62142       7928       2000      10000         28
   0       14     2012     9962     15047028452     15047038414           72142       7942       2000      10000          7
   0       14     1979     9996     15047038417     15047048414           82107       8010       2000      10000          7
   0       14     1979     9996     15047048417     15047058413           92107       8010       2000      10000          7
   0       14     1979    10027     15047058417     15047068444          102107       8010       2000      10000         37
   0       14     1979     9988     15047068448     15047078436          112137       7979       2000      10000         29
   0       14     2024     9983     15047078453     15047088436          122142       7929       2000      10000         28
   0       14     2022     9983     15047088452     15047098436          132142       7932       2000      10000         28
   0       14     2024     9983     15047098452     15047108435          142142       7930       2000      10000         28
   0       14     2022     9984     15047108452     15047118435          152141       7932       2000      10000         28
   0       14     2022     9983     15047118452     15047128435          162141       7932       2000      10000         28
   0       14     2025     9984     15047128452     15047138436          172141       7930       2000      10000         29
   0       14     2023     9983     15047138453     15047148435          182142       7931       2000      10000         28
   0       14     2028     9984     15047148452     15047158436          192141       7926       2000      10000         29
   0       14     2021     9982     15047158453     15047168435          202142       7932       2000      10000         28
   0       14     2026     9984     15047168452     15047178436          212141       7928       2000      10000         28
   0       14     2023     9983     15047178453     15047188435          222142       7930       2000      10000         28
   0       14     2017     9983     15047188452     15047198435          232142       7937       2000      10000         28
   0       14     2028     9984     15047198452     15047208436          242142       7926       2000      10000         29
   0       14     2023     9984     15047208453     15047218437          252143       7930       2000      10000         30
   0       14     2021     9981     15047218454     15047228434          262143       7932       2000      10000         27
   0       14     2025     9985     15047228451     15047238436          272141       7930       2000      10000         28
   0       14     2024     9983     15047238453     15047248436          282142       7930       2000      10000         28
   0       14     2026     9983     15047248452     15047258435          292142       7928       2000      10000         28
   0       14     2028     9982     15047258452     15047268434          302142       7926       2000      10000         27
   0       14     2024     9984     15047268451     15047278435          312140       7931       2000      10000         28
   0       14     2024     9984     15047278452     15047288436          322141       7930       2000      10000         29
   0       14     1979     9912     15047288525     15047298437          332215       7902       2000      10000         30
   0       14     2021     9981     15047298454     15047308436          342144       7931       2000      10000         28
   0       14     2024     9983     15047308452     15047318435          352142       7930       2000      10000         28
   0       14     2023     9983     15047318452     15047328434          362141       7931       2000      10000         27
   0       14     2028     9984     15047328451     15047338435          372141       7927       2000      10000         28
   0       14     2026     9985     15047338452     15047348437          382142       7928       2000      10000         30
   0       14     2030     9982     15047348454     15047358436          392143       7923       2000      10000         28
   0       14     2023     9981     15047358452     15047368434          402142       7931       2000      10000         26
   0       14     2024     9984     15047368450     15047378435          412140       7932       2000      10000         27
   0       14     2023     9984     15047378451     15047388435          422141       7932       2000      10000         28
   0       14     2025     9984     15047388452     15047398436          432141       7930       2000      10000         28
   0       14     2022     9983     15047398452     15047408435          442142       7932       2000      10000         28
   0       14     2025     9983     15047408452     15047418435          452141       7929       2000      10000         27
   0       14     2027     9983     15047418451     15047428434          462141       7928       2000      10000         27
   0       14     2024     9985     15047428451     15047438436          472140       7931       2000      10000         28
   0       14     2022     9983     15047438452     15047448436          482142       7932       2000      10000         28
   0       14     2026     9984     15047448452     15047458436          492142       7928       2000      10000         29
   0       14     2021     9981     15047458453     15047468434          502142       7933       2000      10000         26
   0       14     2020     9985     15047468450     15047478435          512140       7935       2000      10000         28
   0       14     2023     9983     15047478452     15047488435          522141       7932       2000      10000         28
   0       14     2025     9984     15047488452     15047498435          532141       7929       2000      10000         28
   0       14     2026     9982     15047498452     15047508434          542141       7928       2000      10000         26
   0       14     2032     9984     15047508450     15047518434          552140       7924       2000      10000         27
   0       14     2021     9984     15047518451     15047528434          562140       7934       2000      10000         27
   0       14     2027     9985     15047528451     15047538436          572140       7929       2000      10000         29
   0       14     2021     9983     15047538452     15047548436          582142       7932       2000      10000         28
   0       14     2025     9983     15047548452     15047558435          592142       7929       2000      10000         28
   0       14     2023     9982     15047558452     15047568434          602141       7932       2000      10000         27
   0       14     2027     9984     15047568450     15047578434          612140       7929       2000      10000         27
   0       14     2026     9984     15047578451     15047588435          622141       7929       2000      10000         28
   0       14     2023     9985     15047588452     15047598437          632141       7932       2000      10000         29
   0       14     2024     9980     15047598453     15047608434          642143       7928       2000      10000         27
   0       14     2025     9984     15047608450     15047618434          652140       7930       2000      10000         27
   0       14     1979     9925     15047618510     15047628435          662199       7918       2000      10000         28
   0       14     2026     9983     15047628452     15047638435          672141       7928       2000      10000         28
   0       14     2023     9984     15047638451     15047648436          682141       7931       2000      10000         28
   0       14     2022     9982     15047648452     15047658435          692142       7932       2000      10000         27
   0       14     2026     9983     15047658451     15047668434          702141       7929       2000      10000         26
   0       14     2023     9984     15047668451     15047678434          712140       7933       2000      10000         27
   0       14     2025     9984     15047678451     15047688435          722141       7930       2000      10000         28
   0       14     2026     9984     15047688452     15047698435          732141       7928       2000      10000         28
   0       14     2020     9982     15047698452     15047708434          742142       7934       2000      10000         27
   0       14     2028     9985     15047708450     15047718435          752140       7928       2000      10000         28
   0       14     2023     9984     15047718452     15047728436          762141       7931       2000      10000         29
   0       14     2021     9982     15047728453     15047738435          772142       7932       2000      10000         28
   0       14     2027     9983     15047738452     15047748435          782141       7928       2000      10000         27
   0       14     2024     9984     15047748451     15047758435          792141       7931       2000      10000         27
   0       14     2026     9983     15047758451     15047768435          802141       7929       2000      10000         27
   0       14     2026     9984     15047768451     15047778435          812141       7929       2000      10000         28
   0       14     2026     9984     15047778451     15047788435          822141       7929       2000      10000         28
   0       14     2022     9982     15047788452     15047798434          832142       7932       2000      10000         27
   0       14     2024     9984     15047798451     15047808434          842140       7931       2000      10000         27
   0       14     2023     9983     15047808451     15047818434          852141       7932       2000      10000         27
   0       14     2028     9984     15047818450     15047828434          862140       7928       2000      10000         27
   0       14     2024     9984     15047828451     15047838435          872140       7931       2000      10000         27
   0       14     2027     9984     15047838451     15047848435          882141       7928       2000      10000         28
   0       14     2019     9983     15047848452     15047858435          892142       7935       2000      10000         27
   0       14     2026     9965     15047858451     15047868416          902141       7929       2000      10000          9
   0       14     1980    10017     15047868420     15047878437          912109       8007       2000      10000         30
   0       14     2016     9981     15047878454     15047888435          922144       7935       2000      10000         28
   0       14     2024     9983     15047888452     15047898435          932141       7930       2000      10000         28
   0       14     2026     9983     15047898452     15047908434          942141       7928       2000      10000         27
   0       14     2025     9984     15047908451     15047918435          952140       7930       2000      10000         28
   0       14     2021     9983     15047918452     15047928435          962141       7933       2000      10000         27
   0       14     2025     9984     15047928451     15047938435          972141       7930       2000      10000         27
   0       14     2022     9984     15047938451     15047948435          982141       7933       2000      10000         28
   0       14     1979     9925     15047948511     15047958435          992200       7917       2000      10000         28
   0       14     2023     9982     15047958452     15047968434         1002142       7931       2000      10000         27
   0       14     2024     9984     15047968451     15047978435         1012141       7931       2000      10000         28
   0       14     2026     9982     15047978452     15047988434         1022141       7928       2000      10000         27
   0       14     2023     9984     15047988451     15047998435         1032140       7932       2000      10000         27
   0       14     2023     9983     15047998451     15048008435         1042141       7932       2000      10000         28
   0       14     2025     9983     15048008452     15048018435         1052141       7930       2000      10000         27
   0       14     2026     9983     15048018451     15048028434         1062141       7929       2000      10000         27
   0       14     2022     9984     15048028451     15048038435         1072140       7933       2000      10000         28
   0       14     2024     9983     15048038452     15048048434         1082141       7930       2000      10000         27
   0       14     2023     9983     15048048451     15048058434         1092140       7932       2000      10000         27
   0       14     2028     9963     15048058451     15048068413         1102140       7927       2000      10000          7
   0       14     1979    10019     15048068417     15048078436         1112107       8010       2000      10000         28
   0       14     2025     9982     15048078452     15048088435         1122142       7929       2000      10000         27
   0       14     2025     9985     15048088451     15048098436         1132141       7930       2000      10000         28
   0       14     2026     9982     15048098452     15048108435         1142142       7928       2000      10000         27
   0       14     2023     9984     15048108451     15048118435         1152141       7932       2000      10000         28
   0       14     2023     9983     15048118452     15048128435         1162141       7931       2000      10000         28
   0       14     2022     9983     15048128451     15048138435         1172141       7933       2000      10000         27
   0       14     2028     9984     15048138451     15048148435         1182141       7927       2000      10000         28
   0       14     2023     9984     15048148451     15048158436         1192141       7931       2000      10000         28
   0       14     2025     9983     15048158452     15048168435         1202142       7928       2000      10000         28
   0       14     2027     9984     15048168451     15048178436         1212141       7928       2000      10000         28
   0       14     2026     9985     15048178452     15048188437         1222142       7928       2000      10000         30
   0       14     2020     9984     15048188454     15048198438         1232144       7931       2000      10000         31
   0       14     2021     9981     15048198455     15048208436         1242144       7930       2000      10000         28
   0       14     2021     9983     15048208452     15048218435         1252142       7933       2000      10000         28
   0       14     2024     9983     15048218452     15048228435         1262141       7930       2000      10000         28
   0       14     2023     9984     15048228452     15048238435         1272141       7932       2000      10000         28
   0       14     2022     9983     15048238452     15048248435         1282141       7932       2000      10000         28
   0       14     2025     9984     15048248452     15048258435         1292141       7930       2000      10000         28
   0       14     2022     9984     15048258452     15048268436         1302141       7932       2000      10000         28
   0       14     2023     9984     15048268452     15048278436         1312142       7931       2000      10000         29
   0       14     1979     9943     15048278494     15048288436         1322183       7933       2000      10000         29
   0       14     2021     9982     15048288453     15048298435         1332143       7932       2000      10000         28
   0       14     2025     9964     15048298452     15048308416         1342141       7929       2000      10000          9
   0       14     1980    10019     15048308420     15048318439         1352109       8007       2000      10000         31
   0       14     2022     9980     15048318456     15048328435         1362145       7928       2000      10000         28
   0       14     2025     9983     15048328452     15048338435         1372141       7929       2000      10000         28
   0       14     2013     9962     15048338452     15048348414         1382142       7941       2000      10000          7
   0       14     1979     9996     15048348417     15048358414         1392107       8010       2000      10000          7
   0       14     1979     9996     15048358417     15048368414         1402107       8010       2000      10000          7
   0       14     1979    10033     15048368417     15048378450         1412107       8010       2000      10000         43
   0       14     1979     9982     15048378454     15048388436         1422143       7973       2000      10000         29
   0       14     2022     9984     15048388453     15048398437         1432142       7932       2000      10000         30
   0       14     2020     9981     15048398454     15048408435         1442143       7932       2000      10000         28
   0       14     2024     9984     15048408452     15048418436         1452141       7930       2000      10000         29
   0       14     2021     9983     15048418452     15048428435         1462142       7932       2000      10000         28
   0       14     2023     9983     15048428452     15048438435         1472141       7931       2000      10000         28
   0       14     2026     9984     15048438452     15048448436         1482141       7928       2000      10000         28
   0       14     2021     9983     15048448452     15048458435         1492142       7933       2000      10000         28
   0       14     2025     9984     15048458452     15048468436         1502141       7929       2000      10000         29
   0       14     2022     9983     15048468453     15048478435         1512142       7931       2000      10000         28
   0       14     2021     9962     15048478452     15048488414         1522142       7933       2000      10000          7
   0       14     1979    10017     15048488418     15048498435         1532107       8010       2000      10000         28
   0       14     2022     9983     15048498452     15048508435         1542141       7932       2000      10000         27
   0       14     2025     9963     15048508451     15048518414         1552141       7930       2000      10000          7
   0       14     1979     9996     15048518418     15048528414         1562107       8009       2000      10000          7
   0       14     1979    10018     15048528418     15048538436         1572107       8010       2000      10000         28
   0       14     2024     9984     15048538452     15048548436         1582142       7929       2000      10000         29
   0       14     2022     9983     15048548453     15048558436         1592143       7931       2000      10000         28
   0       14     2021     9983     15048558452     15048568435         1602142       7932       2000      10000         28
   0       14     2026     9983     15048568452     15048578435         1612141       7929       2000      10000         28
   0       14     2023     9983     15048578451     15048588435         1622141       7932       2000      10000         27
   0       14     2026     9983     15048588451     15048598435         1632141       7929       2000      10000         27
   0       14     2022     9984     15048598451     15048608435         1642141       7932       2000      10000         28
   0       14     1979     9936     15048608500     15048618436         1652190       7927       2000      10000         29
   0       14     2025     9982     15048618453     15048628435         1662142       7928       2000      10000         28
   0       14     2023     9985     15048628452     15048638437         1672142       7931       2000      10000         29
   0       14     2021     9982     15048638453     15048648435         1682143       7932       2000      10000         28
   0       14     2022     9984     15048648452     15048658435         1692141       7932       2000      10000         28
   0       14     2023     9984     15048658452     15048668436         1702141       7931       2000      10000         28
   0       14     2030     9983     15048668452     15048678435         1712142       7924       2000      10000         28
   0       14     2022     9983     15048678452     15048688435         1722142       7932       2000      10000         28
   0       14     2024     9983     15048688452     15048698436         1732142       7930       2000      10000         28
   0       14     2026     9983     15048698452     15048708435         1742142       7928       2000      10000         28
   0       14     2022     9984     15048708452     15048718436         1752141       7933       2000      10000         28
   0       14     2022     9983     15048718452     15048728435         1762142       7932       2000      10000         28
   0       14     2026     9984     15048728452     15048738436         1772141       7928       2000      10000         28
   0       14     2024     9983     15048738452     15048748436         1782142       7929       2000      10000         28
   0       14     2025     9983     15048748452     15048758435         1792142       7929       2000      10000         28
   0       14     2024     9983     15048758452     15048768435         1802142       7930       2000      10000         28
   0       14     2026     9984     15048768452     15048778435         1812141       7929       2000      10000         28
   0       14     2021     9983     15048778452     15048788435         1822142       7933       2000      10000         28
   0       14     2022     9983     15048788452     15048798435         1832141       7932       2000      10000         28
   0       14     2023     9986     15048798452     15048808438         1842141       7932       2000      10000         30
   0       14     2025     9981     15048808454     15048818435         1852144       7927       2000      10000         28
   0       14     2023     9983     15048818452     15048828435         1862142       7931       2000      10000         28
   0       14     2022     9984     15048828452     15048838435         1872141       7932       2000      10000         28
   0       14     2026     9984     15048838452     15048848436         1882142       7928       2000      10000         29
   0       14     2025     9983     15048848453     15048858435         1892142       7929       2000      10000         28
   0       14     2027     9964     15048858452     15048868416         1902141       7928       2000      10000          9
   0       14     1981    10020     15048868419     15048878439         1912109       8006       2000      10000         32
   0       14     2017     9979     15048878456     15048888435         1922146       7933       2000      10000         28
   0       14     2027     9983     15048888452     15048898435         1932141       7927       2000      10000         28
   0       14     2022     9983     15048898452     15048908435         1942141       7932       2000      10000         28
   0       14     2025     9984     15048908452     15048918436         1952141       7929       2000      10000         28
   0       14     2024     9983     15048918452     15048928436         1962142       7930       2000      10000         28
   0       14     2025     9983     15048928452     15048938435         1972142       7929       2000      10000         28
   0       14     1979     9926     15048938510     15048948436         1982200       7917       2000      10000         29
   0       14     2023     9982     15048948453     15048958435         1992142       7930       2000      10000         28
   0       14     2023     9985     15048958452     15048968437         2002141       7932       2000      10000         29
   0       14     2026     9983     15048968453     15048978436         2012143       7927       2000      10000         29
   0       14     2022     9982     15048978453     15048988435         2022142       7932       2000      10000         27
   0       14     2025     9984     15048988451     15048998436         2032141       7929       2000      10000         28
   0       14     2023     9985     15048998452     15049008437         2042142       7931       2000      10000         30
   0       14     2023     9982     15049008454     15049018435         2052143       7930       2000      10000         28
   0       14     2022     9984     15049018452     15049028436         2062142       7932       2000      10000         28
   0       14     2024     9983     15049028452     15049038435         2072142       7930       2000      10000         28
   0       14     2012     9984     15049038452     15049048436         2082141       7942       2000      10000         28
   0       14     2027     9984     15049048452     15049058436         2092142       7927       2000      10000         28
   0       14     2022     9984     15049058452     15049068436         2102142       7932       2000      10000         29
   0       14     2021     9983     15049068453     15049078436         2112142       7932       2000      10000         28
   0       14     2025     9983     15049078452     15049088435         2122142       7929       2000      10000         28
   0       14     2022     9984     15049088452     15049098436         2132141       7932       2000      10000         28
   0       14     2028     9983     15049098452     15049108435         2142142       7926       2000      10000         28
   0       14     2024     9984     15049108451     15049118435         2152141       7931       2000      10000         28
   0       14     2022     9984     15049118452     15049128435         2162141       7932       2000      10000         28
   0       14     2027     9983     15049128452     15049138435         2172141       7927       2000      10000         28
   0       14     2023     9984     15049138452     15049148436         2182141       7931       2000      10000         28
   0       14     2025     9983     15049148452     15049158435         2192142       7929       2000      10000         28
   0       14     2026     9984     15049158452     15049168435         2202141       7928       2000      10000         28
   0       14     2021     9983     15049168452     15049178435         2212141       7933       2000      10000         28
   0       14     2023     9984     15049178452     15049188435         2222141       7931       2000      10000         28
   0       14     2024     9984     15049188452     15049198436         2232141       7930       2000      10000         29
   0       14     2021     9983     15049198453     15049208435         2242142       7933       2000      10000         28
   0       14     2028     9984     15049208452     15049218435         2252141       7926       2000      10000         28
   0       14     2023     9983     15049218452     15049228435         2262142       7931       2000      10000         28
   0       14     2022     9983     15049228452     15049238435         2272141       7932       2000      10000         27
   0       14     2026     9984     15049238451     15049248435         2282141       7928       2000      10000         28
   0       14     2025     9984     15049248452     15049258436         2292141       7929       2000      10000         28
   0       14     2023     9962     15049258452     15049268414         2302142       7931       2000      10000          7
   0       14     1979    10008     15049268428     15049278436         2312117       7999       2000      10000         29
   0       14     2022     9983     15049278453     15049288436         2322142       7932       2000      10000         29
   0       14     2027     9983     15049288453     15049298436         2332142       7926       2000      10000         28
   0       14     2021     9983     15049298452     15049308436         2342142       7933       2000      10000         28
   0       14     2026     9983     15049308452     15049318435         2352142       7928       2000      10000         28
   0       14     2025     9984     15049318452     15049328436         2362142       7929       2000      10000         29
   0       14     2025     9983     15049328453     15049338436         2372142       7928       2000      10000         28
   0       14     2023     9984     15049338452     15049348436         2382142       7931       2000      10000         29
   0       14     2022     9983     15049348453     15049358436         2392142       7931       2000      10000         28
   0       14     2022     9984     15049358452     15049368436         2402142       7932       2000      10000         29
   0       14     2016     9983     15049368453     15049378436         2412142       7937       2000      10000         28
   0       14     2025     9983     15049378453     15049388436         2422142       7928       2000      10000         28
   0       14     2025     9983     15049388452     15049398436         2432142       7929       2000      10000         29
   0       14     2025     9983     15049398452     15049408436         2442142       7929       2000      10000         28
   0       14     2026     9983     15049408452     15049418435         2452142       7928       2000      10000         28
   0       14     2022     9984     15049418452     15049428435         2462141       7932       2000      10000         28
   0       14     2026     9984     15049428452     15049438436         2472142       7928       2000      10000         28
   0       14     2027     9983     15049438452     15049448435         2482142       7927       2000      10000         28
   0       14     2026     9984     15049448452     15049458436         2492141       7929       2000      10000         28
   0       14     2022     9984     15049458452     15049468436         2502142       7932       2000      10000         29
   0       14     2022     9982     15049468453     15049478435         2512142       7931       2000      10000         28
   0       14     2026     9984     15049478452     15049488436         2522141       7928       2000      10000         28
   0       14     2022     9983     15049488452     15049498435         2532142       7931       2000      10000         28
   0       14     2022     9984     15049498452     15049508436         2542141       7933       2000      10000         28
   0       14     2022     9982     15049508452     15049518435         2552142       7932       2000      10000         27
   0       14     2022     9985     15049518451     15049528436         2562141       7932       2000      10000         28
   0       14     2020     9983     15049528452     15049538435         2572142       7934       2000      10000         28
   0       14     2023     9983     15049538452     15049548435         2582142       7931       2000      10000         28
   0       14     2021     9984     15049548452     15049558436         2592142       7933       2000      10000         28
   0       14     2026     9983     15049558452     15049568436         2602142       7928       2000      10000         28
   0       14     2022     9983     15049568452     15049578435         2612142       7932       2000      10000         28
   0       14     2025     9984     15049578452     15049588436         2622141       7930       2000      10000         28
   0       14     2025     9983     15049588452     15049598435         2632142       7929       2000      10000         28
   0       14     1979     9929     15049598506     15049608435         2642196       7921       2000      10000         28
   0       14     2009     9961     15049608452     15049618413         2652142       7945       2000      10000          7
   0       14     1979     9996     15049618417     15049628413         2662107       8010       2000      10000          7
   0       14     1979     9996     15049628417     15049638414         2672107       8010       2000      10000          7
   0       14     1979    10029     15049638417     15049648446         2682107       8010       2000      10000         39
   0       14     1979     9986     15049648450     15049658436         2692139       7978       2000      10000         28
   0       14     2025     9983     15049658452     15049668436         2702142       7929       2000      10000         28
   0       14     2024     9983     15049668452     15049678435         2712142       7930       2000      10000         28
   0       14     2026     9985     15049678452     15049688437         2722142       7928       2000      10000         30
   0       14     2025     9983     15049688454     15049698437         2732143       7928       2000      10000         30
   0       14     2007     9983     15049698454     15049708436         2742143       7945       2000      10000         29
   0       14     2021     9982     15049708453     15049718435         2752143       7932       2000      10000         28
   0       14     2026     9983     15049718452     15049728435         2762142       7928       2000      10000         28
   0       14     2021     9984     15049728452     15049738436         2772141       7933       2000      10000         28
   0       14     2024     9983     15049738452     15049748436         2782142       7930       2000      10000         28
   0       14     2023     9983     15049748452     15049758435         2792142       7930       2000      10000         28
   0       14     2024     9984     15049758452     15049768436         2802141       7930       2000      10000         28
   0       14     2022     9984     15049768452     15049778436         2812142       7932       2000      10000         28
   0       14     2023     9984     15049778452     15049788436         2822142       7931       2000      10000         28
   0       14     2022     9983     15049788452     15049798436         2832142       7931       2000      10000         28
   0       14     2023     9983     15049798452     15049808435         2842142       7931       2000      10000         28
   0       14     2022     9984     15049808452     15049818436         2852141       7932       2000      10000         28
   0       14     2024     9983     15049818452     15049828435         2862142       7929       2000      10000         28
   0       14     2024     9984     15049828452     15049838436         2872141       7930       2000      10000         28
   0       14     2025     9983     15049838452     15049848435         2882142       7929       2000      10000         28
   0       14     2026     9983     15049848452     15049858435         2892141       7928       2000      10000         28
   0       14     2022     9963     15049858452     15049868415         2902141       7932       2000      10000          8
   0       14     1980    10020     15049868419     15049878439         2912108       8008       2000      10000         31
   0       14     2024     9980     15049878456     15049888436         2922146       7926       2000      10000         29
   0       14     2021     9984     15049888453     15049898436         2932142       7932       2000      10000         29
   0       14     2022     9983     15049898453     15049908436         2942143       7931       2000      10000         28
   0       14     2025     9984     15049908452     15049918436         2952142       7929       2000      10000         29
   0       14     2025     9984     15049918453     15049928437         2962142       7928       2000      10000         30
   0       14     1979     9926     15049928511     15049938437         2972201       7916       2000      10000         30
   0       14     2021     9982     15049938454     15049948436         2982143       7931       2000      10000         29
   0       14     2022     9984     15049948452     15049958436         2992142       7931       2000      10000         29
   0       14     2023     9983     15049958453     15049968436         3002143       7931       2000      10000         29
   0       14     2021     9983     15049968453     15049978436         3012143       7932       2000      10000         29
   0       14     2025     9983     15049978453     15049988436         3022142       7929       2000      10000         28
   0       14     2024     9983     15049988452     15049998436         3032142       7930       2000      10000         28
   0       14     2021     9983     15049998452     15050008435         3042142       7933       2000      10000         28
   0       14     2023     9984     15050008452     15050018436         3052142       7931       2000      10000         29
   0       14     2022     9983     15050018453     15050028436         3062142       7931       2000      10000         28
   0       14     2021     9983     15050028452     15050038435         3072142       7932       2000      10000         28
   0       14     2027     9984     15050038452     15050048436         3082142       7927       2000      10000         28
   0       14     2022     9984     15050048452     15050058436         3092142       7931       2000      10000         29
   0       14     2025     9983     15050058453     15050068436         3102142       7929       2000      10000         29
   0       14     2023     9984     15050068452     15050078437         3112142       7931       2000      10000         29
   0       14     2021     9982     15050078453     15050088436         3122143       7932       2000      10000         28
   0       14     2022     9985     15050088452     15050098437         3132142       7932       2000      10000         30
   0       14     2023     9982     15050098454     15050108436         3142143       7929       2000      10000         29
   0       14     2021     9983     15050108452     15050118435         3152142       7933       2000      10000         28
   0       14     2028     9984     15050118452     15050128436         3162141       7926       2000      10000         28
   0       14     2015     9984     15050128452     15050138436         3172142       7938       2000      10000         29
   0       14     2025     9983     15050138452     15050148436         3182142       7928       2000      10000         28
   0       14     2024     9984     15050148452     15050158436         3192142       7929       2000      10000         29
   0       14     2024     9983     15050158453     15050168436         3202142       7929       2000      10000         29
   0       14     2022     9983     15050168453     15050178436         3212142       7932       2000      10000         29
   0       14     2023     9983     15050178453     15050188435         3222142       7930       2000      10000         28
   0       14     2022     9984     15050188452     15050198436         3232141       7932       2000      10000         29
   0       14     2028     9984     15050198453     15050208436         3242142       7926       2000      10000         29
   0       14     2022     9983     15050208453     15050218436         3252142       7932       2000      10000         29
   0       14     2020     9984     15050218453     15050228436         3262142       7933       2000      10000         29
   0       14     2024     9983     15050228453     15050238436         3272142       7929       2000      10000         29
   0       14     2025     9983     15050238453     15050248435         3282142       7929       2000      10000         28
   0       14     2023     9984     15050248452     15050258436         3292141       7931       2000      10000         29
   0       14     1979     9929     15050258506     15050268436         3302196       7921       2000      10000         28
   0       14     2022     9983     15050268453     15050278436         3312142       7931       2000      10000         28
   0       14     2024     9984     15050278452     15050288436         3322142       7929       2000      10000         29
   0       14     2025     9984     15050288452     15050298436         3332142       7929       2000      10000         29
   0       14     2026     9983     15050298453     15050308436         3342142       7928       2000      10000         28
   0       14     2025     9984     15050308452     15050318436         3352142       7929       2000      10000         28
   0       14     2021     9984     15050318452     15050328436         3362142       7933       2000      10000         29
   0       14     2023     9984     15050328453     15050338436         3372142       7930       2000      10000         29
   0       14     2021     9983     15050338453     15050348436         3382142       7932       2000      10000         29
   0       14     2022     9983     15050348453     15050358436         3392142       7931       2000      10000         29
   0       14     2028     9983     15050358453     15050368436         3402142       7925       2000      10000         29
   0       14     2023     9983     15050368453     15050378436         3412142       7930       2000      10000         29
   0       14     2021     9983     15050378453     15050388436         3422142       7933       2000      10000         29
   0       14     2027     9983     15050388452     15050398436         3432142       7926       2000      10000         28
   0       14     2022     9984     15050398452     15050408436         3442142       7932       2000      10000         28
   0       14     2024     9983     15050408452     15050418436         3452142       7930       2000      10000         28
   0       14     2024     9984     15050418452     15050428437         3462142       7930       2000      10000         29
   0       14     2024     9982     15050428453     15050438436         3472143       7928       2000      10000         28
   0       14     2025     9984     15050438452     15050448436         3482142       7929       2000      10000         29
   0       14     2024     9984     15050448453     15050458436         3492142       7930       2000      10000         29
   0       14     2016     9983     15050458453     15050468435         3502143       7938       2000      10000         28
   0       14     2025     9984     15050468452     15050478436         3512142       7929       2000      10000         29
   0       14     2022     9984     15050478453     15050488436         3522142       7932       2000      10000         29
   0       14     2023     9983     15050488453     15050498436         3532142       7930       2000      10000         28
   0       14     2024     9984     15050498452     15050508436         3542142       7929       2000      10000         29
   0       14     2023     9983     15050508452     15050518436         3552142       7931       2000      10000         28
   0       14     2020     9983     15050518452     15050528435         3562142       7934       2000      10000         28
   0       14     2023     9984     15050528452     15050538436         3572142       7931       2000      10000         29
   0       14     2021     9983     15050538453     15050548436         3582142       7932       2000      10000         28
   0       14     2021     9983     15050548452     15050558435         3592142       7932       2000      10000         28
   0       14     2023     9983     15050558452     15050568435         3602142       7932       2000      10000         28
   0       14     2024     9984     15050568452     15050578436         3612141       7931       2000      10000         29
   0       14     2025     9984     15050578452     15050588436         3622142       7929       2000      10000         29
   0       14     1979     9931     15050588505     15050598436         3632195       7922       2000      10000         29
   0       14     2025     9983     15050598453     15050608436         3642142       7928       2000      10000         29
   0       14     2023     9983     15050608453     15050618436         3652142       7930       2000      10000         28
   0       14     2022     9984     15050618452     15050628436         3662142       7932       2000      10000         29
   0       14     2025     9984     15050628453     15050638436         3672142       7928       2000      10000         29
   0       14     2022     9984     15050638453     15050648437         3682143       7931       2000      10000         30
   0       14     2022     9983     15050648453     15050658436         3692143       7931       2000      10000         29
   0       14     2024     9984     15050658453     15050668437         3702142       7929       2000      10000         29
   0       14     2022     9982     15050668453     15050678436         3712143       7931       2000      10000         28
   0       14     2026     9984     15050678452     15050688436         3722142       7928       2000      10000         29
   0       14     2020     9984     15050688453     15050698436         3732142       7933       2000      10000         29
   0       14     2022     9983     15050698453     15050708436         3742142       7932       2000      10000         28
   0       14     2025     9985     15050708452     15050718437         3752142       7929       2000      10000         30
   0       14     2022     9983     15050718453     15050728436         3762143       7931       2000      10000         29
   0       14     2021     9984     15050728453     15050738437         3772142       7932       2000      10000         29
   0       14     2024     9983     15050738453     15050748436         3782143       7929       2000      10000         29
   0       14     2022     9983     15050748453     15050758436         3792143       7931       2000      10000         29
   0       14     2021     9983     15050758452     15050768436         3802142       7933       2000      10000         28
   0       14     2022     9984     15050768452     15050778436         3812142       7932       2000      10000         29
   0       14     2021     9984     15050778453     15050788437         3822142       7932       2000      10000         29
   0       14     2021     9984     15050788453     15050798437         3832143       7931       2000      10000         30
   0       14     2020     9982     15050798454     15050808436         3842143       7932       2000      10000         29
   0       14     2022     9983     15050808453     15050818436         3852142       7931       2000      10000         29
   0       14     2024     9984     15050818453     15050828437         3862142       7929       2000      10000         29
   0       14     2024     9983     15050828453     15050838436         3872143       7929       2000      10000         29
   0       14     2026     9983     15050838453     15050848436         3882143       7927       2000      10000         28
   0       14     2022     9984     15050848452     15050858436         3892142       7932       2000      10000         29
   0       14     2022     9984     15050858453     15050868437         3902142       7931       2000      10000         30
   0       14     2007     9985     15050868453     15050878438         3912143       7945       2000      10000         31
   0       14     2019     9980     15050878456     15050888436         3922145       7931       2000      10000         28
   0       14     2011     9961     15050888452     15050898414         3932142       7942       2000      10000          7
   0       14     1979     9996     15050898418     15050908414         3942107       8010       2000      10000          7
   0       14     1979     9996     15050908418     15050918414         3952107       8010       2000      10000          7
   0       14     1979    10019     15050918429     15050928448         3962119       7998       2000      10000         41
   0       14     1979     9984     15050928452     15050938436         3972141       7976       2000      10000         29
   0       14     2021     9984     15050938453     15050948436         3982142       7932       2000      10000         29
   0       14     2026     9983     15050948453     15050958436         3992143       7927       2000      10000         29
   0       14     2021     9983     15050958453     15050968436         4002142       7932       2000      10000         28
   0       14     2025     9983     15050968452     15050978436         4012142       7929       2000      10000         28
   0       14     2026     9983     15050978452     15050988436         4022142       7928       2000      10000         28
   0       14     2023     9983     15050988452     15050998436         4032142       7931       2000      10000         28
   0       14     2023     9984     15050998452     15051008437         4042142       7931       2000      10000         29
   0       14     2020     9983     15051008453     15051018436         4052143       7932       2000      10000         29
   0       14     2021     9984     15051018453     15051028436         4062142       7932       2000      10000         29
   0       14     2023     9983     15051028453     15051038436         4072142       7930       2000      10000         29
   0       14     2022     9983     15051038453     15051048436         4082142       7931       2000      10000         28
   0       14     2027     9983     15051048452     15051058436         4092142       7927       2000      10000         28
   0       14     2024     9984     15051058452     15051068436         4102142       7930       2000      10000         28
   0       14     2026     9962     15051068452     15051078414         4112142       7928       2000      10000          7
   0       14     1979    10018     15051078418     15051088436         4122107       8009       2000      10000         28
   0       14     2023     9984     15051088452     15051098436         4132142       7931       2000      10000         29
   0       14     2023     9983     15051098452     15051108436         4142142       7931       2000      10000         29
   0       14     2027     9984     15051108452     15051118436         4152142       7927       2000      10000         29
   0       14     2023     9983     15051118453     15051128436         4162142       7931       2000      10000         28
   0       14     2023     9983     15051128452     15051138436         4172142       7930       2000      10000         28
   0       14     2025     9983     15051138452     15051148436         4182142       7929       2000      10000         28
   0       14     2022     9983     15051148452     15051158435         4192142       7932       2000      10000         28
   0       14     2028     9984     15051158452     15051168436         4202142       7926       2000      10000         29
   0       14     2021     9984     15051168453     15051178436         4212142       7932       2000      10000         29
   0       14     2021     9983     15051178453     15051188435         4222142       7932       2000      10000         28
   0       14     2024     9984     15051188452     15051198436         4232141       7931       2000      10000         29
   0       14     2026     9984     15051198453     15051208436         4242142       7928       2000      10000         29
   0       14     2025     9982     15051208453     15051218435         4252143       7928       2000      10000         28
   0       14     2016     9985     15051218451     15051228436         4262141       7938       2000      10000         29
   0       14     2022     9983     15051228453     15051238435         4272142       7931       2000      10000         28
   0       14     2023     9984     15051238452     15051248436         4282141       7931       2000      10000         29
   0       14     1979     9929     15051248507     15051258436         4292196       7921       2000      10000         29
   0       14     2021     9982     15051258453     15051268435         4302142       7932       2000      10000         28
   0       14     2029     9984     15051268452     15051278436         4312141       7926       2000      10000         28
   0       14     2023     9984     15051278452     15051288436         4322142       7931       2000      10000         29
   0       14     2024     9983     15051288453     15051298436         4332142       7929       2000      10000         29
   0       14     2024     9984     15051298452     15051308436         4342142       7930       2000      10000         28
   0       14     2025     9983     15051308452     15051318435         4352142       7929       2000      10000         28
   0       14     2023     9984     15051318451     15051328436         4362141       7931       2000      10000         28
   0       14     2024     9983     15051328452     15051338435         4372142       7930       2000      10000         28
   0       14     2023     9985     15051338451     15051348437         4382141       7932       2000      10000         29
   0       14     2024     9983     15051348453     15051358436         4392143       7929       2000      10000         29
   0       14     2021     9983     15051358453     15051368435         4402142       7932       2000      10000         28
   0       14     2027     9985     15051368452     15051378437         4412141       7927       2000      10000         30
   0       14     2020     9982     15051378453     15051388435         4422143       7933       2000      10000         28
   0       14     2025     9984     15051388452     15051398436         4432141       7929       2000      10000         29
   0       14     2021     9984     15051398452     15051408436         4442142       7933       2000      10000         29
   0       14     2023     9982     15051408453     15051418435         4452142       7930       2000      10000         28
   0       14     2025     9983     15051418452     15051428435         4462142       7929       2000      10000         28
   0       14     2026     9984     15051428452     15051438436         4472141       7929       2000      10000         28
   0       14     2021     9984     15051438452     15051448436         4482142       7933       2000      10000         29
   0       14     2025     9983     15051448452     15051458436         4492142       7929       2000      10000         28
   0       14     2025     9982     15051458452     15051468434         4502142       7929       2000      10000         27
   0       14     2022     9986     15051468451     15051478437         4512140       7933       2000      10000         29
   0       14     2023     9983     15051478453     15051488436         4522143       7930       2000      10000         28
   0       14     2023     9983     15051488452     15051498436         4532142       7930       2000      10000         28
   0       14     2024     9984     15051498452     15051508436         4542142       7930       2000      10000         29
   0       14     2025     9982     15051508453     15051518435         4552142       7928       2000      10000         27
   0       14     2025     9984     15051518451     15051528435         4562141       7930       2000      10000         28
   0       14     2022     9984     15051528452     15051538436         4572141       7933       2000      10000         28
   0       14     2025     9984     15051538452     15051548436         4582142       7929       2000      10000         29
   0       14     2013     9983     15051548453     15051558436         4592142       7940       2000      10000         28
   0       14     2025     9983     15051558452     15051568435         4602142       7929       2000      10000         28
   0       14     2025     9983     15051568452     15051578435         4612142       7929       2000      10000         28
   0       14     1979     9928     15051578508     15051588436         4622197       7920       2000      10000         29
   0       14     2025     9982     15051588453     15051598435         4632142       7928       2000      10000         28
   0       14     2024     9984     15051598452     15051608436         4642141       7930       2000      10000         28
   0       14     2022     9983     15051608452     15051618435         4652142       7932       2000      10000         27
   0       14     2026     9983     15051618451     15051628435         4662141       7928       2000      10000         28
   0       14     2023     9984     15051628452     15051638436         4672141       7931       2000      10000         29
   0       14     2025     9983     15051638453     15051648435         4682142       7929       2000      10000         28
   0       14     2022     9985     15051648452     15051658436         4692141       7932       2000      10000         29
   0       14     2020     9982     15051658453     15051668435         4702142       7934       2000      10000         27
   0       14     2027     9985     15051668451     15051678436         4712141       7928       2000      10000         29
   0       14     2023     9983     15051678453     15051688435         4722142       7930       2000      10000         28
   0       14     2022     9983     15051688452     15051698435         4732142       7932       2000      10000         28
   0       14     2025     9984     15051698452     15051708436         4742142       7929       2000      10000         29
   0       14     2021     9982     15051708453     15051718435         4752142       7933       2000      10000         28
   0       14     2022     9984     15051718452     15051728435         4762141       7932       2000      10000         28
   0       14     2023     9983     15051728452     15051738435         4772141       7932       2000      10000         28
   0       14     2024     9984     15051738452     15051748436         4782141       7930       2000      10000         28
   0       14     2022     9983     15051748452     15051758436         4792142       7932       2000      10000         29
   0       14     2022     9982     15051758452     15051768435         4802142       7932       2000      10000         27
   0       14     2023     9984     15051768451     15051778435         4812141       7931       2000      10000         27
   0       14     2027     9983     15051778451     15051788434         4822141       7928       2000      10000         27
   0       14     2022     9984     15051788451     15051798435         4832141       7933       2000      10000         28
   0       14     2022     9982     15051798452     15051808434         4842141       7932       2000      10000         27
   0       14     2023     9985     15051808451     15051818436         4852141       7932       2000      10000         29
   0       14     2025     9982     15051818453     15051828435         4862142       7928       2000      10000         28
   0       14     2027     9983     15051828452     15051838435         4872141       7927       2000      10000         28
   0       14     2025     9984     15051838451     15051848435         4882141       7930       2000      10000         28
   0       14     2023     9983     15051848452     15051858435         4892142       7931       2000      10000         28
   0       14     2027     9983     15051858452     15051868435         4902141       7927       2000      10000         27
   0       14     2024     9987     15051868451     15051878438         4912141       7931       2000      10000         30
   0       14     2010     9980     15051878456     15051888435         4922145       7940       2000      10000         28
   0       14     2026     9984     15051888452     15051898436         4932141       7928       2000      10000         29
   0       14     2023     9983     15051898453     15051908436         4942142       7930       2000      10000         28
   0       14     1979     9928     15051908508     15051918436         4952197       7919       2000      10000         29
   0       14     2023     9983     15051918453     15051928436         4962142       7930       2000      10000         28
   0       14     2021     9983     15051928452     15051938435         4972142       7933       2000      10000         28
   0       14     2027     9962     15051938452     15051948414         4982141       7927       2000      10000          7
   0       14     1979    10018     15051948417     15051958435         4992107       8010       2000      10000         28
   0       14     2024     9983     15051958452     15051968435         5002141       7930       2000      10000         28
   0       14     2026     9983     15051968452     15051978435         5012142       7928       2000      10000         28
   0       14     2026     9985     15051978451     15051988436         5022141       7929       2000      10000         29
   0       14     2027     9983     15051988453     15051998435         5032142       7926       2000      10000         28
   0       14     2024     9985     15051998452     15052008436         5042141       7930       2000      10000         29
   0       14     2021     9982     15052008453     15052018435         5052143       7932       2000      10000         28
   0       14     2028     9984     15052018452     15052028435         5062141       7927       2000      10000         28
   0       14     2023     9984     15052028452     15052038435         5072141       7932       2000      10000         28
   0       14     2023     9983     15052038452     15052048435         5082142       7931       2000      10000         28
   0       14     2026     9984     15052048452     15052058436         5092141       7928       2000      10000         29
   0       14     2021     9983     15052058453     15052068435         5102142       7932       2000      10000         28
   0       14     2022     9985     15052068452     15052078437         5112141       7932       2000      10000         30
   0       14     2022     9982     15052078454     15052088436         5122143       7930       2000      10000         28
   0       14     2022     9984     15052088452     15052098436         5132142       7932       2000      10000         29
   0       14     2027     9983     15052098453     15052108435         5142142       7926       2000      10000         28
   0       14     2024     9984     15052108452     15052118436         5152142       7930       2000      10000         28
   0       14     2025     9984     15052118452     15052128436         5162142       7928       2000      10000         29
   0       14     2025     9983     15052128453     15052138436         5172142       7928       2000      10000         28
   0       14     2025     9984     15052138452     15052148436         5182142       7929       2000      10000         29
   0       14     2023     9983     15052148453     15052158436         5192142       7930       2000      10000         28
   0       14     2025     9984     15052158452     15052168436         5202142       7929       2000      10000         29
   0       14     2017     9961     15052168453     15052178414         5212142       7936       2000      10000          7
   0       14     1979     9996     15052178417     15052188414         5222107       8010       2000      10000          7
   0       14     1979     9996     15052188418     15052198414         5232107       8010       2000      10000          7
   0       14     1979    10026     15052198417     15052208443         5242107       8010       2000      10000         36
   0       14     1979     9989     15052208447     15052218436         5252136       7980       2000      10000         28
   0       14     2025     9983     15052218452     15052228435         5262142       7929       2000      10000         28
   0       14     2023     9984     15052228452     15052238436         5272141       7931       2000      10000         28
   0       14     1979     9930     15052238507     15052248436         5282196       7921       2000      10000         29
   0       14     2021     9983     15052248453     15052258436         5292143       7932       2000      10000         28
   0       14     2028     9983     15052258452     15052268436         5302142       7925       2000      10000         28
   0       14     2025     9984     15052268452     15052278436         5312142       7929       2000      10000         29
   0       14     2024     9983     15052278453     15052288436         5322142       7929       2000      10000         28
   0       14     2025     9983     15052288452     15052298435         5332142       7929       2000      10000         28
   0       14     2026     9984     15052298452     15052308436         5342141       7929       2000      10000         28
   0       14     2014     9984     15052308452     15052318436         5352142       7940       2000      10000         29
   0       14     2025     9982     15052318453     15052328435         5362142       7929       2000      10000         27
   0       14     2023     9984     15052328451     15052338435         5372141       7932       2000      10000         28
   0       14     2025     9984     15052338452     15052348436         5382142       7929       2000      10000         29
   0       14     2023     9984     15052348452     15052358436         5392142       7931       2000      10000         29
   0       14     2024     9983     15052358453     15052368436         5402142       7929       2000      10000         28
   0       14     2024     9983     15052368452     15052378436         5412142       7930       2000      10000         28
   0       14     2022     9984     15052378452     15052388436         5422142       7932       2000      10000         28
   0       14     2024     9984     15052388452     15052398436         5432142       7930       2000      10000         29
   0       14     2024     9983     15052398452     15052408436         5442142       7930       2000      10000         28
   0       14     2021     9984     15052408452     15052418436         5452142       7933       2000      10000         29
   0       14     2025     9984     15052418453     15052428436         5462142       7929       2000      10000         29
   0       14     2022     9983     15052428453     15052438436         5472142       7931       2000      10000         29
   0       14     2026     9982     15052438453     15052448435         5482143       7927       2000      10000         28
   0       14     2024     9983     15052448452     15052458435         5492141       7930       2000      10000         28
   0       14     2026     9984     15052458452     15052468436         5502141       7928       2000      10000         29
   0       14     2024     9983     15052468452     15052478436         5512142       7930       2000      10000         28
   0       14     2024     9984     15052478452     15052488436         5522142       7930       2000      10000         29
   0       14     2024     9983     15052488453     15052498436         5532142       7930       2000      10000         29
   0       14     2025     9982     15052498453     15052508435         5542142       7928       2000      10000         28
   0       14     2025     9985     15052508452     15052518436         5552141       7929       2000      10000         29
   0       14     2021     9983     15052518453     15052528436         5562143       7932       2000      10000         28
   0       14     2022     9984     15052528452     15052538436         5572142       7932       2000      10000         29
   0       14     2022     9985     15052538453     15052548437         5582142       7931       2000      10000         30
   0       14     2024     9982     15052548454     15052558436         5592143       7929       2000      10000         28
   0       14     2026     9983     15052558452     15052568436         5602142       7927       2000      10000         29
   0       14     1979     9933     15052568504     15052578437         5612194       7923       2000      10000         29
   0       14     2025     9982     15052578453     15052588435         5622143       7928       2000      10000         28
   0       14     2024     9984     15052588452     15052598437         5632142       7930       2000      10000         29
   0       14     2021     9983     15052598453     15052608436         5642143       7932       2000      10000         28
   0       14     2026     9984     15052608452     15052618436         5652142       7928       2000      10000         28
   0       14     2023     9984     15052618452     15052628436         5662142       7931       2000      10000         29
   0       14     2024     9983     15052628453     15052638436         5672142       7929       2000      10000         28
   0       14     2013     9983     15052638452     15052648435         5682142       7941       2000      10000         28
   0       14     2025     9984     15052648452     15052658436         5692141       7930       2000      10000         28
   0       14     2026     9984     15052658452     15052668436         5702142       7928       2000      10000         28
   0       14     2023     9983     15052668452     15052678435         5712142       7931       2000      10000         28
   0       14     2023     9984     15052678452     15052688436         5722141       7931       2000      10000         28
   0       14     2026     9984     15052688452     15052698436         5732142       7928       2000      10000         29
   0       14     2023     9983     15052698452     15052708436         5742142       7931       2000      10000         28
   0       14     2025     9985     15052708452     15052718437         5752142       7929       2000      10000         29
   0       14     2025     9983     15052718453     15052728436         5762143       7928       2000      10000         29
   0       14     2024     9982     15052728453     15052738435         5772142       7930       2000      10000         28
   0       14     2021     9984     15052738452     15052748436         5782141       7934       2000      10000         28
   0       14     2021     9983     15052748452     15052758435         5792142       7932       2000      10000         28
   0       14     2023     9984     15052758452     15052768436         5802142       7931       2000      10000         28
   0       14     2022     9983     15052768452     15052778435         5812142       7931       2000      10000         28
   0       14     2024     9984     15052778452     15052788436         5822142       7931       2000      10000         29
   0       14     2023     9983     15052788453     15052798436         5832142       7930       2000      10000         28
   0       14     2026     9984     15052798452     15052808436         5842142       7928       2000      10000         29
   0       14     2024     9982     15052808453     15052818435         5852142       7929       2000      10000         28
   0       14     2027     9985     15052818451     15052828436         5862141       7928       2000      10000         29
   0       14     2021     9983     15052828452     15052838436         5872142       7932       2000      10000         29
   0       14     2023     9984     15052838452     15052848436         5882142       7931       2000      10000         29
   0       14     2023     9983     15052848453     15052858436         5892142       7931       2000      10000         29
   0       14     2023     9983     15052858453     15052868436         5902142       7930       2000      10000         28
   0       14     2022     9986     15052868452     15052878439         5912142       7932       2000      10000         31
   0       14     2026     9980     15052878456     15052888436         5922145       7924       2000      10000         29
   0       14     2025     9983     15052888453     15052898436         5932142       7928       2000      10000         28
   0       14     1979     9924     15052898512     15052908436         5942202       7915       2000      10000         29
   0       14     2024     9983     15052908453     15052918436         5952143       7929       2000      10000         28
   0       14     2024     9984     15052918452     15052928436         5962142       7930       2000      10000         29
   0       14     2026     9983     15052928453     15052938436         5972142       7927       2000      10000         28
   0       14     2022     9984     15052938452     15052948436         5982142       7932       2000      10000         28
   0       14     2024     9984     15052948452     15052958436         5992142       7930       2000      10000         29
   0       14     2024     9983     15052958453     15052968436         6002142       7929       2000      10000         29
   0       14     2017     9984     15052968453     15052978436         6012142       7936       2000      10000         29
   0       14     2022     9983     15052978453     15052988436         6022143       7931       2000      10000         29
   0       14     2024     9983     15052988453     15052998436         6032142       7929       2000      10000         29
   0       14     2023     9984     15052998453     15053008437         6042142       7930       2000      10000         29
   0       14     2023     9982     15053008453     15053018436         6052143       7930       2000      10000         28
   0       14     2022     9984     15053018452     15053028437         6062142       7931       2000      10000         29
   0       14     2023     9983     15053028453     15053038436         6072143       7930       2000      10000         29
   0       14     2019     9984     15053038453     15053048437         6082142       7934       2000      10000         29
   0       14     2021     9982     15053048453     15053058436         6092143       7932       2000      10000         28
   0       14     2022     9984     15053058452     15053068436         6102142       7932       2000      10000         28
   0       14     2025     9984     15053068452     15053078436         6112142       7929       2000      10000         28
   0       14     2022     9984     15053078452     15053088436         6122142       7932       2000      10000         28
   0       14     2024     9984     15053088452     15053098436         6132142       7930       2000      10000         28
   0       14     2023     9984     15053098452     15053108436         6142142       7931       2000      10000         28
   0       14     2026     9983     15053108452     15053118436         6152142       7928       2000      10000         28
   0       14     2024     9983     15053118452     15053128436         6162142       7930       2000      10000         28
   0       14     2025     9984     15053128452     15053138436         6172142       7929       2000      10000         29
   0       14     2022     9983     15053138453     15053148436         6182142       7932       2000      10000         29
   0       14     2024     9983     15053148452     15053158436         6192142       7930       2000      10000         28
   0       14     2017     9984     15053158452     15053168436         6202142       7937       2000      10000         29
   0       14     2023     9984     15053168453     15053178436         6212142       7930       2000      10000         29
   0       14     2022     9983     15053178453     15053188436         6222142       7931       2000      10000         29
   0       14     2026     9983     15053188453     15053198436         6232142       7928       2000      10000         29
   0       14     2025     9984     15053198452     15053208437         6242142       7929       2000      10000         29
   0       14     2024     9983     15053208453     15053218436         6252143       7929       2000      10000         29
   0       14     2023     9983     15053218453     15053228436         6262143       7930       2000      10000         28
   0       14     1979     9928     15053228509     15053238437         6272198       7918       2000      10000         30
   0       14     2021     9982     15053238454     15053248437         6282144       7931       2000      10000         29
   0       14     2023     9983     15053248453     15053258436         6292143       7930       2000      10000         29
   0       14     2027     9984     15053258452     15053268436         6302142       7927       2000      10000         29
   0       14     2025     9983     15053268453     15053278436         6312143       7927       2000      10000         29
   0       14     2024     9984     15053278453     15053288436         6322142       7929       2000      10000         29
   0       14     2025     9984     15053288453     15053298437         6332142       7928       2000      10000         29
   0       14     2023     9983     15053298453     15053308436         6342143       7930       2000      10000         29
   0       14     2022     9983     15053308453     15053318436         6352142       7932       2000      10000         28
   0       14     2024     9984     15053318452     15053328436         6362142       7930       2000      10000         29
   0       14     2028     9984     15053328453     15053338437         6372143       7925       2000      10000         29
   0       14     2021     9983     15053338453     15053348436         6382143       7932       2000      10000         29
   0       14     2021     9984     15053348453     15053358436         6392142       7932       2000      10000         29
   0       14     2024     9983     15053358453     15053368436         6402142       7929       2000      10000         29
   0       14     2021     9983     15053368453     15053378436         6412142       7932       2000      10000         29
   0       14     2023     9983     15053378453     15053388436         6422142       7931       2000      10000         29
   0       14     2024     9984     15053388453     15053398436         6432142       7929       2000      10000         29
   0       14     2011     9982     15053398453     15053408435         6442143       7942       2000      10000         28
   0       14     2021     9984     15053408452     15053418436         6452142       7933       2000      10000         29
   0       14     2022     9983     15053418453     15053428436         6462143       7931       2000      10000         29
   0       14     2020     9983     15053428453     15053438436         6472142       7933       2000      10000         29
   0       14     2025     9984     15053438453     15053448436         6482142       7928       2000      10000         29
   0       14     2015     9961     15053448453     15053458414         6492142       7939       2000      10000          7
   0       14     1979     9996     15053458418     15053468414         6502107       8010       2000      10000          7
   0       14     1979     9996     15053468418     15053478414         6512107       8010       2000      10000          7
   0       14     1979    10027     15053478417     15053488444         6522107       8010       2000      10000         37
   0       14     1979     9988     15053488448     15053498436         6532137       7979       2000      10000         29
   0       14     2022     9983     15053498452     15053508436         6542142       7931       2000      10000         28
   0       14     2025     9983     15053508452     15053518435         6552142       7928       2000      10000         28
   0       14     2021     9983     15053518452     15053528435         6562142       7933       2000      10000         28
   0       14     2023     9984     15053528452     15053538435         6572141       7932       2000      10000         28
   0       14     2021     9984     15053538452     15053548435         6582142       7933       2000      10000         28
   0       14     2021     9983     15053548452     15053558435         6592142       7933       2000      10000         28
   0       14     1979     9928     15053558508     15053568436         6602198       7919       2000      10000         29
   0       14     2025     9983     15053568453     15053578436         6612143       7928       2000      10000         28
   0       14     2023     9984     15053578452     15053588436         6622142       7931       2000      10000         28
   0       14     2022     9984     15053588452     15053598436         6632142       7932       2000      10000         28
   0       14     2026     9984     15053598452     15053608436         6642142       7928       2000      10000         29
   0       14     2022     9983     15053608453     15053618436         6652142       7931       2000      10000         29
   0       14     2024     9983     15053618453     15053628436         6662142       7930       2000      10000         29
   0       14     2025     9983     15053628453     15053638435         6672142       7928       2000      10000         28
   0       14     2022     9984     15053638452     15053648436         6682142       7932       2000      10000         28
   0       14     2025     9984     15053648452     15053658436         6692142       7929       2000      10000         29
   0       14     2022     9983     15053658453     15053668436         6702142       7931       2000      10000         29
   0       14     2022     9984     15053668453     15053678436         6712142       7932       2000      10000         29
   0       14     2026     9982     15053678453     15053688435         6722142       7928       2000      10000         28
   0       14     2024     9984     15053688451     15053698436         6732141       7931       2000      10000         29
   0       14     2024     9983     15053698452     15053708436         6742142       7929       2000      10000         28
   0       14     2025     9984     15053708452     15053718436         6752142       7929       2000      10000         29
   0       14     2023     9984     15053718452     15053728436         6762142       7931       2000      10000         29
   0       14     2018     9984     15053728452     15053738436         6772142       7936       2000      10000         29
   0       14     2022     9984     15053738453     15053748436         6782142       7931       2000      10000         29
   0       14     2022     9983     15053748453     15053758436         6792142       7931       2000      10000         29
   0       14     2023     9983     15053758453     15053768436         6802142       7930       2000      10000         28
   0       14     2022     9964     15053768452     15053778417         6812142       7932       2000      10000         10
   0       14     1979    10017     15053778420     15053788437         6822110       8007       2000      10000         30
   0       14     2021     9983     15053788454     15053798437         6832144       7931       2000      10000         29
   0       14     2024     9982     15053798453     15053808436         6842143       7929       2000      10000         28
   0       14     2022     9984     15053808452     15053818436         6852142       7932       2000      10000         29
   0       14     2022     9982     15053818453     15053828435         6862142       7932       2000      10000         28
   0       14     2021     9984     15053828452     15053838436         6872141       7933       2000      10000         29
   0       14     2026     9984     15053838452     15053848437         6882142       7928       2000      10000         29
   0       14     2021     9981     15053848453     15053858435         6892143       7932       2000      10000         27
   0       14     2025     9985     15053858451     15053868437         6902141       7930       2000      10000         29
   0       14     2025     9987     15053868453     15053878440         6912143       7928       2000      10000         33
   0       14     2016     9977     15053878458     15053888435         6922147       7932       2000      10000         28
   0       14     1979     9928     15053888508     15053898436         6932197       7919       2000      10000         29
   0       14     2022     9982     15053898453     15053908435         6942142       7931       2000      10000         28
   0       14     2022     9984     15053908452     15053918435         6952141       7933       2000      10000         28
   0       14     2028     9984     15053918452     15053928436         6962141       7927       2000      10000         29
   0       14     2022     9983     15053928452     15053938435         6972142       7932       2000      10000         28
   0       14     2025     9984     15053938452     15053948436         6982141       7930       2000      10000         28
   0       14     2022     9984     15053948452     15053958436         6992142       7932       2000      10000         28
   0       14     2025     9983     15053958452     15053968436         7002142       7929       2000      10000         28
   0       14     2022     9984     15053968452     15053978436         7012142       7932       2000      10000         28
   0       14     2023     9983     15053978452     15053988435         7022142       7931       2000      10000         28
   0       14     2022     9984     15053988452     15053998436         7032141       7932       2000      10000         28
   0       14     2027     9983     15053998452     15054008436         7042142       7927       2000      10000         29
   0       14     2022     9983     15054008453     15054018435         7052142       7931       2000      10000         28
   0       14     2026     9984     15054018452     15054028436         7062141       7928       2000      10000         28
   0       14     2026     9984     15054028452     15054038436         7072142       7929       2000      10000         28
   0       14     2025     9983     15054038452     15054048435         7082142       7929       2000      10000         28
   0       14     2022     9984     15054048452     15054058436         7092141       7932       2000      10000         28
   0       14     2022     9983     15054058452     15054068436         7102142       7931       2000      10000         28
   0       14     2022     9983     15054068452     15054078436         7112142       7932       2000      10000         28
   0       14     2027     9984     15054078452     15054088437         7122142       7927       2000      10000         29
   0       14     2022     9983     15054088453     15054098436         7132143       7931       2000      10000         29
   0       14     2025     9983     15054098453     15054108435         7142142       7928       2000      10000         28
   0       14     2026     9984     15054108452     15054118436         7152141       7928       2000      10000         28
   0       14     2024     9983     15054118452     15054128436         7162142       7930       2000      10000         28
   0       14     2022     9983     15054128452     15054138435         7172142       7932       2000      10000         28
   0       14     2025     9983     15054138452     15054148435         7182142       7929       2000      10000         28
   0       14     2023     9984     15054148451     15054158435         7192141       7931       2000      10000         28
   0       14     2011     9984     15054158452     15054168435         7202141       7943       2000      10000         28
   0       14     2027     9984     15054168452     15054178435         7212141       7927       2000      10000         28
   0       14     2026     9983     15054178452     15054188435         7222141       7928       2000      10000         28
   0       14     2025     9983     15054188452     15054198435         7232141       7929       2000      10000         28
   0       14     2025     9984     15054198452     15054208436         7242141       7930       2000      10000         28
   0       14     2023     9983     15054208452     15054218435         7252142       7931       2000      10000         28
   0       14     1979     9928     15054218508     15054228436         7262198       7919       2000      10000         29
   0       14     2021     9982     15054228453     15054238435         7272142       7932       2000      10000         28
   0       14     2025     9983     15054238452     15054248435         7282141       7929       2000      10000         28
   0       14     2021     9984     15054248452     15054258435         7292141       7933       2000      10000         28
   0       14     2021     9983     15054258452     15054268435         7302142       7933       2000      10000         28
   0       14     2021     9984     15054268452     15054278436         7312141       7933       2000      10000         28
   0       14     2022     9984     15054278452     15054288436         7322142       7932       2000      10000         29
   0       14     2023     9983     15054288453     15054298436         7332142       7931       2000      10000         29
   0       14     2024     9982     15054298453     15054308435         7342143       7929       2000      10000         28
   0       14     2025     9984     15054308452     15054318436         7352141       7929       2000      10000         28
   0       14     2020     9983     15054318452     15054328435         7362142       7934       2000      10000         28
   0       14     2023     9984     15054328451     15054338435         7372141       7931       2000      10000         28
   0       14     2027     9984     15054338452     15054348436         7382141       7927       2000      10000         29
   0       14     2026     9983     15054348452     15054358436         7392142       7928       2000      10000         28
   0       14     2022     9983     15054358452     15054368435         7402142       7931       2000      10000         28
   0       14     2025     9983     15054368451     15054378435         7412141       7929       2000      10000         27
   0       14     2026     9985     15054378451     15054388436         7422141       7929       2000      10000         28
   0       14     2027     9984     15054388452     15054398436         7432142       7927       2000      10000         29
   0       14     2025     9982     15054398453     15054408435         7442142       7929       2000      10000         28
   0       14     2023     9984     15054408452     15054418435         7452141       7932       2000      10000         28
   0       14     2021     9983     15054418452     15054428435         7462141       7933       2000      10000         28
   0       14     2022     9984     15054428452     15054438435         7472141       7933       2000      10000         28
   0       14     2022     9983     15054438452     15054448435         7482141       7932       2000      10000         28
   0       14     2025     9984     15054448451     15054458436         7492141       7930       2000      10000         28
   0       14     2026     9984     15054458452     15054468436         7502142       7928       2000      10000         28
   0       14     2026     9983     15054468452     15054478435         7512142       7928       2000      10000         28
   0       14     2026     9983     15054478452     15054488435         7522141       7928       2000      10000         28
   0       14     2017     9984     15054488452     15054498436         7532141       7937       2000      10000         28
   0       14     2021     9983     15054498452     15054508436         7542142       7932       2000      10000         28
   0       14     2025     9984     15054508452     15054518436         7552142       7929       2000      10000         28
   0       14     2022     9983     15054518452     15054528435         7562142       7932       2000      10000         28
   0       14     2024     9983     15054528452     15054538435         7572142       7930       2000      10000         28
   0       14     2025     9983     15054538452     15054548435         7582141       7929       2000      10000         28
   0       14     1979     9933     15054548504     15054558436         7592193       7924       2000      10000         29
   0       14     2019     9960     15054558453     15054568414         7602143       7934       2000      10000          7
   0       14     1979    10018     15054568417     15054578436         7612107       8010       2000      10000         29
   0       14     2021     9983     15054578453     15054588435         7622142       7933       2000      10000         28
   0       14     2026     9984     15054588452     15054598436         7632141       7928       2000      10000         29
   0       14     2023     9983     15054598452     15054608435         7642142       7930       2000      10000         28
   0       14     2024     9984     15054608452     15054618435         7652141       7930       2000      10000         28
   0       14     2024     9983     15054618452     15054628435         7662142       7930       2000      10000         28
   0       14     2026     9984     15054628452     15054638436         7672142       7928       2000      10000         28
   0       14     2021     9983     15054638452     15054648435         7682142       7933       2000      10000         28
   0       14     2023     9984     15054648452     15054658435         7692141       7932       2000      10000         28
   0       14     2023     9983     15054658452     15054668435         7702141       7931       2000      10000         28
   0       14     2023     9983     15054668452     15054678435         7712141       7932       2000      10000         28
   0       14     2022     9984     15054678451     15054688435         7722141       7933       2000      10000         28
   0       14     2025     9985     15054688452     15054698437         7732141       7930       2000      10000         29
   0       14     2024     9982     15054698453     15054708435         7742143       7929       2000      10000         28
   0       14     2025     9984     15054708452     15054718435         7752141       7929       2000      10000         28
   0       14     2027     9983     15054718452     15054728435         7762141       7927       2000      10000         28
   0       14     2024     9984     15054728452     15054738436         7772141       7930       2000      10000         28
   0       14     2022     9983     15054738452     15054748435         7782142       7932       2000      10000         28
   0       14     2027     9983     15054748452     15054758435         7792141       7927       2000      10000         28
   0       14     2011     9962     15054758452     15054768413         7802141       7943       2000      10000          7
   0       14     1979     9996     15054768417     15054778413         7812107       8010       2000      10000          7
   0       14     1979     9996     15054778417     15054788413         7822107       8010       2000      10000          7
   0       14     1979    10025     15054788417     15054798442         7832107       8010       2000      10000         36
   0       14     1979     9989     15054798446     15054808435         7842136       7981       2000      10000         28
   0       14     2021     9984     15054808452     15054818435         7852141       7933       2000      10000         28
   0       14     2018     9984     15054818452     15054828436         7862141       7936       2000      10000         28
   0       14     2022     9983     15054828452     15054838435         7872142       7932       2000      10000         28
   0       14     2022     9962     15054838452     15054848414         7882141       7932       2000      10000          7
   0       14     1979    10018     15054848417     15054858435         7892107       8010       2000      10000         28
   0       14     2024     9983     15054858452     15054868435         7902142       7930       2000      10000         28
   0       14     2027     9986     15054868452     15054878438         7912141       7927       2000      10000         31
   0       14     1979     9931     15054878506     15054888437         7922195       7921       2000      10000         30
   0       14     2023     9983     15054888454     15054898436         7932143       7929       2000      10000         29
   0       14     2021     9983     15054898453     15054908436         7942143       7932       2000      10000         28
   0       14     2023     9984     15054908452     15054918436         7952142       7931       2000      10000         29
   0       14     2021     9983     15054918453     15054928436         7962142       7932       2000      10000         28
   0       14     2025     9983     15054928452     15054938435         7972142       7929       2000      10000         28
   0       14     2025     9985     15054938452     15054948437         7982141       7929       2000      10000         29
   0       14     2023     9982     15054948453     15054958436         7992143       7930       2000      10000         28
   0       14     2022     9984     15054958452     15054968436         8002142       7932       2000      10000         28
   0       14     2023     9984     15054968452     15054978436         8012142       7931       2000      10000         29
   0       14     2021     9983     15054978453     15054988435         8022142       7932       2000      10000         28
   0       14     2028     9983     15054988452     15054998435         8032142       7926       2000      10000         28
   0       14     2023     9984     15054998452     15055008436         8042142       7931       2000      10000         29
   0       14     2025     9983     15055008453     15055018436         8052142       7929       2000      10000         29
   0       14     2023     9983     15055018453     15055028436         8062142       7930       2000      10000         28
   0       14     2026     9983     15055028452     15055038435         8072142       7928       2000      10000         28
   0       14     2028     9984     15055038452     15055048436         8082141       7926       2000      10000         29
   0       14     2024     9983     15055048452     15055058435         8092142       7930       2000      10000         28
   0       14     2023     9984     15055058452     15055068436         8102141       7932       2000      10000         29
   0       14     2027     9983     15055068452     15055078436         8112142       7927       2000      10000         28
   0       14     2023     9984     15055078452     15055088437         8122142       7931       2000      10000         29
   0       14     2024     9984     15055088453     15055098437         8132143       7929       2000      10000         29
   0       14     2024     9982     15055098453     15055108436         8142143       7929       2000      10000         28
   0       14     2019     9983     15055108452     15055118435         8152142       7935       2000      10000         28
   0       14     2024     9984     15055118452     15055128435         8162141       7930       2000      10000         28
   0       14     2023     9983     15055128452     15055138435         8172141       7931       2000      10000         28
   0       14     2023     9984     15055138452     15055148435         8182141       7932       2000      10000         28
   0       14     2025     9984     15055148452     15055158435         8192141       7930       2000      10000         28
   0       14     2023     9983     15055158452     15055168435         8202142       7931       2000      10000         28
   0       14     2026     9983     15055168452     15055178435         8212141       7928       2000      10000         28
   0       14     2026     9983     15055178452     15055188435         8222141       7928       2000      10000         27
   0       14     2023     9984     15055188451     15055198435         8232141       7932       2000      10000         28
   0       14     2023     9962     15055198452     15055208414         8242141       7931       2000      10000          7
   0       14     1980    10004     15055208432     15055218436         8252121       7994       2000      10000         29
   0       14     2021     9982     15055218453     15055228435         8262143       7932       2000      10000         28
   0       14     2025     9983     15055228451     15055238435         8272141       7929       2000      10000         28
   0       14     2026     9985     15055238451     15055248436         8282141       7929       2000      10000         29
   0       14     2014     9983     15055248452     15055258435         8292142       7940       2000      10000         28
   0       14     2025     9984     15055258452     15055268436         8302142       7930       2000      10000         28
   0       14     2021     9984     15055268452     15055278436         8312142       7932       2000      10000         29
   0       14     2024     9983     15055278453     15055288436         8322142       7930       2000      10000         29
   0       14     2024     9983     15055288453     15055298436         8332142       7930       2000      10000         29
   0       14     2021     9983     15055298453     15055308435         8342142       7933       2000      10000         28
   0       14     2025     9982     15055308452     15055318434         8352141       7929       2000      10000         27
   0       14     2023     9984     15055318451     15055328434         8362140       7932       2000      10000         27
   0       14     2026     9984     15055328451     15055338435         8372140       7929       2000      10000         28
   0       14     2021     9984     15055338451     15055348435         8382141       7933       2000      10000         28
   0       14     2024     9984     15055348452     15055358436         8392141       7931       2000      10000         28
   0       14     2023     9982     15055358452     15055368434         8402142       7930       2000      10000         27
   0       14     2028     9984     15055368451     15055378435         8412140       7927       2000      10000         28
   0       14     2026     9984     15055378451     15055388436         8422141       7929       2000      10000         29
   0       14     2025     9983     15055388453     15055398436         8432142       7929       2000      10000         29
   0       14     2024     9983     15055398452     15055408435         8442142       7930       2000      10000         28
   0       14     2025     9983     15055408452     15055418435         8452141       7929       2000      10000         27
   0       14     2025     9983     15055418451     15055428434         8462141       7930       2000      10000         27
   0       14     2023     9984     15055428451     15055438435         8472140       7932       2000      10000         28
   0       14     2023     9984     15055438451     15055448435         8482141       7931       2000      10000         28
   0       14     2026     9983     15055448452     15055458435         8492141       7928       2000      10000         28
   0       14     2022     9983     15055458452     15055468434         8502141       7932       2000      10000         27
   0       14     2027     9984     15055468451     15055478435         8512140       7929       2000      10000         27
   0       14     2024     9985     15055478451     15055488436         8522141       7931       2000      10000         29
   0       14     2025     9983     15055488452     15055498435         8532142       7928       2000      10000         28
   0       14     2026     9984     15055498452     15055508435         8542141       7929       2000      10000         28
   0       14     2023     9983     15055508452     15055518434         8552141       7931       2000      10000         27
   0       14     2026     9983     15055518451     15055528434         8562141       7929       2000      10000         27
   0       14     2028     9984     15055528451     15055538434         8572140       7927       2000      10000         27
   0       14     1979     9929     15055538506     15055548435         8582196       7921       2000      10000         28
   0       14     2026     9983     15055548452     15055558435         8592142       7928       2000      10000         28
   0       14     2023     9982     15055558452     15055568434         8602141       7931       2000      10000         27
   0       14     2027     9983     15055568451     15055578434         8612140       7928       2000      10000         27
   0       14     2018     9984     15055578450     15055588435         8622140       7938       2000      10000         27
   0       14     2024     9983     15055588451     15055598435         8632141       7931       2000      10000         27
   0       14     2026     9984     15055598451     15055608436         8642141       7928       2000      10000         28
   0       14     2022     9982     15055608452     15055618434         8652142       7932       2000      10000         27
   0       14     2023     9984     15055618450     15055628434         8662140       7933       2000      10000         27
   0       14     2022     9984     15055628451     15055638435         8672140       7934       2000      10000         27
   0       14     2022     9984     15055638452     15055648435         8682141       7933       2000      10000         28
   0       14     2026     9962     15055648452     15055658414         8692142       7928       2000      10000          7
   0       14     1979    10017     15055658418     15055668434         8702107       8010       2000      10000         27
   0       14     2022     9984     15055668451     15055678435         8712140       7933       2000      10000         27
   0       14     2026     9983     15055678451     15055688434         8722141       7929       2000      10000         27
   0       14     2026     9985     15055688451     15055698435         8732140       7929       2000      10000         28
   0       14     2024     9983     15055698452     15055708435         8742141       7930       2000      10000         28
   0       14     2022     9983     15055708452     15055718434         8752141       7932       2000      10000         27
   0       14     2024     9984     15055718451     15055728435         8762140       7932       2000      10000         27
   0       14     2023     9984     15055728451     15055738435         8772141       7932       2000      10000         27
   0       14     2027     9985     15055738451     15055748436         8782141       7928       2000      10000         29
   0       14     2021     9982     15055748452     15055758435         8792142       7932       2000      10000         27
   0       14     2026     9983     15055758451     15055768434         8802141       7929       2000      10000         27
   0       14     2026     9984     15055768451     15055778435         8812140       7929       2000      10000         28
   0       14     2026     9983     15055778451     15055788435         8822141       7928       2000      10000         27
   0       14     2023     9984     15055788451     15055798435         8832141       7932       2000      10000         28
   0       14     2023     9983     15055798451     15055808435         8842141       7932       2000      10000         27
   0       14     2023     9983     15055808451     15055818434         8852141       7932       2000      10000         27
   0       14     2028     9983     15055818451     15055828434         8862140       7927       2000      10000         27
   0       14     2023     9984     15055828450     15055838434         8872140       7932       2000      10000         27
   0       14     2024     9984     15055838451     15055848434         8882140       7931       2000      10000         27
   0       14     2025     9984     15055848451     15055858435         8892141       7930       2000      10000         28
   0       14     2027     9983     15055858451     15055868434         8902141       7928       2000      10000         27
   0       14     1981     9933     15055868505     15055878439         8912195       7920       2000      10000         31
   0       14     2022     9978     15055878456     15055888434         8922146       7928       2000      10000         27
   0       14     2022     9985     15055888451     15055898436         8932141       7933       2000      10000         29
   0       14     2027     9983     15055898453     15055908435         8942142       7927       2000      10000         28
   0       14     2015     9982     15055908452     15055918434         8952142       7939       2000      10000         27
   0       14     2023     9984     15055918451     15055928435         8962140       7933       2000      10000         27
   0       14     2027     9983     15055928451     15055938434         8972141       7928       2000      10000         27
   0       14     2025     9985     15055938451     15055948436         8982140       7930       2000      10000         28
   0       14     2027     9982     15055948452     15055958435         8992142       7926       2000      10000         27
   0       14     2023     9983     15055958451     15055968434         9002141       7932       2000      10000         27
   0       14     2023     9984     15055968451     15055978435         9012141       7932       2000      10000         28
   0       14     2024     9983     15055978452     15055988435         9022142       7930       2000      10000         27
   0       14     2023     9983     15055988451     15055998435         9032141       7932       2000      10000         27
   0       14     2022     9984     15055998451     15056008436         9042141       7933       2000      10000         28
   0       14     2023     9982     15056008452     15056018434         9052142       7930       2000      10000         27
   0       14     2027     9984     15056018451     15056028435         9062140       7928       2000      10000         27
   0       14     2027     9984     15056028451     15056038435         9072141       7928       2000      10000         28
   0       14     2024     9986     15056038452     15056048438         9082141       7931       2000      10000         30
   0       14     2020     9981     15056048454     15056058435         9092144       7932       2000      10000         28
   0       14     2028     9983     15056058451     15056068434         9102141       7926       2000      10000         27
   0       14     2024     9984     15056068451     15056078435         9112140       7931       2000      10000         28
   0       14     2022     9962     15056078452     15056088414         9122141       7932       2000      10000          7
   0       14     1979     9996     15056088417     15056098413         9132107       8010       2000      10000          7
   0       14     1979     9996     15056098417     15056108414         9142107       8010       2000      10000          7
   0       14     1979     9996     15056108417     15056118413         9152107       8010       2000      10000          6
   0       14     1979    10018     15056118417     15056128435         9162106       8010       2000      10000         27
   0       14     2023     9984     15056128451     15056138435         9172141       7932       2000      10000         28
   0       14     2028     9983     15056138452     15056148435         9182141       7926       2000      10000         28
   0       14     2021     9984     15056148451     15056158435         9192141       7934       2000      10000         28
   0       14     2026     9984     15056158451     15056168436         9202141       7928       2000      10000         28
   0       14     2025     9983     15056168452     15056178435         9212142       7929       2000      10000         28
   0       14     2022     9984     15056178451     15056188435         9222141       7933       2000      10000         28
   0       14     2024     9984     15056188452     15056198436         9232141       7930       2000      10000         28
   0       14     1979     9928     15056198508     15056208436         9242198       7919       2000      10000         29
   0       14     2021     9982     15056208453     15056218435         9252143       7932       2000      10000         28
   0       14     2025     9984     15056218452     15056228435         9262141       7929       2000      10000         28
   0       14     2022     9983     15056228452     15056238435         9272142       7932       2000      10000         28
   0       14     2024     9983     15056238452     15056248435         9282141       7930       2000      10000         28
   0       14     2025     9984     15056248452     15056258435         9292141       7930       2000      10000         28
   0       14     2023     9983     15056258452     15056268435         9302141       7931       2000      10000         28
   0       14     2023     9983     15056268452     15056278435         9312141       7931       2000      10000         28
   0       14     2025     9985     15056278452     15056288436         9322141       7929       2000      10000         29
   0       14     2024     9983     15056288453     15056298436         9332143       7929       2000      10000         29
   0       14     2024     9982     15056298453     15056308435         9342142       7930       2000      10000         28
   0       14     2022     9984     15056308452     15056318436         9352142       7932       2000      10000         28
   0       14     2025     9983     15056318452     15056328435         9362142       7929       2000      10000         28
   0       14     2026     9984     15056328452     15056338435         9372141       7929       2000      10000         28
   0       14     2017     9985     15056338452     15056348436         9382141       7937       2000      10000         29
   0       14     2023     9982     15056348453     15056358435         9392143       7929       2000      10000         28
   0       14     2021     9984     15056358452     15056368436         9402141       7933       2000      10000         28
   0       14     2025     9983     15056368452     15056378436         9412142       7929       2000      10000         28
   0       14     2026     9983     15056378452     15056388435         9422142       7928       2000      10000         28
   0       14     2023     9984     15056388452     15056398435         9432141       7932       2000      10000         28
   0       14     2021     9984     15056398452     15056408436         9442141       7933       2000      10000         28
   0       14     2027     9983     15056408452     15056418435         9452142       7927       2000      10000         28
   0       14     2023     9984     15056418452     15056428435         9462141       7932       2000      10000         28
   0       14     2022     9984     15056428452     15056438436         9472142       7932       2000      10000         28
   0       14     2027     9983     15056438452     15056448435         9482142       7927       2000      10000         28
   0       14     2022     9983     15056448452     15056458436         9492142       7932       2000      10000         28
   0       14     2026     9983     15056458452     15056468436         9502142       7928       2000      10000         28
   0       14     2023     9983     15056468452     15056478435         9512142       7931       2000      10000         28
   0       14     2022     9983     15056478452     15056488435         9522142       7932       2000      10000         28
   0       14     2025     9966     15056488452     15056498418         9532142       7929       2000      10000         11
   0       14     1979    10014     15056498421     15056508435         9542111       8006       2000      10000         28
   0       14     2022     9984     15056508452     15056518436         9552141       7933       2000      10000         28
   0       14     2022     9983     15056518452     15056528436         9562142       7932       2000      10000         28
   0       14     1979     9931     15056528505     15056538437         9572195       7922       2000      10000         29
   0       14     2020     9982     15056538453     15056548435         9582143       7933       2000      10000         28
   0       14     2023     9984     15056548452     15056558436         9592141       7931       2000      10000         28
   0       14     2022     9983     15056558452     15056568435         9602142       7932       2000      10000         28
   0       14     2026     9984     15056568451     15056578435         9612141       7928       2000      10000         28
   0       14     2020     9983     15056578452     15056588435         9622141       7934       2000      10000         28
   0       14     2023     9984     15056588452     15056598436         9632141       7932       2000      10000         28
   0       14     2025     9983     15056598452     15056608435         9642142       7929       2000      10000         28
   0       14     2026     9984     15056608452     15056618435         9652141       7928       2000      10000         28
   0       14     2021     9983     15056618452     15056628435         9662142       7933       2000      10000         27
   0       14     2023     9984     15056628451     15056638435         9672141       7931       2000      10000         28
   0       14     2022     9983     15056638452     15056648435         9682142       7932       2000      10000         28
   0       14     2026     9984     15056648452     15056658436         9692142       7928       2000      10000         28
   0       14     2023     9983     15056658452     15056668436         9702142       7931       2000      10000         28
   0       14     2015     9984     15056668452     15056678436         9712142       7939       2000      10000         28
   0       14     2025     9982     15056678452     15056688435         9722142       7929       2000      10000         28
   0       14     2025     9971     15056688451     15056698422         9732141       7930       2000      10000         16
   0       14     1979    10009     15056698426     15056708435         9742116       8001       2000      10000         28
   0       14     2022     9984     15056708452     15056718436         9752142       7932       2000      10000         28
   0       14     2023     9983     15056718452     15056728435         9762142       7931       2000      10000         28
   0       14     2022     9984     15056728452     15056738435         9772141       7932       2000      10000         28
   0       14     2022     9983     15056738452     15056748435         9782142       7932       2000      10000         28
   0       14     2026     9983     15056748452     15056758435         9792141       7928       2000      10000         28
   0       14     2025     9983     15056758452     15056768435         9802141       7930       2000      10000         28
   0       14     2025     9983     15056768452     15056778435         9812141       7929       2000      10000         28
   0       14     2022     9984     15056778451     15056788435         9822141       7932       2000      10000         28
   0       14     2025     9983     15056788452     15056798435         9832141       7930       2000      10000         28
   0       14     2022     9984     15056798452     15056808436         9842141       7932       2000      10000         28
   0       14     2023     9983     15056808452     15056818435         9852142       7931       2000      10000         28
   0       14     2022     9983     15056818452     15056828435         9862141       7932       2000      10000         28
   0       14     2025     9984     15056828452     15056838435         9872141       7929       2000      10000         28
   0       14     2026     9983     15056838452     15056848435         9882141       7928       2000      10000         28
   0       14     2021     9983     15056848452     15056858435         9892141       7933       2000      10000         28
   0       14     1979     9929     15056858507     15056868436         9902197       7920       2000      10000         29
   0       14     2025     9985     15056868453     15056878438         9912143       7928       2000      10000         31
   0       14     2019     9980     15056878456     15056888435         9922145       7932       2000      10000         28
   0       14     2027     9984     15056888452     15056898435         9932141       7927       2000      10000         28
   0       14     2023     9984     15056898452     15056908436         9942141       7932       2000      10000         29
   0       14     2024     9983     15056908453     15056918436         9952142       7929       2000      10000         28
   0       14     2023     9982     15056918452     15056928435         9962142       7931       2000      10000         27
   0       14     2025     9986     15056928451     15056938437         9972141       7930       2000      10000         30
   0       14     2020     9981     15056938454     15056948435         9982144       7931       2000      10000         28
   0       14     2024     9983     15056948452     15056958435         9992142       7930       2000      10000         28
   0       14     2022     9983     15056958452     15056968435        10002142       7932       2000      10000         28
   0       14     2027     9983     15056968452     15056978435        10012142       7927       2000      10000         28
   0       14     2023     9983     15056978452     15056988435        10022142       7931       2000      10000         27
   0       14     2022     9984     15056988451     15056998436        10032141       7932       2000      10000         28
   0       14     2020     9983     15056998452     15057008435        10042142       7934       2000      10000         28
   0       14     2026     9984     15057008452     15057018436        10052141       7928       2000      10000         29
   0       14     2024     9983     15057018452     15057028436        10062142       7930       2000      10000         29
   0       14     2026     9983     15057028452     15057038436        10072142       7928       2000      10000         28
   0       14     2021     9984     15057038452     15057048436        10082142       7933       2000      10000         29
   0       14     2027     9983     15057048453     15057058436        10092142       7926       2000      10000         29
   0       14     2024     9984     15057058452     15057068436        10102142       7930       2000      10000         29
   0       14     2024     9983     15057068453     15057078436        10112142       7929       2000      10000         29
   0       14     2023     9984     15057078453     15057088436        10122142       7930       2000      10000         29
   0       14     2021     9983     15057088453     15057098436        10132142       7932       2000      10000         29
   0       14     2022     9984     15057098453     15057108437        10142142       7932       2000      10000         29
   0       14     2023     9983     15057108453     15057118436        10152143       7930       2000      10000         29
   0       14     2021     9982     15057118453     15057128435        10162143       7932       2000      10000         28
   0       14     2024     9984     15057128452     15057138436        10172142       7930       2000      10000         29
   0       14     2021     9984     15057138453     15057148436        10182142       7932       2000      10000         29
   0       14     2023     9983     15057148453     15057158436        10192142       7930       2000      10000         29
   0       14     2024     9983     15057158453     15057168436        10202142       7930       2000      10000         29
   0       14     2025     9984     15057168452     15057178436        10212142       7929       2000      10000         29
   0       14     2022     9983     15057178453     15057188436        10222143       7931       2000      10000         29
   0       14     2024     9984     15057188453     15057198436        10232142       7929       2000      10000         29
   0       14     1979     9931     15057198506     15057208437        10242196       7921       2000      10000         30
   0       14     2022     9982     15057208455     15057218436        10252144       7929       2000      10000         29
   0       14     2020     9983     15057218453     15057228436        10262142       7933       2000      10000         29
   0       14     2024     9984     15057228452     15057238436        10272142       7929       2000      10000         29
   0       14     2024     9983     15057238453     15057248436        10282142       7929       2000      10000         29
   0       14     2021     9983     15057248453     15057258436        10292142       7932       2000      10000         29
   0       14     2021     9983     15057258452     15057268436        10302142       7932       2000      10000         28
   0       14     2024     9984     15057268452     15057278437        10312142       7930       2000      10000         29
   0       14     2021     9983     15057278453     15057288436        10322143       7932       2000      10000         29
   0       14     2023     9983     15057288453     15057298436        10332142       7930       2000      10000         28
   0       14     2023     9984     15057298452     15057308437        10342142       7931       2000      10000         29
   0       14     2022     9983     15057308453     15057318437        10352143       7931       2000      10000         29
   0       14     2020     9983     15057318453     15057328436        10362143       7933       2000      10000         29
   0       14     2023     9984     15057328453     15057338437        10372142       7930       2000      10000         29
   0       14     2024     9983     15057338453     15057348436        10382143       7929       2000      10000         29
   0       14     2022     9983     15057348453     15057358436        10392142       7931       2000      10000         29
   0       14     2024     9984     15057358452     15057368436        10402142       7929       2000      10000         29
   0       14     2024     9983     15057368453     15057378436        10412143       7929       2000      10000         29
   0       14     2022     9983     15057378453     15057388436        10422142       7932       2000      10000         29
   0       14     2023     9984     15057388452     15057398437        10432142       7931       2000      10000         30
   0       14     2020     9961     15057398453     15057408414        10442143       7933       2000      10000          7
   0       14     1979     9996     15057408418     15057418414        10452107       8010       2000      10000          7
   0       14     1979     9996     15057418418     15057428414        10462107       8010       2000      10000          7
   0       14     1979    10029     15057428418     15057438446        10472107       8010       2000      10000         39
   0       14     1979     9986     15057438450     15057448436        10482139       7977       2000      10000         28
   0       14     2026     9983     15057448452     15057458435        10492142       7928       2000      10000         28
   0       14     2023     9985     15057458452     15057468436        10502141       7932       2000      10000         29
   0       14     2021     9982     15057468453     15057478435        10512142       7932       2000      10000         28
   0       14     2026     9984     15057478452     15057488436        10522141       7929       2000      10000         29
   0       14     2022     9983     15057488452     15057498436        10532142       7931       2000      10000         29
   0       14     2024     9984     15057498452     15057508436        10542142       7930       2000      10000         29
   0       14     2025     9983     15057508452     15057518436        10552142       7929       2000      10000         28
   0       14     2026     9984     15057518452     15057528436        10562142       7928       2000      10000         28
   0       14     1979     9933     15057528503     15057538436        10572192       7924       2000      10000         29
   0       14     2021     9983     15057538453     15057548435        10582142       7933       2000      10000         28
   0       14     2022     9984     15057548452     15057558436        10592142       7932       2000      10000         28
   0       14     2026     9983     15057558452     15057568435        10602142       7928       2000      10000         28
   0       14     2023     9984     15057568452     15057578436        10612141       7931       2000      10000         29
   0       14     2025     9983     15057578453     15057588436        10622142       7928       2000      10000         29
   0       14     2024     9984     15057588453     15057598437        10632142       7930       2000      10000         30
   0       14     2025     9982     15057598453     15057608436        10642143       7928       2000      10000         28
   0       14     2019     9983     15057608452     15057618436        10652142       7935       2000      10000         28
   0       14     2023     9983     15057618452     15057628436        10662142       7931       2000      10000         28
   0       14     2022     9984     15057628452     15057638436        10672142       7932       2000      10000         29
   0       14     2026     9983     15057638453     15057648436        10682142       7927       2000      10000         28
   0       14     2022     9983     15057648452     15057658436        10692142       7932       2000      10000         28
   0       14     2024     9984     15057658452     15057668436        10702142       7930       2000      10000         28
   0       14     2023     9984     15057668452     15057678436        10712142       7930       2000      10000         29
   0       14     2026     9983     15057678452     15057688436        10722142       7927       2000      10000         29
   0       14     2026     9984     15057688452     15057698436        10732142       7928       2000      10000         29
   0       14     2023     9984     15057698453     15057708436        10742142       7931       2000      10000         29
   0       14     2020     9983     15057708453     15057718436        10752142       7933       2000      10000         28
   0       14     2023     9983     15057718452     15057728435        10762142       7931       2000      10000         28
   0       14     2022     9983     15057728452     15057738435        10772142       7933       2000      10000         28
   0       14     2025     9985     15057738451     15057748436        10782141       7930       2000      10000         29
   0       14     2024     9982     15057748453     15057758435        10792142       7929       2000      10000         28
   0       14     2020     9984     15057758452     15057768436        10802141       7934       2000      10000         28
   0       14     2022     9983     15057768452     15057778436        10812142       7932       2000      10000         28
   0       14     2022     9984     15057778452     15057788436        10822142       7932       2000      10000         29
   0       14     2023     9984     15057788453     15057798436        10832142       7930       2000      10000         29
   0       14     2022     9982     15057798453     15057808435        10842142       7932       2000      10000         28
   0       14     2021     9984     15057808452     15057818436        10852141       7933       2000      10000         29
   0       14     2022     9984     15057818452     15057828436        10862142       7932       2000      10000         29
   0       14     2024     9983     15057828453     15057838436        10872142       7929       2000      10000         28
   0       14     2026     9984     15057838452     15057848436        10882142       7928       2000      10000         29
   0       14     2022     9984     15057848453     15057858436        10892142       7932       2000      10000         29
   0       14     1979     9930     15057858506     15057868437        10902196       7921       2000      10000         29
   0       14     2023     9987     15057868453     15057878440        10912143       7929       2000      10000         33
   0       14     2012     9978     15057878458     15057888436        10922147       7936       2000      10000         29
   0       14     2022     9983     15057888453     15057898436        10932142       7932       2000      10000         29
   0       14     2022     9984     15057898452     15057908437        10942142       7932       2000      10000         29
   0       14     2026     9982     15057908453     15057918436        10952143       7927       2000      10000         28
   0       14     2025     9985     15057918452     15057928437        10962142       7929       2000      10000         30
   0       14     2025     9982     15057928454     15057938436        10972143       7927       2000      10000         29
   0       14     2024     9985     15057938453     15057948438        10982142       7929       2000      10000         31
   0       14     2020     9981     15057948455     15057958436        10992144       7931       2000      10000         28
   0       14     2026     9984     15057958452     15057968436        11002142       7927       2000      10000         29
   0       14     2022     9983     15057968453     15057978436        11012142       7931       2000      10000         29
   0       14     2022     9983     15057978453     15057988436        11022142       7931       2000      10000         29
   0       14     2025     9983     15057988452     15057998436        11032142       7929       2000      10000         28
   0       14     2026     9984     15057998453     15058008436        11042142       7927       2000      10000         29
   0       14     2020     9982     15058008453     15058018435        11052143       7933       2000      10000         28
   0       14     2024     9984     15058018452     15058028435        11062141       7931       2000      10000         28
   0       14     2022     9984     15058028452     15058038436        11072142       7932       2000      10000         29
   0       14     2018     9983     15058038452     15058048435        11082142       7936       2000      10000         28
   0       14     2025     9984     15058048452     15058058435        11092141       7929       2000      10000         28
   0       14     2021     9984     15058058452     15058068436        11102141       7933       2000      10000         29
   0       14     2025     9983     15058068453     15058078435        11112142       7929       2000      10000         28
   0       14     2025     9984     15058078452     15058088436        11122141       7929       2000      10000         29
   0       14     2019     9983     15058088453     15058098436        11132142       7935       2000      10000         28
   0       14     2025     9983     15058098452     15058108435        11142142       7929       2000      10000         28
   0       14     2022     9983     15058108452     15058118435        11152142       7932       2000      10000         28
   0       14     2019     9983     15058118452     15058128435        11162141       7935       2000      10000         28
   0       14     2023     9983     15058128452     15058138435        11172141       7932       2000      10000         28
   0       14     2022     9984     15058138452     15058148436        11182141       7932       2000      10000         29
   0       14     2024     9983     15058148452     15058158436        11192142       7929       2000      10000         28
   0       14     2025     9983     15058158452     15058168435        11202142       7929       2000      10000         28
   0       14     2022     9984     15058168452     15058178436        11212142       7932       2000      10000         29
   0       14     2025     9983     15058178453     15058188436        11222142       7929       2000      10000         29
   0       14     1979     9931     15058188506     15058198437        11232196       7921       2000      10000         29
   0       14     2023     9982     15058198454     15058208436        11242143       7930       2000      10000         29
   0       14     2021     9983     15058208453     15058218436        11252142       7933       2000      10000         29
   0       14     2024     9983     15058218452     15058228436        11262142       7930       2000      10000         28
   0       14     2024     9983     15058228452     15058238435        11272142       7929       2000      10000         28
   0       14     2023     9984     15058238452     15058248436        11282142       7931       2000      10000         29
   0       14     2024     9983     15058248453     15058258436        11292142       7929       2000      10000         28
   0       14     2024     9984     15058258452     15058268436        11302142       7930       2000      10000         29
   0       14     2024     9984     15058268452     15058278436        11312142       7930       2000      10000         29
   0       14     2025     9984     15058278453     15058288436        11322142       7929       2000      10000         29
   0       14     2023     9983     15058288453     15058298436        11332143       7930       2000      10000         29
   0       14     2022     9983     15058298453     15058308436        11342142       7931       2000      10000         28
   0       14     2025     9984     15058308452     15058318436        11352142       7929       2000      10000         29
   0       14     2021     9983     15058318453     15058328436        11362142       7933       2000      10000         28
   0       14     2024     9984     15058328452     15058338436        11372142       7930       2000      10000         29
   0       14     2026     9984     15058338452     15058348436        11382142       7928       2000      10000         29
   0       14     2022     9984     15058348452     15058358436        11392142       7932       2000      10000         29
   0       14     2025     9983     15058358453     15058368436        11402142       7929       2000      10000         28
   0       14     2022     9984     15058368452     15058378436        11412142       7932       2000      10000         29
   0       14     2023     9984     15058378453     15058388437        11422142       7930       2000      10000         29
   0       14     2026     9983     15058388453     15058398436        11432143       7927       2000      10000         29
   0       14     2022     9983     15058398453     15058408436        11442142       7932       2000      10000         29
   0       14     2024     9984     15058408452     15058418436        11452142       7930       2000      10000         29
   0       14     2022     9984     15058418452     15058428436        11462142       7932       2000      10000         29
   0       14     2024     9983     15058428453     15058438436        11472142       7929       2000      10000         29
   0       14     2019     9984     15058438453     15058448436        11482142       7934       2000      10000         29
   0       14     2022     9983     15058448453     15058458436        11492143       7931       2000      10000         29
   0       14     2021     9984     15058458453     15058468436        11502142       7932       2000      10000         29
   0       14     2024     9983     15058468453     15058478436        11512142       7929       2000      10000         28
   0       14     2022     9984     15058478452     15058488436        11522142       7931       2000      10000         29
   0       14     2020     9983     15058488453     15058498436        11532143       7933       2000      10000         29
   0       14     2025     9983     15058498453     15058508435        11542142       7929       2000      10000         28
   0       14     2022     9983     15058508452     15058518435        11552141       7932       2000      10000         28
   0       14     1979     9940     15058518498     15058528438        11562187       7929       2000      10000         30
   0       14     2021     9982     15058528454     15058538437        11572144       7931       2000      10000         29
   0       14     2021     9983     15058538453     15058548436        11582143       7932       2000      10000         29
   0       14     2026     9983     15058548453     15058558436        11592142       7928       2000      10000         29
   0       14     2022     9984     15058558452     15058568437        11602142       7932       2000      10000         29
   0       14     2023     9983     15058568453     15058578436        11612143       7930       2000      10000         29
   0       14     2021     9984     15058578453     15058588437        11622142       7932       2000      10000         29
   0       14     2020     9983     15058588453     15058598436        11632143       7932       2000      10000         29
   0       14     2021     9983     15058598453     15058608436        11642142       7933       2000      10000         29
   0       14     2022     9983     15058608453     15058618436        11652142       7931       2000      10000         29
   0       14     2021     9984     15058618453     15058628437        11662142       7932       2000      10000         29
   0       14     2025     9983     15058628453     15058638436        11672143       7928       2000      10000         29
   0       14     2023     9984     15058638453     15058648436        11682142       7931       2000      10000         29
   0       14     2025     9983     15058648453     15058658436        11692142       7928       2000      10000         28
   0       14     2025     9985     15058658452     15058668437        11702142       7929       2000      10000         29
   0       14     2024     9983     15058668453     15058678436        11712143       7929       2000      10000         29
   0       14     2018     9961     15058678453     15058688414        11722142       7935       2000      10000          7
   0       14     1979     9997     15058688417     15058698414        11732107       8010       2000      10000          7
   0       14     1979     9996     15058698418     15058708414        11742107       8010       2000      10000          7
   0       14     1979     9997     15058708418     15058718415        11752107       8010       2000      10000          8
   0       14     1979    10018     15058718418     15058728436        11762108       8009       2000      10000         29
   0       14     2025     9982     15058728453     15058738435        11772142       7928       2000      10000         28
   0       14     2026     9983     15058738452     15058748435        11782141       7928       2000      10000         28
   0       14     2021     9983     15058748452     15058758435        11792142       7933       2000      10000         27
   0       14     2023     9984     15058758451     15058768436        11802141       7932       2000      10000         28
   0       14     2024     9983     15058768452     15058778436        11812142       7930       2000      10000         28
   0       14     2021     9983     15058778452     15058788435        11822142       7933       2000      10000         28
   0       14     2027     9983     15058788452     15058798435        11832142       7927       2000      10000         28
   0       14     2021     9984     15058798452     15058808436        11842142       7933       2000      10000         28
   0       14     2025     9984     15058808452     15058818436        11852142       7929       2000      10000         29
   0       14     2023     9983     15058818453     15058828435        11862142       7930       2000      10000         28
   0       14     2026     9984     15058828452     15058838436        11872141       7928       2000      10000         29
   0       14     2026     9983     15058838453     15058848436        11882142       7928       2000      10000         28
   0       14     1979     9934     15058848503     15058858437        11892192       7925       2000      10000         29
   0       14     2021     9983     15058858453     15058868436        11902143       7932       2000      10000         29
   0       14     2022     9986     15058868452     15058878439        11912142       7931       2000      10000         31
   0       14     2016     9980     15058878456     15058888436        11922146       7934       2000      10000         28
   0       14     2025     9984     15058888453     15058898436        11932142       7928       2000      10000         29
   0       14     2025     9983     15058898453     15058908436        11942143       7928       2000      10000         29
   0       14     2021     9983     15058908453     15058918436        11952142       7932       2000      10000         29
   0       14     2021     9983     15058918453     15058928436        11962143       7933       2000      10000         28
   0       14     2022     9985     15058928452     15058938437        11972142       7932       2000      10000         30
   0       14     2021     9983     15058938454     15058948437        11982143       7932       2000      10000         30
   0       14     2026     9982     15058948454     15058958436        11992143       7926       2000      10000         28
   0       14     2023     9984     15058958452     15058968436        12002142       7931       2000      10000         29
   0       14     2024     9983     15058968453     15058978436        12012142       7929       2000      10000         29
   0       14     2023     9982     15058978453     15058988435        12022143       7930       2000      10000         28
   0       14     2022     9985     15058988452     15058998436        12032141       7932       2000      10000         29
   0       14     2021     9984     15058998453     15059008437        12042143       7932       2000      10000         30
   0       14     2022     9981     15059008454     15059018436        12052144       7929       2000      10000         28
   0       14     2022     9983     15059018453     15059028436        12062142       7932       2000      10000         28
   0       14     2019     9983     15059028452     15059038436        12072142       7935       2000      10000         28
   0       14     2027     9962     15059038452     15059048414        12082142       7927       2000      10000          7
   0       14     1979    10018     15059048418     15059058435        12092107       8010       2000      10000         28
   0       14     2020     9984     15059058452     15059068436        12102142       7934       2000      10000         28
   0       14     2026     9983     15059068452     15059078435        12112142       7928       2000      10000         28
   0       14     2022     9984     15059078452     15059088436        12122142       7932       2000      10000         29
   0       14     2023     9983     15059088453     15059098436        12132142       7930       2000      10000         29
   0       14     2021     9984     15059098453     15059108436        12142142       7933       2000      10000         29
   0       14     2027     9983     15059108453     15059118436        12152143       7926       2000      10000         29
   0       14     2021     9983     15059118453     15059128436        12162143       7932       2000      10000         28
   0       14     2025     9983     15059128453     15059138436        12172142       7928       2000      10000         28
   0       14     2024     9983     15059138452     15059148436        12182142       7930       2000      10000         28
   0       14     2020     9984     15059148452     15059158436        12192142       7933       2000      10000         29
   0       14     2023     9984     15059158453     15059168436        12202142       7931       2000      10000         29
   0       14     2024     9984     15059168453     15059178436        12212142       7929       2000      10000         29
   0       14     1979     9924     15059178513     15059188437        12222202       7915       2000      10000         30
   0       14     2019     9982     15059188454     15059198436        12232143       7934       2000      10000         28
   0       14     2022     9983     15059198452     15059208436        12242142       7932       2000      10000         28
   0       14     2025     9983     15059208452     15059218435        12252142       7929       2000      10000         28
   0       14     2025     9983     15059218452     15059228435        12262142       7929       2000      10000         28
   0       14     2022     9984     15059228452     15059238436        12272141       7932       2000      10000         28
   0       14     2023     9984     15059238452     15059248436        12282142       7930       2000      10000         29
   0       14     2024     9983     15059248452     15059258436        12292142       7929       2000      10000         28
   0       14     2022     9983     15059258452     15059268435        12302142       7932       2000      10000         28
   0       14     2024     9983     15059268452     15059278435        12312142       7930       2000      10000         28
   0       14     2024     9984     15059278452     15059288436        12322141       7931       2000      10000         28
   0       14     2021     9984     15059288452     15059298436        12332142       7933       2000      10000         29
   0       14     2006     9983     15059298453     15059308436        12342142       7947       2000      10000         29
   0       14     2022     9983     15059308453     15059318436        12352142       7932       2000      10000         29
   0       14     2021     9982     15059318453     15059328434        12362142       7932       2000      10000         27
   0       14     2026     9985     15059328451     15059338435        12372141       7929       2000      10000         28
   0       14     2025     9983     15059338452     15059348435        12382142       7929       2000      10000         28
   0       14     2026     9985     15059348451     15059358436        12392141       7929       2000      10000         29
   0       14     2022     9986     15059358453     15059368439        12402143       7931       2000      10000         31
   0       14     2002     9979     15059368455     15059378435        12412145       7949       2000      10000         27
   0       14     2021     9983     15059378451     15059388434        12422141       7934       2000      10000         27
   0       14     2023     9984     15059388451     15059398435        12432141       7932       2000      10000         28
   0       14     2024     9983     15059398452     15059408435        12442141       7930       2000      10000         28
   0       14     2026     9984     15059408452     15059418436        12452141       7929       2000      10000         28
   0       14     2025     9982     15059418452     15059428435        12462142       7929       2000      10000         27
   0       14     2027     9984     15059428451     15059438435        12472141       7928       2000      10000         27
   0       14     2025     9983     15059438451     15059448435        12482141       7929       2000      10000         27
   0       14     2023     9963     15059448451     15059458414        12492141       7932       2000      10000          7
   0       14     1979    10018     15059458418     15059468436        12502107       8010       2000      10000         28
   0       14     2023     9983     15059468452     15059478435        12512142       7931       2000      10000         28
   0       14     2022     9983     15059478452     15059488434        12522141       7933       2000      10000         27
   0       14     2026     9984     15059488451     15059498435        12532141       7929       2000      10000         28
   0       14     2021     9984     15059498452     15059508436        12542142       7933       2000      10000         29
   0       14     1979     9928     15059508509     15059518437        12552198       7918       2000      10000         30
   0       14     2024     9981     15059518454     15059528435        12562143       7929       2000      10000         27
   0       14     2023     9984     15059528451     15059538435        12572141       7932       2000      10000         28
   0       14     2026     9984     15059538452     15059548436        12582141       7928       2000      10000         28
   0       14     2020     9983     15059548452     15059558435        12592142       7934       2000      10000         28
   0       14     2026     9984     15059558452     15059568436        12602142       7928       2000      10000         29
   0       14     2024     9983     15059568452     15059578435        12612142       7929       2000      10000         28
   0       14     2025     9984     15059578452     15059588436        12622141       7929       2000      10000         29
   0       14     2025     9983     15059588453     15059598436        12632142       7928       2000      10000         29
   0       14     2023     9983     15059598453     15059608435        12642142       7930       2000      10000         28
   0       14     2018     9982     15059608452     15059618434        12652142       7936       2000      10000         27
   0       14     2023     9984     15059618451     15059628435        12662141       7933       2000      10000         28
   0       14     2023     9983     15059628452     15059638435        12672141       7931       2000      10000         28
   0       14     2022     9984     15059638452     15059648436        12682141       7932       2000      10000         29
   0       14     2025     9982     15059648453     15059658435        12692142       7929       2000      10000         28
   0       14     2024     9983     15059658452     15059668434        12702141       7930       2000      10000         27
   0       14     2028     9984     15059668451     15059678435        12712140       7927       2000      10000         27
   0       14     2024     9984     15059678451     15059688435        12722141       7931       2000      10000         28
   0       14     2021     9984     15059688452     15059698436        12732141       7933       2000      10000         29
   0       14     2026     9983     15059698453     15059708435        12742142       7927       2000      10000         28
   0       14     2022     9984     15059708452     15059718436        12752142       7932       2000      10000         28
   0       14     2025     9983     15059718452     15059728436        12762142       7929       2000      10000         28
   0       14     2024     9984     15059728452     15059738436        12772142       7929       2000      10000         29
   0       14     2024     9982     15059738453     15059748435        12782142       7929       2000      10000         28
   0       14     2027     9984     15059748451     15059758435        12792141       7928       2000      10000         28
   0       14     2025     9983     15059758452     15059768435        12802141       7929       2000      10000         27
   0       14     2022     9984     15059768451     15059778435        12812141       7933       2000      10000         28
   0       14     2023     9984     15059778452     15059788436        12822141       7931       2000      10000         28
   0       14     2022     9983     15059788452     15059798435        12832142       7932       2000      10000         28
   0       14     2023     9985     15059798452     15059808437        12842141       7931       2000      10000         29
   0       14     2024     9983     15059808453     15059818436        12852143       7929       2000      10000         29
   0       14     2023     9982     15059818453     15059828435        12862143       7930       2000      10000         28
   0       14     2022     9984     15059828452     15059838436        12872141       7933       2000      10000         28
   0       14     1979     9924     15059838513     15059848437        12882202       7914       2000      10000         29
   0       14     2020     9983     15059848454     15059858436        12892143       7932       2000      10000         29
   0       14     2023     9983     15059858453     15059868436        12902142       7930       2000      10000         28
   0       14     2023     9987     15059868452     15059878439        12912142       7931       2000      10000         32
   0       14     2017     9979     15059878457     15059888436        12922146       7933       2000      10000         28
   0       14     2026     9984     15059888452     15059898436        12932142       7928       2000      10000         29
   0       14     2024     9984     15059898453     15059908436        12942142       7930       2000      10000         29
   0       14     2022     9983     15059908453     15059918436        12952143       7931       2000      10000         28
   0       14     2024     9983     15059918452     15059928436        12962142       7929       2000      10000         28
   0       14     2022     9983     15059928452     15059938435        12972142       7932       2000      10000         28
   0       14     2018     9984     15059938452     15059948435        12982141       7937       2000      10000         28
   0       14     2015     9962     15059948452     15059958414        12992142       7939       2000      10000          7
   0       14     1979     9996     15059958418     15059968414        13002107       8010       2000      10000          7
   0       14     1979     9996     15059968418     15059978414        13012107       8010       2000      10000          7
   0       14     1979    10027     15059978418     15059988444        13022107       8010       2000      10000         37
   0       14     1979     9987     15059988448     15059998435        13032138       7979       2000      10000         27
   0       14     2024     9984     15059998451     15060008435        13042141       7931       2000      10000         28
   0       14     2022     9983     15060008452     15060018435        13052142       7932       2000      10000         27
   0       14     2029     9984     15060018451     15060028435        13062141       7926       2000      10000         28
   0       14     2023     9983     15060028452     15060038435        13072141       7931       2000      10000         28
   0       14     2022     9983     15060038452     15060048435        13082141       7932       2000      10000         28
   0       14     2024     9983     15060048451     15060058435        13092141       7930       2000      10000         28
   0       14     2027     9985     15060058451     15060068436        13102141       7928       2000      10000         29
   0       14     2023     9983     15060068453     15060078436        13112142       7931       2000      10000         28
   0       14     2027     9984     15060078452     15060088436        13122142       7928       2000      10000         29
   0       14     2022     9984     15060088453     15060098437        13132142       7931       2000      10000         29
   0       14     2019     9982     15060098453     15060108435        13142143       7934       2000      10000         28
   0       14     2026     9984     15060108452     15060118436        13152141       7929       2000      10000         28
   0       14     2026     9984     15060118452     15060128436        13162142       7927       2000      10000         29
   0       14     2025     9984     15060128452     15060138436        13172142       7929       2000      10000         29
   0       14     2021     9983     15060138453     15060148436        13182142       7932       2000      10000         29
   0       14     2023     9983     15060148453     15060158436        13192142       7931       2000      10000         29
   0       14     2025     9983     15060158453     15060168436        13202142       7928       2000      10000         29
   0       14     1979     9929     15060168508     15060178436        13212198       7919       2000      10000         29
   0       14     2024     9983     15060178453     15060188436        13222143       7929       2000      10000         29
   0       14     2024     9983     15060188453     15060198436        13232142       7929       2000      10000         29
   0       14     2021     9983     15060198453     15060208436        13242142       7932       2000      10000         29
   0       14     2024     9983     15060208453     15060218436        13252142       7929       2000      10000         29
   0       14     2021     9984     15060218453     15060228436        13262142       7933       2000      10000         29
   0       14     2023     9983     15060228453     15060238436        13272142       7930       2000      10000         29
   0       14     2024     9983     15060238453     15060248436        13282142       7929       2000      10000         29
   0       14     2022     9983     15060248452     15060258436        13292142       7931       2000      10000         28
   0       14     2025     9984     15060258452     15060268436        13302142       7929       2000      10000         29
   0       14     2023     9983     15060268453     15060278436        13312142       7930       2000      10000         28
   0       14     2027     9984     15060278452     15060288436        13322142       7927       2000      10000         29
   0       14     2025     9983     15060288453     15060298436        13332143       7928       2000      10000         29
   0       14     2023     9983     15060298453     15060308436        13342143       7930       2000      10000         28
   0       14     2024     9984     15060308452     15060318436        13352142       7930       2000      10000         29
   0       14     2021     9983     15060318453     15060328436        13362143       7932       2000      10000         29
   0       14     2023     9983     15060328452     15060338435        13372142       7931       2000      10000         28
   0       14     2026     9984     15060338452     15060348436        13382141       7929       2000      10000         29
   0       14     2024     9983     15060348453     15060358435        13392142       7929       2000      10000         28
   0       14     2022     9984     15060358452     15060368436        13402142       7932       2000      10000         28
   0       14     2021     9984     15060368452     15060378436        13412142       7932       2000      10000         29
   0       14     2021     9984     15060378453     15060388436        13422142       7932       2000      10000         29
   0       14     2023     9983     15060388453     15060398436        13432142       7930       2000      10000         29
   0       14     2024     9983     15060398453     15060408435        13442142       7929       2000      10000         28
   0       14     2026     9984     15060408452     15060418436        13452141       7928       2000      10000         29
   0       14     2026     9984     15060418453     15060428436        13462142       7928       2000      10000         29
   0       14     2022     9983     15060428453     15060438436        13472142       7931       2000      10000         28
   0       14     2022     9984     15060438452     15060448436        13482142       7932       2000      10000         29
   0       14     2025     9983     15060448453     15060458436        13492142       7928       2000      10000         28
   0       14     2023     9984     15060458452     15060468436        13502142       7931       2000      10000         28
   0       14     2021     9984     15060468452     15060478436        13512142       7933       2000      10000         29
   0       14     2024     9984     15060478453     15060488436        13522142       7929       2000      10000         29
   0       14     2022     9983     15060488453     15060498436        13532142       7932       2000      10000         29
   0       14     1979     9926     15060498509     15060508436        13542199       7918       2000      10000         28
   0       14     2023     9984     15060508452     15060518436        13552142       7931       2000      10000         29
   0       14     2022     9983     15060518453     15060528436        13562142       7932       2000      10000         29
   0       14     2025     9983     15060528453     15060538436        13572142       7928       2000      10000         28
   0       14     2023     9984     15060538452     15060548436        13582142       7931       2000      10000         29
   0       14     2024     9983     15060548453     15060558436        13592142       7929       2000      10000         28
   0       14     2024     9984     15060558452     15060568436        13602142       7930       2000      10000         29
   0       14     2025     9983     15060568453     15060578436        13612143       7929       2000      10000         28
   0       14     2021     9984     15060578452     15060588436        13622142       7933       2000      10000         29
   0       14     2020     9983     15060588453     15060598436        13632142       7933       2000      10000         29
   0       14     2022     9983     15060598453     15060608436        13642142       7932       2000      10000         28
   0       14     2026     9983     15060608452     15060618436        13652142       7927       2000      10000         28
   0       14     2021     9984     15060618452     15060628436        13662142       7933       2000      10000         29
   0       14     2021     9984     15060628453     15060638436        13672142       7932       2000      10000         29
   0       14     2024     9983     15060638453     15060648436        13682143       7929       2000      10000         28
   0       14     2021     9983     15060648452     15060658436        13692142       7933       2000      10000         28
   0       14     2021     9984     15060658452     15060668436        13702142       7933       2000      10000         29
   0       14     2024     9983     15060668453     15060678436        13712142       7929       2000      10000         28
   0       14     2023     9983     15060678452     15060688436        13722142       7931       2000      10000         28
   0       14     2026     9983     15060688452     15060698436        13732142       7927       2000      10000         28
   0       14     2014     9983     15060698452     15060708436        13742142       7939       2000      10000         28
   0       14     2026     9984     15060708452     15060718436        13752142       7928       2000      10000         29
   0       14     2024     9984     15060718453     15060728437        13762142       7929       2000      10000         29
   0       14     2026     9983     15060728453     15060738436        13772143       7927       2000      10000         29
   0       14     2022     9983     15060738453     15060748436        13782142       7931       2000      10000         28
   0       14     2021     9984     15060748452     15060758436        13792142       7933       2000      10000         29
   0       14     2021     9983     15060758453     15060768436        13802142       7933       2000      10000         29
   0       14     2023     9984     15060768452     15060778436        13812142       7931       2000      10000         29
   0       14     2022     9984     15060778453     15060788436        13822142       7932       2000      10000         29
   0       14     2024     9983     15060788453     15060798436        13832143       7929       2000      10000         29
   0       14     2024     9983     15060798453     15060808435        13842142       7929       2000      10000         28
   0       14     2022     9984     15060808452     15060818436        13852141       7932       2000      10000         28
   0       14     2022     9984     15060818452     15060828436        13862142       7932       2000      10000         29
   0       14     1979     9928     15060828508     15060838437        13872198       7919       2000      10000         29
   0       14     2021     9983     15060838454     15060848436        13882143       7932       2000      10000         29
   0       14     2027     9983     15060848453     15060858436        13892142       7926       2000      10000         29
   0       14     2023     9983     15060858453     15060868436        13902142       7930       2000      10000         29
   0       14     2022     9987     15060868452     15060878439        13912142       7931       2000      10000         32
   0       14     2019     9979     15060878457     15060888436        13922146       7931       2000      10000         29
   0       14     2024     9983     15060888453     15060898436        13932142       7929       2000      10000         29
   0       14     2022     9984     15060898452     15060908436        13942142       7931       2000      10000         29
   0       14     2022     9983     15060908453     15060918436        13952142       7931       2000      10000         28
   0       14     2021     9984     15060918452     15060928436        13962142       7933       2000      10000         29
   0       14     2027     9983     15060928453     15060938436        13972143       7926       2000      10000         28
   0       14     2022     9984     15060938452     15060948436        13982142       7932       2000      10000         28
   0       14     2023     9985     15060948452     15060958437        13992142       7931       2000      10000         29
   0       14     2026     9982     15060958454     15060968436        14002143       7927       2000      10000         28
   0       14     2024     9984     15060968452     15060978436        14012142       7929       2000      10000         29
   0       14     2020     9982     15060978453     15060988435        14022142       7934       2000      10000         28
   0       14     2023     9984     15060988452     15060998436        14032142       7932       2000      10000         28
   0       14     2022     9984     15060998452     15061008436        14042142       7932       2000      10000         29
   0       14     2027     9983     15061008453     15061018436        14052143       7926       2000      10000         29
   0       14     2022     9983     15061018453     15061028436        14062142       7932       2000      10000         29
   0       14     2017     9983     15061028453     15061038436        14072142       7937       2000      10000         29
   0       14     2026     9961     15061038453     15061048414        14082142       7928       2000      10000          7
   0       14     1979    10018     15061048418     15061058436        14092107       8010       2000      10000         29
   0       14     2023     9983     15061058453     15061068436        14102142       7930       2000      10000         29
   0       14     2024     9984     15061068452     15061078437        14112142       7929       2000      10000         29
   0       14     2021     9983     15061078453     15061088436        14122143       7931       2000      10000         29
   0       14     2027     9983     15061088453     15061098436        14132142       7926       2000      10000         28
   0       14     2025     9984     15061098452     15061108437        14142142       7929       2000      10000         29
   0       14     2024     9983     15061108453     15061118436        14152143       7929       2000      10000         29
   0       14     2025     9984     15061118453     15061128436        14162142       7928       2000      10000         29
   0       14     2021     9984     15061128453     15061138436        14172142       7932       2000      10000         29
   0       14     2021     9983     15061138453     15061148436        14182143       7932       2000      10000         29
   0       14     2022     9983     15061148453     15061158436        14192142       7932       2000      10000         29
   0       14     1979     9931     15061158506     15061168437        14202195       7921       2000      10000         30
   0       14     2023     9982     15061168454     15061178436        14212143       7930       2000      10000         29
   0       14     2024     9983     15061178453     15061188436        14222142       7929       2000      10000         29
   0       14     2026     9984     15061188452     15061198437        14232142       7928       2000      10000         29
   0       14     2024     9983     15061198453     15061208436        14242143       7929       2000      10000         29
   0       14     2022     9983     15061208453     15061218436        14252142       7931       2000      10000         28
   0       14     2023     9984     15061218452     15061228437        14262142       7931       2000      10000         29
   0       14     2020     9961     15061228453     15061238414        14272143       7933       2000      10000          7
   0       14     1979     9996     15061238418     15061248414        14282107       8010       2000      10000          7
   0       14     1979     9996     15061248418     15061258414        14292107       8010       2000      10000          7
   0       14     1979    10020     15061258418     15061268437        14302107       8010       2000      10000         30
   0       14     1979     9995     15061268441     15061278436        14312130       7986       2000      10000         29
   0       14     2025     9984     15061278453     15061288437        14322142       7928       2000      10000         29
   0       14     2021     9983     15061288453     15061298436        14332143       7932       2000      10000         29
   0       14     2025     9984     15061298453     15061308436        14342142       7929       2000      10000         29
   0       14     2024     9983     15061308453     15061318436        14352143       7929       2000      10000         29
   0       14     2025     9983     15061318453     15061328436        14362142       7928       2000      10000         29
   0       14     2025     9983     15061328453     15061338436        14372142       7928       2000      10000         29
   0       14     2021     9984     15061338453     15061348437        14382142       7932       2000      10000         29
   0       14     2024     9982     15061348453     15061358436        14392143       7928       2000      10000         28
   0       14     2025     9984     15061358452     15061368436        14402142       7929       2000      10000         29
   0       14     2021     9983     15061368453     15061378436        14412142       7932       2000      10000         29
   0       14     2025     9984     15061378453     15061388437        14422142       7929       2000      10000         29
   0       14     2024     9982     15061388453     15061398436        14432143       7928       2000      10000         28
   0       14     2025     9984     15061398452     15061408436        14442142       7929       2000      10000         29
   0       14     2025     9983     15061408453     15061418436        14452142       7928       2000      10000         29
   0       14     2022     9983     15061418453     15061428436        14462142       7931       2000      10000         29
   0       14     2022     9983     15061428453     15061438436        14472142       7931       2000      10000         29
   0       14     2024     9983     15061438453     15061448436        14482142       7929       2000      10000         28
   0       14     2022     9984     15061448452     15061458436        14492142       7931       2000      10000         29
   0       14     2016     9983     15061458453     15061468436        14502142       7937       2000      10000         29
   0       14     2024     9983     15061468452     15061478436        14512142       7929       2000      10000         28
   0       14     2021     9983     15061478452     15061488436        14522142       7932       2000      10000         28
   0       14     1979     9928     15061488509     15061498436        14532198       7919       2000      10000         29
   0       14     2021     9983     15061498453     15061508436        14542143       7932       2000      10000         28
   0       14     2021     9984     15061508452     15061518436        14552142       7932       2000      10000         29
   0       14     2022     9983     15061518452     15061528436        14562142       7932       2000      10000         28
   0       14     2022     9983     15061528452     15061538436        14572142       7932       2000      10000         28
   0       14     2022     9985     15061538452     15061548437        14582142       7932       2000      10000         30
   0       14     2021     9983     15061548454     15061558437        14592143       7932       2000      10000         29
   0       14     2022     9982     15061558453     15061568436        14602143       7931       2000      10000         28
   0       14     2026     9984     15061568452     15061578436        14612142       7927       2000      10000         29
   0       14     2023     9983     15061578453     15061588436        14622142       7931       2000      10000         29
   0       14     2021     9983     15061588452     15061598436        14632142       7933       2000      10000         28
   0       14     2026     9984     15061598452     15061608436        14642142       7928       2000      10000         28
   0       14     2025     9983     15061608452     15061618436        14652142       7929       2000      10000         28
   0       14     2026     9984     15061618452     15061628436        14662142       7928       2000      10000         28
   0       14     2022     9983     15061628453     15061638436        14672142       7932       2000      10000         28
   0       14     2021     9984     15061638452     15061648436        14682142       7933       2000      10000         29
   0       14     2027     9983     15061648453     15061658436        14692142       7927       2000      10000         28
   0       14     2022     9984     15061658452     15061668436        14702142       7932       2000      10000         29
   0       14     2022     9984     15061668453     15061678436        14712142       7931       2000      10000         29
   0       14     2025     9983     15061678453     15061688436        14722143       7928       2000      10000         28
   0       14     2022     9984     15061688452     15061698436        14732142       7932       2000      10000         29
   0       14     2024     9983     15061698452     15061708435        14742142       7929       2000      10000         28
   0       14     2024     9984     15061708452     15061718436        14752142       7930       2000      10000         29
   0       14     2021     9983     15061718453     15061728436        14762142       7933       2000      10000         29
   0       14     2027     9983     15061728453     15061738436        14772142       7927       2000      10000         29
   0       14     2023     9983     15061738452     15061748436        14782142       7931       2000      10000         29
   0       14     2022     9984     15061748452     15061758436        14792142       7932       2000      10000         29
   0       14     2022     9983     15061758453     15061768436        14802142       7931       2000      10000         29
   0       14     2021     9983     15061768453     15061778436        14812142       7932       2000      10000         28
   0       14     2022     9983     15061778452     15061788435        14822142       7932       2000      10000         28
   0       14     2014     9985     15061788452     15061798436        14832141       7941       2000      10000         29
   0       14     2020     9983     15061798453     15061808436        14842142       7933       2000      10000         28
   0       14     2027     9984     15061808452     15061818436        14852142       7926       2000      10000         29
   0       14     1979     9931     15061818505     15061828436        14862195       7922       2000      10000         29
   0       14     2021     9983     15061828453     15061838436        14872143       7932       2000      10000         29
   0       14     2027     9983     15061838453     15061848436        14882142       7927       2000      10000         29
   0       14     2021     9984     15061848452     15061858436        14892142       7932       2000      10000         29
   0       14     2025     9983     15061858453     15061868436        14902142       7928       2000      10000         29
   0       14     2023     9987     15061868453     15061878440        14912142       7930       2000      10000         32
   0       14     2019     9978     15061878458     15061888435        14922147       7929       2000      10000         28
   0       14     2022     9984     15061888452     15061898436        14932142       7932       2000      10000         28
   0       14     2023     9983     15061898452     15061908435        14942142       7931       2000      10000         28
   0       14     2024     9984     15061908452     15061918435        14952141       7930       2000      10000         28
   0       14     2028     9984     15061918452     15061928436        14962142       7926       2000      10000         28
   0       14     2022     9983     15061928453     15061938436        14972142       7931       2000      10000         29
   0       14     2025     9983     15061938452     15061948436        14982142       7928       2000      10000         28
   0       14     2026     9983     15061948452     15061958436        14992142       7927       2000      10000         28
   0       14     2024     9983     15061958452     15061968435        15002142       7930       2000      10000         28
   0       14     2022     9963     15061968452     15061978415        15012142       7932       2000      10000          8
   0       14     1980    10018     15061978419     15061988437        15022108       8008       2000      10000         29
   0       14     2020     9983     15061988453     15061998437        15032143       7933       2000      10000         29
   0       14     2027     9984     15061998453     15062008437        15042143       7926       2000      10000         29
   0       14     2020     9982     15062008453     15062018436        15052143       7933       2000      10000         28
   0       14     2026     9983     15062018452     15062028435        15062142       7928       2000      10000         28
   0       14     2024     9984     15062028452     15062038436        15072141       7930       2000      10000         28
   0       14     2019     9984     15062038452     15062048436        15082142       7935       2000      10000         28
   0       14     2022     9985     15062048452     15062058437        15092142       7931       2000      10000         30
   0       14     2023     9981     15062058454     15062068435        15102144       7929       2000      10000         28
   0       14     2022     9984     15062068452     15062078435        15112141       7932       2000      10000         28
   0       14     2024     9984     15062078452     15062088435        15122141       7930       2000      10000         28
   0       14     2027     9984     15062088452     15062098436        15132141       7927       2000      10000         28
   0       14     2024     9983     15062098452     15062108435        15142142       7930       2000      10000         28
   0       14     2025     9984     15062108452     15062118435        15152141       7930       2000      10000         28
   0       14     2017     9984     15062118452     15062128436        15162142       7937       2000      10000         29
   0       14     2022     9983     15062128453     15062138435        15172142       7931       2000      10000         28
   0       14     2026     9983     15062138452     15062148435        15182141       7928       2000      10000         28
   0       14     1979     9928     15062148509     15062158436        15192198       7919       2000      10000         29
   0       14     2023     9982     15062158453     15062168435        15202143       7930       2000      10000         28
   0       14     2021     9983     15062168452     15062178435        15212142       7933       2000      10000         28
   0       14     2025     9984     15062178452     15062188436        15222141       7929       2000      10000         28
   0       14     2025     9983     15062188452     15062198435        15232142       7929       2000      10000         28
   0       14     2026     9983     15062198452     15062208435        15242141       7929       2000      10000         28
   0       14     2025     9984     15062208452     15062218436        15252141       7930       2000      10000         28
   0       14     2020     9983     15062218452     15062228435        15262142       7933       2000      10000         28
   0       14     2022     9984     15062228452     15062238436        15272141       7933       2000      10000         28
   0       14     2025     9983     15062238452     15062248435        15282142       7929       2000      10000         28
   0       14     2022     9984     15062248452     15062258436        15292142       7932       2000      10000         29
   0       14     2021     9983     15062258452     15062268436        15302142       7932       2000      10000         28
   0       14     2025     9983     15062268452     15062278436        15312142       7929       2000      10000         28
   0       14     2022     9985     15062278452     15062288437        15322142       7932       2000      10000         29
   0       14     2023     9983     15062288453     15062298436        15332143       7929       2000      10000         29
   0       14     2024     9982     15062298452     15062308435        15342142       7930       2000      10000         28
   0       14     2023     9984     15062308451     15062318436        15352141       7931       2000      10000         28
   0       14     2019     9984     15062318452     15062328436        15362142       7935       2000      10000         29
   0       14     2022     9983     15062328453     15062338435        15372142       7932       2000      10000         28
   0       14     2022     9983     15062338452     15062348435        15382141       7932       2000      10000         28
   0       14     2022     9985     15062348452     15062358436        15392141       7933       2000      10000         29
   0       14     2021     9983     15062358453     15062368436        15402143       7932       2000      10000         28
   0       14     2025     9983     15062368452     15062378436        15412142       7929       2000      10000         28
   0       14     2024     9984     15062378452     15062388436        15422142       7930       2000      10000         29
   0       14     2021     9983     15062388453     15062398436        15432142       7932       2000      10000         28
   0       14     2019     9983     15062398452     15062408436        15442142       7935       2000      10000         28
   0       14     2022     9984     15062408452     15062418436        15452142       7931       2000      10000         29
   0       14     2022     9983     15062418452     15062428435        15462142       7932       2000      10000         28
   0       14     2022     9983     15062428452     15062438435        15472142       7932       2000      10000         28
   0       14     2022     9984     15062438452     15062448436        15482141       7933       2000      10000         28
   0       14     2026     9983     15062448452     15062458435        15492142       7928       2000      10000         28
   0       14     2026     9983     15062458452     15062468435        15502141       7928       2000      10000         28
   0       14     2026     9984     15062468452     15062478436        15512141       7928       2000      10000         29
   0       14     1979     9927     15062478509     15062488436        15522198       7918       2000      10000         28
   0       14     2020     9983     15062488453     15062498435        15532142       7933       2000      10000         28
   0       14     2022     9983     15062498452     15062508435        15542141       7932       2000      10000         28
   0       14     2025     9984     15062508452     15062518436        15552141       7929       2000      10000         29
   0       14     2023     9983     15062518452     15062528435        15562142       7931       2000      10000         28
   0       14     2010     9962     15062528451     15062538414        15572141       7945       2000      10000          7
   0       14     1979     9996     15062538417     15062548413        15582107       8010       2000      10000          7
   0       14     1979     9997     15062548417     15062558414        15592107       8010       2000      10000          7
   0       14     1979    10029     15062558418     15062568447        15602107       8010       2000      10000         40
   0       14     1979     9985     15062568450     15062578435        15612140       7977       2000      10000         28
   0       14     2023    10005     15062578452     15062588457        15622141       7932       2000      10000         50
   0       14     1979     9977     15062588460     15062598437        15632150       7967       2000      10000         30
   0       14     2020     9982     15062598454     15062608436        15642143       7932       2000      10000         28
   0       14     2024     9984     15062608452     15062618436        15652142       7929       2000      10000         29
   0       14     2025     9983     15062618453     15062628436        15662142       7928       2000      10000         28
   0       14     2025     9984     15062628452     15062638436        15672142       7929       2000      10000         29
   0       14     2027     9983     15062638452     15062648436        15682142       7927       2000      10000         28
   0       14     2024     9983     15062648452     15062658436        15692142       7930       2000      10000         28
   0       14     2023     9983     15062658452     15062668436        15702142       7931       2000      10000         28
   0       14     2027     9984     15062668452     15062678436        15712142       7927       2000      10000         28
   0       14     2024     9984     15062678452     15062688436        15722142       7930       2000      10000         29
   0       14     2024     9983     15062688453     15062698435        15732142       7929       2000      10000         28
   0       14     2023     9984     15062698452     15062708436        15742141       7932       2000      10000         28
   0       14     2025     9984     15062708452     15062718436        15752142       7928       2000      10000         28
   0       14     2026     9984     15062718452     15062728436        15762142       7928       2000      10000         29
   0       14     2024     9982     15062728453     15062738435        15772142       7929       2000      10000         27
   0       14     2024     9984     15062738451     15062748435        15782141       7931       2000      10000         28
   0       14     2027     9984     15062748452     15062758436        15792142       7927       2000      10000         28
   0       14     2022     9984     15062758452     15062768436        15802142       7932       2000      10000         28
   0       14     2022     9984     15062768452     15062778436        15812142       7932       2000      10000         29
   0       14     2024     9984     15062778452     15062788436        15822142       7929       2000      10000         29
   0       14     2017     9983     15062788453     15062798436        15832142       7936       2000      10000         28
   0       14     2023     9983     15062798452     15062808436        15842142       7931       2000      10000         28
   0       14     1979     9930     15062808507     15062818437        15852197       7920       2000      10000         29
   0       14     2021     9983     15062818453     15062828437        15862143       7932       2000      10000         29
   0       14     2026     9982     15062828453     15062838436        15872143       7926       2000      10000         28
   0       14     2023     9984     15062838452     15062848436        15882142       7931       2000      10000         28
   0       14     2025     9983     15062848452     15062858436        15892142       7928       2000      10000         29
   0       14     2024     9984     15062858453     15062868436        15902142       7929       2000      10000         29
   0       14     2025     9986     15062868453     15062878439        15912142       7928       2000      10000         31
   0       14     2008     9979     15062878457     15062888436        15922146       7941       2000      10000         29
   0       14     2021     9983     15062888453     15062898436        15932142       7932       2000      10000         28
   0       14     2022     9984     15062898452     15062908436        15942142       7932       2000      10000         29
   0       14     2023     9983     15062908453     15062918436        15952142       7930       2000      10000         28
   0       14     2023     9984     15062918452     15062928436        15962142       7931       2000      10000         29
   0       14     2024     9983     15062928453     15062938436        15972143       7929       2000      10000         28
   0       14     2026     9984     15062938452     15062948437        15982142       7928       2000      10000         29
   0       14     2024     9982     15062948453     15062958435        15992143       7929       2000      10000         28
   0       14     2024     9984     15062958452     15062968436        16002141       7931       2000      10000         28
   0       14     2022     9985     15062968452     15062978437        16012142       7931       2000      10000         30
   0       14     2021     9982     15062978454     15062988436        16022143       7932       2000      10000         28
   0       14     2028     9984     15062988452     15062998436        16032142       7926       2000      10000         29
   0       14     2023     9984     15062998453     15063008437        16042143       7931       2000      10000         29
   0       14     2024     9983     15063008453     15063018436        16052143       7929       2000      10000         29
   0       14     2023     9984     15063018453     15063028436        16062142       7931       2000      10000         29
   0       14     2026     9983     15063028453     15063038436        16072142       7927       2000      10000         29
   0       14     2023     9983     15063038453     15063048436        16082142       7930       2000      10000         28
   0       14     2026     9983     15063048452     15063058436        16092142       7928       2000      10000         28
   0       14     2021     9983     15063058452     15063068436        16102142       7932       2000      10000         28
   0       14     2023     9983     15063068452     15063078435        16112142       7930       2000      10000         28
   0       14     2025     9984     15063078452     15063088436        16122141       7929       2000      10000         29
   0       14     2024     9983     15063088453     15063098436        16132142       7929       2000      10000         29
   0       14     2025     9983     15063098453     15063108436        16142142       7928       2000      10000         29
   0       14     2022     9984     15063108453     15063118436        16152142       7931       2000      10000         29
   0       14     2022     9983     15063118453     15063128436        16162142       7931       2000      10000         29
   0       14     2025     9983     15063128453     15063138436        16172142       7928       2000      10000         28
   0       14     1979     9928     15063138509     15063148436        16182198       7918       2000      10000         29
   0       14     2027     9983     15063148453     15063158436        16192143       7926       2000      10000         29
   0       14     2021     9984     15063158453     15063168436        16202142       7933       2000      10000         29
   0       14     2024     9983     15063168453     15063178436        16212142       7929       2000      10000         28
   0       14     2025     9984     15063178452     15063188436        16222142       7929       2000      10000         29
   0       14     2021     9982     15063188453     15063198435        16232142       7932       2000      10000         28
   0       14     2024     9984     15063198452     15063208436        16242141       7930       2000      10000         28
   0       14     2017     9984     15063208452     15063218436        16252142       7937       2000      10000         28
   0       14     2025     9983     15063218452     15063228435        16262142       7929       2000      10000         27
   0       14     2026     9985     15063228451     15063238436        16272141       7929       2000      10000         29
   0       14     2024     9984     15063238453     15063248437        16282142       7930       2000      10000         29
   0       14     2020     9982     15063248454     15063258436        16292143       7932       2000      10000         28
   0       14     2026     9984     15063258452     15063268436        16302142       7928       2000      10000         29
   0       14     2021     9983     15063268453     15063278436        16312142       7932       2000      10000         28
   0       14     2024     9984     15063278452     15063288436        16322142       7929       2000      10000         29
   0       14     2025     9983     15063288452     15063298436        16332142       7929       2000      10000         28
   0       14     2021     9984     15063298452     15063308436        16342142       7933       2000      10000         28
   0       14     2020     9983     15063308452     15063318436        16352142       7934       2000      10000         28
   0       14     2023     9983     15063318452     15063328435        16362142       7931       2000      10000         28
   0       14     2027     9984     15063328452     15063338436        16372141       7928       2000      10000         29
   0       14     2025     9983     15063338452     15063348435        16382142       7929       2000      10000         28
   0       14     2023     9984     15063348452     15063358436        16392141       7932       2000      10000         28
   0       14     2024     9985     15063358452     15063368437        16402142       7930       2000      10000         29
   0       14     2025     9981     15063368453     15063378435        16412143       7928       2000      10000         27
   0       14     2023     9983     15063378451     15063388435        16422141       7932       2000      10000         27
   0       14     2021     9984     15063388451     15063398435        16432141       7934       2000      10000         27
   0       14     2022     9984     15063398451     15063408435        16442141       7933       2000      10000         28
   0       14     2022     9984     15063408452     15063418436        16452141       7932       2000      10000         28
   0       14     2026     9982     15063418452     15063428435        16462142       7928       2000      10000         27
   0       14     2023     9984     15063428451     15063438435        16472141       7931       2000      10000         28
   0       14     2025     9984     15063438451     15063448435        16482141       7929       2000      10000         28
   0       14     2026     9983     15063448452     15063458435        16492141       7929       2000      10000         27
   0       14     2027     9985     15063458451     15063468436        16502141       7928       2000      10000         29
   0       14     1979     9926     15063468510     15063478435        16512199       7918       2000      10000         28
   0       14     2022     9983     15063478452     15063488435        16522142       7932       2000      10000         28
   0       14     2023     9984     15063488452     15063498435        16532141       7932       2000      10000         28
   0       14     2027     9983     15063498452     15063508435        16542141       7927       2000      10000         28
   0       14     2024     9984     15063508452     15063518436        16552141       7931       2000      10000         28
   0       14     2025     9982     15063518452     15063528434        16562142       7929       2000      10000         27
   0       14     2026     9984     15063528451     15063538435        16572140       7930       2000      10000         28
   0       14     2022     9984     15063538452     15063548435        16582141       7932       2000      10000         28
   0       14     2027     9983     15063548452     15063558435        16592141       7927       2000      10000         28
   0       14     2023     9984     15063558452     15063568436        16602141       7931       2000      10000         29
   0       14     2021     9982     15063568453     15063578435        16612142       7933       2000      10000         28
   0       14     2023     9983     15063578452     15063588435        16622141       7932       2000      10000         28
   0       14     2022     9984     15063588452     15063598435        16632141       7933       2000      10000         28
   0       14     2025     9984     15063598452     15063608435        16642141       7930       2000      10000         28
   0       14     2024     9984     15063608452     15063618436        16652141       7930       2000      10000         29
   0       14     2025     9982     15063618453     15063628435        16662142       7929       2000      10000         28
   0       14     2027     9984     15063628452     15063638436        16672141       7927       2000      10000         29
   0       14     2019     9983     15063638452     15063648435        16682142       7934       2000      10000         28
   0       14     2023     9984     15063648452     15063658436        16692141       7931       2000      10000         28
   0       14     2027     9983     15063658452     15063668436        16702142       7927       2000      10000         28
   0       14     2022     9982     15063668452     15063678434        16712142       7932       2000      10000         26
   0       14     2026     9985     15063678450     15063688435        16722140       7930       2000      10000         28
   0       14     2026     9983     15063688452     15063698434        16732141       7929       2000      10000         27
   0       14     2026     9984     15063698451     15063708435        16742141       7929       2000      10000         28
   0       14     2022     9983     15063708452     15063718434        16752141       7932       2000      10000         27
   0       14     2027     9983     15063718451     15063728434        16762140       7928       2000      10000         27
   0       14     2023     9984     15063728451     15063738435        16772140       7933       2000      10000         27
   0       14     2028     9983     15063738451     15063748434        16782141       7927       2000      10000         27
   0       14     2023     9985     15063748451     15063758435        16792140       7932       2000      10000         28
   0       14     2025     9983     15063758452     15063768434        16802141       7929       2000      10000         27
   0       14     2027     9983     15063768451     15063778434        16812140       7929       2000      10000         26
   0       14     2027     9985     15063778450     15063788436        16822140       7929       2000      10000         28
   0       14     2027     9982     15063788452     15063798434        16832142       7927       2000      10000         27
   0       14     1979     9930     15063798506     15063808436        16842196       7921       2000      10000         29
   0       14     2021     9961     15063808453     15063818413        16852142       7932       2000      10000          7
   0       14     1979     9996     15063818417     15063828413        16862107       8010       2000      10000          7
   0       14     1979     9996     15063828417     15063838413        16872107       8010       2000      10000          6
   0       14     1979     9996     15063838417     15063848413        16882107       8010       2000      10000          7
   0       14     1979    10018     15063848417     15063858435        16892107       8010       2000      10000         28
   0       14     2023     9983     15063858452     15063868435        16902141       7932       2000      10000         27
   0       14     2022     9988     15063868451     15063878439        16912141       7933       2000      10000         32
   0       14     2015     9978     15063878457     15063888435        16922146       7934       2000      10000         27
   0       14     2023     9984     15063888451     15063898435        16932141       7932       2000      10000         27
   0       14     2028     9983     15063898451     15063908434        16942141       7927       2000      10000         27
   0       14     2024     9983     15063908451     15063918434        16952140       7931       2000      10000         27
   0       14     2028     9983     15063918451     15063928434        16962140       7927       2000      10000         27
   0       14     2025     9985     15063928451     15063938435        16972140       7931       2000      10000         28
   0       14     2025     9983     15063938452     15063948435        16982141       7930       2000      10000         27
   0       14     2023     9983     15063948451     15063958434        16992141       7932       2000      10000         27
   0       14     2023     9984     15063958451     15063968435        17002141       7932       2000      10000         28
   0       14     2015     9983     15063968452     15063978435        17012141       7939       2000      10000         27
   0       14     2029     9983     15063978451     15063988434        17022141       7926       2000      10000         27
   0       14     2026     9987     15063988451     15063998437        17032140       7930       2000      10000         30
   0       14     2023     9982     15063998454     15064008436        17042144       7929       2000      10000         28
   0       14     2025     9985     15064008452     15064018437        17052142       7929       2000      10000         30
   0       14     2024     9982     15064018454     15064028436        17062143       7929       2000      10000         29
   0       14     2022     9982     15064028453     15064038435        17072142       7931       2000      10000         27
   0       14     2025     9986     15064038451     15064048437        17082141       7930       2000      10000         29
   0       14     2020     9981     15064048453     15064058435        17092143       7933       2000      10000         28
   0       14     2019     9986     15064058451     15064068437        17102141       7936       2000      10000         30
   0       14     2021     9983     15064068454     15064078436        17112143       7931       2000      10000         29
   0       14     2025     9983     15064078453     15064088436        17122143       7928       2000      10000         29
   0       14     2024     9984     15064088453     15064098437        17132142       7930       2000      10000         29
   0       14     2019     9982     15064098453     15064108435        17142143       7934       2000      10000         28
   0       14     2023     9984     15064108452     15064118436        17152141       7931       2000      10000         29
   0       14     2025     9984     15064118453     15064128436        17162142       7928       2000      10000         29
   0       14     1979     9933     15064128504     15064138437        17172194       7923       2000      10000         30
   0       14     2027     9982     15064138454     15064148435        17182143       7926       2000      10000         28
   0       14     2022     9984     15064148452     15064158436        17192141       7932       2000      10000         28
   0       14     2025     9984     15064158452     15064168436        17202142       7929       2000      10000         29
   0       14     2024     9982     15064168453     15064178436        17212143       7928       2000      10000         28
   0       14     2026     9982     15064178452     15064188434        17222142       7928       2000      10000         27
   0       14     2025     9984     15064188451     15064198435        17232141       7930       2000      10000         28
   0       14     2025     9983     15064198452     15064208435        17242141       7929       2000      10000         28
   0       14     2025     9983     15064208452     15064218435        17252141       7929       2000      10000         28
   0       14     2025     9984     15064218452     15064228435        17262141       7929       2000      10000         28
   0       14     2026     9984     15064228452     15064238436        17272142       7928       2000      10000         29
   0       14     2021     9983     15064238452     15064248436        17282142       7933       2000      10000         28
   0       14     2025     9984     15064248452     15064258436        17292142       7929       2000      10000         28
   0       14     2021     9983     15064258452     15064268435        17302142       7933       2000      10000         28
   0       14     2026     9985     15064268452     15064278437        17312142       7928       2000      10000         29
   0       14     2021     9984     15064278453     15064288437        17322143       7932       2000      10000         29
   0       14     2024     9981     15064288453     15064298435        17332143       7928       2000      10000         28
   0       14     2012     9984     15064298452     15064308435        17342141       7942       2000      10000         28
   0       14     2025     9984     15064308452     15064318436        17352141       7930       2000      10000         28
   0       14     2021     9983     15064318452     15064328435        17362142       7933       2000      10000         27
   0       14     2026     9985     15064328451     15064338436        17372141       7929       2000      10000         29
   0       14     2022     9982     15064338453     15064348435        17382142       7932       2000      10000         27
   0       14     2024     9984     15064348451     15064358435        17392141       7930       2000      10000         28
   0       14     2022     9962     15064358452     15064368413        17402141       7932       2000      10000          7
   0       14     1979    10018     15064368417     15064378435        17412107       8010       2000      10000         28
   0       14     2026     9985     15064378452     15064388437        17422142       7928       2000      10000         29
   0       14     2021     9983     15064388453     15064398436        17432143       7931       2000      10000         29
   0       14     2017     9983     15064398452     15064408435        17442142       7937       2000      10000         28
   0       14     2025     9983     15064408452     15064418435        17452142       7929       2000      10000         28
   0       14     2023     9984     15064418452     15064428435        17462141       7931       2000      10000         28
   0       14     2025     9983     15064428452     15064438435        17472141       7929       2000      10000         28
   0       14     2025     9984     15064438452     15064448436        17482141       7930       2000      10000         28
   0       14     2025     9983     15064448452     15064458435        17492142       7929       2000      10000         28
   0       14     1979     9927     15064458509     15064468436        17502199       7918       2000      10000         29
   0       14     2019     9982     15064468453     15064478435        17512143       7933       2000      10000         28
   0       14     2023     9983     15064478452     15064488435        17522141       7932       2000      10000         28
   0       14     2022     9984     15064488452     15064498435        17532141       7932       2000      10000         28
   0       14     2023     9983     15064498452     15064508435        17542142       7931       2000      10000         27
   0       14     2022     9984     15064508451     15064518435        17552141       7933       2000      10000         28
   0       14     2026     9983     15064518452     15064528435        17562141       7928       2000      10000         28
   0       14     2025     9983     15064528452     15064538435        17572141       7929       2000      10000         28
   0       14     2021     9984     15064538452     15064548435        17582141       7934       2000      10000         28
   0       14     2023     9984     15064548452     15064558435        17592141       7931       2000      10000         28
   0       14     2022     9983     15064558452     15064568435        17602142       7932       2000      10000         28
   0       14     2027     9984     15064568452     15064578436        17612141       7928       2000      10000         28
   0       14     2021     9983     15064578452     15064588436        17622142       7932       2000      10000         28
   0       14     2026     9984     15064588452     15064598436        17632142       7928       2000      10000         29
   0       14     2021     9983     15064598452     15064608435        17642142       7932       2000      10000         28
   0       14     2025     9984     15064608452     15064618436        17652141       7929       2000      10000         28
   0       14     2027     9983     15064618452     15064628435        17662142       7927       2000      10000         28
   0       14     2022     9984     15064628452     15064638436        17672141       7932       2000      10000         29
   0       14     2021     9983     15064638453     15064648435        17682142       7933       2000      10000         28
   0       14     2027     9984     15064648452     15064658435        17692141       7927       2000      10000         28
   0       14     2022     9984     15064658452     15064668436        17702142       7932       2000      10000         28
   0       14     2025     9983     15064668453     15064678436        17712142       7929       2000      10000         28
   0       14     2025     9983     15064678452     15064688435        17722142       7929       2000      10000         28
   0       14     2023     9984     15064688452     15064698435        17732141       7932       2000      10000         28
   0       14     2021     9983     15064698452     15064708435        17742142       7933       2000      10000         27
   0       14     2022     9984     15064708451     15064718435        17752141       7932       2000      10000         28
   0       14     2023     9983     15064718452     15064728435        17762141       7931       2000      10000         28
   0       14     2014     9984     15064728451     15064738436        17772141       7940       2000      10000         28
   0       14     2022     9982     15064738452     15064748435        17782142       7932       2000      10000         27
   0       14     2027     9985     15064748451     15064758436        17792141       7928       2000      10000         29
   0       14     2024     9983     15064758453     15064768435        17802142       7929       2000      10000         28
   0       14     2025     9983     15064768452     15064778435        17812141       7930       2000      10000         28
   0       14     2028     9983     15064778452     15064788435        17822141       7926       2000      10000         27
   0       14     1979     9929     15064788507     15064798436        17832197       7920       2000      10000         28
   0       14     2021     9983     15064798453     15064808436        17842142       7932       2000      10000         28
   0       14     2027     9983     15064808452     15064818435        17852142       7927       2000      10000         28
   0       14     2024     9983     15064818452     15064828435        17862141       7931       2000      10000         28
   0       14     2025     9984     15064828452     15064838435        17872141       7929       2000      10000         28
   0       14     2026     9983     15064838452     15064848435        17882141       7928       2000      10000         28
   0       14     2025     9984     15064848452     15064858436        17892141       7930       2000      10000         28
   0       14     2024     9983     15064858452     15064868436        17902142       7930       2000      10000         28
   0       14     2024     9989     15064868452     15064878441        17912142       7930       2000      10000         33
   0       14     2016     9977     15064878458     15064888435        17922148       7931       2000      10000         28
   0       14     2028     9984     15064888452     15064898436        17932141       7926       2000      10000         29
   0       14     2022     9983     15064898453     15064908436        17942142       7931       2000      10000         28
   0       14     2024     9983     15064908452     15064918435        17952142       7930       2000      10000         28
   0       14     2024     9984     15064918452     15064928436        17962142       7930       2000      10000         28
   0       14     2025     9983     15064928452     15064938436        17972142       7929       2000      10000         28
   0       14     2023     9983     15064938452     15064948435        17982142       7931       2000      10000         28
   0       14     2024     9984     15064948452     15064958436        17992141       7930       2000      10000         28
   0       14     2022     9983     15064958452     15064968435        18002142       7932       2000      10000         28
   0       14     2027     9985     15064968452     15064978436        18012141       7927       2000      10000         29
   0       14     2020     9981     15064978454     15064988435        18022143       7932       2000      10000         27
   0       14     2024     9984     15064988451     15064998436        18032141       7931       2000      10000         28
   0       14     2024     9984     15064998452     15065008437        18042142       7930       2000      10000         29
   0       14     2021     9982     15065008453     15065018435        18052143       7932       2000      10000         28
   0       14     2022     9983     15065018452     15065028435        18062142       7932       2000      10000         28
   0       14     2022     9984     15065028452     15065038436        18072141       7933       2000      10000         28
   0       14     2021     9984     15065038452     15065048436        18082142       7933       2000      10000         29
   0       14     2023     9983     15065048453     15065058436        18092142       7930       2000      10000         29
   0       14     2016     9983     15065058452     15065068435        18102142       7938       2000      10000         28
   0       14     2026     9984     15065068452     15065078435        18112142       7929       2000      10000         28
   0       14     2025     9983     15065078452     15065088435        18122142       7929       2000      10000         28
   0       14     2021     9985     15065088452     15065098437        18132142       7933       2000      10000         30
   0       14     2023     9982     15065098454     15065108436        18142143       7929       2000      10000         28
   0       14     2025     9982     15065108452     15065118434        18152142       7929       2000      10000         27
   0       14     1979     9915     15065118499     15065128414        18162188       7928       2000      10000          7
   0       14     1979     9996     15065128418     15065138414        18172107       8010       2000      10000          7
   0       14     1979     9996     15065138417     15065148413        18182107       8010       2000      10000          7
   0       14     1979    10032     15065148417     15065158449        18192107       8010       2000      10000         43
   0       14     1979     9983     15065158453     15065168436        18202143       7974       2000      10000         28
   0       14     2022     9983     15065168452     15065178435        18212142       7932       2000      10000         28
   0       14     2024     9984     15065178452     15065188436        18222141       7931       2000      10000         28
   0       14     2021     9983     15065188452     15065198435        18232142       7933       2000      10000         28
   0       14     2023     9984     15065198452     15065208436        18242141       7932       2000      10000         29
   0       14     2025     9983     15065208452     15065218436        18252142       7929       2000      10000         28
   0       14     2022     9984     15065218452     15065228436        18262142       7932       2000      10000         28
   0       14     2020     9983     15065228452     15065238436        18272142       7933       2000      10000         28
   0       14     2025     9984     15065238452     15065248436        18282142       7929       2000      10000         29
   0       14     2022     9983     15065248453     15065258435        18292142       7932       2000      10000         28
   0       14     2023     9983     15065258452     15065268435        18302141       7931       2000      10000         28
   0       14     2026     9983     15065268452     15065278435        18312141       7928       2000      10000         28
   0       14     2024     9985     15065278452     15065288437        18322141       7931       2000      10000         29
   0       14     2024     9982     15065288453     15065298435        18332143       7929       2000      10000         28
   0       14     2023     9985     15065298452     15065308437        18342141       7931       2000      10000         29
   0       14     2021     9982     15065308453     15065318435        18352143       7932       2000      10000         28
   0       14     2026     9985     15065318452     15065328436        18362141       7929       2000      10000         29
   0       14     2021     9982     15065328453     15065338435        18372142       7932       2000      10000         28
   0       14     2021     9984     15065338451     15065348436        18382141       7934       2000      10000         29
   0       14     2025     9983     15065348452     15065358435        18392142       7929       2000      10000         28
   0       14     2026     9984     15065358452     15065368436        18402141       7928       2000      10000         29
   0       14     2026     9983     15065368452     15065378435        18412142       7928       2000      10000         28
   0       14     2023     9984     15065378452     15065388435        18422141       7931       2000      10000         28
   0       14     2021     9984     15065388452     15065398436        18432142       7933       2000      10000         28
   0       14     2026     9984     15065398452     15065408436        18442142       7928       2000      10000         28
   0       14     2023     9983     15065408452     15065418436        18452142       7931       2000      10000         28
   0       14     2025     9983     15065418452     15065428436        18462142       7929       2000      10000         28
   0       14     2024     9984     15065428452     15065438436        18472142       7930       2000      10000         29
   0       14     2022     9983     15065438452     15065448436        18482142       7931       2000      10000         28
   0       14     1979     9926     15065448510     15065458436        18492199       7917       2000      10000         29
   0       14     2021     9982     15065458453     15065468435        18502143       7932       2000      10000         28
   0       14     2022     9983     15065468452     15065478435        18512142       7932       2000      10000         28
   0       14     2026     9984     15065478452     15065488435        18522141       7928       2000      10000         28
   0       14     2018     9984     15065488452     15065498436        18532141       7936       2000      10000         28
   0       14     2026     9984     15065498452     15065508436        18542142       7928       2000      10000         28
   0       14     2024     9983     15065508452     15065518436        18552142       7930       2000      10000         28
   0       14     2021     9983     15065518452     15065528436        18562142       7933       2000      10000         28
   0       14     2020     9983     15065528452     15065538435        18572142       7934       2000      10000         28
   0       14     2021     9985     15065538452     15065548436        18582141       7933       2000      10000         29
   0       14     2022     9982     15065548453     15065558435        18592142       7931       2000      10000         28
   0       14     2023     9984     15065558452     15065568436        18602141       7931       2000      10000         28
   0       14     2023     9983     15065568452     15065578436        18612142       7931       2000      10000         28
   0       14     2025     9984     15065578452     15065588436        18622142       7929       2000      10000         28
   0       14     2025     9983     15065588452     15065598435        18632142       7929       2000      10000         28
   0       14     2021     9983     15065598452     15065608435        18642142       7933       2000      10000         28
   0       14     2022     9983     15065608452     15065618435        18652141       7933       2000      10000         28
   0       14     2022     9984     15065618452     15065628436        18662141       7932       2000      10000         28
   0       14     2023     9984     15065628452     15065638436        18672142       7931       2000      10000         29
   0       14     2026     9983     15065638453     15065648435        18682142       7927       2000      10000         28
   0       14     2022     9984     15065648452     15065658435        18692142       7932       2000      10000         28
   0       14     2025     9983     15065658452     15065668435        18702142       7929       2000      10000         28
   0       14     2023     9983     15065668452     15065678435        18712141       7931       2000      10000         28
   0       14     2024     9984     15065678452     15065688436        18722141       7930       2000      10000         29
   0       14     2021     9983     15065688452     15065698435        18732142       7932       2000      10000         28
   0       14     2024     9984     15065698452     15065708436        18742141       7930       2000      10000         28
   0       14     2023     9983     15065708452     15065718435        18752142       7931       2000      10000         28
   0       14     2024     9984     15065718451     15065728435        18762141       7931       2000      10000         28
   0       14     2022     9983     15065728452     15065738435        18772141       7932       2000      10000         28
   0       14     2026     9985     15065738452     15065748436        18782141       7928       2000      10000         29
   0       14     2023     9982     15065748453     15065758435        18792142       7930       2000      10000         28
   0       14     2025     9984     15065758452     15065768436        18802141       7929       2000      10000         28
   0       14     2027     9983     15065768452     15065778435        18812142       7927       2000      10000         28
   0       14     1979     9930     15065778506     15065788436        18822196       7921       2000      10000         29
   0       14     2021     9982     15065788453     15065798435        18832143       7932       2000      10000         28
   0       14     2023     9984     15065798452     15065808436        18842141       7931       2000      10000         28
   0       14     2023     9983     15065808452     15065818435        18852142       7931       2000      10000         28
   0       14     2014     9984     15065818452     15065828435        18862141       7940       2000      10000         28
   0       14     2026     9983     15065828452     15065838435        18872142       7928       2000      10000         28
   0       14     2025     9985     15065838452     15065848437        18882141       7930       2000      10000         29
   0       14     2022     9983     15065848453     15065858436        18892143       7931       2000      10000         29
   0       14     2023     9983     15065858453     15065868436        18902142       7931       2000      10000         28
   0       14     2022     9988     15065868452     15065878440        18912142       7932       2000      10000         32
   0       14     2014     9979     15065878457     15065888436        18922147       7935       2000      10000         29
   0       14     2022     9961     15065888453     15065898414        18932142       7932       2000      10000          7
   0       14     1979    10018     15065898418     15065908436        18942107       8010       2000      10000         28
   0       14     2025     9984     15065908452     15065918436        18952142       7929       2000      10000         29
   0       14     2021     9983     15065918453     15065928436        18962142       7932       2000      10000         28
   0       14     2023     9983     15065928452     15065938435        18972142       7930       2000      10000         28
   0       14     2025     9985     15065938452     15065948436        18982141       7929       2000      10000         29
   0       14     2021     9982     15065948453     15065958435        18992142       7932       2000      10000         28
   0       14     2025     9984     15065958452     15065968436        19002141       7930       2000      10000         28
   0       14     2025     9985     15065968452     15065978438        19012142       7929       2000      10000         30
   0       14     2024     9982     15065978454     15065988436        19022144       7928       2000      10000         29
   0       14     2024     9983     15065988453     15065998435        19032142       7930       2000      10000         28
   0       14     2027     9984     15065998452     15066008436        19042141       7927       2000      10000         29
   0       14     2022     9982     15066008453     15066018435        19052142       7931       2000      10000         28
   0       14     2025     9984     15066018452     15066028436        19062141       7929       2000      10000         29
   0       14     2021     9983     15066028453     15066038435        19072142       7933       2000      10000         28
   0       14     2029     9962     15066038452     15066048414        19082141       7926       2000      10000          7
   0       14     1979    10018     15066048418     15066058435        19092107       8010       2000      10000         28
   0       14     2025     9984     15066058452     15066068436        19102141       7930       2000      10000         28
   0       14     2024     9984     15066068452     15066078436        19112142       7929       2000      10000         29
   0       14     2020     9984     15066078453     15066088437        19122142       7933       2000      10000         30
   0       14     2023     9982     15066088454     15066098435        19132143       7930       2000      10000         28
   0       14     2024     9984     15066098452     15066108436        19142141       7930       2000      10000         28
   0       14     1979     9925     15066108511     15066118436        19152201       7916       2000      10000         29
   0       14     2024     9982     15066118453     15066128435        19162143       7929       2000      10000         28
   0       14     2022     9983     15066128452     15066138435        19172141       7932       2000      10000         28
   0       14     2025     9984     15066138452     15066148436        19182141       7929       2000      10000         29
   0       14     2015     9983     15066148452     15066158435        19192142       7939       2000      10000         28
   0       14     2022     9984     15066158452     15066168436        19202141       7932       2000      10000         28
   0       14     2024     9984     15066168452     15066178436        19212142       7930       2000      10000         28
   0       14     2025     9984     15066178452     15066188436        19222142       7929       2000      10000         29
   0       14     2021     9983     15066188452     15066198435        19232142       7932       2000      10000         28
   0       14     2025     9984     15066198452     15066208436        19242141       7929       2000      10000         29
   0       14     2022     9983     15066208452     15066218435        19252142       7932       2000      10000         28
   0       14     2025     9983     15066218452     15066228435        19262142       7929       2000      10000         28
   0       14     2025     9983     15066228452     15066238435        19272141       7929       2000      10000         28
   0       14     2023     9984     15066238452     15066248435        19282141       7932       2000      10000         28
   0       14     2021     9983     15066248452     15066258435        19292142       7933       2000      10000         28
   0       14     2025     9984     15066258452     15066268436        19302141       7930       2000      10000         29
   0       14     2021     9982     15066268453     15066278435        19312142       7932       2000      10000         27
   0       14     2026     9986     15066278451     15066288437        19322141       7929       2000      10000         30
   0       14     2021     9982     15066288454     15066298435        19332143       7931       2000      10000         28
   0       14     2022     9984     15066298452     15066308436        19342141       7932       2000      10000         28
   0       14     2025     9983     15066308452     15066318435        19352142       7929       2000      10000         28
   0       14     2023     9984     15066318452     15066328435        19362141       7932       2000      10000         28
   0       14     2025     9983     15066328452     15066338435        19372141       7930       2000      10000         28
   0       14     2022     9985     15066338452     15066348436        19382141       7933       2000      10000         29
   0       14     2021     9982     15066348453     15066358435        19392142       7932       2000      10000         28
   0       14     2022     9984     15066358451     15066368436        19402141       7933       2000      10000         28
   0       14     2021     9983     15066368452     15066378435        19412142       7933       2000      10000         28
   0       14     2022     9984     15066378452     15066388436        19422141       7932       2000      10000         29
   0       14     2025     9983     15066388453     15066398435        19432142       7928       2000      10000         28
   0       14     2027     9984     15066398452     15066408436        19442141       7927       2000      10000         28
   0       14     2003     9983     15066408452     15066418435        19452142       7951       2000      10000         28
   0       14     2027     9984     15066418452     15066428436        19462141       7927       2000      10000         28
   0       14     2024     9983     15066428452     15066438435        19472142       7930       2000      10000         28
   0       14     1979     9927     15066438510     15066448437        19482199       7918       2000      10000         29
   0       14     2022     9960     15066448454     15066458413        19492143       7930       2000      10000          7
   0       14     1979     9996     15066458417     15066468414        19502107       8010       2000      10000          7
   0       14     1979     9996     15066468417     15066478413        19512107       8010       2000      10000          7
   0       14     1979     9996     15066478417     15066488414        19522107       8010       2000      10000          7
   0       14     1979    10019     15066488417     15066498436        19532107       8010       2000      10000         29
   0       14     2025     9983     15066498453     15066508435        19542142       7929       2000      10000         28
   0       14     2023     9983     15066508452     15066518435        19552141       7931       2000      10000         28
   0       14     2022     9984     15066518452     15066528436        19562141       7932       2000      10000         28
   0       14     2023     9983     15066528452     15066538435        19572142       7931       2000      10000         28
   0       14     2023     9985     15066538452     15066548436        19582141       7931       2000      10000         29
   0       14     2025     9982     15066548453     15066558435        19592143       7927       2000      10000         28
   0       14     2022     9983     15066558452     15066568435        19602141       7932       2000      10000         28
   0       14     2025     9984     15066568452     15066578436        19612141       7929       2000      10000         28
   0       14     2014     9984     15066578452     15066588436        19622142       7940       2000      10000         28
   0       14     2024     9983     15066588452     15066598435        19632142       7930       2000      10000         28
   0       14     2023     9983     15066598452     15066608435        19642141       7932       2000      10000         28
   0       14     2023     9983     15066608452     15066618435        19652141       7931       2000      10000         28
   0       14     2022     9984     15066618452     15066628436        19662141       7932       2000      10000         28
   0       14     2022     9984     15066628452     15066638436        19672142       7932       2000      10000         29
   0       14     2022     9984     15066638452     15066648436        19682142       7932       2000      10000         29
   0       14     2021     9983     15066648453     15066658436        19692142       7932       2000      10000         28
   0       14     2025     9984     15066658452     15066668436        19702142       7929       2000      10000         29
   0       14     2025     9982     15066668453     15066678435        19712142       7928       2000      10000         28
   0       14     2022     9984     15066678452     15066688435        19722141       7933       2000      10000         28
   0       14     2025     9983     15066688452     15066698435        19732141       7930       2000      10000         28
   0       14     2022     9984     15066698452     15066708435        19742141       7932       2000      10000         28
   0       14     2027     9983     15066708452     15066718435        19752142       7927       2000      10000         28
   0       14     2021     9984     15066718452     15066728436        19762142       7933       2000      10000         28
   0       14     2024     9983     15066728452     15066738435        19772142       7930       2000      10000         28
   0       14     2023     9985     15066738452     15066748436        19782141       7931       2000      10000         29
   0       14     2025     9982     15066748453     15066758435        19792142       7928       2000      10000         28
   0       14     2027     9984     15066758452     15066768435        19802141       7927       2000      10000         28
   0       14     1979     9929     15066768507     15066778436        19812197       7920       2000      10000         29
   0       14     2021     9982     15066778453     15066788435        19822143       7932       2000      10000         28
   0       14     2027     9983     15066788452     15066798435        19832141       7927       2000      10000         28
   0       14     2022     9983     15066798452     15066808435        19842141       7932       2000      10000         27
   0       14     2025     9984     15066808451     15066818435        19852141       7930       2000      10000         28
   0       14     2024     9983     15066818452     15066828436        19862142       7930       2000      10000         28
   0       14     2020     9983     15066828452     15066838435        19872142       7934       2000      10000         28
   0       14     2022     9984     15066838452     15066848436        19882141       7932       2000      10000         28
   0       14     2024     9983     15066848452     15066858435        19892142       7930       2000      10000         28
   0       14     2021     9983     15066858452     15066868435        19902141       7933       2000      10000         28
   0       14     2024     9988     15066868452     15066878440        19912141       7930       2000      10000         32
   0       14     2015     9979     15066878457     15066888435        19922146       7934       2000      10000         28
   0       14     2025     9984     15066888452     15066898436        19932142       7929       2000      10000         28
   0       14     2025     9984     15066898452     15066908436        19942142       7929       2000      10000         29
   0       14     2011     9983     15066908453     15066918436        19952142       7943       2000      10000         28
   0       14     2023     9984     15066918452     15066928436        19962142       7931       2000      10000         29
   0       14     2024     9983     15066928453     15066938436        19972142       7929       2000      10000         29
   0       14     2021     9984     15066938453     15066948436        19982142       7932       2000      10000         29
