#idx     perf      run   period           start             end          rel_st      slack c_duration   c_period     wu_lat
   0       14     1963     1964      7736984459      7736986423           31235     -22646       2000      10000          0
   0       14     1963    10004      7736986429      7736996433           33205       8031       2000      10000          9
   0       14     1963     9993      7736996437      7737006430           43214       8022       2000      10000          7
   0       14     1963     9996      7737006434      7737016430           53211       8025       2000      10000          7
   0       14     1963     9996      7737016434      7737026430           63210       8026       2000      10000          7
   0       14     1963     9996      7737026434      7737036430           73210       8026       2000      10000          7
   0       14     1963     9996      7737036434      7737046430           83210       8026       2000      10000          7
   0       14     1963     9996      7737046433      7737056430           93210       8026       2000      10000          6
   0       14     1963     9996      7737056433      7737066430          103210       8026       2000      10000          7
   0       14     1963     9996      7737066434      7737076430          113210       8026       2000      10000          6
   0       14     1963     9996      7737076433      7737086430          123210       8026       2000      10000          6
   0       14     1963     9996      7737086433      7737096430          133210       8026       2000      10000          6
   0       14     1963     9996      7737096433      7737106429          143210       8026       2000      10000          6
   0       14     1963     9997      7737106433      7737116430          153209       8027       2000      10000          6
   0       14     1963     9996      7737116433      7737126430          163210       8026       2000      10000          6
   0       14     1963     9996      7737126433      7737136430          173210       8026       2000      10000          6
   0       14     1963     9996      7737136433      7737146430          183210       8026       2000      10000          6
   0       14     1963     9996      7737146433      7737156430          193210       8026       2000      10000          6
   0       14     1963     9997      7737156433      7737166430          203210       8026       2000      10000          7
   0       14     1963     9996      7737166434      7737176430          213210       8026       2000      10000          6
   0       14     1963     9997      7737176433      7737186430          223210       8026       2000      10000          7
   0       14     1963     9996      7737186434      7737196430          233210       8026       2000      10000          7
   0       14     1963     9996      7737196434      7737206430          243210       8026       2000      10000          6
   0       14     1963     9996      7737206433      7737216430          253210       8026       2000      10000          6
   0       14     1963     9996      7737216433      7737226430          263210       8026       2000      10000          7
   0       14     1963     9996      7737226434      7737236430          273210       8026       2000      10000          7
   0       14     1963     9996      7737236434      7737246430          283210       8026       2000      10000          6
   0       14     1963     9996      7737246433      7737256430          293210       8026       2000      10000          7
   0       14     1963     9996      7737256434      7737266430          303210       8026       2000      10000          6
   0       14     1963     9996      7737266433      7737276430          313210       8026       2000      10000          6
   0       14     1963     9996      7737276433      7737286430          323210       8026       2000      10000          7
   0       14     1963     9996      7737286433      7737296430          333210       8026       2000      10000          6
   0       14     1963     9996      7737296433      7737306430          343210       8026       2000      10000          7
   0       14     1963     9973      7737306457      7737316430          353234       8002       2000      10000          7
   0       14     1963     9996      7737316434      7737326430          363210       8026       2000      10000          6
   0       14     1963     9996      7737326434      7737336430          373210       8026       2000      10000          6
   0       14     1963     9997      7737336433      7737346430          383210       8026       2000      10000          7
   0       14     1963     9996      7737346434      7737356430          393210       8026       2000      10000          7
   0       14     1963     9996      7737356434      7737366430          403210       8026       2000      10000          7
   0       14     1963     9996      7737366434      7737376430          413210       8026       2000      10000          6
   0       14     1963     9996      7737376433      7737386430          423210       8026       2000      10000          6
   0       14     1963     9996      7737386433      7737396430          433210       8026       2000      10000          6
   0       14     1963     9996      7737396433      7737406430          443210       8026       2000      10000          6
   0       14     1963     9997      7737406433      7737416430          453210       8026       2000      10000          7
   0       14     1963     9996      7737416434      7737426430          463210       8026       2000      10000          6
   0       14     1963     9996      7737426433      7737436430          473210       8026       2000      10000          6
   0       14     1963     9996      7737436433      7737446430          483210       8026       2000      10000          6
   0       14     1963     9999      7737446433      7737456432          493210       8026       2000      10000          9
   0       14     1964     9994      7737456436      7737466430          503213       8023       2000      10000          7
   0       14     1991     9996      7737466434      7737476430          513210       7997       2000      10000          7
   0       14     1963     9996      7737476434      7737486430          523210       8026       2000      10000          6
   0       14     1963     9996      7737486433      7737496430          533210       8026       2000      10000          7
   0       14     1963     9996      7737496434      7737506430          543210       8026       2000      10000          7
   0       14     1963     9996      7737506433      7737516430          553210       8026       2000      10000          6
   0       14     1963     9996      7737516433      7737526430          563210       8026       2000      10000          7
   0       14     1963     9996      7737526433      7737536430          573210       8026       2000      10000          6
   0       14     1963     9996      7737536433      7737546430          583210       8026       2000      10000          6
   0       14     1963     9996      7737546433      7737556430          593210       8026       2000      10000          7
   0       14     1963     9996      7737556433      7737566430          603210       8026       2000      10000          7
   0       14     1963     9996      7737566433      7737576430          613210       8026       2000      10000          7
   0       14     1963     9996      7737576433      7737586430          623210       8026       2000      10000          6
   0       14     1963     9997      7737586433      7737596430          633210       8026       2000      10000          7
   0       14     1963     9996      7737596434      7737606430          643210       8026       2000      10000          7
   0       14     1963     9996      7737606434      7737616430          653210       8026       2000      10000          6
   0       14     1963     9996      7737616433      7737626430          663210       8026       2000      10000          6
   0       14     1963     9996      7737626433      7737636430          673210       8026       2000      10000          6
   0       14     1963     9982      7737636448      7737646430          683225       8011       2000      10000          7
   0       14     1963     9996      7737646434      7737656430          693210       8026       2000      10000          6
   0       14     1963     9996      7737656433      7737666430          703210       8026       2000      10000          6
   0       14     1963     9996      7737666433      7737676430          713210       8026       2000      10000          6
   0       14     1963     9996      7737676433      7737686430          723210       8026       2000      10000          7
   0       14     1963     9996      7737686434      7737696430          733210       8026       2000      10000          6
   0       14     1963     9996      7737696433      7737706430          743210       8026       2000      10000          7
   0       14     1963     9996      7737706433      7737716430          753210       8026       2000      10000          6
   0       14     1963     9997      7737716433      7737726430          763210       8026       2000      10000          7
   0       14     1963     9996      7737726434      7737736430          773210       8026       2000      10000          6
   0       14     1963     9996      7737736433      7737746430          783210       8026       2000      10000          7
   0       14     1963     9996      7737746434      7737756430          793210       8026       2000      10000          6
   0       14     1963     9996      7737756433      7737766430          803210       8026       2000      10000          6
   0       14     1963     9997      7737766433      7737776430          813210       8026       2000      10000          7
   0       14     1963     9996      7737776434      7737786430          823210       8026       2000      10000          6
   0       14     1963     9997      7737786433      7737796430          833210       8026       2000      10000          7
   0       14     1963     9996      7737796434      7737806430          843210       8026       2000      10000          7
   0       14     1963     9996      7737806434      7737816430          853210       8026       2000      10000          7
   0       14     1963     9996      7737816434      7737826430          863210       8026       2000      10000          6
   0       14     1963     9996      7737826433      7737836430          873210       8026       2000      10000          6
   0       14     1963     9996      7737836433      7737846430          883210       8026       2000      10000          6
   0       14     1963     9997      7737846433      7737856430          893210       8026       2000      10000          7
   0       14     1963     9996      7737856433      7737866430          903210       8026       2000      10000          6
   0       14     1963     9996      7737866433      7737876430          913210       8026       2000      10000          6
   0       14     1963     9996      7737876433      7737886430          923210       8026       2000      10000          6
   0       14     1963     9996      7737886433      7737896430          933210       8026       2000      10000          7
   0       14     1963     9996      7737896434      7737906430          943210       8026       2000      10000          6
   0       14     1963     9996      7737906433      7737916430          953210       8026       2000      10000          6
   0       14     1963     9996      7737916433      7737926430          963210       8026       2000      10000          7
   0       14     1963     9996      7737926434      7737936430          973210       8026       2000      10000          6
   0       14     1963     9996      7737936433      7737946430          983210       8026       2000      10000          7
   0       14     1963     9996      7737946433      7737956430          993210       8026       2000      10000          6
   0       14     1963     9996      7737956433      7737966430         1003210       8026       2000      10000          6
   0       14     1963     9985      7737966445      7737976430         1013221       8015       2000      10000          7
   0       14     1963     9996      7737976434      7737986430         1023210       8026       2000      10000          6
   0       14     1963     9996      7737986433      7737996430         1033210       8026       2000      10000          6
   0       14     1963     9996      7737996433      7738006430         1043210       8026       2000      10000          6
   0       14     1963     9996      7738006433      7738016430         1053210       8026       2000      10000          6
   0       14     1963     9996      7738016433      7738026430         1063210       8026       2000      10000          7
   0       14     1963     9996      7738026434      7738036430         1073210       8026       2000      10000          7
   0       14     1963     9996      7738036434      7738046430         1083210       8026       2000      10000          6
   0       14     1963     9997      7738046433      7738056430         1093210       8026       2000      10000          7
   0       14     1963     9996      7738056434      7738066430         1103210       8026       2000      10000          6
   0       14     1963     9996      7738066433      7738076430         1113210       8026       2000      10000          6
   0       14     1963     9996      7738076433      7738086430         1123210       8026       2000      10000          6
   0       14     1963     9996      7738086433      7738096430         1133210       8026       2000      10000          6
   0       14     1963     9996      7738096433      7738106430         1143210       8026       2000      10000          6
   0       14     1963     9996      7738106433      7738116430         1153210       8026       2000      10000          6
   0       14     1963     9996      7738116433      7738126430         1163210       8026       2000      10000          6
   0       14     1963     9996      7738126433      7738136430         1173210       8026       2000      10000          6
   0       14     1963     9996      7738136433      7738146430         1183210       8026       2000      10000          6
   0       14     1963     9996      7738146433      7738156430         1193210       8026       2000      10000          6
   0       14     1963     9996      7738156433      7738166430         1203210       8026       2000      10000          6
   0       14     1963     9996      7738166433      7738176430         1213210       8026       2000      10000          7
   0       14     1963     9996      7738176434      7738186430         1223210       8026       2000      10000          6
   0       14     1963     9996      7738186433      7738196430         1233210       8026       2000      10000          6
   0       14     1963     9996      7738196433      7738206430         1243210       8026       2000      10000          6
   0       14     1963     9996      7738206433      7738216430         1253210       8026       2000      10000          7
   0       14     1963     9996      7738216434      7738226430         1263210       8026       2000      10000          7
   0       14     1963     9996      7738226433      7738236430         1273210       8026       2000      10000          6
   0       14     1963     9996      7738236433      7738246430         1283210       8026       2000      10000          7
   0       14     1963     9996      7738246434      7738256430         1293210       8026       2000      10000          6
   0       14     1963     9996      7738256433      7738266430         1303210       8026       2000      10000          6
   0       14     1963     9996      7738266433      7738276430         1313210       8026       2000      10000          6
   0       14     1963     9996      7738276433      7738286430         1323210       8026       2000      10000          6
   0       14     1963     9996      7738286433      7738296430         1333210       8026       2000      10000          6
   0       14     1963     9986      7738296444      7738306430         1343221       8015       2000      10000          7
   0       14     1963     9996      7738306434      7738316430         1353210       8026       2000      10000          7
   0       14     1963     9996      7738316434      7738326430         1363210       8026       2000      10000          6
   0       14     1963     9996      7738326433      7738336430         1373210       8026       2000      10000          6
   0       14     1963     9996      7738336433      7738346430         1383210       8026       2000      10000          6
   0       14     1963     9996      7738346433      7738356430         1393210       8026       2000      10000          6
   0       14     1963     9996      7738356433      7738366430         1403210       8026       2000      10000          6
   0       14     1963     9996      7738366433      7738376430         1413210       8026       2000      10000          6
   0       14     1963     9996      7738376433      7738386430         1423210       8026       2000      10000          6
   0       14     1963     9996      7738386433      7738396430         1433210       8026       2000      10000          6
   0       14     1963     9996      7738396433      7738406430         1443210       8026       2000      10000          6
   0       14     1963     9996      7738406433      7738416430         1453210       8026       2000      10000          6
   0       14     1963     9996      7738416433      7738426430         1463210       8026       2000      10000          6
   0       14     1963     9996      7738426433      7738436430         1473210       8026       2000      10000          6
   0       14     1963     9996      7738436433      7738446430         1483210       8026       2000      10000          6
   0       14     1963     9998      7738446433      7738456431         1493210       8026       2000      10000          8
   0       14     1991     9994      7738456435      7738466430         1503212       7996       2000      10000          6
   0       14     1963     9996      7738466433      7738476430         1513210       8026       2000      10000          7
   0       14     1963     9996      7738476434      7738486430         1523210       8026       2000      10000          7
   0       14     1963     9996      7738486434      7738496430         1533210       8026       2000      10000          7
   0       14     1963     9996      7738496433      7738506430         1543210       8026       2000      10000          7
   0       14     1963     9996      7738506433      7738516430         1553210       8026       2000      10000          7
   0       14     1963     9996      7738516434      7738526430         1563210       8026       2000      10000          6
   0       14     1963     9996      7738526433      7738536430         1573210       8026       2000      10000          6
   0       14     1963     9996      7738536433      7738546430         1583210       8026       2000      10000          6
   0       14     1963     9996      7738546433      7738556430         1593210       8026       2000      10000          6
   0       14     1963     9996      7738556433      7738566430         1603210       8026       2000      10000          6
   0       14     1963     9996      7738566433      7738576430         1613210       8026       2000      10000          6
   0       14     1963     9996      7738576433      7738586430         1623210       8026       2000      10000          6
   0       14     1963     9996      7738586433      7738596430         1633210       8026       2000      10000          6
   0       14     1963     9996      7738596433      7738606430         1643210       8026       2000      10000          6
   0       14     1963     9996      7738606433      7738616430         1653210       8026       2000      10000          7
   0       14     1963     9996      7738616433      7738626430         1663210       8026       2000      10000          6
   0       14     1963     9985      7738626445      7738636430         1673221       8015       2000      10000          7
   0       14     1963     9996      7738636434      7738646430         1683210       8026       2000      10000          6
   0       14     1963     9996      7738646433      7738656430         1693210       8026       2000      10000          6
   0       14     1963     9996      7738656433      7738666430         1703210       8026       2000      10000          6
   0       14     1963     9996      7738666433      7738676430         1713210       8026       2000      10000          6
   0       14     1963     9996      7738676433      7738686430         1723210       8026       2000      10000          7
   0       14     1963     9996      7738686433      7738696430         1733210       8026       2000      10000          7
   0       14     1963     9996      7738696433      7738706430         1743210       8026       2000      10000          7
   0       14     1963     9996      7738706433      7738716430         1753210       8026       2000      10000          6
   0       14     1963     9996      7738716433      7738726430         1763210       8026       2000      10000          6
   0       14     1963     9996      7738726433      7738736430         1773210       8026       2000      10000          7
   0       14     1963     9996      7738736434      7738746430         1783210       8026       2000      10000          6
   0       14     1963     9996      7738746433      7738756430         1793210       8026       2000      10000          7
   0       14     1963     9996      7738756433      7738766430         1803210       8026       2000      10000          6
   0       14     1963     9996      7738766433      7738776430         1813210       8026       2000      10000          7
   0       14     1963     9996      7738776433      7738786430         1823210       8026       2000      10000          7
   0       14     1963     9996      7738786434      7738796430         1833210       8026       2000      10000          7
   0       14     1963     9996      7738796433      7738806430         1843210       8026       2000      10000          6
   0       14     1963     9996      7738806433      7738816430         1853210       8026       2000      10000          6
   0       14     1963     9996      7738816433      7738826430         1863210       8026       2000      10000          7
   0       14     1963     9996      7738826433      7738836430         1873210       8026       2000      10000          6
   0       14     1963     9997      7738836433      7738846430         1883210       8026       2000      10000          7
   0       14     1963     9996      7738846434      7738856430         1893210       8026       2000      10000          7
   0       14     1963     9996      7738856434      7738866430         1903210       8026       2000      10000          6
   0       14     1963     9996      7738866433      7738876430         1913210       8026       2000      10000          6
   0       14     1963     9996      7738876433      7738886430         1923210       8026       2000      10000          7
   0       14     1963     9996      7738886434      7738896430         1933210       8026       2000      10000          6
   0       14     1963     9996      7738896433      7738906430         1943210       8026       2000      10000          6
   0       14     1963     9996      7738906433      7738916430         1953210       8026       2000      10000          6
   0       14     1963     9996      7738916433      7738926430         1963210       8026       2000      10000          6
   0       14     1963     9996      7738926433      7738936430         1973210       8026       2000      10000          7
   0       14     1963     9996      7738936434      7738946430         1983210       8026       2000      10000          7
   0       14     1964     9999      7738946434      7738956433         1993210       8025       2000      10000         10
   0       14     1965     9979      7738956454      7738966433         2003230       8004       2000      10000          9
   0       14     1966     9994      7738966437      7738976431         2013213       8020       2000      10000          8
   0       14     1963     9994      7738976435      7738986430         2023212       8024       2000      10000          7
   0       14     1963     9996      7738986434      7738996430         2033210       8026       2000      10000          7
   0       14     1963     9997      7738996434      7739006431         2043210       8026       2000      10000          7
   0       14     1963     9995      7739006434      7739016430         2053211       8025       2000      10000          7
   0       14     1963     9996      7739016434      7739026430         2063210       8026       2000      10000          7
   0       14     1963     9996      7739026434      7739036430         2073210       8026       2000      10000          7
   0       14     1963     9996      7739036434      7739046430         2083210       8026       2000      10000          7
   0       14     1964     9996      7739046433      7739056430         2093210       8026       2000      10000          6
   0       14     1963     9996      7739056433      7739066430         2103210       8026       2000      10000          7
   0       14     1963     9996      7739066433      7739076430         2113210       8026       2000      10000          7
   0       14     1963     9996      7739076434      7739086430         2123210       8026       2000      10000          6
   0       14     1963     9996      7739086433      7739096430         2133210       8026       2000      10000          6
   0       14     1963     9996      7739096433      7739106430         2143210       8026       2000      10000          6
   0       14     1963     9996      7739106433      7739116430         2153210       8026       2000      10000          6
   0       14     1963     9996      7739116433      7739126430         2163210       8026       2000      10000          6
   0       14     1963     9996      7739126433      7739136430         2173210       8026       2000      10000          6
   0       14     1963     9996      7739136433      7739146430         2183210       8026       2000      10000          6
   0       14     1963     9996      7739146433      7739156430         2193210       8026       2000      10000          6
   0       14     1963     9996      7739156433      7739166430         2203210       8026       2000      10000          6
   0       14     1963     9997      7739166433      7739176430         2213210       8026       2000      10000          7
   0       14     1963     9995      7739176434      7739186430         2223211       8026       2000      10000          6
   0       14     1963     9996      7739186433      7739196430         2233210       8026       2000      10000          6
   0       14     1963     9996      7739196433      7739206430         2243210       8026       2000      10000          6
   0       14     1963     9996      7739206433      7739216430         2253210       8026       2000      10000          6
   0       14     1963     9996      7739216433      7739226430         2263210       8026       2000      10000          6
   0       14     1963     9997      7739226433      7739236430         2273210       8026       2000      10000          7
   0       14     1963     9996      7739236434      7739246430         2283210       8026       2000      10000          7
   0       14     1963     9996      7739246434      7739256430         2293210       8026       2000      10000          7
   0       14     1963     9996      7739256434      7739266430         2303210       8026       2000      10000          7
   0       14     1963     9996      7739266434      7739276430         2313210       8026       2000      10000          6
   0       14     1963     9996      7739276433      7739286430         2323210       8026       2000      10000          6
   0       14     1963     9983      7739286447      7739296430         2333224       8012       2000      10000          7
   0       14     1963     9996      7739296434      7739306430         2343210       8026       2000      10000          6
   0       14     1963     9996      7739306433      7739316430         2353210       8026       2000      10000          7
   0       14     1963     9996      7739316434      7739326430         2363210       8026       2000      10000          6
   0       14     1963     9996      7739326433      7739336430         2373210       8026       2000      10000          6
   0       14     1963     9996      7739336433      7739346430         2383210       8026       2000      10000          6
   0       14     1963     9996      7739346433      7739356430         2393210       8026       2000      10000          6
   0       14     1963     9996      7739356433      7739366430         2403210       8026       2000      10000          6
   0       14     1963     9997      7739366433      7739376430         2413210       8026       2000      10000          7
   0       14     1963     9996      7739376434      7739386430         2423210       8026       2000      10000          6
   0       14     1963     9996      7739386433      7739396430         2433210       8026       2000      10000          7
   0       14     1963     9996      7739396433      7739406430         2443210       8026       2000      10000          6
   0       14     1963     9996      7739406433      7739416430         2453210       8026       2000      10000          6
   0       14     1963     9996      7739416433      7739426430         2463210       8026       2000      10000          6
   0       14     1963     9996      7739426433      7739436430         2473210       8026       2000      10000          6
   0       14     1963     9996      7739436433      7739446430         2483210       8026       2000      10000          6
   0       14     1963     9998      7739446433      7739456431         2493210       8026       2000      10000          8
   0       14     1964     9994      7739456436      7739466430         2503212       8023       2000      10000          7
   0       14     1963     9996      7739466434      7739476430         2513210       8026       2000      10000          7
   0       14     1963     9996      7739476433      7739486430         2523210       8026       2000      10000          6
   0       14     1963     9996      7739486433      7739496430         2533210       8026       2000      10000          7
   0       14     1963     9996      7739496434      7739506430         2543210       8026       2000      10000          6
   0       14     1963     9996      7739506433      7739516430         2553210       8026       2000      10000          6
   0       14     1963     9996      7739516433      7739526430         2563210       8026       2000      10000          6
   0       14     1963     9996      7739526433      7739536430         2573210       8026       2000      10000          6
   0       14     1963     9996      7739536433      7739546430         2583210       8026       2000      10000          6
   0       14     1963     9996      7739546433      7739556430         2593210       8026       2000      10000          6
   0       14     1963     9996      7739556433      7739566430         2603210       8026       2000      10000          6
   0       14     1963     9996      7739566433      7739576430         2613210       8026       2000      10000          6
   0       14     1963     9997      7739576433      7739586430         2623210       8026       2000      10000          7
   0       14     1963     9996      7739586434      7739596430         2633210       8026       2000      10000          6
   0       14     1963     9996      7739596433      7739606430         2643210       8026       2000      10000          6
   0       14     1963     9996      7739606433      7739616430         2653210       8026       2000      10000          6
   0       14     1963     9984      7739616446      7739626430         2663223       8013       2000      10000          7
   0       14     1963     9996      7739626434      7739636430         2673210       8026       2000      10000          7
   0       14     1963     9996      7739636434      7739646430         2683210       8026       2000      10000          7
   0       14     1963     9996      7739646434      7739656430         2693210       8026       2000      10000          6
   0       14     1963     9996      7739656433      7739666430         2703210       8026       2000      10000          6
   0       14     1963     9996      7739666433      7739676430         2713210       8026       2000      10000          6
   0       14     1963     9996      7739676433      7739686430         2723210       8026       2000      10000          6
   0       14     1963     9996      7739686433      7739696430         2733210       8026       2000      10000          6
   0       14     1963     9996      7739696433      7739706430         2743210       8026       2000      10000          7
   0       14     1963     9996      7739706434      7739716430         2753210       8026       2000      10000          6
   0       14     1963     9997      7739716433      7739726430         2763210       8026       2000      10000          7
   0       14     1963     9996      7739726434      7739736430         2773210       8026       2000      10000          7
   0       14     1963     9996      7739736434      7739746430         2783210       8026       2000      10000          6
   0       14     1963     9996      7739746433      7739756430         2793210       8026       2000      10000          7
   0       14     1963     9996      7739756434      7739766430         2803210       8026       2000      10000          6
   0       14     1963     9996      7739766433      7739776430         2813210       8026       2000      10000          6
   0       14     1963     9996      7739776433      7739786430         2823210       8026       2000      10000          7
   0       14     1963     9996      7739786434      7739796430         2833210       8026       2000      10000          6
   0       14     1963     9996      7739796433      7739806430         2843210       8026       2000      10000          6
   0       14     1963     9997      7739806433      7739816430         2853210       8026       2000      10000          7
   0       14     1963     9996      7739816434      7739826430         2863210       8026       2000      10000          7
   0       14     1963     9996      7739826434      7739836430         2873210       8026       2000      10000          7
   0       14     1963     9996      7739836434      7739846430         2883210       8026       2000      10000          6
   0       14     1963     9996      7739846433      7739856430         2893210       8026       2000      10000          6
   0       14     1963     9996      7739856433      7739866430         2903210       8026       2000      10000          6
   0       14     1963     9996      7739866433      7739876430         2913210       8026       2000      10000          6
   0       14     1963     9996      7739876433      7739886430         2923210       8026       2000      10000          7
   0       14     1963     9996      7739886433      7739896430         2933210       8026       2000      10000          7
   0       14     1963     9996      7739896433      7739906430         2943210       8026       2000      10000          6
   0       14     1963     9997      7739906433      7739916430         2953210       8026       2000      10000          7
   0       14     1963     9996      7739916434      7739926430         2963210       8026       2000      10000          6
   0       14     1963     9996      7739926433      7739936430         2973210       8026       2000      10000          6
   0       14     1963     9996      7739936433      7739946430         2983210       8026       2000      10000          7
   0       14     1963     9984      7739946446      7739956430         2993222       8014       2000      10000          7
   0       14     1963     9996      7739956434      7739966430         3003210       8026       2000      10000          6
   0       14     1963     9996      7739966433      7739976430         3013210       8026       2000      10000          7
   0       14     1963     9996      7739976433      7739986430         3023210       8026       2000      10000          7
   0       14     1963     9996      7739986433      7739996430         3033210       8026       2000      10000          6
   0       14     1963     9997      7739996433      7740006430         3043210       8026       2000      10000          7
   0       14     1963     9996      7740006434      7740016430         3053210       8026       2000      10000          7
   0       14     1963     9996      7740016434      7740026430         3063210       8026       2000      10000          7
   0       14     1963     9996      7740026433      7740036430         3073210       8026       2000      10000          6
   0       14     1963     9996      7740036433      7740046430         3083210       8026       2000      10000          6
   0       14     1963     9996      7740046433      7740056430         3093210       8026       2000      10000          6
   0       14     1963     9996      7740056433      7740066430         3103210       8026       2000      10000          6
   0       14     1963     9996      7740066433      7740076430         3113210       8026       2000      10000          6
   0       14     1963     9996      7740076433      7740086430         3123210       8026       2000      10000          6
   0       14     1963     9996      7740086433      7740096430         3133210       8026       2000      10000          7
   0       14     1963     9996      7740096433      7740106430         3143210       8026       2000      10000          6
   0       14     1963     9996      7740106433      7740116430         3153210       8026       2000      10000          6
   0       14     1963     9996      7740116433      7740126430         3163210       8026       2000      10000          6
   0       14     1963     9996      7740126433      7740136430         3173210       8026       2000      10000          7
   0       14     1963     9996      7740136433      7740146430         3183210       8026       2000      10000          7
   0       14     1963     9996      7740146433      7740156430         3193210       8026       2000      10000          6
   0       14     1963     9996      7740156433      7740166430         3203210       8026       2000      10000          7
   0       14     1963     9996      7740166434      7740176430         3213210       8026       2000      10000          7
   0       14     1963     9996      7740176434      7740186430         3223210       8026       2000      10000          6
   0       14     1963     9996      7740186433      7740196430         3233210       8026       2000      10000          6
   0       14     1963     9996      7740196433      7740206430         3243210       8026       2000      10000          6
   0       14     1963     9996      7740206433      7740216430         3253210       8026       2000      10000          6
   0       14     1963     9996      7740216433      7740226430         3263210       8026       2000      10000          6
   0       14     1963     9996      7740226433      7740236430         3273210       8026       2000      10000          6
   0       14     1963     9996      7740236433      7740246430         3283210       8026       2000      10000          6
   0       14     1963     9996      7740246433      7740256430         3293210       8026       2000      10000          6
   0       14     1963     9997      7740256433      7740266431         3303210       8026       2000      10000          7
   0       14     1963     9995      7740266434      7740276430         3313211       8025       2000      10000          6
   0       14     1963     9986      7740276444      7740286430         3323221       8015       2000      10000          7
   0       14     1963     9996      7740286434      7740296430         3333210       8026       2000      10000          6
   0       14     1963     9996      7740296433      7740306430         3343210       8026       2000      10000          6
   0       14     1963     9997      7740306433      7740316430         3353210       8026       2000      10000          7
   0       14     1963     9996      7740316434      7740326430         3363210       8026       2000      10000          7
   0       14     1963     9996      7740326433      7740336430         3373210       8026       2000      10000          6
   0       14     1963     9996      7740336433      7740346430         3383210       8026       2000      10000          7
   0       14     1963     9996      7740346433      7740356430         3393210       8026       2000      10000          7
   0       14     1963     9996      7740356434      7740366430         3403210       8026       2000      10000          7
   0       14     1963     9997      7740366433      7740376430         3413210       8026       2000      10000          7
   0       14     1963     9997      7740376434      7740386431         3423210       8026       2000      10000          7
   0       14     1963     9995      7740386435      7740396430         3433211       8025       2000      10000          7
   0       14     1963     9996      7740396434      7740406430         3443210       8026       2000      10000          6
   0       14     1963     9996      7740406433      7740416430         3453210       8026       2000      10000          6
   0       14     1963     9996      7740416433      7740426430         3463210       8026       2000      10000          6
   0       14     1963     9996      7740426433      7740436430         3473210       8026       2000      10000          6
   0       14     1963     9996      7740436433      7740446430         3483210       8026       2000      10000          6
   0       14     1963     9999      7740446433      7740456432         3493210       8026       2000      10000          9
   0       14     1964     9995      7740456436      7740466431         3503212       8023       2000      10000          7
   0       14     1963     9995      7740466435      7740476430         3513211       8025       2000      10000          6
   0       14     1963     9996      7740476433      7740486430         3523210       8026       2000      10000          7
   0       14     1963     9996      7740486433      7740496430         3533210       8026       2000      10000          6
   0       14     1963     9996      7740496433      7740506430         3543210       8026       2000      10000          6
   0       14     1963     9996      7740506433      7740516430         3553210       8026       2000      10000          7
   0       14     1963     9996      7740516434      7740526430         3563210       8026       2000      10000          7
   0       14     1963     9996      7740526434      7740536430         3573210       8026       2000      10000          6
   0       14     1963     9996      7740536433      7740546430         3583210       8026       2000      10000          6
   0       14     1963     9997      7740546433      7740556430         3593210       8026       2000      10000          7
   0       14     1963     9996      7740556434      7740566430         3603210       8026       2000      10000          7
   0       14     1963     9996      7740566434      7740576430         3613210       8026       2000      10000          7
   0       14     1963     9996      7740576434      7740586430         3623210       8026       2000      10000          7
   0       14     1963     9996      7740586434      7740596430         3633210       8026       2000      10000          6
   0       14     1963     9996      7740596433      7740606430         3643210       8026       2000      10000          7
   0       14     1963     9986      7740606445      7740616430         3653221       8015       2000      10000          7
   0       14     1963     9996      7740616434      7740626430         3663210       8026       2000      10000          7
   0       14     1963     9996      7740626434      7740636430         3673210       8026       2000      10000          7
   0       14     1963     9996      7740636434      7740646430         3683210       8026       2000      10000          7
   0       14     1963     9996      7740646434      7740656430         3693210       8026       2000      10000          7
   0       14     1963     9996      7740656434      7740666430         3703210       8026       2000      10000          7
   0       14     1963     9996      7740666434      7740676430         3713210       8026       2000      10000          6
   0       14     1963     9996      7740676433      7740686430         3723210       8026       2000      10000          6
   0       14     1963     9996      7740686433      7740696430         3733210       8026       2000      10000          6
   0       14     1963     9996      7740696433      7740706430         3743210       8026       2000      10000          7
   0       14     1963     9996      7740706433      7740716430         3753210       8026       2000      10000          6
   0       14     1963     9996      7740716433      7740726430         3763210       8026       2000      10000          6
   0       14     1963     9996      7740726433      7740736430         3773210       8026       2000      10000          7
   0       14     1963     9996      7740736433      7740746430         3783210       8026       2000      10000          6
   0       14     1963     9996      7740746433      7740756430         3793210       8026       2000      10000          6
   0       14     1963     9996      7740756433      7740766430         3803210       8026       2000      10000          6
   0       14     1963     9996      7740766433      7740776430         3813210       8026       2000      10000          7
   0       14     1963     9996      7740776433      7740786430         3823210       8026       2000      10000          6
   0       14     1963     9996      7740786433      7740796430         3833210       8026       2000      10000          7
   0       14     1963     9996      7740796434      7740806430         3843210       8026       2000      10000          7
   0       14     1963     9996      7740806433      7740816430         3853210       8026       2000      10000          7
   0       14     1963     9996      7740816434      7740826430         3863210       8026       2000      10000          6
   0       14     1963     9996      7740826433      7740836430         3873210       8026       2000      10000          6
   0       14     1963     9996      7740836433      7740846430         3883210       8026       2000      10000          7
   0       14     1963     9996      7740846434      7740856430         3893210       8026       2000      10000          7
   0       14     1963     9996      7740856434      7740866430         3903210       8026       2000      10000          6
   0       14     1963     9996      7740866433      7740876430         3913210       8026       2000      10000          6
   0       14     1963     9996      7740876433      7740886430         3923210       8026       2000      10000          7
   0       14     1963     9996      7740886433      7740896430         3933210       8026       2000      10000          6
   0       14     1963     9996      7740896433      7740906430         3943210       8026       2000      10000          7
   0       14     1963     9996      7740906433      7740916430         3953210       8026       2000      10000          7
   0       14     1963     9996      7740916434      7740926430         3963210       8026       2000      10000          7
   0       14     1963     9996      7740926433      7740936430         3973210       8026       2000      10000          6
   0       14     1963     9986      7740936444      7740946430         3983220       8016       2000      10000          7
   0       14     1963     9996      7740946434      7740956430         3993210       8026       2000      10000          6
   0       14     1963     9996      7740956433      7740966430         4003210       8026       2000      10000          6
   0       14     1963     9996      7740966433      7740976430         4013210       8026       2000      10000          7
   0       14     1963     9996      7740976434      7740986430         4023210       8026       2000      10000          6
   0       14     1963     9996      7740986433      7740996430         4033210       8026       2000      10000          6
   0       14     1963     9997      7740996433      7741006430         4043210       8026       2000      10000          7
   0       14     1963     9996      7741006434      7741016430         4053210       8026       2000      10000          6
   0       14     1963     9996      7741016433      7741026430         4063210       8026       2000      10000          6
   0       14     1963     9996      7741026433      7741036430         4073210       8026       2000      10000          6
   0       14     1963     9997      7741036433      7741046430         4083210       8026       2000      10000          7
   0       14     1963     9996      7741046434      7741056430         4093210       8026       2000      10000          6
   0       14     1963     9996      7741056433      7741066430         4103210       8026       2000      10000          7
   0       14     1963     9996      7741066434      7741076430         4113210       8026       2000      10000          7
   0       14     1963     9996      7741076434      7741086430         4123210       8026       2000      10000          7
   0       14     1963     9996      7741086433      7741096430         4133210       8026       2000      10000          6
   0       14     1963     9996      7741096433      7741106430         4143210       8026       2000      10000          6
   0       14     1963     9996      7741106433      7741116430         4153210       8026       2000      10000          6
   0       14     1963     9996      7741116433      7741126430         4163210       8026       2000      10000          7
   0       14     1963     9996      7741126433      7741136430         4173210       8026       2000      10000          7
   0       14     1963     9996      7741136434      7741146430         4183210       8026       2000      10000          6
   0       14     1963     9996      7741146433      7741156430         4193210       8026       2000      10000          6
   0       14     1963     9996      7741156433      7741166430         4203210       8026       2000      10000          6
   0       14     1963     9996      7741166433      7741176430         4213210       8026       2000      10000          6
   0       14     1963     9996      7741176433      7741186430         4223210       8026       2000      10000          6
   0       14     1963     9996      7741186433      7741196430         4233210       8026       2000      10000          6
   0       14     1963     9996      7741196433      7741206430         4243210       8026       2000      10000          6
   0       14     1963     9996      7741206434      7741216430         4253210       8026       2000      10000          6
   0       14     1963     9996      7741216433      7741226430         4263210       8026       2000      10000          6
   0       14     1963     9996      7741226433      7741236430         4273210       8026       2000      10000          6
   0       14     1963     9996      7741236433      7741246430         4283210       8026       2000      10000          6
   0       14     1963     9996      7741246433      7741256430         4293210       8026       2000      10000          6
   0       14     1963     9996      7741256433      7741266430         4303210       8026       2000      10000          6
   0       14     1963     9986      7741266444      7741276430         4313220       8016       2000      10000          7
   0       14     1963     9996      7741276434      7741286430         4323210       8026       2000      10000          7
   0       14     1963     9996      7741286434      7741296430         4333210       8026       2000      10000          7
   0       14     1963     9996      7741296433      7741306430         4343210       8026       2000      10000          6
   0       14     1963     9996      7741306433      7741316430         4353210       8026       2000      10000          6
   0       14     1963     9996      7741316433      7741326430         4363210       8026       2000      10000          7
   0       14     1963     9996      7741326434      7741336430         4373210       8026       2000      10000          6
   0       14     1963     9996      7741336433      7741346430         4383210       8026       2000      10000          6
   0       14     1963     9996      7741346433      7741356430         4393210       8026       2000      10000          6
   0       14     1963     9996      7741356433      7741366430         4403210       8026       2000      10000          6
   0       14     1963     9996      7741366433      7741376430         4413210       8026       2000      10000          6
   0       14     1963     9996      7741376433      7741386430         4423210       8026       2000      10000          7
   0       14     1963     9996      7741386434      7741396430         4433210       8026       2000      10000          6
   0       14     1963     9996      7741396433      7741406430         4443210       8026       2000      10000          6
   0       14     1963     9996      7741406433      7741416430         4453210       8026       2000      10000          7
   0       14     1963     9996      7741416434      7741426430         4463210       8026       2000      10000          6
   0       14     1963     9996      7741426433      7741436430         4473210       8026       2000      10000          6
   0       14     1963     9996      7741436433      7741446430         4483210       8026       2000      10000          6
   0       14     1963     9998      7741446433      7741456431         4493210       8026       2000      10000          8
   0       14     1964     9995      7741456435      7741466430         4503212       8023       2000      10000          7
   0       14     1963     9996      7741466434      7741476430         4513210       8026       2000      10000          6
   0       14     1963     9996      7741476433      7741486430         4523210       8026       2000      10000          6
   0       14     1963     9996      7741486433      7741496430         4533210       8026       2000      10000          6
   0       14     1963     9996      7741496433      7741506430         4543210       8026       2000      10000          6
   0       14     1963     9996      7741506433      7741516430         4553210       8026       2000      10000          6
   0       14     1963     9996      7741516433      7741526430         4563210       8026       2000      10000          6
   0       14     1963     9996      7741526433      7741536430         4573210       8026       2000      10000          6
   0       14     1963     9996      7741536433      7741546430         4583210       8026       2000      10000          7
   0       14     1963     9996      7741546434      7741556430         4593210       8026       2000      10000          6
   0       14     1963     9996      7741556433      7741566430         4603210       8026       2000      10000          6
   0       14     1963     9996      7741566433      7741576430         4613210       8026       2000      10000          6
   0       14     1963     9997      7741576433      7741586431         4623210       8026       2000      10000          7
   0       14     1963     9995      7741586434      7741596430         4633211       8025       2000      10000          6
   0       14     1963     9984      7741596445      7741606430         4643222       8014       2000      10000          6
   0       14     1963     9996      7741606434      7741616430         4653210       8026       2000      10000          6
   0       14     1963     9997      7741616433      7741626430         4663210       8026       2000      10000          7
   0       14     1963     9996      7741626434      7741636430         4673210       8026       2000      10000          6
   0       14     1963     9996      7741636433      7741646430         4683210       8026       2000      10000          6
   0       14     1963     9996      7741646433      7741656430         4693210       8026       2000      10000          6
   0       14     1963     9996      7741656433      7741666430         4703210       8026       2000      10000          6
   0       14     1963     9996      7741666433      7741676430         4713210       8026       2000      10000          6
   0       14     1963     9997      7741676433      7741686430         4723210       8026       2000      10000          6
   0       14     1963     9996      7741686433      7741696430         4733210       8026       2000      10000          6
   0       14     1963     9996      7741696433      7741706430         4743210       8026       2000      10000          6
   0       14     1963     9996      7741706433      7741716430         4753210       8026       2000      10000          6
   0       14     1963     9996      7741716433      7741726430         4763210       8026       2000      10000          6
   0       14     1963     9996      7741726433      7741736430         4773210       8026       2000      10000          6
   0       14     1963     9997      7741736433      7741746430         4783210       8026       2000      10000          7
   0       14     1963     9996      7741746434      7741756430         4793210       8026       2000      10000          6
   0       14     1963     9996      7741756433      7741766430         4803210       8026       2000      10000          6
   0       14     1963     9996      7741766433      7741776430         4813210       8026       2000      10000          7
   0       14     1963     9996      7741776434      7741786430         4823210       8026       2000      10000          7
   0       14     1963     9996      7741786434      7741796430         4833210       8026       2000      10000          6
   0       14     1963     9997      7741796433      7741806430         4843210       8026       2000      10000          7
   0       14     1963     9996      7741806434      7741816430         4853210       8026       2000      10000          7
   0       14     1963     9996      7741816433      7741826430         4863210       8026       2000      10000          7
   0       14     1963     9996      7741826434      7741836430         4873210       8026       2000      10000          7
   0       14     1963     9996      7741836434      7741846430         4883210       8026       2000      10000          6
   0       14     1963     9996      7741846433      7741856430         4893210       8026       2000      10000          6
   0       14     1963     9996      7741856433      7741866430         4903210       8026       2000      10000          6
   0       14     1963     9997      7741866433      7741876430         4913210       8026       2000      10000          7
   0       14     1963     9996      7741876434      7741886430         4923211       8026       2000      10000          6
   0       14     1963     9997      7741886433      7741896430         4933210       8026       2000      10000          7
   0       14     1963     9996      7741896434      7741906430         4943210       8026       2000      10000          7
   0       14     1963     9996      7741906434      7741916430         4953210       8026       2000      10000          7
   0       14     1963     9996      7741916434      7741926430         4963210       8026       2000      10000          6
   0       14     1963     9986      7741926444      7741936430         4973220       8016       2000      10000          7
   0       14     1963     9996      7741936434      7741946430         4983210       8026       2000      10000          6
   0       14     1963     9997      7741946433      7741956430         4993210       8026       2000      10000          7
   0       14     1963     9996      7741956434      7741966430         5003211       8025       2000      10000          7
   0       14     1963     9996      7741966434      7741976430         5013210       8026       2000      10000          7
   0       14     1963     9997      7741976434      7741986430         5023210       8026       2000      10000          7
   0       14     1963     9995      7741986434      7741996430         5033211       8025       2000      10000          6
   0       14     1963     9996      7741996433      7742006430         5043210       8026       2000      10000          6
   0       14     1963     9996      7742006433      7742016430         5053210       8026       2000      10000          6
   0       14     1963     9996      7742016433      7742026430         5063210       8026       2000      10000          6
   0       14     1963     9996      7742026433      7742036430         5073210       8026       2000      10000          7
   0       14     1963     9996      7742036434      7742046430         5083210       8026       2000      10000          6
   0       14     1963     9996      7742046433      7742056430         5093210       8026       2000      10000          7
   0       14     1963     9996      7742056434      7742066430         5103210       8026       2000      10000          6
   0       14     1963     9996      7742066433      7742076430         5113210       8026       2000      10000          7
   0       14     1963     9996      7742076434      7742086430         5123210       8026       2000      10000          7
   0       14     1963     9996      7742086434      7742096430         5133210       8026       2000      10000          6
   0       14     1963     9996      7742096433      7742106430         5143210       8026       2000      10000          6
   0       14     1963     9996      7742106433      7742116430         5153210       8026       2000      10000          6
   0       14     1963     9996      7742116433      7742126430         5163210       8026       2000      10000          7
   0       14     1963     9996      7742126433      7742136430         5173210       8026       2000      10000          6
   0       14     1963     9996      7742136433      7742146430         5183210       8026       2000      10000          7
   0       14     1963     9996      7742146434      7742156430         5193210       8026       2000      10000          6
   0       14     1963     9996      7742156433      7742166430         5203210       8026       2000      10000          6
   0       14     1963     9996      7742166433      7742176430         5213210       8026       2000      10000          6
   0       14     1963     9997      7742176433      7742186431         5223210       8026       2000      10000          7
   0       14     1963     9995      7742186434      7742196430         5233211       8025       2000      10000          6
   0       14     1963     9996      7742196433      7742206430         5243210       8026       2000      10000          6
   0       14     1963     9996      7742206433      7742216430         5253210       8026       2000      10000          7
   0       14     1963     9996      7742216434      7742226430         5263210       8026       2000      10000          7
   0       14     1963     9996      7742226434      7742236430         5273210       8026       2000      10000          6
   0       14     1963     9996      7742236433      7742246430         5283210       8026       2000      10000          7
   0       14     1963     9996      7742246433      7742256430         5293210       8026       2000      10000          6
   0       14     1963     9984      7742256446      7742266430         5303222       8014       2000      10000          7
   0       14     1963     9996      7742266434      7742276430         5313210       8026       2000      10000          7
   0       14     1963     9996      7742276434      7742286430         5323210       8026       2000      10000          7
   0       14     1963     9996      7742286434      7742296430         5333210       8026       2000      10000          6
   0       14     1963     9996      7742296433      7742306430         5343210       8026       2000      10000          6
   0       14     1963     9996      7742306433      7742316430         5353210       8026       2000      10000          6
   0       14     1963     9996      7742316433      7742326430         5363210       8026       2000      10000          6
   0       14     1963     9996      7742326433      7742336430         5373210       8026       2000      10000          6
   0       14     1963     9996      7742336433      7742346430         5383210       8026       2000      10000          7
   0       14     1963     9996      7742346433      7742356430         5393210       8026       2000      10000          6
   0       14     1963     9996      7742356433      7742366430         5403210       8026       2000      10000          6
   0       14     1963     9996      7742366433      7742376430         5413210       8026       2000      10000          6
   0       14     1963     9996      7742376433      7742386430         5423210       8026       2000      10000          6
   0       14     1963     9996      7742386433      7742396430         5433210       8026       2000      10000          6
   0       14     1963     9996      7742396433      7742406430         5443210       8026       2000      10000          7
   0       14     1963     9996      7742406434      7742416430         5453210       8026       2000      10000          7
   0       14     1963     9996      7742416433      7742426430         5463210       8026       2000      10000          7
   0       14     1963     9996      7742426433      7742436430         5473210       8026       2000      10000          7
   0       14     1963     9996      7742436434      7742446430         5483210       8026       2000      10000          6
   0       14     1963     9998      7742446433      7742456431         5493210       8026       2000      10000          8
   0       14     1963     9995      7742456435      7742466430         5503211       8024       2000      10000          6
   0       14     1963     9996      7742466433      7742476430         5513210       8026       2000      10000          7
   0       14     1963     9996      7742476433      7742486430         5523210       8026       2000      10000          7
   0       14     1963     9996      7742486434      7742496430         5533210       8026       2000      10000          6
   0       14     1963     9996      7742496433      7742506430         5543210       8026       2000      10000          6
   0       14     1963     9996      7742506433      7742516430         5553210       8026       2000      10000          6
   0       14     1963     9996      7742516433      7742526430         5563210       8026       2000      10000          7
   0       14     1963     9996      7742526433      7742536430         5573210       8026       2000      10000          7
   0       14     1963     9996      7742536434      7742546430         5583210       8026       2000      10000          6
   0       14     1963     9996      7742546433      7742556430         5593210       8026       2000      10000          6
   0       14     1963     9996      7742556433      7742566430         5603210       8026       2000      10000          6
   0       14     1963     9996      7742566433      7742576430         5613210       8026       2000      10000          6
   0       14     1963     9996      7742576433      7742586430         5623210       8026       2000      10000          6
   0       14     1963     9986      7742586444      7742596430         5633221       8015       2000      10000          7
   0       14     1963     9996      7742596434      7742606430         5643210       8026       2000      10000          6
   0       14     1963     9996      7742606433      7742616430         5653210       8026       2000      10000          6
   0       14     1963     9996      7742616433      7742626430         5663210       8026       2000      10000          7
   0       14     1963     9996      7742626434      7742636430         5673210       8026       2000      10000          6
   0       14     1963     9996      7742636433      7742646430         5683210       8026       2000      10000          7
   0       14     1963     9996      7742646434      7742656430         5693210       8026       2000      10000          6
   0       14     1963     9996      7742656433      7742666430         5703210       8026       2000      10000          6
   0       14     1963     9997      7742666433      7742676430         5713210       8026       2000      10000          7
   0       14     1963     9996      7742676433      7742686430         5723210       8026       2000      10000          6
   0       14     1963     9996      7742686433      7742696430         5733210       8026       2000      10000          6
   0       14     1963     9996      7742696433      7742706430         5743210       8026       2000      10000          6
   0       14     1963     9996      7742706433      7742716430         5753210       8026       2000      10000          6
   0       14     1963     9996      7742716433      7742726430         5763210       8026       2000      10000          6
   0       14     1963     9996      7742726433      7742736430         5773210       8026       2000      10000          6
   0       14     1963     9996      7742736433      7742746430         5783210       8026       2000      10000          6
   0       14     1963     9996      7742746433      7742756430         5793210       8026       2000      10000          6
   0       14     1963     9996      7742756433      7742766430         5803210       8026       2000      10000          6
   0       14     1963     9996      7742766433      7742776430         5813210       8026       2000      10000          7
   0       14     1963     9996      7742776434      7742786430         5823210       8026       2000      10000          7
   0       14     1963     9996      7742786433      7742796430         5833210       8026       2000      10000          6
   0       14     1963     9996      7742796433      7742806430         5843210       8026       2000      10000          7
   0       14     1963     9996      7742806434      7742816430         5853210       8026       2000      10000          6
   0       14     1963     9996      7742816433      7742826430         5863210       8026       2000      10000          6
   0       14     1963     9997      7742826433      7742836430         5873210       8026       2000      10000          7
   0       14     1963     9996      7742836434      7742846430         5883210       8026       2000      10000          6
   0       14     1963     9996      7742846433      7742856430         5893210       8026       2000      10000          7
   0       14     1963     9996      7742856433      7742866430         5903210       8026       2000      10000          6
   0       14     1963     9996      7742866433      7742876430         5913210       8026       2000      10000          6
   0       14     1963     9996      7742876433      7742886430         5923210       8026       2000      10000          6
   0       14     1963     9996      7742886433      7742896430         5933210       8026       2000      10000          6
   0       14     1963     9996      7742896433      7742906430         5943210       8026       2000      10000          6
   0       14     1963     9996      7742906433      7742916430         5953210       8026       2000      10000          6
   0       14     1963     9983      7742916447      7742926430         5963223       8013       2000      10000          7
   0       14     1963     9996      7742926434      7742936430         5973210       8026       2000      10000          6
   0       14     1963     9996      7742936433      7742946430         5983210       8026       2000      10000          6
   0       14     1963     9996      7742946433      7742956430         5993210       8026       2000      10000          7
   0       14     1963     9996      7742956434      7742966430         6003210       8026       2000      10000          7
   0       14     1963     9996      7742966434      7742976430         6013210       8026       2000      10000          7
   0       14     1963     9996      7742976433      7742986430         6023210       8026       2000      10000          6
   0       14     1963     9996      7742986433      7742996430         6033210       8026       2000      10000          7
   0       14     1963     9996      7742996433      7743006430         6043210       8026       2000      10000          6
   0       14     1963     9997      7743006433      7743016430         6053210       8026       2000      10000          7
   0       14     1963     9996      7743016434      7743026430         6063210       8026       2000      10000          6
   0       14     1963     9996      7743026433      7743036430         6073210       8026       2000      10000          6
   0       14     1963     9996      7743036433      7743046430         6083210       8026       2000      10000          6
   0       14     1963     9996      7743046433      7743056430         6093210       8026       2000      10000          7
   0       14     1963     9996      7743056434      7743066430         6103210       8026       2000      10000          6
   0       14     1963     9996      7743066433      7743076430         6113210       8026       2000      10000          7
   0       14     1963     9996      7743076433      7743086430         6123210       8026       2000      10000          7
   0       14     1963     9996      7743086434      7743096430         6133210       8026       2000      10000          6
   0       14     1963     9996      7743096433      7743106430         6143210       8026       2000      10000          7
   0       14     1963     9996      7743106434      7743116430         6153210       8026       2000      10000          6
   0       14     1963     9996      7743116433      7743126430         6163210       8026       2000      10000          7
   0       14     1963     9996      7743126433      7743136430         6173210       8026       2000      10000          6
   0       14     1963     9996      7743136433      7743146430         6183210       8026       2000      10000          6
   0       14     1963     9997      7743146433      7743156430         6193210       8026       2000      10000          7
   0       14     1963     9996      7743156434      7743166430         6203210       8026       2000      10000          6
   0       14     1963     9996      7743166433      7743176430         6213210       8026       2000      10000          6
   0       14     1963     9996      7743176433      7743186430         6223210       8026       2000      10000          6
   0       14     1963     9996      7743186433      7743196430         6233210       8026       2000      10000          6
   0       14     1963     9996      7743196433      7743206430         6243210       8026       2000      10000          6
   0       14     1963     9996      7743206433      7743216430         6253210       8026       2000      10000          6
   0       14     1963     9996      7743216433      7743226430         6263210       8026       2000      10000          7
   0       14     1963     9996      7743226433      7743236430         6273210       8026       2000      10000          6
   0       14     1963     9996      7743236433      7743246430         6283210       8026       2000      10000          6
   0       14     1963     9985      7743246445      7743256430         6293221       8015       2000      10000          7
   0       14     1963     9996      7743256434      7743266430         6303210       8026       2000      10000          7
   0       14     1963     9996      7743266433      7743276430         6313210       8026       2000      10000          6
   0       14     1963     9996      7743276433      7743286430         6323210       8026       2000      10000          6
   0       14     1963     9996      7743286433      7743296430         6333210       8026       2000      10000          6
   0       14     1963     9996      7743296433      7743306430         6343210       8026       2000      10000          6
   0       14     1963     9996      7743306433      7743316430         6353210       8026       2000      10000          7
   0       14     1963     9996      7743316433      7743326430         6363210       8026       2000      10000          6
   0       14     1963     9996      7743326433      7743336430         6373210       8026       2000      10000          6
   0       14     1963     9996      7743336433      7743346430         6383210       8026       2000      10000          6
   0       14     1963     9996      7743346433      7743356430         6393210       8026       2000      10000          6
   0       14     1963     9996      7743356433      7743366430         6403210       8026       2000      10000          6
   0       14     1963     9997      7743366433      7743376430         6413210       8026       2000      10000          7
   0       14     1963     9996      7743376434      7743386430         6423210       8026       2000      10000          7
   0       14     1963     9996      7743386434      7743396430         6433210       8026       2000      10000          7
   0       14     1963     9996      7743396434      7743406430         6443210       8026       2000      10000          6
   0       14     1963     9997      7743406433      7743416430         6453210       8026       2000      10000          7
   0       14     1963     9996      7743416434      7743426430         6463210       8026       2000      10000          6
   0       14     1963     9996      7743426433      7743436429         6473210       8026       2000      10000          6
   0       14     1963     9997      7743436433      7743446430         6483209       8027       2000      10000          7
   0       14     1963     9998      7743446434      7743456432         6493210       8026       2000      10000          8
   0       14     1963     9995      7743456436      7743466430         6503212       8024       2000      10000          7
   0       14     1963     9996      7743466434      7743476430         6513211       8026       2000      10000          7
   0       14     1963     9996      7743476434      7743486430         6523210       8026       2000      10000          7
   0       14     1963     9996      7743486434      7743496430         6533210       8026       2000      10000          7
   0       14     1963     9996      7743496434      7743506430         6543210       8026       2000      10000          6
   0       14     1963     9996      7743506433      7743516430         6553210       8026       2000      10000          6
   0       14     1963     9996      7743516433      7743526430         6563210       8026       2000      10000          7
   0       14     1963     9996      7743526434      7743536430         6573210       8026       2000      10000          6
   0       14     1963     9996      7743536433      7743546430         6583210       8026       2000      10000          6
   0       14     1963     9996      7743546433      7743556430         6593210       8026       2000      10000          6
   0       14     1963     9996      7743556433      7743566430         6603210       8026       2000      10000          6
   0       14     1963     9996      7743566433      7743576430         6613210       8026       2000      10000          7
   0       14     1963     9985      7743576445      7743586430         6623222       8014       2000      10000          7
   0       14     1963     9996      7743586434      7743596430         6633210       8026       2000      10000          7
   0       14     1963     9996      7743596434      7743606430         6643210       8026       2000      10000          6
   0       14     1963     9996      7743606433      7743616430         6653210       8026       2000      10000          6
   0       14     1963     9996      7743616433      7743626430         6663210       8026       2000      10000          6
   0       14     1963     9996      7743626433      7743636430         6673210       8026       2000      10000          6
   0       14     1963     9996      7743636433      7743646430         6683210       8026       2000      10000          7
   0       14     1963     9996      7743646433      7743656430         6693210       8026       2000      10000          7
   0       14     1963     9996      7743656434      7743666430         6703210       8026       2000      10000          6
   0       14     1963     9996      7743666433      7743676430         6713210       8026       2000      10000          6
   0       14     1963     9996      7743676433      7743686430         6723210       8026       2000      10000          6
   0       14     1963     9996      7743686433      7743696430         6733210       8026       2000      10000          6
   0       14     1963     9996      7743696433      7743706430         6743210       8026       2000      10000          6
   0       14     1963     9996      7743706433      7743716430         6753210       8026       2000      10000          7
   0       14     1963     9996      7743716433      7743726430         6763210       8026       2000      10000          6
   0       14     1963     9996      7743726433      7743736430         6773210       8026       2000      10000          6
   0       14     1963     9996      7743736433      7743746430         6783210       8026       2000      10000          7
   0       14     1963     9996      7743746433      7743756430         6793210       8026       2000      10000          6
   0       14     1963     9996      7743756433      7743766430         6803210       8026       2000      10000          6
   0       14     1963     9996      7743766433      7743776430         6813210       8026       2000      10000          7
   0       14     1963     9996      7743776434      7743786430         6823210       8026       2000      10000          6
   0       14     1963     9996      7743786433      7743796430         6833210       8026       2000      10000          6
   0       14     1963     9996      7743796433      7743806430         6843210       8026       2000      10000          6
   0       14     1963     9996      7743806433      7743816430         6853210       8026       2000      10000          7
   0       14     1963     9996      7743816434      7743826430         6863210       8026       2000      10000          7
   0       14     1963     9996      7743826434      7743836430         6873210       8026       2000      10000          7
   0       14     1963     9996      7743836433      7743846430         6883210       8026       2000      10000          6
   0       14     1963     9996      7743846433      7743856430         6893210       8026       2000      10000          7
   0       14     1963     9996      7743856434      7743866430         6903210       8026       2000      10000          6
   0       14     1963     9996      7743866433      7743876430         6913210       8026       2000      10000          7
   0       14     1963     9996      7743876434      7743886430         6923210       8026       2000      10000          6
   0       14     1963     9996      7743886433      7743896430         6933210       8026       2000      10000          6
   0       14     1963     9996      7743896433      7743906430         6943210       8026       2000      10000          6
   0       14     1963     9986      7743906444      7743916430         6953220       8016       2000      10000          7
   0       14     1963     9996      7743916434      7743926430         6963210       8026       2000      10000          7
   0       14     1963     9996      7743926434      7743936430         6973210       8026       2000      10000          6
   0       14     1963     9997      7743936433      7743946430         6983210       8026       2000      10000          7
   0       14     1963     9996      7743946434      7743956430         6993210       8026       2000      10000          6
   0       14     1963     9996      7743956433      7743966429         7003210       8026       2000      10000          6
   0       14     1963     9997      7743966433      7743976430         7013209       8027       2000      10000          7
   0       14     1963     9998      7743976434      7743986432         7023210       8026       2000      10000          8
   0       14     1963     9995      7743986435      7743996430         7033212       8024       2000      10000          7
   0       14     1963     9996      7743996434      7744006430         7043210       8026       2000      10000          7
   0       14     1963     9996      7744006434      7744016430         7053210       8026       2000      10000          6
   0       14     1963     9996      7744016433      7744026430         7063210       8026       2000      10000          7
   0       14     1963     9996      7744026434      7744036430         7073210       8026       2000      10000          6
   0       14     1963     9997      7744036433      7744046430         7083210       8026       2000      10000          7
   0       14     1963     9996      7744046434      7744056430         7093210       8026       2000      10000          6
   0       14     1963     9996      7744056433      7744066430         7103210       8026       2000      10000          7
   0       14     1963     9996      7744066433      7744076430         7113210       8026       2000      10000          7
   0       14     1963     9996      7744076434      7744086430         7123210       8026       2000      10000          6
   0       14     1963     9996      7744086433      7744096430         7133210       8026       2000      10000          6
   0       14     1963     9996      7744096433      7744106430         7143210       8026       2000      10000          6
   0       14     1963     9996      7744106433      7744116430         7153210       8026       2000      10000          6
   0       14     1963     9996      7744116433      7744126430         7163210       8026       2000      10000          6
   0       14     1963     9996      7744126433      7744136430         7173210       8026       2000      10000          6
   0       14     1963     9996      7744136433      7744146430         7183210       8026       2000      10000          6
   0       14     1963     9996      7744146433      7744156430         7193210       8026       2000      10000          6
   0       14     1963     9996      7744156433      7744166430         7203210       8026       2000      10000          6
   0       14     1963     9996      7744166433      7744176430         7213210       8026       2000      10000          6
   0       14     1963     9996      7744176433      7744186430         7223210       8026       2000      10000          6
   0       14     1963     9996      7744186433      7744196430         7233210       8026       2000      10000          6
   0       14     1963     9996      7744196433      7744206430         7243210       8026       2000      10000          7
   0       14     1963     9996      7744206433      7744216430         7253210       8026       2000      10000          6
   0       14     1963     9996      7744216433      7744226430         7263210       8026       2000      10000          6
   0       14     1963     9996      7744226433      7744236430         7273210       8026       2000      10000          6
   0       14     1963     9986      7744236444      7744246430         7283220       8016       2000      10000          7
   0       14     1963     9996      7744246434      7744256430         7293210       8026       2000      10000          7
   0       14     1963     9996      7744256433      7744266430         7303210       8026       2000      10000          6
   0       14     1963     9996      7744266433      7744276430         7313210       8026       2000      10000          6
   0       14     1963     9996      7744276433      7744286430         7323210       8026       2000      10000          6
   0       14     1963     9996      7744286433      7744296430         7333210       8026       2000      10000          6
   0       14     1963     9996      7744296433      7744306430         7343210       8026       2000      10000          6
   0       14     1963     9997      7744306433      7744316430         7353210       8026       2000      10000          7
   0       14     1963     9996      7744316434      7744326430         7363210       8026       2000      10000          7
   0       14     1963     9996      7744326433      7744336430         7373210       8026       2000      10000          6
   0       14     1963     9996      7744336433      7744346430         7383210       8026       2000      10000          6
   0       14     1963     9996      7744346433      7744356430         7393210       8026       2000      10000          6
   0       14     1963     9996      7744356433      7744366430         7403210       8026       2000      10000          6
   0       14     1963     9996      7744366433      7744376430         7413210       8026       2000      10000          6
   0       14     1963     9996      7744376433      7744386430         7423210       8026       2000      10000          6
   0       14     1963     9997      7744386433      7744396430         7433210       8026       2000      10000          7
   0       14     1963     9996      7744396434      7744406430         7443210       8026       2000      10000          7
   0       14     1963     9996      7744406434      7744416430         7453210       8026       2000      10000          7
   0       14     1963     9996      7744416434      7744426430         7463210       8026       2000      10000          6
   0       14     1963     9996      7744426433      7744436430         7473210       8026       2000      10000          6
   0       14     1963     9996      7744436433      7744446430         7483210       8026       2000      10000          7
   0       14     1963    10000      7744446434      7744456433         7493210       8026       2000      10000         10
   0       14     1964     9993      7744456437      7744466431         7503214       8022       2000      10000          7
   0       14     1963     9996      7744466434      7744476430         7513211       8025       2000      10000          7
   0       14     1963     9996      7744476434      7744486430         7523210       8026       2000      10000          7
   0       14     1963     9996      7744486434      7744496430         7533210       8026       2000      10000          7
   0       14     1963     9996      7744496434      7744506430         7543210       8026       2000      10000          7
   0       14     1963     9996      7744506433      7744516430         7553210       8026       2000      10000          6
   0       14     1963     9996      7744516433      7744526430         7563210       8026       2000      10000          6
   0       14     1963     9996      7744526433      7744536430         7573210       8026       2000      10000          7
   0       14     1963     9996      7744536434      7744546430         7583210       8026       2000      10000          7
   0       14     1963     9996      7744546433      7744556430         7593210       8026       2000      10000          7
   0       14     1963     9996      7744556433      7744566430         7603210       8026       2000      10000          6
   0       14     1963     9985      7744566445      7744576430         7613222       8014       2000      10000          7
   0       14     1963     9996      7744576434      7744586430         7623210       8026       2000      10000          6
   0       14     1963     9997      7744586433      7744596430         7633210       8026       2000      10000          7
   0       14     1963     9996      7744596434      7744606430         7643211       8026       2000      10000          6
   0       14     1963     9996      7744606433      7744616430         7653210       8026       2000      10000          6
   0       14     1963     9996      7744616433      7744626430         7663210       8026       2000      10000          7
   0       14     1963     9996      7744626433      7744636430         7673210       8026       2000      10000          7
   0       14     1963     9996      7744636434      7744646430         7683210       8026       2000      10000          7
   0       14     1963     9996      7744646434      7744656430         7693210       8026       2000      10000          6
   0       14     1963     9996      7744656433      7744666430         7703210       8026       2000      10000          7
   0       14     1963     9996      7744666433      7744676430         7713210       8026       2000      10000          6
   0       14     1963     9996      7744676433      7744686430         7723210       8026       2000      10000          7
   0       14     1963     9996      7744686434      7744696430         7733210       8026       2000      10000          7
   0       14     1963     9996      7744696433      7744706430         7743210       8026       2000      10000          6
   0       14     1963     9996      7744706433      7744716430         7753210       8026       2000      10000          6
   0       14     1963     9996      7744716433      7744726430         7763210       8026       2000      10000          7
   0       14     1963     9996      7744726434      7744736430         7773210       8026       2000      10000          7
   0       14     1963     9996      7744736434      7744746430         7783210       8026       2000      10000          7
   0       14     1963     9996      7744746434      7744756430         7793210       8026       2000      10000          7
   0       14     1963     9996      7744756434      7744766430         7803210       8026       2000      10000          7
   0       14     1963     9996      7744766434      7744776430         7813210       8026       2000      10000          7
   0       14     1963     9996      7744776434      7744786430         7823210       8026       2000      10000          7
   0       14     1963     9997      7744786434      7744796430         7833210       8026       2000      10000          7
   0       14     1963     9996      7744796434      7744806430         7843210       8026       2000      10000          7
   0       14     1963     9997      7744806434      7744816431         7853210       8026       2000      10000          8
   0       14     1963     9995      7744816435      7744826430         7863211       8025       2000      10000          7
   0       14     1963     9996      7744826434      7744836430         7873210       8026       2000      10000          7
   0       14     1963     9996      7744836434      7744846430         7883210       8026       2000      10000          7
   0       14     1963     9996      7744846434      7744856430         7893210       8026       2000      10000          7
   0       14     1963     9996      7744856434      7744866430         7903210       8026       2000      10000          7
   0       14     1963     9996      7744866434      7744876430         7913210       8026       2000      10000          7
   0       14     1963     9996      7744876434      7744886430         7923210       8026       2000      10000          7
   0       14     1963     9997      7744886434      7744896430         7933210       8026       2000      10000          7
   0       14     1963     9985      7744896445      7744906430         7943222       8014       2000      10000          7
   0       14     1963     9996      7744906434      7744916430         7953210       8026       2000      10000          7
   0       14     1963     9996      7744916434      7744926430         7963210       8026       2000      10000          6
   0       14     1963     9996      7744926433      7744936430         7973210       8026       2000      10000          7
   0       14     1963     9996      7744936434      7744946430         7983210       8026       2000      10000          6
   0       14     1963     9997      7744946433      7744956430         7993210       8026       2000      10000          7
   0       14     1963     9996      7744956433      7744966430         8003210       8026       2000      10000          7
   0       14     1963     9996      7744966433      7744976430         8013210       8026       2000      10000          6
   0       14     1963     9996      7744976433      7744986430         8023210       8026       2000      10000          6
   0       14     1963     9996      7744986433      7744996430         8033210       8026       2000      10000          7
   0       14     1963     9999      7744996434      7745006432         8043210       8026       2000      10000          9
   0       14     1963     9994      7745006436      7745016430         8053212       8024       2000      10000          7
   0       14     1963     9996      7745016434      7745026430         8063210       8026       2000      10000          7
   0       14     1963     9996      7745026434      7745036430         8073210       8026       2000      10000          7
   0       14     1963     9996      7745036433      7745046430         8083210       8026       2000      10000          6
   0       14     1963     9996      7745046433      7745056430         8093210       8026       2000      10000          6
   0       14     1963     9997      7745056433      7745066430         8103210       8026       2000      10000          7
   0       14     1963     9996      7745066434      7745076430         8113210       8026       2000      10000          6
   0       14     1963     9996      7745076433      7745086430         8123210       8026       2000      10000          7
   0       14     1963     9997      7745086434      7745096430         8133210       8026       2000      10000          7
   0       14     1963     9996      7745096434      7745106430         8143210       8026       2000      10000          7
   0       14     1963     9996      7745106434      7745116430         8153210       8026       2000      10000          6
   0       14     1963     9996      7745116433      7745126430         8163210       8026       2000      10000          6
   0       14     1963     9996      7745126433      7745136430         8173210       8026       2000      10000          6
   0       14     1963     9996      7745136433      7745146430         8183210       8026       2000      10000          6
   0       14     1963     9996      7745146433      7745156430         8193210       8026       2000      10000          6
   0       14     1963     9997      7745156433      7745166430         8203210       8026       2000      10000          7
   0       14     1963     9996      7745166434      7745176430         8213210       8026       2000      10000          6
   0       14     1963     9996      7745176433      7745186430         8223210       8026       2000      10000          6
   0       14     1963     9996      7745186433      7745196430         8233210       8026       2000      10000          7
   0       14     1963     9996      7745196434      7745206430         8243210       8026       2000      10000          6
   0       14     1963     9996      7745206433      7745216430         8253210       8026       2000      10000          6
   0       14     1963     9996      7745216433      7745226430         8263210       8026       2000      10000          6
   0       14     1963     9985      7745226445      7745236430         8273222       8014       2000      10000          6
   0       14     1963     9996      7745236434      7745246430         8283210       8026       2000      10000          6
   0       14     1963     9996      7745246433      7745256430         8293210       8026       2000      10000          6
   0       14     1963     9997      7745256433      7745266430         8303210       8026       2000      10000          7
   0       14     1963     9996      7745266434      7745276430         8313210       8026       2000      10000          6
   0       14     1963     9997      7745276433      7745286430         8323210       8026       2000      10000          7
   0       14     1963     9996      7745286434      7745296430         8333210       8026       2000      10000          6
   0       14     1963     9996      7745296433      7745306430         8343210       8026       2000      10000          6
   0       14     1963     9996      7745306433      7745316430         8353210       8026       2000      10000          6
   0       14     1963     9997      7745316433      7745326430         8363210       8026       2000      10000          7
   0       14     1963     9996      7745326434      7745336430         8373211       8026       2000      10000          6
   0       14     1963     9996      7745336433      7745346429         8383210       8026       2000      10000          6
   0       14     1963     9996      7745346433      7745356429         8393209       8027       2000      10000          6
   0       14     1963     9996      7745356433      7745366429         8403209       8027       2000      10000          6
   0       14     1963     9997      7745366433      7745376430         8413209       8027       2000      10000          6
   0       14     1963     9996      7745376433      7745386430         8423210       8026       2000      10000          6
   0       14     1963     9996      7745386433      7745396430         8433210       8026       2000      10000          6
   0       14     1963     9996      7745396433      7745406430         8443210       8026       2000      10000          6
   0       14     1963     9996      7745406433      7745416430         8453210       8026       2000      10000          6
   0       14     1963     9996      7745416433      7745426430         8463210       8026       2000      10000          7
   0       14     1963     9996      7745426434      7745436430         8473210       8026       2000      10000          6
   0       14     1963     9996      7745436433      7745446430         8483210       8026       2000      10000          6
   0       14     1963     9998      7745446433      7745456431         8493210       8026       2000      10000          8
   0       14     1993     9995      7745456435      7745466430         8503211       7995       2000      10000          6
   0       14     1991     9996      7745466433      7745476430         8513210       7998       2000      10000          6
   0       14     1963     9996      7745476433      7745486430         8523210       8026       2000      10000          6
   0       14     1963     9996      7745486433      7745496430         8533210       8026       2000      10000          6
   0       14     1963     9996      7745496433      7745506430         8543210       8026       2000      10000          6
   0       14     1963     9996      7745506433      7745516430         8553210       8026       2000      10000          7
   0       14     1963     9996      7745516433      7745526430         8563210       8026       2000      10000          6
   0       14     1963     9996      7745526433      7745536430         8573210       8026       2000      10000          6
   0       14     1963     9996      7745536433      7745546430         8583210       8026       2000      10000          6
   0       14     1964     9998      7745546433      7745556432         8593210       8026       2000      10000          8
   0       14     1963     9979      7745556451      7745566430         8603228       8008       2000      10000          7
   0       14     1963     9996      7745566434      7745576430         8613210       8026       2000      10000          7
   0       14     1963     9996      7745576434      7745586430         8623210       8026       2000      10000          6
   0       14     1963     9996      7745586433      7745596430         8633210       8026       2000      10000          6
   0       14     1963     9996      7745596433      7745606430         8643210       8026       2000      10000          7
   0       14     1963     9996      7745606434      7745616430         8653210       8026       2000      10000          7
   0       14     1963     9996      7745616433      7745626430         8663210       8026       2000      10000          6
   0       14     1963     9996      7745626433      7745636430         8673210       8026       2000      10000          6
   0       14     1963     9996      7745636434      7745646430         8683210       8026       2000      10000          6
   0       14     1963     9996      7745646434      7745656430         8693210       8026       2000      10000          6
   0       14     1963     9996      7745656433      7745666430         8703210       8026       2000      10000          6
   0       14     1963     9996      7745666433      7745676430         8713210       8026       2000      10000          6
   0       14     1963     9996      7745676433      7745686430         8723210       8026       2000      10000          6
   0       14     1963     9996      7745686433      7745696430         8733210       8026       2000      10000          6
   0       14     1963     9996      7745696433      7745706430         8743210       8026       2000      10000          6
   0       14     1963     9996      7745706433      7745716430         8753210       8026       2000      10000          7
   0       14     1963     9996      7745716434      7745726430         8763210       8026       2000      10000          6
   0       14     1963     9996      7745726433      7745736430         8773210       8026       2000      10000          6
   0       14     1963     9996      7745736433      7745746430         8783210       8026       2000      10000          6
   0       14     1963     9996      7745746433      7745756429         8793210       8026       2000      10000          6
   0       14     1963     9997      7745756433      7745766430         8803209       8027       2000      10000          7
   0       14     1963     9996      7745766433      7745776430         8813210       8026       2000      10000          7
   0       14     1963     9996      7745776434      7745786430         8823210       8026       2000      10000          7
   0       14     1963     9998      7745786434      7745796431         8833210       8026       2000      10000          8
   0       14     1963     9995      7745796435      7745806430         8843211       8025       2000      10000          7
   0       14     1963     9996      7745806434      7745816430         8853210       8026       2000      10000          6
   0       14     1963     9996      7745816433      7745826430         8863210       8026       2000      10000          7
   0       14     1963     9996      7745826433      7745836430         8873210       8026       2000      10000          6
   0       14     1963     9996      7745836433      7745846430         8883210       8026       2000      10000          7
   0       14     1963     9996      7745846434      7745856430         8893210       8026       2000      10000          6
   0       14     1963     9996      7745856433      7745866430         8903210       8026       2000      10000          6
   0       14     1963     9997      7745866433      7745876431         8913210       8026       2000      10000          7
   0       14     1963     9995      7745876434      7745886430         8923211       8025       2000      10000          6
   0       14     1963     9985      7745886446      7745896430         8933222       8014       2000      10000          7
   0       14     1963     9996      7745896434      7745906430         8943210       8026       2000      10000          6
   0       14     1963     9996      7745906433      7745916430         8953210       8026       2000      10000          6
   0       14     1963     9996      7745916433      7745926430         8963210       8026       2000      10000          6
   0       14     1963     9996      7745926433      7745936430         8973210       8026       2000      10000          6
   0       14     1963     9997      7745936433      7745946430         8983210       8026       2000      10000          7
   0       14     1963     9997      7745946434      7745956430         8993210       8026       2000      10000          7
   0       14     1963     9996      7745956434      7745966430         9003210       8026       2000      10000          6
   0       14     1963     9996      7745966433      7745976430         9013210       8026       2000      10000          7
   0       14     1963     9996      7745976433      7745986430         9023210       8026       2000      10000          6
   0       14     1963     9996      7745986433      7745996430         9033210       8026       2000      10000          7
   0       14     1963     9996      7745996434      7746006430         9043210       8026       2000      10000          7
   0       14     1963     9996      7746006434      7746016430         9053210       8026       2000      10000          6
   0       14     1963     9996      7746016433      7746026430         9063210       8026       2000      10000          7
   0       14     1963     9996      7746026434      7746036430         9073210       8026       2000      10000          6
   0       14     1963     9996      7746036433      7746046430         9083210       8026       2000      10000          7
   0       14     1963     9996      7746046433      7746056430         9093210       8026       2000      10000          6
   0       14     1963     9996      7746056433      7746066430         9103210       8026       2000      10000          6
   0       14     1963     9996      7746066433      7746076430         9113210       8026       2000      10000          6
   0       14     1963     9996      7746076433      7746086430         9123210       8026       2000      10000          6
   0       14     1963     9996      7746086433      7746096430         9133210       8026       2000      10000          7
   0       14     1963     9996      7746096433      7746106430         9143210       8026       2000      10000          6
   0       14     1963     9996      7746106433      7746116430         9153210       8026       2000      10000          6
   0       14     1963     9996      7746116433      7746126430         9163210       8026       2000      10000          6
   0       14     1963     9996      7746126433      7746136430         9173210       8026       2000      10000          6
   0       14     1963     9996      7746136433      7746146430         9183210       8026       2000      10000          6
   0       14     1963     9996      7746146433      7746156430         9193210       8026       2000      10000          6
   0       14     1963     9996      7746156433      7746166430         9203210       8026       2000      10000          6
   0       14     1963     9996      7746166433      7746176430         9213210       8026       2000      10000          6
   0       14     1963     9996      7746176433      7746186430         9223210       8026       2000      10000          6
   0       14     1963     9996      7746186433      7746196430         9233210       8026       2000      10000          6
   0       14     1963     9996      7746196433      7746206430         9243210       8026       2000      10000          6
   0       14     1963     9996      7746206433      7746216430         9253210       8026       2000      10000          7
   0       14     1963     9986      7746216444      7746226430         9263220       8016       2000      10000          6
   0       14     1963     9996      7746226434      7746236430         9273210       8026       2000      10000          7
   0       14     1963     9996      7746236434      7746246430         9283210       8026       2000      10000          6
   0       14     1963     9996      7746246433      7746256430         9293210       8026       2000      10000          7
   0       14     1963     9996      7746256433      7746266430         9303210       8026       2000      10000          6
   0       14     1963     9996      7746266433      7746276430         9313210       8026       2000      10000          6
   0       14     1963     9996      7746276433      7746286430         9323210       8026       2000      10000          6
   0       14     1963     9997      7746286433      7746296430         9333210       8026       2000      10000          7
   0       14     1963     9996      7746296433      7746306430         9343210       8026       2000      10000          7
   0       14     1963     9996      7746306433      7746316430         9353210       8026       2000      10000          6
   0       14     1963     9996      7746316433      7746326430         9363210       8026       2000      10000          7
   0       14     1963     9996      7746326434      7746336430         9373210       8026       2000      10000          6
   0       14     1963     9996      7746336433      7746346430         9383210       8026       2000      10000          7
   0       14     1963     9996      7746346434      7746356430         9393210       8026       2000      10000          7
   0       14     1963     9996      7746356434      7746366430         9403210       8026       2000      10000          7
   0       14     1963     9996      7746366434      7746376430         9413210       8026       2000      10000          7
   0       14     1963     9996      7746376434      7746386430         9423210       8026       2000      10000          6
   0       14     1963     9996      7746386433      7746396430         9433210       8026       2000      10000          6
   0       14     1963     9996      7746396433      7746406430         9443210       8026       2000      10000          6
   0       14     1963     9997      7746406433      7746416430         9453210       8026       2000      10000          7
   0       14     1963     9996      7746416434      7746426430         9463210       8026       2000      10000          6
   0       14     1963     9996      7746426433      7746436430         9473210       8026       2000      10000          6
   0       14     1963     9996      7746436433      7746446430         9483210       8026       2000      10000          6
   0       14     1963     9998      7746446433      7746456431         9493210       8026       2000      10000          8
   0       14     1965     9995      7746456435      7746466430         9503211       8022       2000      10000          7
   0       14     1992     9996      7746466434      7746476430         9513210       7997       2000      10000          7
   0       14     1963     9996      7746476434      7746486430         9523210       8026       2000      10000          7
   0       14     1963     9996      7746486434      7746496430         9533210       8026       2000      10000          6
   0       14     1963     9996      7746496433      7746506430         9543210       8026       2000      10000          7
   0       14     1963     9996      7746506434      7746516430         9553210       8026       2000      10000          6
   0       14     1963     9996      7746516433      7746526430         9563210       8026       2000      10000          6
   0       14     1963     9996      7746526433      7746536430         9573210       8026       2000      10000          6
   0       14     1963     9996      7746536433      7746546430         9583210       8026       2000      10000          6
   0       14     1963     9984      7746546446      7746556430         9593222       8014       2000      10000          7
   0       14     1963     9996      7746556434      7746566430         9603210       8026       2000      10000          7
   0       14     1963     9996      7746566433      7746576430         9613210       8026       2000      10000          6
   0       14     1963     9996      7746576433      7746586430         9623210       8026       2000      10000          6
   0       14     1963     9996      7746586433      7746596430         9633210       8026       2000      10000          6
   0       14     1963     9996      7746596433      7746606430         9643210       8026       2000      10000          7
   0       14     1963     9996      7746606434      7746616430         9653210       8026       2000      10000          6
   0       14     1963     9996      7746616433      7746626430         9663210       8026       2000      10000          6
   0       14     1963     9996      7746626433      7746636430         9673210       8026       2000      10000          6
   0       14     1963     9996      7746636433      7746646430         9683210       8026       2000      10000          6
   0       14     1963     9996      7746646433      7746656430         9693210       8026       2000      10000          7
   0       14     1963     9996      7746656434      7746666430         9703210       8026       2000      10000          6
   0       14     1963     9996      7746666433      7746676430         9713210       8026       2000      10000          6
   0       14     1963     9996      7746676433      7746686430         9723210       8026       2000      10000          6
   0       14     1963     9996      7746686433      7746696430         9733210       8026       2000      10000          6
   0       14     1963     9996      7746696433      7746706430         9743210       8026       2000      10000          6
   0       14     1963     9996      7746706433      7746716430         9753210       8026       2000      10000          6
   0       14     1963     9996      7746716433      7746726430         9763210       8026       2000      10000          6
   0       14     1963     9996      7746726433      7746736430         9773210       8026       2000      10000          6
   0       14     1963     9996      7746736433      7746746430         9783210       8026       2000      10000          7
   0       14     1963     9996      7746746433      7746756430         9793210       8026       2000      10000          6
   0       14     1963     9996      7746756433      7746766430         9803210       8026       2000      10000          6
   0       14     1963     9996      7746766433      7746776430         9813210       8026       2000      10000          6
   0       14     1963     9996      7746776433      7746786430         9823210       8026       2000      10000          6
   0       14     1963     9996      7746786433      7746796430         9833210       8026       2000      10000          7
   0       14     1963     9996      7746796433      7746806430         9843210       8026       2000      10000          6
   0       14     1963     9996      7746806433      7746816430         9853210       8026       2000      10000          6
   0       14     1963     9996      7746816433      7746826430         9863210       8026       2000      10000          6
   0       14     1963     9996      7746826433      7746836430         9873210       8026       2000      10000          6
   0       14     1963     9997      7746836433      7746846430         9883210       8027       2000      10000          7
   0       14     1963     9996      7746846433      7746856430         9893210       8026       2000      10000          6
   0       14     1963     9996      7746856433      7746866430         9903210       8026       2000      10000          6
   0       14     1963     9996      7746866433      7746876430         9913210       8026       2000      10000          6
   0       14     1963     9986      7746876444      7746886430         9923221       8015       2000      10000          7
   0       14     1963     9996      7746886434      7746896430         9933210       8026       2000      10000          7
   0       14     1963     9996      7746896433      7746906430         9943210       8026       2000      10000          6
   0       14     1963     9996      7746906433      7746916430         9953210       8026       2000      10000          6
   0       14     1963     9996      7746916433      7746926430         9963210       8026       2000      10000          6
   0       14     1963     9996      7746926433      7746936430         9973210       8026       2000      10000          7
   0       14     1963     9996      7746936434      7746946430         9983210       8026       2000      10000          7
   0       14     1963     9996      7746946434      7746956430         9993210       8026       2000      10000          7
   0       14     1963     9996      7746956434      7746966430        10003210       8026       2000      10000          7
   0       14     1963     9996      7746966434      7746976430        10013210       8026       2000      10000          7
   0       14     1963     9996      7746976434      7746986430        10023210       8026       2000      10000          6
   0       14     1963     9996      7746986433      7746996430        10033210       8026       2000      10000          7
   0       14     1963     9996      7746996434      7747006430        10043210       8026       2000      10000          7
   0       14     1963     9996      7747006434      7747016430        10053210       8026       2000      10000          7
   0       14     1963     9996      7747016434      7747026430        10063210       8026       2000      10000          6
   0       14     1963     9996      7747026434      7747036430        10073210       8026       2000      10000          6
   0       14     1963     9996      7747036433      7747046430        10083210       8026       2000      10000          6
   0       14     1963     9996      7747046433      7747056430        10093210       8026       2000      10000          6
   0       14     1963     9996      7747056433      7747066430        10103210       8026       2000      10000          7
   0       14     1963     9996      7747066434      7747076430        10113210       8026       2000      10000          7
   0       14     1963     9996      7747076434      7747086430        10123210       8026       2000      10000          6
   0       14     1963     9996      7747086433      7747096430        10133210       8026       2000      10000          6
   0       14     1963     9996      7747096433      7747106430        10143210       8026       2000      10000          6
   0       14     1963     9996      7747106433      7747116430        10153210       8026       2000      10000          6
   0       14     1963     9996      7747116433      7747126430        10163210       8026       2000      10000          6
   0       14     1963     9997      7747126433      7747136430        10173210       8026       2000      10000          6
   0       14     1963     9996      7747136433      7747146430        10183210       8026       2000      10000          6
   0       14     1963     9996      7747146433      7747156430        10193210       8026       2000      10000          7
   0       14     1963     9996      7747156434      7747166430        10203210       8026       2000      10000          7
   0       14     1963     9996      7747166433      7747176430        10213210       8026       2000      10000          7
   0       14     1963     9996      7747176434      7747186430        10223210       8026       2000      10000          6
   0       14     1963     9996      7747186433      7747196430        10233210       8026       2000      10000          6
   0       14     1963     9996      7747196433      7747206430        10243210       8026       2000      10000          7
   0       14     1963     9996      7747206434      7747216430        10253210       8026       2000      10000          6
   0       14     1963     9977      7747216453      7747226430        10263229       8007       2000      10000          7
   0       14     1963     9996      7747226434      7747236430        10273210       8026       2000      10000          6
   0       14     1963     9996      7747236433      7747246430        10283210       8026       2000      10000          6
   0       14     1963     9996      7747246433      7747256430        10293210       8026       2000      10000          6
   0       14     1963     9996      7747256433      7747266430        10303210       8026       2000      10000          7
   0       14     1963     9996      7747266433      7747276430        10313210       8026       2000      10000          6
   0       14     1963     9996      7747276433      7747286430        10323210       8026       2000      10000          6
   0       14     1963     9996      7747286433      7747296430        10333210       8026       2000      10000          7
   0       14     1963     9996      7747296434      7747306430        10343210       8026       2000      10000          6
   0       14     1963     9996      7747306433      7747316430        10353210       8026       2000      10000          6
   0       14     1963     9996      7747316433      7747326430        10363210       8026       2000      10000          6
   0       14     1963     9996      7747326433      7747336430        10373210       8026       2000      10000          6
   0       14     1963     9996      7747336433      7747346430        10383210       8026       2000      10000          6
   0       14     1963     9996      7747346433      7747356430        10393210       8026       2000      10000          6
   0       14     1963     9996      7747356433      7747366430        10403210       8026       2000      10000          7
   0       14     1963     9996      7747366434      7747376430        10413210       8026       2000      10000          6
   0       14     1963     9996      7747376433      7747386430        10423210       8026       2000      10000          7
   0       14     1963     9996      7747386434      7747396430        10433210       8026       2000      10000          7
   0       14     1963     9996      7747396434      7747406430        10443210       8026       2000      10000          6
   0       14     1963     9996      7747406433      7747416430        10453210       8026       2000      10000          6
   0       14     1963     9996      7747416433      7747426430        10463210       8026       2000      10000          6
   0       14     1963     9996      7747426433      7747436430        10473210       8026       2000      10000          6
   0       14     1963     9996      7747436433      7747446430        10483210       8026       2000      10000          6
   0       14     1963     9999      7747446433      7747456433        10493210       8026       2000      10000         10
   0       14     1992     9994      7747456437      7747466430        10503213       7994       2000      10000          7
   0       14     1991     9996      7747466434      7747476430        10513210       7997       2000      10000          7
   0       14     1963     9996      7747476434      7747486430        10523210       8026       2000      10000          6
   0       14     1963     9997      7747486433      7747496430        10533210       8026       2000      10000          7
   0       14     1963     9996      7747496434      7747506430        10543210       8026       2000      10000          7
   0       14     1963     9996      7747506434      7747516430        10553210       8026       2000      10000          7
   0       14     1963     9996      7747516434      7747526430        10563210       8026       2000      10000          7
   0       14     1963     9996      7747526434      7747536430        10573210       8026       2000      10000          7
   0       14     1963     9996      7747536434      7747546430        10583210       8026       2000      10000          7
   0       14     1963     9984      7747546446      7747556430        10593222       8014       2000      10000          7
   0       14     1963     9996      7747556434      7747566430        10603210       8026       2000      10000          6
   0       14     1963     9996      7747566433      7747576430        10613210       8026       2000      10000          6
   0       14     1963     9996      7747576433      7747586430        10623210       8026       2000      10000          6
   0       14     1963     9997      7747586433      7747596430        10633210       8026       2000      10000          7
   0       14     1963     9996      7747596434      7747606430        10643210       8026       2000      10000          7
   0       14     1963     9996      7747606434      7747616430        10653210       8026       2000      10000          7
   0       14     1963     9996      7747616434      7747626430        10663210       8026       2000      10000          7
   0       14     1963     9996      7747626434      7747636430        10673210       8026       2000      10000          7
   0       14     1963     9996      7747636434      7747646430        10683210       8026       2000      10000          6
   0       14     1963     9996      7747646433      7747656430        10693210       8026       2000      10000          7
   0       14     1963     9996      7747656433      7747666430        10703210       8026       2000      10000          6
   0       14     1963     9996      7747666433      7747676430        10713210       8026       2000      10000          6
   0       14     1963     9996      7747676433      7747686430        10723210       8026       2000      10000          7
   0       14     1963     9996      7747686434      7747696430        10733210       8026       2000      10000          6
   0       14     1963     9996      7747696433      7747706430        10743210       8026       2000      10000          6
   0       14     1963     9996      7747706433      7747716430        10753210       8026       2000      10000          6
   0       14     1963     9996      7747716433      7747726430        10763210       8026       2000      10000          7
   0       14     1963     9996      7747726433      7747736430        10773210       8026       2000      10000          7
   0       14     1963     9996      7747736434      7747746430        10783210       8026       2000      10000          6
   0       14     1963     9996      7747746433      7747756430        10793210       8026       2000      10000          7
   0       14     1963     9996      7747756433      7747766430        10803210       8026       2000      10000          7
   0       14     1963     9997      7747766434      7747776430        10813210       8026       2000      10000          7
   0       14     1963     9996      7747776434      7747786430        10823210       8026       2000      10000          7
   0       14     1963     9996      7747786434      7747796430        10833210       8026       2000      10000          7
   0       14     1963     9996      7747796434      7747806430        10843210       8026       2000      10000          6
   0       14     1963     9996      7747806433      7747816430        10853210       8026       2000      10000          7
   0       14     1963     9996      7747816434      7747826430        10863210       8026       2000      10000          7
   0       14     1963     9996      7747826434      7747836430        10873210       8026       2000      10000          6
   0       14     1963     9996      7747836433      7747846430        10883210       8026       2000      10000          7
   0       14     1963     9996      7747846434      7747856430        10893210       8026       2000      10000          6
   0       14     1963     9996      7747856433      7747866430        10903210       8026       2000      10000          7
   0       14     1963     9996      7747866434      7747876430        10913210       8026       2000      10000          7
   0       14     1963     9984      7747876446      7747886430        10923222       8014       2000      10000          6
   0       14     1963     9996      7747886433      7747896430        10933210       8026       2000      10000          7
   0       14     1963     9996      7747896434      7747906430        10943210       8026       2000      10000          6
   0       14     1963     9996      7747906433      7747916430        10953210       8026       2000      10000          6
   0       14     1963     9996      7747916433      7747926430        10963210       8026       2000      10000          6
   0       14     1963     9996      7747926433      7747936430        10973210       8026       2000      10000          6
   0       14     1963     9996      7747936434      7747946430        10983210       8026       2000      10000          6
   0       14     1963     9996      7747946433      7747956430        10993210       8026       2000      10000          6
   0       14     1963     9996      7747956433      7747966430        11003210       8026       2000      10000          6
   0       14     1963     9996      7747966434      7747976430        11013210       8026       2000      10000          6
   0       14     1963     9996      7747976433      7747986430        11023210       8026       2000      10000          6
   0       14     1963     9996      7747986433      7747996430        11033210       8026       2000      10000          7
   0       14     1963     9996      7747996434      7748006430        11043210       8026       2000      10000          7
   0       14     1963     9996      7748006434      7748016430        11053210       8026       2000      10000          7
   0       14     1963     9996      7748016434      7748026430        11063210       8026       2000      10000          7
   0       14     1963     9996      7748026434      7748036430        11073210       8026       2000      10000          6
   0       14     1963     9996      7748036433      7748046430        11083210       8026       2000      10000          6
   0       14     1963     9996      7748046433      7748056430        11093210       8026       2000      10000          7
   0       14     1963     9996      7748056434      7748066430        11103210       8026       2000      10000          6
   0       14     1963     9996      7748066433      7748076430        11113210       8026       2000      10000          7
   0       14     1963     9996      7748076434      7748086430        11123210       8026       2000      10000          6
   0       14     1963     9996      7748086433      7748096430        11133210       8026       2000      10000          6
   0       14     1963     9996      7748096434      7748106430        11143210       8026       2000      10000          7
   0       14     1963     9996      7748106434      7748116430        11153210       8026       2000      10000          6
   0       14     1963     9996      7748116433      7748126430        11163210       8026       2000      10000          7
   0       14     1963     9996      7748126434      7748136430        11173210       8026       2000      10000          6
   0       14     1963     9996      7748136433      7748146430        11183210       8026       2000      10000          7
   0       14     1963     9996      7748146433      7748156430        11193210       8026       2000      10000          6
   0       14     1963     9996      7748156433      7748166430        11203210       8026       2000      10000          7
   0       14     1963     9996      7748166434      7748176430        11213210       8026       2000      10000          7
   0       14     1963     9996      7748176434      7748186430        11223210       8026       2000      10000          6
   0       14     1963     9996      7748186433      7748196430        11233210       8026       2000      10000          6
   0       14     1963     9996      7748196433      7748206430        11243210       8026       2000      10000          7
   0       14     1963     9986      7748206444      7748216430        11253220       8016       2000      10000          7
   0       14     1963     9996      7748216434      7748226430        11263210       8026       2000      10000          6
   0       14     1963     9996      7748226433      7748236430        11273210       8026       2000      10000          6
   0       14     1963     9996      7748236433      7748246430        11283210       8026       2000      10000          6
   0       14     1963     9996      7748246433      7748256430        11293210       8026       2000      10000          6
   0       14     1963     9996      7748256433      7748266430        11303210       8026       2000      10000          6
   0       14     1963     9996      7748266433      7748276430        11313210       8026       2000      10000          6
   0       14     1963     9996      7748276433      7748286430        11323210       8026       2000      10000          7
   0       14     1963     9996      7748286434      7748296430        11333210       8026       2000      10000          6
   0       14     1963     9996      7748296433      7748306430        11343210       8026       2000      10000          6
   0       14     1963     9996      7748306433      7748316430        11353210       8026       2000      10000          6
   0       14     1963     9996      7748316433      7748326430        11363210       8026       2000      10000          6
   0       14     1963     9996      7748326433      7748336430        11373210       8026       2000      10000          7
   0       14     1963     9996      7748336434      7748346430        11383210       8026       2000      10000          7
   0       14     1963     9996      7748346434      7748356430        11393210       8026       2000      10000          6
   0       14     1963     9996      7748356433      7748366430        11403210       8026       2000      10000          6
   0       14     1963     9996      7748366433      7748376430        11413210       8026       2000      10000          6
   0       14     1963     9996      7748376433      7748386430        11423210       8026       2000      10000          6
   0       14     1963     9996      7748386433      7748396430        11433210       8026       2000      10000          6
   0       14     1963     9996      7748396433      7748406430        11443210       8026       2000      10000          6
   0       14     1963     9996      7748406433      7748416430        11453210       8026       2000      10000          6
   0       14     1963     9996      7748416433      7748426430        11463210       8026       2000      10000          6
   0       14     1963     9996      7748426433      7748436430        11473210       8026       2000      10000          6
   0       14     1963     9996      7748436433      7748446430        11483210       8026       2000      10000          6
   0       14     1963     9998      7748446433      7748456432        11493210       8026       2000      10000          9
   0       14     1964     9995      7748456436      7748466431        11503212       8023       2000      10000          7
   0       14     1963     9996      7748466434      7748476430        11513211       8025       2000      10000          7
   0       14     1963     9996      7748476434      7748486430        11523210       8026       2000      10000          7
   0       14     1963     9996      7748486434      7748496430        11533210       8026       2000      10000          7
   0       14     1963     9996      7748496434      7748506430        11543210       8026       2000      10000          6
   0       14     1963     9996      7748506433      7748516430        11553210       8026       2000      10000          7
   0       14     1963     9996      7748516434      7748526430        11563210       8026       2000      10000          7
   0       14     1963     9996      7748526434      7748536430        11573210       8026       2000      10000          6
   0       14     1963     9985      7748536445      7748546430        11583221       8015       2000      10000          7
   0       14     1963     9996      7748546434      7748556430        11593210       8026       2000      10000          6
   0       14     1963     9996      7748556434      7748566430        11603210       8026       2000      10000          6
   0       14     1963     9996      7748566433      7748576430        11613210       8026       2000      10000          7
   0       14     1963     9996      7748576434      7748586430        11623210       8026       2000      10000          6
   0       14     1963     9996      7748586433      7748596430        11633210       8026       2000      10000          7
   0       14     1963     9996      7748596434      7748606430        11643210       8026       2000      10000          7
   0       14     1963     9996      7748606433      7748616430        11653210       8026       2000      10000          7
   0       14     1963     9996      7748616434      7748626430        11663210       8026       2000      10000          7
   0       14     1963     9996      7748626434      7748636430        11673210       8026       2000      10000          6
   0       14     1963     9996      7748636433      7748646430        11683210       8026       2000      10000          7
   0       14     1963     9996      7748646434      7748656430        11693210       8026       2000      10000          7
   0       14     1963     9996      7748656434      7748666430        11703210       8026       2000      10000          6
   0       14     1963     9996      7748666433      7748676430        11713210       8026       2000      10000          6
   0       14     1963     9996      7748676433      7748686430        11723210       8026       2000      10000          6
   0       14     1963     9996      7748686433      7748696430        11733210       8026       2000      10000          6
   0       14     1963     9996      7748696434      7748706430        11743210       8026       2000      10000          6
   0       14     1963     9996      7748706433      7748716430        11753210       8026       2000      10000          6
   0       14     1963     9996      7748716433      7748726430        11763210       8026       2000      10000          7
   0       14     1963     9996      7748726433      7748736430        11773210       8026       2000      10000          6
   0       14     1963     9996      7748736433      7748746430        11783210       8026       2000      10000          7
   0       14     1963     9996      7748746433      7748756430        11793210       8026       2000      10000          6
   0       14     1963     9996      7748756433      7748766430        11803210       8026       2000      10000          6
   0       14     1963     9996      7748766433      7748776430        11813210       8026       2000      10000          6
   0       14     1963     9997      7748776433      7748786430        11823210       8026       2000      10000          7
   0       14     1963     9996      7748786434      7748796430        11833210       8026       2000      10000          7
   0       14     1963     9996      7748796434      7748806430        11843210       8026       2000      10000          6
   0       14     1963     9996      7748806433      7748816430        11853210       8026       2000      10000          6
   0       14     1963     9996      7748816433      7748826430        11863210       8026       2000      10000          7
   0       14     1963     9996      7748826434      7748836430        11873210       8026       2000      10000          7
   0       14     1963     9997      7748836433      7748846430        11883210       8026       2000      10000          7
   0       14     1963     9996      7748846434      7748856430        11893210       8026       2000      10000          7
   0       14     1963     9996      7748856434      7748866430        11903210       8026       2000      10000          7
   0       14     1963     9986      7748866444      7748876430        11913221       8015       2000      10000          7
   0       14     1963     9996      7748876434      7748886430        11923210       8026       2000      10000          7
   0       14     1963     9996      7748886434      7748896430        11933210       8026       2000      10000          6
   0       14     1963     9996      7748896433      7748906430        11943210       8026       2000      10000          6
   0       14     1963     9996      7748906433      7748916430        11953210       8026       2000      10000          7
   0       14     1963     9996      7748916434      7748926430        11963210       8026       2000      10000          6
   0       14     1963     9997      7748926433      7748936430        11973210       8026       2000      10000          7
   0       14     1963     9996      7748936434      7748946430        11983210       8026       2000      10000          6
   0       14     1963     9996      7748946433      7748956430        11993210       8026       2000      10000          7
   0       14     1963     9996      7748956434      7748966430        12003210       8026       2000      10000          7
   0       14     1963     9996      7748966434      7748976430        12013210       8026       2000      10000          7
   0       14     1963     9996      7748976433      7748986430        12023210       8026       2000      10000          6
   0       14     1963     9996      7748986433      7748996430        12033210       8026       2000      10000          6
   0       14     1963     9996      7748996434      7749006430        12043210       8026       2000      10000          7
   0       14     1963     9997      7749006434      7749016431        12053210       8026       2000      10000          7
   0       14     1963     9995      7749016435      7749026430        12063211       8025       2000      10000          7
   0       14     1963     9996      7749026434      7749036430        12073210       8026       2000      10000          6
   0       14     1963     9996      7749036433      7749046430        12083210       8026       2000      10000          6
   0       14     1963     9996      7749046433      7749056430        12093210       8026       2000      10000          6
   0       14     1963     9997      7749056433      7749066430        12103210       8026       2000      10000          7
   0       14     1963     9996      7749066434      7749076430        12113210       8026       2000      10000          6
   0       14     1963     9996      7749076433      7749086430        12123210       8026       2000      10000          7
   0       14     1963     9996      7749086434      7749096430        12133210       8026       2000      10000          6
   0       14     1963     9996      7749096433      7749106430        12143210       8026       2000      10000          6
   0       14     1963     9997      7749106433      7749116430        12153210       8026       2000      10000          7
   0       14     1963     9996      7749116434      7749126430        12163210       8026       2000      10000          7
   0       14     1963     9998      7749126434      7749136432        12173210       8026       2000      10000          8
   0       14     1963     9995      7749136435      7749146430        12183212       8024       2000      10000          7
   0       14     1963     9996      7749146434      7749156430        12193210       8026       2000      10000          6
   0       14     1963     9997      7749156433      7749166430        12203210       8026       2000      10000          7
   0       14     1963     9996      7749166434      7749176430        12213211       8026       2000      10000          7
   0       14     1963     9996      7749176434      7749186430        12223210       8026       2000      10000          7
   0       14     1963     9996      7749186434      7749196430        12233210       8026       2000      10000          7
   0       14     1963     9985      7749196445      7749206430        12243221       8015       2000      10000          7
   0       14     1963     9996      7749206434      7749216430        12253210       8026       2000      10000          7
   0       14     1963     9996      7749216434      7749226430        12263210       8026       2000      10000          7
   0       14     1963     9996      7749226434      7749236430        12273210       8026       2000      10000          6
   0       14     1963     9996      7749236433      7749246430        12283210       8026       2000      10000          6
   0       14     1963     9996      7749246433      7749256430        12293210       8026       2000      10000          6
   0       14     1963     9996      7749256433      7749266430        12303210       8026       2000      10000          6
   0       14     1963     9996      7749266433      7749276430        12313210       8026       2000      10000          6
   0       14     1963     9996      7749276433      7749286430        12323210       8026       2000      10000          6
   0       14     1963     9996      7749286433      7749296430        12333210       8026       2000      10000          7
   0       14     1963     9996      7749296434      7749306430        12343210       8026       2000      10000          6
   0       14     1963     9996      7749306433      7749316430        12353210       8026       2000      10000          6
   0       14     1963     9996      7749316433      7749326430        12363210       8026       2000      10000          6
   0       14     1963     9996      7749326433      7749336430        12373210       8026       2000      10000          7
   0       14     1963     9997      7749336434      7749346431        12383210       8026       2000      10000          7
   0       14     1963     9995      7749346434      7749356430        12393211       8025       2000      10000          6
   0       14     1963     9996      7749356433      7749366430        12403210       8026       2000      10000          7
   0       14     1963     9996      7749366434      7749376430        12413210       8026       2000      10000          6
   0       14     1963     9996      7749376433      7749386430        12423210       8026       2000      10000          7
   0       14     1963     9996      7749386434      7749396430        12433210       8026       2000      10000          6
   0       14     1963     9996      7749396433      7749406430        12443210       8026       2000      10000          6
   0       14     1963     9996      7749406433      7749416430        12453210       8026       2000      10000          7
   0       14     1963     9996      7749416434      7749426430        12463210       8026       2000      10000          6
   0       14     1963     9996      7749426433      7749436430        12473210       8026       2000      10000          6
   0       14     1963     9996      7749436433      7749446430        12483210       8026       2000      10000          6
   0       14     1963     9999      7749446433      7749456432        12493210       8026       2000      10000          9
   0       14     1993     9994      7749456436      7749466430        12503212       7994       2000      10000          7
   0       14     1992     9996      7749466434      7749476430        12513210       7998       2000      10000          6
   0       14     1963     9996      7749476433      7749486430        12523210       8026       2000      10000          6
   0       14     1963     9996      7749486433      7749496430        12533210       8026       2000      10000          6
   0       14     1963     9996      7749496433      7749506430        12543210       8026       2000      10000          7
   0       14     1963     9996      7749506434      7749516430        12553210       8026       2000      10000          6
   0       14     1963     9996      7749516433      7749526430        12563210       8026       2000      10000          7
   0       14     1963     9984      7749526446      7749536430        12573222       8014       2000      10000          7
   0       14     1963     9996      7749536434      7749546430        12583210       8026       2000      10000          6
   0       14     1963     9996      7749546433      7749556430        12593210       8026       2000      10000          6
   0       14     1963     9996      7749556433      7749566430        12603210       8026       2000      10000          6
   0       14     1963     9996      7749566433      7749576430        12613210       8026       2000      10000          6
   0       14     1963     9996      7749576433      7749586430        12623210       8026       2000      10000          6
   0       14     1963     9996      7749586433      7749596430        12633210       8026       2000      10000          6
   0       14     1963     9996      7749596433      7749606430        12643210       8026       2000      10000          6
   0       14     1963     9996      7749606433      7749616430        12653210       8026       2000      10000          7
   0       14     1963     9996      7749616433      7749626430        12663210       8026       2000      10000          6
   0       14     1963     9996      7749626433      7749636430        12673210       8026       2000      10000          6
   0       14     1963     9996      7749636433      7749646430        12683210       8026       2000      10000          7
   0       14     1963     9996      7749646434      7749656430        12693210       8026       2000      10000          6
   0       14     1963     9997      7749656433      7749666430        12703210       8026       2000      10000          7
   0       14     1963     9996      7749666433      7749676430        12713210       8026       2000      10000          6
   0       14     1963     9997      7749676433      7749686430        12723210       8026       2000      10000          7
   0       14     1963     9996      7749686434      7749696430        12733211       8026       2000      10000          6
   0       14     1963     9997      7749696433      7749706430        12743210       8026       2000      10000          7
   0       14     1963     9996      7749706434      7749716430        12753210       8026       2000      10000          7
   0       14     1963     9996      7749716433      7749726430        12763210       8026       2000      10000          6
   0       14     1963     9997      7749726433      7749736430        12773210       8026       2000      10000          7
   0       14     1963     9996      7749736434      7749746430        12783210       8026       2000      10000          7
   0       14     1963     9996      7749746434      7749756430        12793210       8026       2000      10000          6
   0       14     1963     9996      7749756433      7749766430        12803210       8026       2000      10000          6
   0       14     1963     9996      7749766433      7749776430        12813210       8026       2000      10000          7
   0       14     1963     9996      7749776434      7749786430        12823210       8026       2000      10000          6
   0       14     1963     9996      7749786433      7749796430        12833210       8026       2000      10000          6
   0       14     1963     9996      7749796433      7749806430        12843210       8026       2000      10000          7
   0       14     1963     9996      7749806434      7749816430        12853210       8026       2000      10000          6
   0       14     1963     9996      7749816433      7749826430        12863210       8026       2000      10000          7
   0       14     1963     9996      7749826434      7749836430        12873210       8026       2000      10000          6
   0       14     1963     9996      7749836433      7749846430        12883210       8026       2000      10000          6
   0       14     1963     9996      7749846433      7749856430        12893210       8026       2000      10000          6
   0       14     1963     9985      7749856445      7749866430        12903221       8015       2000      10000          7
   0       14     1963     9996      7749866434      7749876430        12913210       8026       2000      10000          6
   0       14     1963     9996      7749876433      7749886430        12923210       8026       2000      10000          6
   0       14     1963     9996      7749886433      7749896430        12933210       8026       2000      10000          6
   0       14     1963     9996      7749896433      7749906430        12943210       8026       2000      10000          6
   0       14     1963     9996      7749906433      7749916430        12953210       8026       2000      10000          7
   0       14     1963     9996      7749916434      7749926430        12963210       8026       2000      10000          7
   0       14     1963     9996      7749926434      7749936430        12973210       8026       2000      10000          7
   0       14     1963     9996      7749936434      7749946430        12983210       8026       2000      10000          6
   0       14     1963     9996      7749946434      7749956430        12993210       8026       2000      10000          6
   0       14     1963     9996      7749956433      7749966430        13003210       8026       2000      10000          6
   0       14     1963     9996      7749966434      7749976430        13013210       8026       2000      10000          6
   0       14     1963     9996      7749976433      7749986430        13023210       8026       2000      10000          6
   0       14     1963     9996      7749986433      7749996430        13033210       8026       2000      10000          6
   0       14     1963     9996      7749996433      7750006430        13043210       8026       2000      10000          7
   0       14     1963     9996      7750006434      7750016430        13053210       8026       2000      10000          6
   0       14     1963     9996      7750016433      7750026430        13063210       8026       2000      10000          6
   0       14     1963     9996      7750026433      7750036430        13073210       8026       2000      10000          6
   0       14     1963     9996      7750036433      7750046430        13083210       8026       2000      10000          6
   0       14     1963     9996      7750046433      7750056430        13093210       8026       2000      10000          7
   0       14     1963     9996      7750056434      7750066430        13103210       8026       2000      10000          6
   0       14     1963     9996      7750066433      7750076430        13113210       8026       2000      10000          7
   0       14     1963     9996      7750076434      7750086430        13123210       8026       2000      10000          7
   0       14     1963     9996      7750086433      7750096430        13133210       8026       2000      10000          6
   0       14     1963     9996      7750096433      7750106430        13143210       8026       2000      10000          6
   0       14     1963     9996      7750106433      7750116430        13153210       8026       2000      10000          7
   0       14     1963     9996      7750116434      7750126430        13163210       8026       2000      10000          6
   0       14     1963     9996      7750126433      7750136430        13173210       8026       2000      10000          7
   0       14     1963     9996      7750136433      7750146430        13183210       8026       2000      10000          6
   0       14     1963     9996      7750146433      7750156430        13193210       8026       2000      10000          6
   0       14     1963     9997      7750156433      7750166430        13203210       8026       2000      10000          7
   0       14     1963     9996      7750166434      7750176430        13213210       8026       2000      10000          7
   0       14     1963     9996      7750176434      7750186430        13223210       8026       2000      10000          6
   0       14     1963     9986      7750186444      7750196430        13233220       8016       2000      10000          7
   0       14     1963     9996      7750196434      7750206430        13243210       8026       2000      10000          6
   0       14     1963     9996      7750206433      7750216430        13253210       8026       2000      10000          6
   0       14     1963     9996      7750216433      7750226430        13263210       8026       2000      10000          6
   0       14     1963     9996      7750226433      7750236430        13273210       8026       2000      10000          7
   0       14     1963     9996      7750236434      7750246430        13283210       8026       2000      10000          7
   0       14     1963     9996      7750246433      7750256430        13293210       8026       2000      10000          6
   0       14     1963     9996      7750256433      7750266430        13303210       8026       2000      10000          7
   0       14     1963     9996      7750266433      7750276430        13313210       8026       2000      10000          6
   0       14     1963     9996      7750276433      7750286430        13323210       8026       2000      10000          6
   0       14     1963     9996      7750286433      7750296430        13333210       8026       2000      10000          6
   0       14     1963     9996      7750296433      7750306430        13343210       8026       2000      10000          6
   0       14     1963     9996      7750306433      7750316430        13353210       8026       2000      10000          7
   0       14     1963     9996      7750316434      7750326430        13363210       8026       2000      10000          7
   0       14     1963     9996      7750326433      7750336430        13373210       8026       2000      10000          7
   0       14     1963     9996      7750336434      7750346430        13383210       8026       2000      10000          7
   0       14     1963     9996      7750346434      7750356430        13393210       8026       2000      10000          7
   0       14     1963     9996      7750356434      7750366430        13403210       8026       2000      10000          6
   0       14     1963     9996      7750366433      7750376430        13413210       8026       2000      10000          7
   0       14     1963     9996      7750376434      7750386430        13423210       8026       2000      10000          7
   0       14     1963     9996      7750386434      7750396430        13433210       8026       2000      10000          7
   0       14     1963     9996      7750396434      7750406430        13443210       8026       2000      10000          7
   0       14     1963     9996      7750406433      7750416430        13453210       8026       2000      10000          7
   0       14     1963     9996      7750416434      7750426430        13463210       8026       2000      10000          6
   0       14     1963     9996      7750426433      7750436430        13473210       8026       2000      10000          6
   0       14     1963     9996      7750436433      7750446430        13483210       8026       2000      10000          6
   0       14     1963     9999      7750446433      7750456433        13493210       8026       2000      10000          9
   0       14     1964     9994      7750456437      7750466430        13503213       8022       2000      10000          7
   0       14     1963     9996      7750466434      7750476430        13513211       8026       2000      10000          6
   0       14     1963     9996      7750476433      7750486430        13523210       8026       2000      10000          7
   0       14     1963     9996      7750486434      7750496430        13533210       8026       2000      10000          7
   0       14     1963     9996      7750496434      7750506430        13543210       8026       2000      10000          6
   0       14     1963     9996      7750506433      7750516430        13553210       8026       2000      10000          6
   0       14     1963     9985      7750516445      7750526430        13563221       8015       2000      10000          7
   0       14     1963     9996      7750526434      7750536430        13573210       8026       2000      10000          7
   0       14     1963     9996      7750536433      7750546430        13583210       8026       2000      10000          6
   0       14     1963     9996      7750546433      7750556430        13593210       8026       2000      10000          7
   0       14     1963     9996      7750556433      7750566430        13603210       8026       2000      10000          7
   0       14     1963     9996      7750566434      7750576430        13613210       8026       2000      10000          7
   0       14     1963     9996      7750576433      7750586430        13623210       8026       2000      10000          6
   0       14     1963     9997      7750586433      7750596430        13633210       8026       2000      10000          7
   0       14     1963     9996      7750596434      7750606430        13643210       8026       2000      10000          7
   0       14     1963     9996      7750606434      7750616430        13653210       8026       2000      10000          7
   0       14     1963     9996      7750616434      7750626430        13663210       8026       2000      10000          7
   0       14     1963     9996      7750626434      7750636430        13673210       8026       2000      10000          6
   0       14     1963     9996      7750636433      7750646430        13683210       8026       2000      10000          6
   0       14     1963     9996      7750646433      7750656430        13693210       8026       2000      10000          6
   0       14     1963     9996      7750656433      7750666430        13703210       8026       2000      10000          6
   0       14     1963     9996      7750666433      7750676430        13713210       8026       2000      10000          6
   0       14     1963     9996      7750676433      7750686430        13723210       8026       2000      10000          6
   0       14     1963     9996      7750686433      7750696430        13733210       8026       2000      10000          6
   0       14     1963     9996      7750696433      7750706430        13743210       8026       2000      10000          6
   0       14     1963     9996      7750706433      7750716430        13753210       8026       2000      10000          6
   0       14     1963     9996      7750716433      7750726430        13763210       8026       2000      10000          7
   0       14     1963     9996      7750726434      7750736430        13773210       8026       2000      10000          6
   0       14     1963     9996      7750736433      7750746430        13783210       8026       2000      10000          6
   0       14     1963     9996      7750746433      7750756430        13793210       8026       2000      10000          6
   0       14     1963     9996      7750756433      7750766430        13803210       8026       2000      10000          6
   0       14     1963     9996      7750766433      7750776430        13813210       8026       2000      10000          6
   0       14     1963     9996      7750776433      7750786430        13823210       8026       2000      10000          7
   0       14     1963     9996      7750786434      7750796430        13833210       8026       2000      10000          7
   0       14     1963     9996      7750796433      7750806430        13843210       8026       2000      10000          7
   0       14     1963     9996      7750806433      7750816430        13853210       8026       2000      10000          7
   0       14     1963     9996      7750816433      7750826430        13863210       8026       2000      10000          7
   0       14     1963     9996      7750826434      7750836430        13873210       8026       2000      10000          7
   0       14     1963     9996      7750836434      7750846430        13883210       8026       2000      10000          7
   0       14     1963     9986      7750846444      7750856430        13893220       8016       2000      10000          7
   0       14     1963     9996      7750856434      7750866430        13903210       8026       2000      10000          6
   0       14     1963     9996      7750866433      7750876430        13913210       8026       2000      10000          7
   0       14     1963     9996      7750876433      7750886430        13923210       8026       2000      10000          6
   0       14     1963     9996      7750886433      7750896430        13933210       8026       2000      10000          7
   0       14     1963     9996      7750896434      7750906430        13943210       8026       2000      10000          7
   0       14     1963     9996      7750906434      7750916430        13953210       8026       2000      10000          6
   0       14     1963     9996      7750916433      7750926430        13963210       8026       2000      10000          6
   0       14     1963     9996      7750926433      7750936430        13973210       8026       2000      10000          7
   0       14     1963     9996      7750936433      7750946430        13983210       8026       2000      10000          7
   0       14     1963     9996      7750946434      7750956430        13993210       8026       2000      10000          6
   0       14     1963     9997      7750956433      7750966430        14003210       8026       2000      10000          7
   0       14     1963     9996      7750966434      7750976430        14013210       8026       2000      10000          6
   0       14     1963     9996      7750976433      7750986430        14023210       8026       2000      10000          6
   0       14     1963     9996      7750986433      7750996430        14033210       8026       2000      10000          7
   0       14     1963     9997      7750996434      7751006431        14043210       8026       2000      10000          8
   0       14     1963     9995      7751006435      7751016430        14053211       8025       2000      10000          6
   0       14     1963     9996      7751016433      7751026430        14063210       8026       2000      10000          7
   0       14     1963     9996      7751026434      7751036430        14073210       8026       2000      10000          7
   0       14     1963     9996      7751036434      7751046430        14083210       8026       2000      10000          7
   0       14     1963     9996      7751046434      7751056430        14093210       8026       2000      10000          7
   0       14     1963     9996      7751056433      7751066430        14103210       8026       2000      10000          6
   0       14     1963     9997      7751066433      7751076430        14113210       8026       2000      10000          7
   0       14     1963     9996      7751076434      7751086430        14123210       8026       2000      10000          7
   0       14     1963     9996      7751086434      7751096430        14133210       8026       2000      10000          6
   0       14     1963     9996      7751096433      7751106430        14143210       8026       2000      10000          7
   0       14     1963     9996      7751106434      7751116430        14153210       8026       2000      10000          7
   0       14     1963     9996      7751116433      7751126430        14163210       8026       2000      10000          6
   0       14     1963     9996      7751126433      7751136430        14173210       8026       2000      10000          7
   0       14     1963     9996      7751136434      7751146430        14183210       8026       2000      10000          6
   0       14     1963     9996      7751146433      7751156430        14193210       8026       2000      10000          6
   0       14     1963     9996      7751156433      7751166430        14203210       8026       2000      10000          7
   0       14     1963     9996      7751166433      7751176430        14213210       8026       2000      10000          6
   0       14     1963     9985      7751176445      7751186430        14223221       8015       2000      10000          7
   0       14     1963     9996      7751186434      7751196430        14233210       8026       2000      10000          6
   0       14     1963     9996      7751196434      7751206430        14243210       8026       2000      10000          6
   0       14     1963     9996      7751206433      7751216430        14253210       8026       2000      10000          7
   0       14     1963     9996      7751216434      7751226430        14263210       8026       2000      10000          7
   0       14     1963     9996      7751226433      7751236430        14273210       8026       2000      10000          7
   0       14     1963     9996      7751236434      7751246430        14283210       8026       2000      10000          7
   0       14     1963     9996      7751246434      7751256430        14293210       8026       2000      10000          7
   0       14     1963     9996      7751256433      7751266430        14303210       8026       2000      10000          7
   0       14     1963     9996      7751266434      7751276430        14313210       8026       2000      10000          7
   0       14     1963     9996      7751276434      7751286430        14323210       8026       2000      10000          6
   0       14     1963     9996      7751286433      7751296430        14333210       8026       2000      10000          7
   0       14     1963     9996      7751296433      7751306430        14343210       8026       2000      10000          6
   0       14     1963     9996      7751306433      7751316430        14353210       8026       2000      10000          7
   0       14     1963     9996      7751316434      7751326430        14363210       8026       2000      10000          7
   0       14     1963     9996      7751326433      7751336430        14373210       8026       2000      10000          7
   0       14     1963     9996      7751336434      7751346430        14383210       8026       2000      10000          7
   0       14     1963     9996      7751346434      7751356430        14393210       8026       2000      10000          7
   0       14     1963     9996      7751356434      7751366430        14403210       8026       2000      10000          6
   0       14     1963     9996      7751366433      7751376430        14413210       8026       2000      10000          6
   0       14     1963     9996      7751376433      7751386430        14423210       8026       2000      10000          6
   0       14     1963     9996      7751386433      7751396430        14433210       8026       2000      10000          6
   0       14     1963     9996      7751396433      7751406430        14443210       8026       2000      10000          6
   0       14     1963     9996      7751406433      7751416430        14453210       8026       2000      10000          6
   0       14     1963     9997      7751416433      7751426430        14463210       8026       2000      10000          7
   0       14     1963     9996      7751426434      7751436430        14473210       8026       2000      10000          6
   0       14     1963     9996      7751436433      7751446430        14483210       8026       2000      10000          6
   0       14     1963     9998      7751446433      7751456432        14493210       8026       2000      10000          8
   0       14     1992     9994      7751456436      7751466430        14503212       7995       2000      10000          6
   0       14     1991     9996      7751466434      7751476430        14513210       7998       2000      10000          7
   0       14     1963     9996      7751476434      7751486430        14523210       8026       2000      10000          7
   0       14     1963     9996      7751486434      7751496430        14533210       8026       2000      10000          7
   0       14     1963     9996      7751496434      7751506430        14543210       8026       2000      10000          6
   0       14     1963     9985      7751506445      7751516430        14553222       8014       2000      10000          7
   0       14     1963     9996      7751516434      7751526430        14563210       8026       2000      10000          7
   0       14     1963     9996      7751526434      7751536430        14573210       8026       2000      10000          7
   0       14     1963     9996      7751536434      7751546430        14583210       8026       2000      10000          6
   0       14     1963     9996      7751546433      7751556430        14593210       8026       2000      10000          6
   0       14     1963     9996      7751556433      7751566430        14603210       8026       2000      10000          7
   0       14     1963     9996      7751566434      7751576430        14613210       8026       2000      10000          6
   0       14     1963     9996      7751576433      7751586430        14623210       8026       2000      10000          7
   0       14     1963     9996      7751586434      7751596430        14633210       8026       2000      10000          7
   0       14     1963     9996      7751596433      7751606430        14643210       8026       2000      10000          7
   0       14     1963     9996      7751606433      7751616430        14653210       8026       2000      10000          6
   0       14     1963     9996      7751616433      7751626430        14663210       8026       2000      10000          7
   0       14     1963     9996      7751626434      7751636430        14673210       8026       2000      10000          7
   0       14     1963     9996      7751636434      7751646430        14683210       8026       2000      10000          7
   0       14     1963     9997      7751646434      7751656430        14693210       8026       2000      10000          7
   0       14     1963     9996      7751656434      7751666430        14703210       8026       2000      10000          6
   0       14     1963     9996      7751666433      7751676430        14713210       8026       2000      10000          6
   0       14     1963     9996      7751676433      7751686430        14723210       8026       2000      10000          6
   0       14     1963     9996      7751686433      7751696430        14733210       8026       2000      10000          7
   0       14     1963     9996      7751696433      7751706430        14743210       8026       2000      10000          6
   0       14     1963     9996      7751706433      7751716430        14753210       8026       2000      10000          6
   0       14     1963     9996      7751716433      7751726430        14763210       8026       2000      10000          7
   0       14     1963     9996      7751726433      7751736430        14773210       8026       2000      10000          7
   0       14     1963     9996      7751736434      7751746430        14783210       8026       2000      10000          6
   0       14     1963     9996      7751746433      7751756430        14793210       8026       2000      10000          7
   0       14     1963     9996      7751756434      7751766430        14803210       8026       2000      10000          6
   0       14     1963     9996      7751766433      7751776430        14813210       8026       2000      10000          6
   0       14     1963     9996      7751776433      7751786430        14823210       8026       2000      10000          6
   0       14     1963     9996      7751786434      7751796430        14833210       8026       2000      10000          7
   0       14     1963     9996      7751796434      7751806430        14843210       8026       2000      10000          6
   0       14     1963     9996      7751806433      7751816430        14853210       8026       2000      10000          6
   0       14     1963     9996      7751816433      7751826430        14863210       8026       2000      10000          7
   0       14     1963     9996      7751826434      7751836430        14873210       8026       2000      10000          6
   0       14     1963     9986      7751836444      7751846430        14883220       8016       2000      10000          7
   0       14     1963     9996      7751846434      7751856430        14893210       8026       2000      10000          7
   0       14     1963     9996      7751856434      7751866430        14903210       8026       2000      10000          6
   0       14     1963     9996      7751866433      7751876430        14913210       8026       2000      10000          6
   0       14     1963     9996      7751876433      7751886430        14923210       8026       2000      10000          6
   0       14     1963     9996      7751886433      7751896430        14933210       8026       2000      10000          6
   0       14     1963     9996      7751896433      7751906430        14943210       8026       2000      10000          6
   0       14     1963     9996      7751906433      7751916430        14953210       8026       2000      10000          7
   0       14     1963     9996      7751916434      7751926430        14963210       8026       2000      10000          7
   0       14     1963     9996      7751926434      7751936430        14973210       8026       2000      10000          6
   0       14     1963     9996      7751936433      7751946430        14983210       8026       2000      10000          7
   0       14     1963     9996      7751946434      7751956430        14993210       8026       2000      10000          7
   0       14     1963     9996      7751956434      7751966430        15003210       8026       2000      10000          7
   0       14     1963     9996      7751966434      7751976430        15013210       8026       2000      10000          7
   0       14     1963     9996      7751976434      7751986430        15023210       8026       2000      10000          6
   0       14     1963     9996      7751986434      7751996430        15033210       8026       2000      10000          7
   0       14     1963     9996      7751996434      7752006430        15043210       8026       2000      10000          7
   0       14     1963     9996      7752006434      7752016430        15053210       8026       2000      10000          7
   0       14     1963     9996      7752016434      7752026430        15063210       8026       2000      10000          7
   0       14     1963     9996      7752026434      7752036430        15073210       8026       2000      10000          6
   0       14     1963     9996      7752036433      7752046430        15083210       8026       2000      10000          6
   0       14     1963     9996      7752046433      7752056430        15093210       8026       2000      10000          6
   0       14     1963     9996      7752056433      7752066430        15103210       8026       2000      10000          6
   0       14     1963     9996      7752066433      7752076430        15113210       8026       2000      10000          6
   0       14     1963     9996      7752076433      7752086430        15123210       8026       2000      10000          7
   0       14     1963     9996      7752086433      7752096430        15133210       8026       2000      10000          6
   0       14     1963     9996      7752096433      7752106430        15143210       8026       2000      10000          6
   0       14     1963     9997      7752106433      7752116430        15153210       8026       2000      10000          7
   0       14     1963     9996      7752116433      7752126430        15163210       8026       2000      10000          6
   0       14     1963     9996      7752126433      7752136430        15173210       8026       2000      10000          6
   0       14     1963     9996      7752136433      7752146430        15183210       8026       2000      10000          6
   0       14     1963     9996      7752146433      7752156430        15193210       8026       2000      10000          6
   0       14     1963     9996      7752156433      7752166430        15203210       8026       2000      10000          6
   0       14     1963     9985      7752166445      7752176430        15213221       8015       2000      10000          7
   0       14     1963     9996      7752176434      7752186430        15223210       8026       2000      10000          6
   0       14     1963     9996      7752186433      7752196430        15233210       8026       2000      10000          6
   0       14     1963     9996      7752196433      7752206430        15243210       8026       2000      10000          6
   0       14     1963     9996      7752206433      7752216430        15253210       8026       2000      10000          6
   0       14     1963     9996      7752216433      7752226430        15263210       8026       2000      10000          6
   0       14     1963     9996      7752226433      7752236430        15273210       8026       2000      10000          6
   0       14     1963     9997      7752236433      7752246430        15283210       8026       2000      10000          7
   0       14     1963     9996      7752246434      7752256430        15293210       8026       2000      10000          7
   0       14     1963     9996      7752256433      7752266430        15303210       8026       2000      10000          6
   0       14     1963     9996      7752266433      7752276430        15313210       8026       2000      10000          6
   0       14     1963     9996      7752276433      7752286430        15323210       8026       2000      10000          6
   0       14     1963     9996      7752286433      7752296430        15333210       8026       2000      10000          6
   0       14     1963     9996      7752296433      7752306430        15343210       8027       2000      10000          6
   0       14     1963     9996      7752306433      7752316430        15353210       8026       2000      10000          6
   0       14     1963     9996      7752316433      7752326430        15363210       8026       2000      10000          6
   0       14     1963     9996      7752326433      7752336430        15373210       8026       2000      10000          6
   0       14     1963     9996      7752336433      7752346430        15383210       8026       2000      10000          6
   0       14     1963     9996      7752346433      7752356430        15393210       8026       2000      10000          6
   0       14     1963     9996      7752356433      7752366430        15403210       8026       2000      10000          6
   0       14     1963     9996      7752366433      7752376430        15413210       8026       2000      10000          6
   0       14     1963     9996      7752376433      7752386430        15423210       8026       2000      10000          6
   0       14     1963     9996      7752386433      7752396430        15433210       8026       2000      10000          7
   0       14     1963     9996      7752396434      7752406430        15443210       8026       2000      10000          6
   0       14     1963     9996      7752406433      7752416430        15453210       8026       2000      10000          7
   0       14     1963     9996      7752416434      7752426430        15463210       8026       2000      10000          7
   0       14     1963     9996      7752426433      7752436430        15473210       8026       2000      10000          7
   0       14     1963     9996      7752436434      7752446430        15483210       8026       2000      10000          7
   0       14     1963     9998      7752446434      7752456431        15493210       8026       2000      10000          8
   0       14     1964     9994      7752456436      7752466430        15503212       8023       2000      10000          7
   0       14     1963     9996      7752466434      7752476430        15513210       8026       2000      10000          7
   0       14     1963     9996      7752476434      7752486430        15523210       8026       2000      10000          7
   0       14     1963     9996      7752486434      7752496430        15533210       8026       2000      10000          7
   0       14     1963     9985      7752496445      7752506430        15543221       8015       2000      10000          6
   0       14     1963     9996      7752506434      7752516430        15553210       8026       2000      10000          7
   0       14     1963     9996      7752516433      7752526430        15563210       8026       2000      10000          6
   0       14     1963     9996      7752526433      7752536430        15573210       8026       2000      10000          6
   0       14     1963     9996      7752536433      7752546430        15583210       8026       2000      10000          6
   0       14     1963     9996      7752546433      7752556430        15593210       8026       2000      10000          6
   0       14     1963     9996      7752556433      7752566430        15603210       8026       2000      10000          6
   0       14     1963     9996      7752566433      7752576430        15613210       8026       2000      10000          7
   0       14     1963     9996      7752576434      7752586430        15623210       8026       2000      10000          6
   0       14     1963     9997      7752586433      7752596430        15633210       8026       2000      10000          7
   0       14     1963     9996      7752596434      7752606430        15643210       8026       2000      10000          7
   0       14     1963     9996      7752606434      7752616430        15653210       8026       2000      10000          7
   0       14     1963     9996      7752616434      7752626430        15663210       8026       2000      10000          6
   0       14     1963     9997      7752626433      7752636430        15673210       8026       2000      10000          7
   0       14     1963     9996      7752636434      7752646430        15683210       8026       2000      10000          6
   0       14     1963     9996      7752646433      7752656430        15693210       8026       2000      10000          6
   0       14     1963     9996      7752656433      7752666430        15703210       8026       2000      10000          6
   0       14     1963     9996      7752666433      7752676430        15713210       8026       2000      10000          6
   0       14     1963     9996      7752676433      7752686430        15723210       8026       2000      10000          7
   0       14     1963     9996      7752686434      7752696430        15733210       8026       2000      10000          7
   0       14     1963     9996      7752696434      7752706430        15743210       8026       2000      10000          7
   0       14     1963     9996      7752706434      7752716430        15753210       8026       2000      10000          6
   0       14     1963     9996      7752716433      7752726430        15763210       8026       2000      10000          7
   0       14     1963     9996      7752726433      7752736430        15773210       8026       2000      10000          7
   0       14     1963     9996      7752736433      7752746430        15783210       8026       2000      10000          6
   0       14     1963     9996      7752746433      7752756430        15793210       8026       2000      10000          6
   0       14     1963     9996      7752756433      7752766430        15803210       8026       2000      10000          6
   0       14     1963     9996      7752766433      7752776430        15813210       8026       2000      10000          6
   0       14     1963     9996      7752776433      7752786430        15823210       8026       2000      10000          6
   0       14     1963     9996      7752786433      7752796430        15833210       8026       2000      10000          6
   0       14     1963     9996      7752796433      7752806430        15843210       8026       2000      10000          6
   0       14     1963     9997      7752806433      7752816430        15853210       8026       2000      10000          7
   0       14     1963     9996      7752816434      7752826430        15863210       8026       2000      10000          7
   0       14     1963     9983      7752826446      7752836430        15873223       8013       2000      10000          7
   0       14     1963     9996      7752836434      7752846430        15883210       8026       2000      10000          6
   0       14     1963     9996      7752846433      7752856430        15893210       8026       2000      10000          6
   0       14     1963     9996      7752856433      7752866430        15903210       8026       2000      10000          7
   0       14     1963     9996      7752866433      7752876430        15913210       8026       2000      10000          7
   0       14     1963     9996      7752876434      7752886430        15923210       8026       2000      10000          6
   0       14     1963     9996      7752886433      7752896430        15933210       8026       2000      10000          6
   0       14     1963     9996      7752896433      7752906430        15943210       8026       2000      10000          6
   0       14     1963     9996      7752906433      7752916430        15953210       8026       2000      10000          6
   0       14     1963     9996      7752916433      7752926430        15963210       8026       2000      10000          7
   0       14     1963     9996      7752926434      7752936430        15973210       8026       2000      10000          7
   0       14     1963     9996      7752936433      7752946430        15983210       8026       2000      10000          6
   0       14     1963     9996      7752946433      7752956430        15993210       8026       2000      10000          6
   0       14     1963     9996      7752956433      7752966430        16003210       8026       2000      10000          7
   0       14     1963     9996      7752966434      7752976430        16013210       8026       2000      10000          6
   0       14     1963     9996      7752976433      7752986430        16023210       8026       2000      10000          6
   0       14     1963     9996      7752986433      7752996430        16033210       8026       2000      10000          6
   0       14     1963     9996      7752996433      7753006430        16043210       8026       2000      10000          7
   0       14     1963     9996      7753006434      7753016430        16053210       8026       2000      10000          7
   0       14     1963     9996      7753016434      7753026430        16063210       8026       2000      10000          6
   0       14     1963     9996      7753026433      7753036430        16073210       8026       2000      10000          6
   0       14     1963     9996      7753036433      7753046430        16083210       8026       2000      10000          6
   0       14     1963     9996      7753046433      7753056430        16093210       8026       2000      10000          6
   0       14     1963     9996      7753056433      7753066430        16103210       8026       2000      10000          6
   0       14     1963     9996      7753066433      7753076430        16113210       8026       2000      10000          7
   0       14     1963     9996      7753076434      7753086430        16123210       8026       2000      10000          6
   0       14     1963     9996      7753086433      7753096430        16133210       8026       2000      10000          6
   0       14     1963     9996      7753096433      7753106430        16143210       8026       2000      10000          6
   0       14     1963     9996      7753106433      7753116430        16153210       8026       2000      10000          6
   0       14     1963     9996      7753116433      7753126430        16163210       8026       2000      10000          6
   0       14     1963     9996      7753126433      7753136430        16173210       8026       2000      10000          6
   0       14     1963     9996      7753136433      7753146430        16183210       8026       2000      10000          6
   0       14     1963     9997      7753146433      7753156430        16193210       8026       2000      10000          7
   0       14     1963     9986      7753156444      7753166430        16203220       8016       2000      10000          7
   0       14     1963     9996      7753166434      7753176430        16213210       8026       2000      10000          6
   0       14     1963     9996      7753176433      7753186430        16223210       8026       2000      10000          6
   0       14     1963     9996      7753186433      7753196430        16233210       8026       2000      10000          6
   0       14     1963     9996      7753196433      7753206430        16243210       8026       2000      10000          6
   0       14     1963     9996      7753206433      7753216430        16253210       8026       2000      10000          7
   0       14     1963     9996      7753216434      7753226430        16263210       8026       2000      10000          7
   0       14     1963     9996      7753226433      7753236430        16273210       8026       2000      10000          7
   0       14     1963     9996      7753236434      7753246430        16283210       8026       2000      10000          6
   0       14     1963     9996      7753246433      7753256430        16293210       8026       2000      10000          7
   0       14     1963     9996      7753256434      7753266430        16303210       8026       2000      10000          6
   0       14     1963     9996      7753266433      7753276430        16313210       8026       2000      10000          7
   0       14     1963     9996      7753276434      7753286430        16323210       8026       2000      10000          7
   0       14     1963     9996      7753286434      7753296430        16333210       8026       2000      10000          6
   0       14     1963     9996      7753296433      7753306430        16343210       8026       2000      10000          7
   0       14     1963     9996      7753306434      7753316430        16353210       8026       2000      10000          7
   0       14     1963     9996      7753316434      7753326430        16363210       8026       2000      10000          6
   0       14     1963     9996      7753326433      7753336430        16373210       8026       2000      10000          7
   0       14     1963     9996      7753336434      7753346430        16383210       8026       2000      10000          7
   0       14     1963     9996      7753346434      7753356430        16393210       8026       2000      10000          6
   0       14     1963     9996      7753356433      7753366430        16403210       8026       2000      10000          7
   0       14     1963     9996      7753366434      7753376430        16413210       8026       2000      10000          7
   0       14     1963     9996      7753376434      7753386430        16423210       8026       2000      10000          7
   0       14     1963     9996      7753386434      7753396430        16433210       8026       2000      10000          7
   0       14     1963     9996      7753396434      7753406430        16443210       8026       2000      10000          7
   0       14     1963     9996      7753406434      7753416430        16453210       8026       2000      10000          7
   0       14     1963     9996      7753416434      7753426430        16463210       8026       2000      10000          7
   0       14     1963     9996      7753426434      7753436430        16473210       8026       2000      10000          7
   0       14     1963     9996      7753436434      7753446430        16483210       8026       2000      10000          7
   0       14     1963     9999      7753446434      7753456433        16493210       8026       2000      10000         10
   0       14     1964     9993      7753456437      7753466430        16503214       8021       2000      10000          7
   0       14     1963     9996      7753466434      7753476430        16513210       8026       2000      10000          7
   0       14     1963     9996      7753476434      7753486430        16523210       8026       2000      10000          7
   0       14     1963     9985      7753486445      7753496430        16533221       8015       2000      10000          7
   0       14     1963     9996      7753496434      7753506430        16543210       8026       2000      10000          6
   0       14     1963     9996      7753506433      7753516430        16553210       8026       2000      10000          6
   0       14     1963     9997      7753516433      7753526430        16563210       8026       2000      10000          7
   0       14     1963     9997      7753526434      7753536430        16573210       8026       2000      10000          7
   0       14     1963     9996      7753536434      7753546430        16583210       8026       2000      10000          7
   0       14     1963     9996      7753546434      7753556430        16593210       8026       2000      10000          6
   0       14     1963     9996      7753556433      7753566430        16603210       8026       2000      10000          7
   0       14     1963     9996      7753566433      7753576430        16613210       8026       2000      10000          6
   0       14     1963     9996      7753576433      7753586430        16623210       8026       2000      10000          6
   0       14     1963     9996      7753586433      7753596430        16633210       8026       2000      10000          7
   0       14     1963     9996      7753596433      7753606430        16643210       8026       2000      10000          6
   0       14     1963     9996      7753606433      7753616430        16653210       8026       2000      10000          6
   0       14     1963     9996      7753616433      7753626430        16663210       8026       2000      10000          7
   0       14     1963     9996      7753626434      7753636430        16673210       8026       2000      10000          6
   0       14     1963     9996      7753636433      7753646430        16683210       8026       2000      10000          7
   0       14     1963     9996      7753646434      7753656430        16693210       8026       2000      10000          7
   0       14     1963     9996      7753656434      7753666430        16703210       8026       2000      10000          7
   0       14     1963     9996      7753666434      7753676430        16713210       8026       2000      10000          6
   0       14     1963     9996      7753676433      7753686430        16723210       8026       2000      10000          6
   0       14     1963     9996      7753686433      7753696430        16733210       8026       2000      10000          6
   0       14     1963     9996      7753696433      7753706430        16743210       8026       2000      10000          6
   0       14     1963     9996      7753706433      7753716430        16753210       8026       2000      10000          6
   0       14     1963     9996      7753716433      7753726430        16763210       8026       2000      10000          7
   0       14     1963     9996      7753726433      7753736430        16773210       8026       2000      10000          6
   0       14     1963     9996      7753736433      7753746430        16783210       8026       2000      10000          6
   0       14     1963     9996      7753746433      7753756430        16793210       8026       2000      10000          7
   0       14     1963     9996      7753756434      7753766430        16803210       8026       2000      10000          7
   0       14     1963     9996      7753766434      7753776430        16813210       8026       2000      10000          7
   0       14     1963     9996      7753776433      7753786430        16823210       8026       2000      10000          7
   0       14     1963     9996      7753786434      7753796430        16833210       8026       2000      10000          6
   0       14     1963     9996      7753796433      7753806430        16843210       8026       2000      10000          6
   0       14     1963     9996      7753806433      7753816430        16853210       8026       2000      10000          6
   0       14     1963     9986      7753816444      7753826430        16863220       8016       2000      10000          7
   0       14     1963     9996      7753826434      7753836430        16873210       8026       2000      10000          7
   0       14     1963     9997      7753836434      7753846430        16883210       8026       2000      10000          7
   0       14     1963     9996      7753846434      7753856430        16893210       8026       2000      10000          7
   0       14     1963     9996      7753856434      7753866430        16903210       8026       2000      10000          6
   0       14     1963     9996      7753866433      7753876430        16913210       8026       2000      10000          6
   0       14     1963     9996      7753876433      7753886430        16923210       8026       2000      10000          7
   0       14     1963     9996      7753886434      7753896430        16933210       8026       2000      10000          6
   0       14     1963     9996      7753896433      7753906430        16943210       8026       2000      10000          6
   0       14     1963     9996      7753906433      7753916430        16953210       8026       2000      10000          6
   0       14     1963     9996      7753916433      7753926430        16963210       8026       2000      10000          6
   0       14     1963     9996      7753926433      7753936430        16973210       8026       2000      10000          6
   0       14     1963     9996      7753936433      7753946430        16983210       8026       2000      10000          6
   0       14     1963     9996      7753946433      7753956430        16993210       8026       2000      10000          6
   0       14     1963     9996      7753956433      7753966430        17003210       8026       2000      10000          6
   0       14     1963     9996      7753966433      7753976430        17013210       8026       2000      10000          6
   0       14     1963     9996      7753976433      7753986430        17023210       8026       2000      10000          6
   0       14     1963     9996      7753986433      7753996430        17033210       8026       2000      10000          6
   0       14     1963     9996      7753996433      7754006430        17043210       8026       2000      10000          7
   0       14     1963     9996      7754006433      7754016430        17053210       8026       2000      10000          6
   0       14     1963     9996      7754016433      7754026430        17063210       8026       2000      10000          7
   0       14     1963     9996      7754026434      7754036430        17073210       8026       2000      10000          6
   0       14     1963     9996      7754036433      7754046430        17083210       8026       2000      10000          7
   0       14     1963     9996      7754046434      7754056430        17093210       8026       2000      10000          6
   0       14     1963     9996      7754056433      7754066430        17103210       8026       2000      10000          7
   0       14     1963     9996      7754066434      7754076430        17113210       8026       2000      10000          6
   0       14     1963     9996      7754076433      7754086430        17123210       8026       2000      10000          7
   0       14     1963     9996      7754086434      7754096430        17133210       8026       2000      10000          6
   0       14     1963     9996      7754096433      7754106430        17143210       8026       2000      10000          6
   0       14     1963     9996      7754106433      7754116430        17153210       8026       2000      10000          6
   0       14     1963     9996      7754116433      7754126430        17163210       8026       2000      10000          7
   0       14     1963     9996      7754126434      7754136430        17173210       8026       2000      10000          6
   0       14     1963     9996      7754136433      7754146430        17183210       8026       2000      10000          6
   0       14     1963     9986      7754146444      7754156430        17193221       8015       2000      10000          7
   0       14     1963     9996      7754156434      7754166430        17203210       8026       2000      10000          6
   0       14     1963     9996      7754166433      7754176430        17213210       8026       2000      10000          6
   0       14     1963     9996      7754176433      7754186430        17223210       8026       2000      10000          6
   0       14     1963     9996      7754186433      7754196430        17233210       8026       2000      10000          7
   0       14     1963     9996      7754196434      7754206430        17243210       8026       2000      10000          6
   0       14     1963     9996      7754206433      7754216430        17253210       8026       2000      10000          7
   0       14     1963     9996      7754216433      7754226430        17263210       8026       2000      10000          6
   0       14     1963     9996      7754226433      7754236430        17273210       8026       2000      10000          6
   0       14     1963     9996      7754236433      7754246430        17283210       8026       2000      10000          7
   0       14     1963     9996      7754246434      7754256430        17293210       8026       2000      10000          7
   0       14     1963     9996      7754256434      7754266430        17303210       8026       2000      10000          6
   0       14     1963     9996      7754266433      7754276430        17313210       8026       2000      10000          6
   0       14     1963     9996      7754276433      7754286430        17323210       8026       2000      10000          6
   0       14     1963     9996      7754286433      7754296430        17333210       8026       2000      10000          6
   0       14     1963     9996      7754296433      7754306430        17343210       8026       2000      10000          7
   0       14     1963     9996      7754306434      7754316430        17353210       8026       2000      10000          7
   0       14     1963     9996      7754316433      7754326430        17363210       8026       2000      10000          6
   0       14     1963     9996      7754326433      7754336430        17373210       8026       2000      10000          7
   0       14     1963     9996      7754336433      7754346430        17383210       8026       2000      10000          6
   0       14     1963     9996      7754346433      7754356430        17393210       8026       2000      10000          6
   0       14     1963     9996      7754356433      7754366430        17403210       8026       2000      10000          6
   0       14     1963     9996      7754366433      7754376430        17413210       8026       2000      10000          6
   0       14     1963     9996      7754376433      7754386430        17423210       8026       2000      10000          6
   0       14     1963     9996      7754386433      7754396430        17433210       8026       2000      10000          6
   0       14     1963     9996      7754396433      7754406430        17443210       8026       2000      10000          6
   0       14     1963     9996      7754406433      7754416430        17453210       8026       2000      10000          6
   0       14     1963     9996      7754416433      7754426430        17463210       8026       2000      10000          6
   0       14     1963     9996      7754426433      7754436430        17473210       8026       2000      10000          6
   0       14     1963     9996      7754436433      7754446430        17483210       8026       2000      10000          7
   0       14     1963     9998      7754446434      7754456431        17493210       8026       2000      10000          8
   0       14     1964     9995      7754456435      7754466430        17503211       8023       2000      10000          7
   0       14     1963     9996      7754466434      7754476430        17513210       8026       2000      10000          7
   0       14     1963     9985      7754476445      7754486430        17523221       8015       2000      10000          7
   0       14     1963     9996      7754486434      7754496430        17533210       8026       2000      10000          6
   0       14     1963     9996      7754496433      7754506430        17543210       8026       2000      10000          7
   0       14     1963     9996      7754506434      7754516430        17553210       8026       2000      10000          6
   0       14     1963     9996      7754516433      7754526430        17563210       8026       2000      10000          6
   0       14     1963     9996      7754526433      7754536430        17573210       8026       2000      10000          6
   0       14     1963     9996      7754536433      7754546430        17583210       8026       2000      10000          7
   0       14     1963     9996      7754546434      7754556430        17593210       8026       2000      10000          7
   0       14     1963     9996      7754556433      7754566430        17603210       8026       2000      10000          7
   0       14     1963     9996      7754566434      7754576430        17613210       8026       2000      10000          7
   0       14     1963     9996      7754576434      7754586430        17623210       8026       2000      10000          7
   0       14     1963     9996      7754586434      7754596430        17633210       8026       2000      10000          7
   0       14     1963     9996      7754596434      7754606430        17643210       8026       2000      10000          6
   0       14     1963     9996      7754606433      7754616430        17653210       8026       2000      10000          7
   0       14     1963     9996      7754616434      7754626430        17663210       8026       2000      10000          7
   0       14     1963     9996      7754626434      7754636430        17673210       8026       2000      10000          7
   0       14     1963     9996      7754636433      7754646430        17683210       8026       2000      10000          7
   0       14     1963     9996      7754646433      7754656430        17693210       8026       2000      10000          6
   0       14     1963     9996      7754656433      7754666430        17703210       8026       2000      10000          6
   0       14     1963     9996      7754666433      7754676430        17713210       8026       2000      10000          6
   0       14     1963     9996      7754676433      7754686430        17723210       8026       2000      10000          6
   0       14     1963     9997      7754686433      7754696430        17733210       8026       2000      10000          7
   0       14     1963     9996      7754696434      7754706430        17743210       8026       2000      10000          7
   0       14     1963     9996      7754706434      7754716430        17753210       8026       2000      10000          7
   0       14     1963     9996      7754716434      7754726430        17763210       8026       2000      10000          7
   0       14     1963     9996      7754726434      7754736430        17773210       8026       2000      10000          6
   0       14     1963     9996      7754736433      7754746430        17783210       8026       2000      10000          7
   0       14     1963     9996      7754746434      7754756430        17793210       8026       2000      10000          6
   0       14     1963     9996      7754756433      7754766430        17803210       8026       2000      10000          7
   0       14     1963     9996      7754766434      7754776430        17813210       8026       2000      10000          6
   0       14     1963     9996      7754776433      7754786430        17823210       8026       2000      10000          6
   0       14     1963     9996      7754786433      7754796430        17833210       8026       2000      10000          7
   0       14     1963     9997      7754796434      7754806430        17843210       8026       2000      10000          7
   0       14     1963     9984      7754806446      7754816430        17853222       8014       2000      10000          7
   0       14     1963     9996      7754816434      7754826430        17863210       8026       2000      10000          6
   0       14     1963     9996      7754826433      7754836430        17873210       8026       2000      10000          6
   0       14     1963     9996      7754836433      7754846430        17883210       8026       2000      10000          7
   0       14     1963     9996      7754846433      7754856430        17893210       8026       2000      10000          7
   0       14     1963     9997      7754856433      7754866430        17903210       8026       2000      10000          7
   0       14     1963     9996      7754866434      7754876430        17913210       8026       2000      10000          6
   0       14     1963     9996      7754876433      7754886430        17923210       8026       2000      10000          7
   0       14     1963     9996      7754886433      7754896430        17933210       8026       2000      10000          6
   0       14     1963     9996      7754896433      7754906430        17943210       8026       2000      10000          7
   0       14     1963     9996      7754906434      7754916430        17953210       8026       2000      10000          7
   0       14     1963     9996      7754916434      7754926430        17963210       8026       2000      10000          6
   0       14     1963     9996      7754926433      7754936430        17973210       8026       2000      10000          6
   0       14     1963     9998      7754936433      7754946431        17983210       8026       2000      10000          8
   0       14     1963     9996      7754946435      7754956431        17993211       8024       2000      10000          8
   0       14     1965     9997      7754956435      7754966432        18003212       8023       2000      10000          8
   0       14     1965     9995      7754966436      7754976431        18013212       8022       2000      10000          7
   0       14     1963     9995      7754976435      7754986430        18023211       8025       2000      10000          6
   0       14     1963     9996      7754986433      7754996430        18033210       8026       2000      10000          6
   0       14     1963     9997      7754996433      7755006430        18043210       8026       2000      10000          7
   0       14     1963     9996      7755006434      7755016430        18053210       8026       2000      10000          7
   0       14     1963     9996      7755016434      7755026430        18063210       8026       2000      10000          6
   0       14     1963     9996      7755026433      7755036430        18073210       8026       2000      10000          6
   0       14     1963     9997      7755036433      7755046430        18083210       8026       2000      10000          7
   0       14     1963     9996      7755046434      7755056430        18093210       8026       2000      10000          6
   0       14     1963     9996      7755056433      7755066430        18103210       8026       2000      10000          6
   0       14     1963     9996      7755066433      7755076430        18113210       8026       2000      10000          6
   0       14     1963     9996      7755076433      7755086430        18123210       8026       2000      10000          6
   0       14     1963     9997      7755086433      7755096430        18133210       8026       2000      10000          7
   0       14     1963     9996      7755096434      7755106430        18143210       8026       2000      10000          6
   0       14     1963     9996      7755106433      7755116430        18153210       8026       2000      10000          7
   0       14     1963     9996      7755116433      7755126430        18163210       8026       2000      10000          6
   0       14     1963     9996      7755126433      7755136430        18173210       8026       2000      10000          6
   0       14     1963     9982      7755136448      7755146430        18183224       8012       2000      10000          7
   0       14     1963     9996      7755146434      7755156430        18193210       8026       2000      10000          6
   0       14     1963     9997      7755156433      7755166430        18203210       8026       2000      10000          7
   0       14     1963     9996      7755166434      7755176430        18213210       8026       2000      10000          7
   0       14     1963     9996      7755176433      7755186430        18223210       8026       2000      10000          6
   0       14     1963     9996      7755186433      7755196430        18233210       8026       2000      10000          6
   0       14     1963     9996      7755196433      7755206430        18243210       8026       2000      10000          6
   0       14     1963     9996      7755206433      7755216430        18253210       8026       2000      10000          7
   0       14     1963     9996      7755216433      7755226430        18263210       8026       2000      10000          6
   0       14     1963     9996      7755226433      7755236430        18273210       8026       2000      10000          6
   0       14     1963     9996      7755236433      7755246430        18283210       8026       2000      10000          7
   0       14     1963     9996      7755246434      7755256430        18293210       8026       2000      10000          6
   0       14     1963     9996      7755256433      7755266430        18303210       8026       2000      10000          6
   0       14     1963     9996      7755266433      7755276430        18313210       8026       2000      10000          6
   0       14     1963     9996      7755276433      7755286430        18323210       8026       2000      10000          6
   0       14     1963     9996      7755286433      7755296430        18333210       8026       2000      10000          6
   0       14     1963     9996      7755296433      7755306430        18343210       8026       2000      10000          6
   0       14     1963     9996      7755306433      7755316430        18353210       8026       2000      10000          7
   0       14     1963     9996      7755316433      7755326430        18363210       8026       2000      10000          6
   0       14     1963     9996      7755326433      7755336430        18373210       8026       2000      10000          6
   0       14     1963     9996      7755336433      7755346430        18383210       8026       2000      10000          6
   0       14     1963     9996      7755346433      7755356430        18393210       8026       2000      10000          6
   0       14     1963     9996      7755356433      7755366430        18403210       8026       2000      10000          6
   0       14     1963     9996      7755366433      7755376430        18413210       8026       2000      10000          6
   0       14     1963     9996      7755376433      7755386430        18423210       8026       2000      10000          7
   0       14     1963     9996      7755386434      7755396430        18433210       8026       2000      10000          6
   0       14     1963     9996      7755396433      7755406430        18443210       8026       2000      10000          6
   0       14     1963     9996      7755406433      7755416430        18453210       8026       2000      10000          6
   0       14     1963     9996      7755416433      7755426430        18463210       8026       2000      10000          6
   0       14     1963     9996      7755426433      7755436430        18473210       8026       2000      10000          6
   0       14     1963     9996      7755436433      7755446430        18483210       8026       2000      10000          7
   0       14     1963     9999      7755446434      7755456433        18493210       8026       2000      10000          9
   0       14     1965     9993      7755456437      7755466430        18503213       8021       2000      10000          7
   0       14     1963     9984      7755466446      7755476430        18513222       8014       2000      10000          7
   0       14     1963     9996      7755476434      7755486430        18523210       8026       2000      10000          6
   0       14     1963     9996      7755486434      7755496430        18533210       8026       2000      10000          7
   0       14     1963     9996      7755496434      7755506430        18543210       8026       2000      10000          6
   0       14     1963     9996      7755506433      7755516430        18553210       8026       2000      10000          7
   0       14     1963     9996      7755516434      7755526430        18563210       8026       2000      10000          6
   0       14     1963     9996      7755526433      7755536430        18573210       8026       2000      10000          6
   0       14     1963     9997      7755536433      7755546430        18583210       8026       2000      10000          7
   0       14     1963     9996      7755546434      7755556430        18593210       8026       2000      10000          7
   0       14     1963     9996      7755556434      7755566430        18603210       8026       2000      10000          7
   0       14     1963     9996      7755566434      7755576430        18613210       8026       2000      10000          7
   0       14     1963     9996      7755576434      7755586430        18623210       8026       2000      10000          7
   0       14     1963     9996      7755586433      7755596430        18633210       8026       2000      10000          7
   0       14     1963     9996      7755596434      7755606430        18643210       8026       2000      10000          6
   0       14     1963     9996      7755606433      7755616430        18653210       8026       2000      10000          7
   0       14     1963     9996      7755616434      7755626430        18663210       8026       2000      10000          7
   0       14     1963     9996      7755626434      7755636430        18673210       8026       2000      10000          7
   0       14     1963     9996      7755636434      7755646430        18683210       8026       2000      10000          7
   0       14     1963     9996      7755646434      7755656430        18693210       8026       2000      10000          6
   0       14     1963     9996      7755656433      7755666430        18703210       8026       2000      10000          7
   0       14     1963     9996      7755666434      7755676430        18713210       8026       2000      10000          6
   0       14     1963     9996      7755676433      7755686430        18723210       8026       2000      10000          7
   0       14     1963     9996      7755686434      7755696430        18733210       8026       2000      10000          6
   0       14     1963     9996      7755696433      7755706430        18743210       8026       2000      10000          6
   0       14     1963     9996      7755706433      7755716430        18753210       8026       2000      10000          6
   0       14     1963     9996      7755716433      7755726430        18763210       8026       2000      10000          6
   0       14     1963     9996      7755726433      7755736430        18773210       8026       2000      10000          6
   0       14     1963     9996      7755736433      7755746430        18783210       8026       2000      10000          7
   0       14     1963     9996      7755746433      7755756430        18793210       8026       2000      10000          7
   0       14     1963     9996      7755756434      7755766430        18803210       8026       2000      10000          7
   0       14     1963     9996      7755766433      7755776430        18813210       8026       2000      10000          7
   0       14     1963     9996      7755776433      7755786430        18823210       8026       2000      10000          6
   0       14     1963     9996      7755786433      7755796430        18833210       8026       2000      10000          6
   0       14     1963     9986      7755796444      7755806430        18843220       8016       2000      10000          7
   0       14     1963     9996      7755806434      7755816430        18853210       8026       2000      10000          7
   0       14     1963     9997      7755816434      7755826430        18863210       8026       2000      10000          7
   0       14     1963     9996      7755826434      7755836430        18873210       8026       2000      10000          7
   0       14     1963     9997      7755836433      7755846430        18883210       8026       2000      10000          7
   0       14     1963     9996      7755846434      7755856430        18893210       8026       2000      10000          7
   0       14     1963     9996      7755856434      7755866430        18903210       8026       2000      10000          6
   0       14     1963     9996      7755866433      7755876430        18913210       8026       2000      10000          6
   0       14     1963     9996      7755876433      7755886430        18923210       8026       2000      10000          7
   0       14     1963     9996      7755886433      7755896430        18933210       8026       2000      10000          6
   0       14     1963     9996      7755896433      7755906430        18943210       8026       2000      10000          7
   0       14     1963     9996      7755906434      7755916430        18953210       8026       2000      10000          7
   0       14     1963     9996      7755916434      7755926430        18963210       8026       2000      10000          6
   0       14     1963     9996      7755926433      7755936430        18973210       8026       2000      10000          6
   0       14     1963     9996      7755936433      7755946430        18983210       8026       2000      10000          6
   0       14     1963     9996      7755946433      7755956430        18993210       8026       2000      10000          7
   0       14     1963     9996      7755956434      7755966430        19003210       8026       2000      10000          7
   0       14     1963     9996      7755966433      7755976430        19013210       8026       2000      10000          6
   0       14     1963     9996      7755976433      7755986430        19023210       8026       2000      10000          6
   0       14     1963     9996      7755986433      7755996430        19033210       8026       2000      10000          6
   0       14     1963     9996      7755996433      7756006430        19043210       8026       2000      10000          7
   0       14     1963     9996      7756006433      7756016430        19053210       8026       2000      10000          7
   0       14     1963     9996      7756016434      7756026430        19063210       8026       2000      10000          6
   0       14     1963     9996      7756026433      7756036430        19073210       8026       2000      10000          6
   0       14     1963     9996      7756036433      7756046430        19083210       8026       2000      10000          7
   0       14     1963     9996      7756046434      7756056430        19093210       8026       2000      10000          7
   0       14     1963     9996      7756056434      7756066430        19103210       8026       2000      10000          7
   0       14     1963     9996      7756066434      7756076430        19113210       8026       2000      10000          7
   0       14     1963     9996      7756076434      7756086430        19123210       8026       2000      10000          6
   0       14     1963     9997      7756086433      7756096430        19133210       8026       2000      10000          7
   0       14     1963     9996      7756096434      7756106430        19143210       8026       2000      10000          7
   0       14     1963     9996      7756106434      7756116430        19153210       8026       2000      10000          6
   0       14     1963     9996      7756116433      7756126430        19163210       8026       2000      10000          6
   0       14     1963     9986      7756126444      7756136430        19173221       8015       2000      10000          7
   0       14     1963     9996      7756136434      7756146430        19183210       8026       2000      10000          6
   0       14     1963     9996      7756146433      7756156430        19193210       8026       2000      10000          6
   0       14     1963     9996      7756156433      7756166430        19203210       8026       2000      10000          6
   0       14     1963     9996      7756166433      7756176430        19213210       8026       2000      10000          7
   0       14     1963     9996      7756176434      7756186430        19223210       8026       2000      10000          6
   0       14     1963     9996      7756186433      7756196430        19233210       8026       2000      10000          6
   0       14     1963     9996      7756196433      7756206430        19243210       8026       2000      10000          6
   0       14     1963     9996      7756206433      7756216430        19253210       8026       2000      10000          6
   0       14     1963     9996      7756216433      7756226430        19263210       8026       2000      10000          7
   0       14     1963     9996      7756226434      7756236430        19273210       8026       2000      10000          7
   0       14     1963     9996      7756236434      7756246430        19283210       8026       2000      10000          7
   0       14     1963     9996      7756246434      7756256430        19293210       8026       2000      10000          7
   0       14     1963     9996      7756256434      7756266430        19303210       8026       2000      10000          7
   0       14     1963     9996      7756266434      7756276430        19313210       8026       2000      10000          6
   0       14     1963     9996      7756276433      7756286430        19323210       8026       2000      10000          7
   0       14     1963     9997      7756286434      7756296430        19333210       8026       2000      10000          7
   0       14     1963     9996      7756296434      7756306430        19343210       8026       2000      10000          6
   0       14     1963     9996      7756306433      7756316430        19353210       8026       2000      10000          6
   0       14     1963     9996      7756316433      7756326430        19363210       8026       2000      10000          7
   0       14     1963     9996      7756326434      7756336430        19373210       8026       2000      10000          6
   0       14     1963     9997      7756336433      7756346430        19383210       8026       2000      10000          7
   0       14     1963     9996      7756346434      7756356430        19393210       8026       2000      10000          6
   0       14     1963     9996      7756356433      7756366430        19403210       8026       2000      10000          6
   0       14     1963     9996      7756366433      7756376430        19413210       8026       2000      10000          6
   0       14     1963     9996      7756376433      7756386430        19423210       8026       2000      10000          6
   0       14     1963     9996      7756386433      7756396430        19433210       8026       2000      10000          7
   0       14     1963     9996      7756396433      7756406430        19443210       8026       2000      10000          6
   0       14     1963     9996      7756406433      7756416430        19453210       8026       2000      10000          6
   0       14     1963     9996      7756416433      7756426430        19463210       8026       2000      10000          6
   0       14     1963     9996      7756426433      7756436430        19473210       8026       2000      10000          6
   0       14     1963     9996      7756436433      7756446430        19483210       8026       2000      10000          7
   0       14     1963     9998      7756446434      7756456431        19493210       8026       2000      10000          8
   0       14     1964     9983      7756456448      7756466430        19503224       8011       2000      10000          7
   0       14     1963     9996      7756466434      7756476430        19513211       8025       2000      10000          7
   0       14     1963     9996      7756476434      7756486430        19523210       8026       2000      10000          7
   0       14     1963     9996      7756486433      7756496430        19533210       8026       2000      10000          7
   0       14     1963     9996      7756496434      7756506430        19543210       8026       2000      10000          6
   0       14     1963     9996      7756506433      7756516430        19553210       8026       2000      10000          6
   0       14     1963     9996      7756516434      7756526430        19563210       8026       2000      10000          7
   0       14     1963     9996      7756526434      7756536430        19573210       8026       2000      10000          6
   0       14     1963     9996      7756536433      7756546430        19583210       8026       2000      10000          7
   0       14     1963     9996      7756546434      7756556430        19593210       8026       2000      10000          6
   0       14     1963     9996      7756556433      7756566430        19603210       8026       2000      10000          6
   0       14     1963     9996      7756566433      7756576430        19613210       8026       2000      10000          6
   0       14     1963     9996      7756576433      7756586430        19623210       8026       2000      10000          6
   0       14     1963     9996      7756586433      7756596430        19633210       8026       2000      10000          7
   0       14     1963     9996      7756596434      7756606430        19643210       8026       2000      10000          6
   0       14     1963     9996      7756606433      7756616430        19653210       8026       2000      10000          6
   0       14     1963     9996      7756616433      7756626430        19663210       8026       2000      10000          6
   0       14     1963     9996      7756626433      7756636430        19673210       8026       2000      10000          6
   0       14     1963     9996      7756636433      7756646430        19683210       8026       2000      10000          6
   0       14     1963     9996      7756646433      7756656430        19693210       8026       2000      10000          6
   0       14     1963     9996      7756656433      7756666430        19703210       8026       2000      10000          6
   0       14     1963     9996      7756666433      7756676430        19713210       8026       2000      10000          6
   0       14     1963     9996      7756676433      7756686430        19723210       8026       2000      10000          6
   0       14     1963     9996      7756686433      7756696430        19733210       8026       2000      10000          6
   0       14     1963     9996      7756696433      7756706430        19743210       8026       2000      10000          6
   0       14     1963     9996      7756706433      7756716430        19753210       8026       2000      10000          6
   0       14     1963     9996      7756716433      7756726430        19763210       8026       2000      10000          7
   0       14     1963     9996      7756726433      7756736430        19773210       8026       2000      10000          6
   0       14     1963     9996      7756736433      7756746430        19783210       8026       2000      10000          6
   0       14     1963     9996      7756746433      7756756430        19793210       8026       2000      10000          6
   0       14     1963     9996      7756756433      7756766430        19803210       8026       2000      10000          6
   0       14     1963     9996      7756766433      7756776430        19813210       8026       2000      10000          7
   0       14     1963     9996      7756776434      7756786430        19823210       8026       2000      10000          7
   0       14     1963     9985      7756786445      7756796430        19833221       8015       2000      10000          7
   0       14     1963     9996      7756796434      7756806430        19843210       8026       2000      10000          6
   0       14     1963     9996      7756806433      7756816430        19853210       8026       2000      10000          6
   0       14     1963     9996      7756816433      7756826430        19863210       8026       2000      10000          6
   0       14     1963     9996      7756826433      7756836430        19873210       8026       2000      10000          6
   0       14     1963     9997      7756836433      7756846430        19883210       8026       2000      10000          7
   0       14     1963     9996      7756846434      7756856430        19893210       8026       2000      10000          7
   0       14     1963     9996      7756856434      7756866430        19903210       8026       2000      10000          7
   0       14     1963     9996      7756866434      7756876430        19913210       8026       2000      10000          6
   0       14     1963     9996      7756876433      7756886430        19923210       8026       2000      10000          7
   0       14     1963     9996      7756886434      7756896430        19933210       8026       2000      10000          7
   0       14     1963     9996      7756896434      7756906430        19943210       8026       2000      10000          7
   0       14     1963     9996      7756906434      7756916430        19953210       8026       2000      10000          7
   0       14     1963     9996      7756916434      7756926430        19963210       8026       2000      10000          6
   0       14     1963     9996      7756926433      7756936430        19973210       8026       2000      10000          7
   0       14     1963     9996      7756936434      7756946430        19983210       8026       2000      10000          7
