#idx     perf      run   period           start             end          rel_st      slack c_duration   c_period     wu_lat
   0       14     1956     1957     14276731602     14276733560           13632      -5424       2000      10000          0
   0       14     1955     9991     14276733612     14276743603           15642       7992       2000      10000         42
   0       14     1955     9911     14276743684     14276753594           25714       7920       2000      10000         33
   0       14     1955     9906     14276753683     14276763589           35713       7921       2000      10000         29
   0       14     1955     9925     14276763678     14276773603           45708       7926       2000      10000         43
   0       14     1955     9897     14276773671     14276783567           55701       7933       2000      10000          7
   0       14     1955     9981     14276783604     14276793585           65634       8001       2000      10000         25
   0       14     1955     9997     14276793621     14276803618           75651       7983       2000      10000         58
   0       14     1955     9912     14276803655     14276813567           85685       7949       2000      10000          7
   0       14     1955     9984     14276813605     14276823589           95635       8000       2000      10000         28
   0       14     1955     9906     14276823683     14276833588          105713       7922       2000      10000         28
   0       14     1955     9909     14276833679     14276843589          115709       7925       2000      10000         28
   0       14     1955     9911     14276843677     14276853588          125707       7927       2000      10000         28
   0       14     1955     9910     14276853678     14276863589          135708       7926       2000      10000         28
   0       14     1955     9912     14276863677     14276873589          145707       7927       2000      10000         29
   0       14     1955     9911     14276873678     14276883589          155708       7926       2000      10000         28
   0       14     1955     9913     14276883675     14276893588          165705       7929       2000      10000         28
   0       14     1955     9907     14276893682     14276903589          175712       7922       2000      10000         28
   0       14     1955     9912     14276903677     14276913588          185707       7927       2000      10000         28
   0       14     1955     9908     14276913680     14276923588          195710       7924       2000      10000         28
   0       14     1955     9909     14276923680     14276933589          205710       7924       2000      10000         29
   0       14     1955     9910     14276933679     14276943589          215709       7925       2000      10000         29
   0       14     1955     9889     14276943679     14276953567          225709       7926       2000      10000          8
   0       14     1958     9962     14276953606     14276963568          235636       7995       2000      10000          8
   0       14     1959     9956     14276963613     14276973569          245643       7987       2000      10000          9
   0       14     1957     9975     14276973616     14276983591          255646       7986       2000      10000         30
   0       14     1955     9906     14276983683     14276993589          265713       7921       2000      10000         29
   0       14     1955     9909     14276993681     14277003590          275711       7923       2000      10000         29
   0       14     1955     9910     14277003679     14277013590          285709       7925       2000      10000         29
   0       14     1955     9911     14277013677     14277023589          295707       7927       2000      10000         28
   0       14     1955     9912     14277023678     14277033590          305708       7926       2000      10000         29
   0       14     1955     9910     14277033678     14277043588          315708       7926       2000      10000         28
   0       14     1955     9913     14277043676     14277053589          325706       7929       2000      10000         28
   0       14     1955     9874     14277053716     14277063590          335746       7888       2000      10000         30
   0       14     1955     9910     14277063679     14277073589          345710       7925       2000      10000         29
   0       14     1956     9890     14277073699     14277083589          355729       7904       2000      10000         29
   0       14     1955     9901     14277083688     14277093589          365718       7916       2000      10000         29
   0       14     1955     9913     14277093679     14277103592          375709       7925       2000      10000         32
   0       14     1955     9899     14277103691     14277113589          385721       7913       2000      10000         29
   0       14     1955     9902     14277113687     14277123589          395717       7917       2000      10000         29
   0       14     1955     9905     14277123685     14277133589          405715       7919       2000      10000         29
   0       14     1955     9902     14277133687     14277143589          415717       7917       2000      10000         29
   0       14     1955     9903     14277143686     14277153589          425716       7918       2000      10000         29
   0       14     1955     9905     14277153684     14277163589          435714       7920       2000      10000         28
   0       14     1955     9903     14277163687     14277173589          445717       7917       2000      10000         29
   0       14     1955     9900     14277173689     14277183589          455719       7915       2000      10000         29
   0       14     1955     9904     14277183685     14277193589          465715       7919       2000      10000         29
   0       14     1955     9903     14277193686     14277203589          475716       7918       2000      10000         28
   0       14     1955     9908     14277203682     14277213589          485712       7922       2000      10000         29
   0       14     1955     9902     14277213687     14277223589          495717       7917       2000      10000         29
   0       14     1955     9901     14277223688     14277233589          505718       7916       2000      10000         28
   0       14     1955     9903     14277233686     14277243589          515716       7918       2000      10000         29
   0       14     1955     9904     14277243685     14277253589          525716       7918       2000      10000         29
   0       14     1955     9903     14277253686     14277263589          535717       7917       2000      10000         29
   0       14     1955     9911     14277263678     14277273589          545708       7926       2000      10000         29
   0       14     1955     9903     14277273686     14277283589          555716       7917       2000      10000         29
   0       14     1955     9904     14277283686     14277293590          565716       7918       2000      10000         29
   0       14     1955     9899     14277293689     14277303589          575719       7915       2000      10000         28
   0       14     1955     9904     14277303686     14277313589          585716       7918       2000      10000         29
   0       14     1955     9904     14277313686     14277323590          595716       7918       2000      10000         29
   0       14     1955     9909     14277323680     14277333589          605710       7924       2000      10000         29
   0       14     1955     9902     14277333687     14277343589          615717       7917       2000      10000         28
   0       14     1955     9900     14277343689     14277353589          625719       7915       2000      10000         29
   0       14     1955     9900     14277353689     14277363589          635719       7915       2000      10000         29
   0       14     1955     9899     14277363691     14277373590          645721       7913       2000      10000         29
   0       14     1955     9901     14277373688     14277383589          655719       7915       2000      10000         29
   0       14     1955     9882     14277383708     14277393590          665738       7896       2000      10000         30
   0       14     1956     9899     14277393691     14277403589          675721       7913       2000      10000         29
   0       14     1956     9903     14277403687     14277413589          685717       7917       2000      10000         29
   0       14     1956     9900     14277413689     14277423589          695719       7914       2000      10000         29
   0       14     1955     9880     14277423687     14277433567          705717       7917       2000      10000          7
   0       14     1955     9977     14277433612     14277443589          715642       7992       2000      10000         28
   0       14     1955     9910     14277443679     14277453589          725709       7925       2000      10000         29
   0       14     1955     9901     14277453689     14277463590          735719       7915       2000      10000         30
   0       14     1955     9899     14277463690     14277473589          745720       7914       2000      10000         28
   0       14     1955     9899     14277473690     14277483589          755720       7914       2000      10000         29
   0       14     1955     9903     14277483686     14277493589          765716       7917       2000      10000         29
   0       14     1955     9901     14277493688     14277503589          775718       7916       2000      10000         29
   0       14     1955     9909     14277503679     14277513589          785709       7925       2000      10000         28
   0       14     1955     9902     14277513687     14277523589          795717       7917       2000      10000         29
   0       14     1955     9903     14277523686     14277533589          805716       7918       2000      10000         29
   0       14     1955     9901     14277533689     14277543590          815719       7915       2000      10000         29
   0       14     1955     9903     14277543686     14277553589          825716       7917       2000      10000         29
   0       14     1955     9910     14277553679     14277563589          835709       7925       2000      10000         28
   0       14     1955     9903     14277563686     14277573589          845716       7918       2000      10000         29
   0       14     1955     9902     14277573687     14277583589          855718       7916       2000      10000         29
   0       14     1955     9902     14277583687     14277593589          865717       7917       2000      10000         29
   0       14     1955     9903     14277593686     14277603589          875716       7918       2000      10000         29
   0       14     1955     9903     14277603687     14277613590          885717       7917       2000      10000         29
   0       14     1955     9904     14277613685     14277623589          895715       7919       2000      10000         28
   0       14     1955     9905     14277623685     14277633589          905715       7919       2000      10000         29
   0       14     1955     9900     14277633689     14277643589          915719       7915       2000      10000         29
   0       14     1955     9899     14277643690     14277653589          925720       7914       2000      10000         29
   0       14     1955     9903     14277653686     14277663589          935716       7918       2000      10000         28
   0       14     1955     9902     14277663687     14277673589          945717       7917       2000      10000         29
   0       14     1955     9909     14277673679     14277683588          955709       7925       2000      10000         28
   0       14     1955     9904     14277683685     14277693589          965716       7918       2000      10000         29
   0       14     1955     9900     14277693690     14277703590          975720       7914       2000      10000         29
   0       14     1955     9903     14277703686     14277713590          985716       7917       2000      10000         29
   0       14     1955     9878     14277713714     14277723591          995744       7890       2000      10000         31
   0       14     1955     9879     14277723689     14277733567         1005719       7915       2000      10000          7
   0       14     1955     9961     14277733606     14277743567         1015636       7998       2000      10000          7
   0       14     1955     9981     14277743614     14277753594         1025644       7990       2000      10000         34
   0       14     1956     9897     14277753693     14277763590         1035723       7910       2000      10000         29
   0       14     1956     9903     14277763686     14277773589         1045716       7917       2000      10000         29
   0       14     1955     9899     14277773690     14277783589         1055720       7914       2000      10000         28
   0       14     1955     9905     14277783684     14277793590         1065714       7920       2000      10000         29
   0       14     1955     9909     14277793681     14277803590         1075711       7923       2000      10000         29
   0       14     1955     9897     14277803691     14277813589         1085721       7912       2000      10000         28
   0       14     1955     9902     14277813687     14277823589         1095717       7917       2000      10000         28
   0       14     1955     9901     14277823688     14277833589         1105718       7916       2000      10000         28
   0       14     1955     9903     14277833686     14277843589         1115716       7918       2000      10000         28
   0       14     1955     9911     14277843678     14277853589         1125708       7926       2000      10000         28
   0       14     1955     9904     14277853685     14277863589         1135715       7919       2000      10000         28
   0       14     1955     9903     14277863686     14277873589         1145716       7918       2000      10000         29
   0       14     1955     9905     14277873683     14277883588         1155713       7921       2000      10000         28
   0       14     1955     9903     14277883686     14277893589         1165716       7918       2000      10000         28
   0       14     1955     9903     14277893686     14277903589         1175716       7918       2000      10000         29
   0       14     1955     9909     14277903680     14277913589         1185710       7924       2000      10000         28
   0       14     1955     9882     14277913685     14277923567         1195715       7919       2000      10000          7
   0       14     1955     9978     14277923611     14277933589         1205642       7993       2000      10000         29
   0       14     1955     9895     14277933694     14277943589         1215724       7910       2000      10000         29
   0       14     1955     9904     14277943685     14277953588         1225715       7919       2000      10000         28
   0       14     1955     9899     14277953690     14277963589         1235720       7914       2000      10000         29
   0       14     1955     9909     14277963679     14277973589         1245709       7925       2000      10000         28
   0       14     1955     9902     14277973687     14277983589         1255717       7917       2000      10000         29
   0       14     1955     9900     14277983690     14277993589         1265720       7914       2000      10000         29
   0       14     1955     9900     14277993689     14278003589         1275719       7915       2000      10000         29
   0       14     1955     9902     14278003688     14278013589         1285718       7916       2000      10000         29
   0       14     1955     9901     14278013687     14278023588         1295717       7917       2000      10000         28
   0       14     1955     9912     14278023677     14278033589         1305707       7927       2000      10000         29
   0       14     1955     9904     14278033684     14278043589         1315714       7920       2000      10000         28
   0       14     1956     9884     14278043705     14278053589         1325735       7898       2000      10000         29
   0       14     1956     9904     14278053685     14278063590         1335716       7918       2000      10000         29
   0       14     1955     9899     14278063690     14278073589         1345720       7914       2000      10000         29
   0       14     1955     9902     14278073686     14278083588         1355716       7918       2000      10000         28
   0       14     1955     9907     14278083681     14278093588         1365711       7923       2000      10000         28
   0       14     1955     9896     14278093693     14278103590         1375723       7911       2000      10000         29
   0       14     1955     9902     14278103688     14278113589         1385718       7916       2000      10000         29
   0       14     1955     9905     14278113683     14278123589         1395713       7921       2000      10000         28
   0       14     1955     9902     14278123686     14278133589         1405716       7917       2000      10000         28
   0       14     1955     9903     14278133687     14278143590         1415717       7917       2000      10000         29
   0       14     1955     9908     14278143681     14278153589         1425711       7923       2000      10000         28
   0       14     1955     9902     14278153687     14278163589         1435717       7917       2000      10000         28
   0       14     1955     9900     14278163689     14278173589         1445719       7915       2000      10000         29
   0       14     1955     9898     14278173691     14278183589         1455721       7912       2000      10000         29
   0       14     1955     9901     14278183688     14278193589         1465718       7916       2000      10000         28
   0       14     1955     9907     14278193682     14278203589         1475712       7922       2000      10000         28
   0       14     1955     9903     14278203687     14278213589         1485717       7917       2000      10000         29
   0       14     1955     9902     14278213687     14278223589         1495717       7917       2000      10000         29
   0       14     1955     9898     14278223690     14278233588         1505720       7914       2000      10000         28
   0       14     1955     9902     14278233688     14278243590         1515718       7916       2000      10000         30
   0       14     1955     9900     14278243689     14278253589         1525719       7915       2000      10000         29
   0       14     1955     9910     14278253679     14278263590         1535709       7925       2000      10000         29
   0       14     1955     9901     14278263688     14278273589         1545718       7916       2000      10000         29
   0       14     1955     9899     14278273690     14278283589         1555720       7913       2000      10000         29
   0       14     1955     9900     14278283690     14278293589         1565720       7914       2000      10000         29
   0       14     1955     9904     14278293685     14278303590         1575715       7918       2000      10000         29
   0       14     1955     9904     14278303685     14278313589         1585715       7919       2000      10000         28
   0       14     1955     9910     14278313679     14278323589         1595709       7925       2000      10000         28
   0       14     1955     9901     14278323688     14278333590         1605718       7916       2000      10000         29
   0       14     1955     9897     14278333692     14278343590         1615722       7911       2000      10000         30
   0       14     1955     9900     14278343688     14278353589         1625718       7916       2000      10000         28
   0       14     1955     9904     14278353685     14278363589         1635715       7919       2000      10000         29
   0       14     1955     9901     14278363688     14278373589         1645718       7916       2000      10000         29
   0       14     1955     9893     14278373697     14278383590         1655727       7907       2000      10000         30
   0       14     1955     9895     14278383694     14278393589         1665724       7910       2000      10000         29
   0       14     1955     9901     14278393688     14278403589         1675718       7916       2000      10000         28
   0       14     1955     9899     14278403690     14278413589         1685720       7914       2000      10000         28
   0       14     1955     9901     14278413688     14278423589         1695718       7916       2000      10000         29
   0       14     1955     9901     14278423688     14278433589         1705718       7916       2000      10000         28
   0       14     1955     9910     14278433679     14278443589         1715709       7925       2000      10000         29
   0       14     1955     9900     14278443689     14278453589         1725719       7915       2000      10000         29
   0       14     1955     9903     14278453686     14278463589         1735716       7918       2000      10000         29
   0       14     1955     9903     14278463686     14278473589         1745716       7918       2000      10000         28
   0       14     1955     9904     14278473685     14278483589         1755715       7919       2000      10000         29
   0       14     1955     9909     14278483680     14278493589         1765710       7924       2000      10000         28
   0       14     1955     9903     14278493687     14278503589         1775717       7917       2000      10000         29
   0       14     1955     9903     14278503686     14278513589         1785716       7918       2000      10000         28
   0       14     1955     9903     14278513687     14278523589         1795717       7917       2000      10000         29
   0       14     1955     9901     14278523688     14278533589         1805718       7916       2000      10000         29
   0       14     1955     9903     14278533687     14278543590         1815717       7917       2000      10000         29
   0       14     1955     9910     14278543679     14278553589         1825709       7925       2000      10000         29
   0       14     1955     9904     14278553686     14278563589         1835716       7918       2000      10000         29
   0       14     1955     9902     14278563687     14278573589         1845717       7917       2000      10000         29
   0       14     1955     9903     14278573688     14278583590         1855718       7916       2000      10000         30
   0       14     1955     9904     14278583686     14278593590         1865716       7918       2000      10000         29
   0       14     1955     9904     14278593686     14278603590         1875716       7918       2000      10000         29
   0       14     1955     9906     14278603682     14278613588         1885712       7922       2000      10000         28
   0       14     1955     9903     14278613686     14278623589         1895716       7918       2000      10000         29
   0       14     1955     9901     14278623688     14278633589         1905718       7916       2000      10000         29
   0       14     1955     9903     14278633686     14278643590         1915716       7917       2000      10000         29
   0       14     1955     9902     14278643686     14278653589         1925716       7918       2000      10000         28
   0       14     1955     9900     14278653689     14278663589         1935719       7914       2000      10000         29
   0       14     1955     9911     14278663678     14278673589         1945708       7926       2000      10000         29
   0       14     1955     9903     14278673686     14278683590         1955716       7918       2000      10000         29
   0       14     1955     9877     14278683690     14278693567         1965720       7913       2000      10000          7
   0       14     1955     9956     14278693612     14278703567         1975642       7993       2000      10000          7
   0       14     1955     9960     14278703630     14278713590         1985660       7974       2000      10000         30
   0       14     1955     9901     14278713688     14278723589         1995718       7916       2000      10000         29
   0       14     1955     9911     14278723678     14278733589         2005708       7926       2000      10000         28
   0       14     1955     9900     14278733688     14278743588         2015719       7915       2000      10000         28
   0       14     1955     9907     14278743687     14278753594         2025717       7917       2000      10000         33
   0       14     1955     9902     14278753688     14278763590         2035718       7916       2000      10000         29
   0       14     1955     9899     14278763690     14278773589         2045720       7914       2000      10000         29
   0       14     1955     9905     14278773686     14278783590         2055716       7918       2000      10000         30
   0       14     1955     9908     14278783681     14278793589         2065711       7924       2000      10000         28
   0       14     1955     9901     14278793688     14278803589         2075718       7916       2000      10000         29
   0       14     1955     9903     14278803686     14278813589         2085716       7918       2000      10000         29
   0       14     1955     9901     14278813687     14278823589         2095717       7917       2000      10000         28
   0       14     1955     9904     14278823685     14278833589         2105715       7919       2000      10000         29
   0       14     1955     9909     14278833680     14278843589         2115710       7924       2000      10000         29
   0       14     1956     9899     14278843688     14278853587         2125718       7915       2000      10000         27
   0       14     1955     9901     14278853688     14278863589         2135718       7916       2000      10000         28
   0       14     1955     9899     14278863689     14278873588         2145719       7914       2000      10000         28
   0       14     1955     9904     14278873685     14278883589         2155716       7918       2000      10000         29
   0       14     1955     9902     14278883687     14278893589         2165717       7917       2000      10000         28
   0       14     1955     9908     14278893681     14278903589         2175711       7923       2000      10000         29
   0       14     1955     9905     14278903684     14278913589         2185714       7920       2000      10000         29
   0       14     1955     9901     14278913688     14278923589         2195718       7916       2000      10000         28
   0       14     1955     9899     14278923691     14278933590         2205721       7913       2000      10000         29
   0       14     1955     9902     14278933687     14278943589         2215717       7917       2000      10000         29
   0       14     1955     9903     14278943687     14278953591         2225718       7916       2000      10000         30
   0       14     1955     9910     14278953679     14278963589         2235709       7925       2000      10000         29
   0       14     1955     9898     14278963691     14278973589         2245721       7913       2000      10000         28
   0       14     1955     9901     14278973689     14278983589         2255719       7915       2000      10000         29
   0       14     1955     9901     14278983688     14278993589         2265718       7916       2000      10000         29
   0       14     1955     9904     14278993685     14279003589         2275715       7919       2000      10000         29
   0       14     1955     9907     14279003687     14279013593         2285717       7917       2000      10000         32
   0       14     1955     9898     14279013690     14279023589         2295720       7914       2000      10000         28
   0       14     1955     9904     14279023685     14279033589         2305715       7918       2000      10000         29
   0       14     1955     9882     14279033708     14279043590         2315738       7896       2000      10000         29
   0       14     1955     9903     14279043686     14279053589         2325716       7917       2000      10000         29
   0       14     1955     9902     14279053688     14279063589         2335718       7916       2000      10000         29
   0       14     1955     9904     14279063685     14279073589         2345715       7919       2000      10000         29
   0       14     1955     9909     14279073680     14279083589         2355710       7924       2000      10000         28
   0       14     1955     9903     14279083687     14279093589         2365717       7917       2000      10000         29
   0       14     1955     9904     14279093686     14279103590         2375716       7918       2000      10000         29
   0       14     1955     9907     14279103683     14279113590         2385713       7921       2000      10000         29
   0       14     1955     9895     14279113694     14279123589         2395724       7910       2000      10000         29
   0       14     1955     9911     14279123678     14279133589         2405708       7926       2000      10000         29
   0       14     1955     9901     14279133689     14279143590         2415719       7915       2000      10000         29
   0       14     1955     9902     14279143687     14279153589         2425717       7917       2000      10000         29
   0       14     1955     9902     14279153687     14279163589         2435717       7917       2000      10000         28
   0       14     1955     9903     14279163686     14279173589         2445716       7918       2000      10000         29
   0       14     1955     9903     14279173686     14279183589         2455716       7918       2000      10000         29
   0       14     1955     9914     14279183675     14279193589         2465705       7929       2000      10000         29
   0       14     1955     9900     14279193689     14279203589         2475719       7915       2000      10000         29
   0       14     1955     9903     14279203687     14279213589         2485717       7917       2000      10000         29
   0       14     1955     9899     14279213690     14279223589         2495720       7914       2000      10000         28
   0       14     1955     9903     14279223686     14279233589         2505716       7918       2000      10000         28
   0       14     1955     9902     14279233686     14279243589         2515717       7917       2000      10000         28
   0       14     1955     9910     14279243678     14279253589         2525708       7926       2000      10000         28
   0       14     1955     9904     14279253684     14279263589         2535714       7920       2000      10000         28
   0       14     1955     9905     14279263684     14279273589         2545714       7920       2000      10000         29
   0       14     1955     9901     14279273688     14279283589         2555718       7916       2000      10000         28
   0       14     1955     9901     14279283688     14279293589         2565718       7916       2000      10000         28
   0       14     1955     9901     14279293689     14279303590         2575719       7915       2000      10000         29
   0       14     1955     9911     14279303677     14279313588         2585707       7927       2000      10000         28
   0       14     1955     9903     14279313686     14279323589         2595716       7918       2000      10000         28
   0       14     1955     9905     14279323685     14279333589         2605715       7919       2000      10000         29
   0       14     1956     9903     14279333686     14279343589         2615716       7918       2000      10000         29
   0       14     1955     9905     14279343684     14279353589         2625714       7920       2000      10000         29
   0       14     1955     9899     14279353689     14279363589         2635719       7914       2000      10000         28
   0       14     1955     9895     14279363695     14279373589         2645725       7909       2000      10000         29
   0       14     1955     9900     14279373689     14279383589         2655719       7915       2000      10000         29
   0       14     1956     9900     14279383688     14279393589         2665719       7915       2000      10000         28
   0       14     1955     9899     14279393689     14279403589         2675720       7914       2000      10000         28
   0       14     1955     9904     14279403685     14279413589         2685715       7919       2000      10000         28
   0       14     1955     9902     14279413686     14279423588         2695716       7917       2000      10000         28
   0       14     1955     9905     14279423683     14279433588         2705713       7921       2000      10000         28
   0       14     1955     9899     14279433690     14279443589         2715720       7914       2000      10000         28
   0       14     1955     9900     14279443689     14279453588         2725719       7915       2000      10000         28
   0       14     1955     9904     14279453686     14279463590         2735716       7918       2000      10000         29
   0       14     1955     9902     14279463687     14279473588         2745717       7917       2000      10000         28
   0       14     1955     9909     14279473679     14279483589         2755709       7925       2000      10000         28
   0       14     1955     9903     14279483685     14279493588         2765715       7919       2000      10000         28
   0       14     1955     9901     14279493687     14279503588         2775717       7917       2000      10000         28
   0       14     1955     9904     14279503686     14279513590         2785716       7918       2000      10000         29
   0       14     1955     9900     14279513688     14279523588         2795718       7916       2000      10000         28
   0       14     1955     9904     14279523685     14279533589         2805715       7919       2000      10000         29
   0       14     1955     9909     14279533680     14279543588         2815710       7925       2000      10000         28
   0       14     1955     9904     14279543684     14279553589         2825714       7920       2000      10000         28
   0       14     1955     9901     14279553688     14279563588         2835718       7916       2000      10000         28
   0       14     1955     9902     14279563686     14279573588         2845716       7918       2000      10000         28
   0       14     1955     9903     14279573685     14279583588         2855715       7919       2000      10000         28
   0       14     1955     9903     14279583685     14279593588         2865715       7919       2000      10000         28
   0       14     1955     9908     14279593680     14279603588         2875710       7924       2000      10000         28
   0       14     1955     9903     14279603686     14279613588         2885716       7918       2000      10000         28
   0       14     1955     9900     14279613688     14279623588         2895718       7916       2000      10000         28
   0       14     1955     9902     14279623686     14279633588         2905717       7917       2000      10000         28
   0       14     1955     9901     14279633687     14279643589         2915717       7917       2000      10000         28
   0       14     1955     9878     14279643688     14279653567         2925719       7915       2000      10000          7
   0       14     1955     9962     14279653605     14279663567         2935635       8000       2000      10000          7
   0       14     1955     9976     14279663612     14279673588         2945642       7992       2000      10000         27
   0       14     1955     9898     14279673690     14279683588         2955720       7914       2000      10000         28
   0       14     1955     9902     14279683686     14279693589         2965716       7917       2000      10000         28
   0       14     1955     9882     14279693708     14279703590         2975738       7896       2000      10000         29
   0       14     1955     9903     14279703686     14279713589         2985716       7918       2000      10000         28
   0       14     1955     9909     14279713680     14279723589         2995710       7924       2000      10000         28
   0       14     1955     9901     14279723688     14279733589         3005718       7916       2000      10000         29
   0       14     1955     9902     14279733686     14279743588         3015716       7918       2000      10000         28
   0       14     1955     9909     14279743686     14279753594         3025716       7918       2000      10000         34
   0       14     1955     9897     14279753691     14279763589         3035721       7912       2000      10000         29
   0       14     1955     9911     14279763679     14279773590         3045709       7925       2000      10000         29
   0       14     1955     9900     14279773689     14279783589         3055719       7915       2000      10000         28
   0       14     1956     9903     14279783686     14279793589         3065716       7918       2000      10000         29
   0       14     1955     9902     14279793687     14279803589         3075717       7917       2000      10000         28
   0       14     1955     9901     14279803688     14279813588         3085718       7916       2000      10000         28
   0       14     1955     9903     14279813686     14279823589         3095716       7918       2000      10000         28
   0       14     1955     9910     14279823679     14279833589         3105709       7925       2000      10000         28
   0       14     1955     9901     14279833688     14279843589         3115718       7916       2000      10000         29
   0       14     1955     9902     14279843687     14279853589         3125717       7917       2000      10000         28
   0       14     1955     9901     14279853688     14279863589         3135718       7916       2000      10000         29
   0       14     1955     9903     14279863685     14279873589         3145715       7919       2000      10000         28
   0       14     1955     9902     14279873687     14279883589         3155717       7917       2000      10000         28
   0       14     1955     9908     14279883681     14279893588         3165711       7924       2000      10000         28
   0       14     1955     9903     14279893685     14279903589         3175715       7919       2000      10000         28
   0       14     1955     9902     14279903687     14279913589         3185717       7917       2000      10000         28
   0       14     1955     9903     14279913685     14279923588         3195715       7918       2000      10000         28
   0       14     1955     9905     14279923684     14279933589         3205714       7920       2000      10000         29
   0       14     1956     9907     14279933683     14279943590         3215713       7920       2000      10000         29
   0       14     1955     9910     14279943679     14279953589         3225709       7925       2000      10000         29
   0       14     1955     9898     14279953690     14279963589         3235721       7914       2000      10000         29
   0       14     1955     9900     14279963688     14279973589         3245718       7916       2000      10000         28
   0       14     1955     9903     14279973686     14279983589         3255716       7918       2000      10000         28
   0       14     1955     9903     14279983686     14279993589         3265716       7918       2000      10000         29
   0       14     1955     9904     14279993686     14280003590         3275716       7918       2000      10000         29
   0       14     1955     9909     14280003680     14280013589         3285710       7924       2000      10000         29
   0       14     1955     9903     14280013685     14280023589         3295715       7919       2000      10000         28
   0       14     1955     9861     14280023706     14280033567         3305736       7898       2000      10000          7
   0       14     1955     9979     14280033611     14280043590         3315641       7993       2000      10000         29
   0       14     1955     9901     14280043688     14280053589         3325718       7916       2000      10000         28
   0       14     1955     9900     14280053688     14280063589         3335718       7916       2000      10000         28
   0       14     1955     9925     14280063664     14280073588         3345694       7940       2000      10000         28
   0       14     1955     9903     14280073687     14280083589         3355717       7917       2000      10000         29
   0       14     1955     9901     14280083687     14280093589         3365717       7917       2000      10000         28
   0       14     1956     9906     14280093684     14280103591         3375714       7919       2000      10000         30
   0       14     1955     9902     14280103687     14280113589         3385717       7917       2000      10000         28
   0       14     1955     9908     14280113681     14280123589         3395711       7923       2000      10000         28
   0       14     1955     9901     14280123688     14280133589         3405718       7916       2000      10000         28
   0       14     1955     9903     14280133687     14280143590         3415717       7917       2000      10000         30
   0       14     1955     9902     14280143687     14280153589         3425717       7917       2000      10000         28
   0       14     1955     9904     14280153685     14280163589         3435715       7919       2000      10000         29
   0       14     1955     9902     14280163687     14280173589         3445717       7917       2000      10000         28
   0       14     1955     9913     14280173676     14280183589         3455706       7928       2000      10000         28
   0       14     1955     9902     14280183687     14280193589         3465717       7917       2000      10000         28
   0       14     1955     9900     14280193688     14280203589         3475718       7915       2000      10000         28
   0       14     1955     9899     14280203689     14280213588         3485719       7915       2000      10000         28
   0       14     1955     9903     14280213686     14280223588         3495716       7918       2000      10000         28
   0       14     1955     9904     14280223686     14280233590         3505716       7918       2000      10000         29
   0       14     1955     9910     14280233679     14280243589         3515709       7925       2000      10000         29
   0       14     1955     9899     14280243690     14280253588         3525720       7914       2000      10000         28
   0       14     1955     9905     14280253684     14280263589         3535714       7920       2000      10000         28
   0       14     1955     9901     14280263687     14280273588         3545717       7917       2000      10000         28
   0       14     1955     9904     14280273685     14280283588         3555715       7919       2000      10000         28
   0       14     1955     9903     14280283685     14280293589         3565715       7918       2000      10000         28
   0       14     1955     9910     14280293679     14280303589         3575709       7925       2000      10000         29
   0       14     1955     9903     14280303686     14280313589         3585716       7918       2000      10000         29
   0       14     1955     9901     14280313688     14280323588         3595718       7916       2000      10000         28
   0       14     1955     9903     14280323685     14280333588         3605715       7919       2000      10000         28
   0       14     1955     9906     14280333683     14280343589         3615713       7921       2000      10000         29
   0       14     1955     9901     14280343687     14280353588         3625717       7917       2000      10000         28
   0       14     1955     9894     14280353695     14280363589         3635725       7909       2000      10000         28
   0       14     1955     9901     14280363689     14280373589         3645719       7915       2000      10000         29
   0       14     1955     9901     14280373688     14280383589         3655718       7916       2000      10000         28
   0       14     1955     9903     14280383685     14280393588         3665715       7919       2000      10000         28
   0       14     1955     9902     14280393686     14280403588         3675716       7918       2000      10000         28
   0       14     1955     9910     14280403678     14280413588         3685708       7926       2000      10000         28
   0       14     1955     9905     14280413683     14280423588         3695713       7921       2000      10000         27
   0       14     1955     9900     14280423688     14280433588         3705718       7916       2000      10000         27
   0       14     1955     9900     14280433688     14280443588         3715718       7915       2000      10000         28
   0       14     1955     9904     14280443684     14280453588         3725715       7919       2000      10000         28
   0       14     1955     9902     14280453687     14280463588         3735717       7917       2000      10000         28
   0       14     1955     9910     14280463678     14280473588         3745708       7926       2000      10000         28
   0       14     1955     9904     14280473684     14280483588         3755714       7920       2000      10000         28
   0       14     1955     9903     14280483686     14280493589         3765716       7917       2000      10000         29
   0       14     1955     9898     14280493691     14280503588         3775721       7913       2000      10000         28
   0       14     1955     9901     14280503687     14280513588         3785717       7917       2000      10000         28
   0       14     1955     9902     14280513686     14280523588         3795716       7918       2000      10000         28
   0       14     1955     9910     14280523678     14280533589         3805709       7926       2000      10000         28
   0       14     1955     9902     14280533687     14280543589         3815717       7917       2000      10000         29
   0       14     1955     9900     14280543688     14280553588         3825718       7916       2000      10000         27
   0       14     1955     9902     14280553686     14280563588         3835716       7918       2000      10000         27
   0       14     1955     9902     14280563686     14280573588         3845716       7918       2000      10000         28
   0       14     1955     9902     14280573686     14280583588         3855716       7918       2000      10000         28
   0       14     1955     9907     14280583681     14280593588         3865711       7924       2000      10000         28
   0       14     1955     9878     14280593688     14280603567         3875718       7916       2000      10000          7
   0       14     1955     9956     14280603611     14280613567         3885641       7993       2000      10000          7
   0       14     1955     9956     14280613611     14280623567         3895641       7993       2000      10000          7
   0       14     1955     9977     14280623612     14280633589         3905642       7992       2000      10000         28
   0       14     1955     9900     14280633688     14280643588         3915718       7916       2000      10000         28
   0       14     1955     9909     14280643679     14280653588         3925709       7925       2000      10000         28
   0       14     1955     9902     14280653687     14280663589         3935717       7917       2000      10000         29
   0       14     1955     9899     14280663690     14280673589         3945720       7914       2000      10000         28
   0       14     1955     9902     14280673686     14280683588         3955716       7918       2000      10000         28
   0       14     1955     9885     14280683703     14280693589         3965733       7901       2000      10000         28
   0       14     1955     9899     14280693690     14280703588         3975720       7914       2000      10000         28
   0       14     1955     9910     14280703679     14280713589         3985709       7925       2000      10000         28
   0       14     1955     9901     14280713688     14280723589         3995718       7916       2000      10000         28
   0       14     1955     9903     14280723686     14280733589         4005716       7918       2000      10000         29
   0       14     1955     9904     14280733685     14280743589         4015715       7918       2000      10000         29
   0       14     1955     9904     14280743688     14280753592         4025718       7915       2000      10000         32
   0       14     1955     9908     14280753680     14280763588         4035710       7924       2000      10000         28
   0       14     1955     9902     14280763687     14280773589         4045717       7917       2000      10000         29
   0       14     1955     9901     14280773688     14280783589         4055718       7916       2000      10000         28
   0       14     1955     9900     14280783689     14280793589         4065719       7915       2000      10000         28
   0       14     1955     9902     14280793687     14280803589         4075717       7917       2000      10000         28
   0       14     1955     9905     14280803685     14280813590         4085716       7918       2000      10000         30
   0       14     1955     9910     14280813679     14280823589         4095709       7925       2000      10000         28
   0       14     1955     9900     14280823688     14280833588         4105718       7916       2000      10000         28
   0       14     1956     9902     14280833687     14280843588         4115717       7917       2000      10000         28
   0       14     1955     9900     14280843688     14280853589         4125719       7915       2000      10000         28
   0       14     1955     9903     14280853685     14280863588         4135715       7919       2000      10000         28
   0       14     1955     9901     14280863687     14280873588         4145717       7917       2000      10000         28
   0       14     1955     9909     14280873680     14280883589         4155710       7924       2000      10000         28
   0       14     1955     9903     14280883686     14280893588         4165716       7918       2000      10000         28
   0       14     1955     9901     14280893688     14280903589         4175718       7916       2000      10000         29
   0       14     1955     9899     14280903689     14280913588         4185720       7914       2000      10000         28
   0       14     1955     9901     14280913687     14280923588         4195717       7916       2000      10000         28
   0       14     1955     9901     14280923688     14280933588         4205718       7916       2000      10000         28
   0       14     1955     9910     14280933679     14280943589         4215709       7925       2000      10000         29
   0       14     1955     9914     14280943687     14280953601         4225717       7917       2000      10000         41
   0       14     1955     9943     14280953647     14280963589         4235677       7958       2000      10000         29
   0       14     1955     9903     14280963685     14280973588         4245715       7919       2000      10000         28
   0       14     1955     9902     14280973687     14280983589         4255717       7917       2000      10000         29
   0       14     1955     9904     14280983685     14280993589         4265715       7919       2000      10000         28
   0       14     1955     9912     14280993678     14281003590         4275708       7926       2000      10000         29
   0       14     1955     9901     14281003688     14281013589         4285718       7916       2000      10000         28
   0       14     1955     9886     14281013704     14281023589         4295734       7900       2000      10000         29
   0       14     1955     9900     14281023688     14281033588         4305718       7916       2000      10000         28
   0       14     1955     9901     14281033688     14281043589         4315718       7916       2000      10000         28
   0       14     1955     9909     14281043679     14281053588         4325709       7925       2000      10000         28
   0       14     1955     9904     14281053685     14281063589         4335715       7919       2000      10000         29
   0       14     1955     9903     14281063686     14281073589         4345716       7917       2000      10000         29
   0       14     1955     9902     14281073687     14281083588         4355717       7917       2000      10000         28
   0       14     1955     9899     14281083689     14281093589         4365720       7914       2000      10000         28
   0       14     1955     9901     14281093688     14281103589         4375718       7916       2000      10000         28
   0       14     1955     9908     14281103680     14281113588         4385710       7924       2000      10000         28
   0       14     1955     9901     14281113688     14281123588         4395718       7916       2000      10000         28
   0       14     1955     9902     14281123686     14281133588         4405716       7918       2000      10000         28
   0       14     1955     9903     14281133686     14281143589         4415716       7918       2000      10000         28
   0       14     1955     9897     14281143691     14281153589         4425721       7913       2000      10000         28
   0       14     1955     9898     14281153691     14281163589         4435721       7913       2000      10000         28
   0       14     1955     9912     14281163677     14281173589         4445707       7927       2000      10000         28
   0       14     1955     9899     14281173689     14281183588         4455719       7915       2000      10000         28
   0       14     1955     9904     14281183686     14281193590         4465716       7918       2000      10000         29
   0       14     1955     9899     14281193690     14281203589         4475720       7914       2000      10000         28
   0       14     1955     9901     14281203688     14281213588         4485718       7916       2000      10000         28
   0       14     1955     9901     14281213687     14281223588         4495717       7917       2000      10000         27
   0       14     1955     9906     14281223682     14281233588         4505712       7923       2000      10000         28
   0       14     1955     9900     14281233689     14281243589         4515719       7916       2000      10000         29
   0       14     1955     9904     14281243684     14281253588         4525714       7920       2000      10000         28
   0       14     1955     9901     14281253688     14281263589         4535718       7916       2000      10000         29
   0       14     1955     9901     14281263687     14281273589         4545717       7916       2000      10000         28
   0       14     1955     9900     14281273689     14281283589         4555719       7915       2000      10000         29
   0       14     1955     9910     14281283678     14281293589         4565709       7926       2000      10000         28
   0       14     1955     9902     14281293687     14281303590         4575717       7916       2000      10000         29
   0       14     1955     9895     14281303694     14281313588         4585724       7910       2000      10000         28
   0       14     1955     9902     14281313687     14281323589         4595717       7917       2000      10000         28
   0       14     1955     9904     14281323685     14281333589         4605715       7919       2000      10000         28
   0       14     1955     9903     14281333687     14281343590         4615717       7917       2000      10000         29
   0       14     1955     9896     14281343694     14281353590         4625724       7910       2000      10000         30
   0       14     1955     9895     14281353693     14281363589         4635723       7910       2000      10000         28
   0       14     1956     9900     14281363688     14281373588         4645718       7916       2000      10000         28
   0       14     1955     9904     14281373685     14281383589         4655715       7919       2000      10000         29
   0       14     1955     9899     14281383689     14281393588         4665719       7915       2000      10000         28
   0       14     1955     9909     14281393679     14281403588         4675709       7926       2000      10000         28
   0       14     1955     9899     14281403689     14281413589         4685719       7915       2000      10000         28
   0       14     1955     9898     14281413690     14281423588         4695720       7914       2000      10000         28
   0       14     1955     9903     14281423686     14281433588         4705716       7918       2000      10000         28
   0       14     1955     9899     14281433689     14281443588         4715719       7915       2000      10000         28
   0       14     1955     9901     14281443687     14281453588         4725717       7917       2000      10000         28
   0       14     1955     9910     14281453679     14281463589         4735709       7925       2000      10000         28
   0       14     1955     9903     14281463685     14281473588         4745715       7919       2000      10000         28
   0       14     1955     9902     14281473687     14281483589         4755717       7917       2000      10000         28
   0       14     1955     9898     14281483690     14281493588         4765720       7914       2000      10000         28
   0       14     1955     9901     14281493687     14281503588         4775717       7916       2000      10000         28
   0       14     1955     9904     14281503684     14281513588         4785714       7919       2000      10000         28
   0       14     1955     9905     14281513683     14281523588         4795713       7921       2000      10000         28
   0       14     1955     9903     14281523685     14281533588         4805715       7919       2000      10000         28
   0       14     1955     9901     14281533688     14281543589         4815718       7916       2000      10000         29
   0       14     1956     9901     14281543688     14281553588         4825718       7916       2000      10000         28
   0       14     1955     9884     14281553683     14281563567         4835713       7921       2000      10000          7
   0       14     1955     9955     14281563612     14281573567         4845642       7992       2000      10000          7
   0       14     1955     9984     14281573605     14281583589         4855635       7999       2000      10000         29
   0       14     1955     9900     14281583689     14281593589         4865719       7915       2000      10000         28
   0       14     1955     9897     14281593691     14281603588         4875721       7913       2000      10000         28
   0       14     1955     9902     14281603687     14281613589         4885717       7917       2000      10000         28
   0       14     1955     9901     14281613687     14281623588         4895717       7917       2000      10000         28
   0       14     1955     9901     14281623687     14281633588         4905717       7917       2000      10000         28
   0       14     1955     9908     14281633680     14281643588         4915710       7924       2000      10000         28
   0       14     1955     9905     14281643684     14281653589         4925714       7920       2000      10000         29
   0       14     1955     9900     14281653689     14281663589         4935719       7915       2000      10000         28
   0       14     1955     9903     14281663685     14281673588         4945715       7919       2000      10000         28
   0       14     1955     9877     14281673713     14281683590         4955743       7891       2000      10000         29
   0       14     1955     9909     14281683679     14281693589         4965710       7925       2000      10000         29
   0       14     1955     9902     14281693686     14281703589         4975716       7918       2000      10000         28
   0       14     1955     9901     14281703688     14281713588         4985718       7916       2000      10000         28
   0       14     1955     9880     14281713692     14281723572         4995722       7912       2000      10000         12
   0       14     1955     9955     14281723614     14281733569         5005644       7990       2000      10000          9
   0       14     1955     9964     14281733607     14281743571         5015637       7997       2000      10000         11
   0       14     1955     9990     14281743614     14281753604         5025644       7989       2000      10000         42
   0       14     1955     9900     14281753692     14281763592         5035722       7912       2000      10000         31
   0       14     1955     9908     14281763681     14281773589         5045711       7923       2000      10000         29
   0       14     1955     9910     14281773678     14281783589         5055708       7926       2000      10000         28
   0       14     1955     9911     14281783678     14281793589         5065708       7926       2000      10000         28
   0       14     1955     9910     14281793678     14281803588         5075708       7926       2000      10000         28
   0       14     1955     9905     14281803683     14281813588         5085713       7921       2000      10000         28
   0       14     1955     9907     14281813682     14281823588         5095712       7922       2000      10000         28
   0       14     1955     9914     14281823678     14281833591         5105708       7926       2000      10000         31
   0       14     1955     9909     14281833680     14281843588         5115710       7924       2000      10000         28
   0       14     1955     9910     14281843678     14281853589         5125708       7926       2000      10000         28
   0       14     1955     9909     14281853679     14281863588         5135710       7925       2000      10000         28
   0       14     1955     9909     14281863679     14281873588         5145709       7925       2000      10000         28
   0       14     1955     9910     14281873678     14281883588         5155708       7926       2000      10000         28
   0       14     1955     9911     14281883677     14281893588         5165707       7927       2000      10000         28
   0       14     1955     9904     14281893684     14281903588         5175714       7920       2000      10000         28
   0       14     1955     9909     14281903679     14281913589         5185710       7925       2000      10000         28
   0       14     1955     9909     14281913680     14281923589         5195710       7924       2000      10000         28
   0       14     1955     9909     14281923680     14281933589         5205710       7924       2000      10000         28
   0       14     1955     9910     14281933679     14281943589         5215709       7925       2000      10000         28
   0       14     1955     9912     14281943678     14281953590         5225708       7926       2000      10000         30
   0       14     1955     9907     14281953681     14281963588         5235711       7923       2000      10000         28
   0       14     1955     9911     14281963678     14281973588         5245708       7927       2000      10000         28
   0       14     1955     9906     14281973682     14281983588         5255712       7922       2000      10000         28
   0       14     1955     9910     14281983678     14281993588         5265708       7926       2000      10000         28
   0       14     1955     9912     14281993679     14282003591         5275709       7925       2000      10000         30
   0       14     1955     9886     14282003704     14282013590         5285734       7900       2000      10000         29
   0       14     1955     9910     14282013678     14282023588         5295708       7926       2000      10000         28
   0       14     1955     9909     14282023680     14282033588         5305710       7924       2000      10000         28
   0       14     1955     9912     14282033676     14282043588         5315706       7928       2000      10000         28
   0       14     1955     9912     14282043676     14282053588         5325706       7928       2000      10000         28
   0       14     1955     9910     14282053678     14282063588         5335708       7926       2000      10000         28
   0       14     1955     9911     14282063677     14282073588         5345707       7927       2000      10000         27
   0       14     1955     9905     14282073684     14282083589         5355714       7920       2000      10000         28
   0       14     1955     9908     14282083679     14282093587         5365709       7925       2000      10000         27
   0       14     1955     9912     14282093677     14282103589         5375707       7927       2000      10000         29
   0       14     1955     9909     14282103679     14282113588         5385709       7925       2000      10000         27
   0       14     1955     9912     14282113676     14282123588         5395706       7928       2000      10000         28
   0       14     1955     9909     14282123678     14282133588         5405708       7926       2000      10000         27
   0       14     1955     9909     14282133679     14282143588         5415709       7925       2000      10000         28
   0       14     1955     9909     14282143680     14282153589         5425710       7924       2000      10000         28
   0       14     1955     9905     14282153685     14282163589         5435715       7919       2000      10000         29
   0       14     1955     9906     14282163682     14282173588         5445712       7922       2000      10000         28
   0       14     1955     9910     14282173678     14282183588         5455708       7926       2000      10000         28
   0       14     1955     9909     14282183679     14282193588         5465709       7925       2000      10000         28
   0       14     1955     9911     14282193677     14282203588         5475707       7927       2000      10000         28
   0       14     1955     9909     14282203680     14282213588         5485710       7924       2000      10000         28
   0       14     1955     9908     14282213681     14282223588         5495711       7923       2000      10000         28
   0       14     1955     9910     14282223678     14282233588         5505708       7926       2000      10000         28
   0       14     1955     9913     14282233676     14282243588         5515706       7928       2000      10000         28
   0       14     1955     9911     14282243677     14282253588         5525707       7927       2000      10000         28
   0       14     1955     9911     14282253676     14282263588         5535706       7928       2000      10000         27
   0       14     1955     9909     14282263680     14282273588         5545710       7924       2000      10000         28
   0       14     1955     9909     14282273679     14282283588         5555709       7925       2000      10000         28
   0       14     1955     9911     14282283677     14282293589         5565707       7927       2000      10000         28
   0       14     1955     9909     14282293680     14282303589         5575710       7924       2000      10000         29
   0       14     1955     9911     14282303677     14282313588         5585707       7927       2000      10000         28
   0       14     1955     9913     14282313676     14282323589         5595706       7928       2000      10000         28
   0       14     1955     9910     14282323678     14282333588         5605708       7926       2000      10000         27
   0       14     1955     9896     14282333693     14282343589         5615723       7911       2000      10000         28
   0       14     1955     9908     14282343680     14282353588         5625710       7924       2000      10000         28
   0       14     1955     9910     14282353678     14282363588         5635708       7926       2000      10000         28
   0       14     1955     9912     14282363677     14282373589         5645707       7927       2000      10000         28
   0       14     1955     9910     14282373679     14282383588         5655709       7925       2000      10000         28
   0       14     1955     9911     14282383677     14282393588         5665707       7927       2000      10000         28
   0       14     1955     9913     14282393675     14282403588         5675705       7929       2000      10000         28
   0       14     1955     9911     14282403677     14282413588         5685707       7927       2000      10000         27
   0       14     1955     9910     14282413677     14282423588         5695708       7927       2000      10000         27
   0       14     1955     9908     14282423680     14282433588         5705710       7924       2000      10000         27
   0       14     1955     9910     14282433678     14282443588         5715708       7926       2000      10000         28
   0       14     1955     9911     14282443677     14282453588         5725707       7927       2000      10000         27
   0       14     1955     9907     14282453681     14282463588         5735711       7923       2000      10000         27
   0       14     1955     9911     14282463677     14282473588         5745707       7928       2000      10000         27
   0       14     1955     9902     14282473686     14282483587         5755716       7918       2000      10000         27
   0       14     1955     9909     14282483678     14282493587         5765708       7926       2000      10000         27
   0       14     1955     9911     14282493677     14282503588         5775707       7927       2000      10000         28
   0       14     1955     9911     14282503677     14282513588         5785707       7927       2000      10000         28
   0       14     1955     9911     14282513676     14282523587         5795706       7928       2000      10000         27
   0       14     1955     9890     14282523676     14282533567         5805706       7928       2000      10000          7
   0       14     1955     9962     14282533605     14282543567         5815635       7999       2000      10000          7
   0       14     1955     9985     14282543603     14282553588         5825633       8001       2000      10000         28
   0       14     1955     9911     14282553677     14282563588         5835707       7927       2000      10000         28
   0       14     1955     9910     14282563678     14282573589         5845708       7926       2000      10000         28
   0       14     1955     9911     14282573678     14282583588         5855708       7927       2000      10000         28
   0       14     1955     9888     14282583679     14282593567         5865709       7925       2000      10000          7
   0       14     1955     9984     14282593605     14282603589         5875635       7999       2000      10000         29
   0       14     1955     9910     14282603678     14282613588         5885708       7926       2000      10000         28
   0       14     1955     9909     14282613679     14282623588         5895709       7925       2000      10000         28
   0       14     1955     9909     14282623679     14282633588         5905709       7925       2000      10000         28
   0       14     1955     9911     14282633677     14282643588         5915707       7927       2000      10000         28
   0       14     1955     9909     14282643679     14282653588         5925709       7925       2000      10000         28
   0       14     1955     9909     14282653679     14282663588         5935709       7925       2000      10000         28
   0       14     1955     9896     14282663693     14282673589         5945723       7911       2000      10000         28
   0       14     1955     9911     14282673678     14282683589         5955708       7926       2000      10000         28
   0       14     1955     9910     14282683678     14282693588         5965708       7926       2000      10000         28
   0       14     1955     9910     14282693679     14282703588         5975709       7926       2000      10000         28
   0       14     1955     9912     14282703676     14282713588         5985706       7928       2000      10000         28
   0       14     1955     9909     14282713679     14282723588         5995709       7925       2000      10000         28
   0       14     1955     9909     14282723679     14282733588         6005709       7925       2000      10000         28
   0       14     1955     9910     14282733677     14282743588         6015707       7927       2000      10000         27
   0       14     1955     9914     14282743677     14282753592         6025707       7927       2000      10000         31
   0       14     1955     9908     14282753681     14282763589         6035711       7923       2000      10000         29
   0       14     1955     9911     14282763678     14282773588         6045708       7926       2000      10000         28
   0       14     1955     9910     14282773678     14282783589         6055708       7926       2000      10000         28
   0       14     1955     9913     14282783676     14282793589         6065706       7928       2000      10000         29
   0       14     1955     9910     14282793679     14282803589         6075709       7925       2000      10000         29
   0       14     1955     9908     14282803680     14282813588         6085710       7924       2000      10000         28
   0       14     1955     9911     14282813678     14282823588         6095708       7926       2000      10000         28
   0       14     1955     9911     14282823677     14282833589         6105707       7927       2000      10000         28
   0       14     1955     9910     14282833678     14282843588         6115708       7926       2000      10000         28
   0       14     1955     9910     14282843678     14282853588         6125708       7925       2000      10000         28
   0       14     1955     9911     14282853678     14282863589         6135708       7926       2000      10000         28
   0       14     1955     9911     14282863677     14282873588         6145707       7927       2000      10000         28
   0       14     1955     9911     14282873678     14282883588         6155708       7926       2000      10000         28
   0       14     1955     9908     14282883680     14282893588         6165710       7924       2000      10000         28
   0       14     1955     9909     14282893679     14282903588         6175709       7925       2000      10000         28
   0       14     1955     9911     14282903678     14282913589         6185708       7926       2000      10000         28
   0       14     1955     9912     14282913678     14282923590         6195708       7926       2000      10000         30
   0       14     1955     9910     14282923678     14282933588         6205708       7926       2000      10000         28
   0       14     1955     9887     14282933680     14282943567         6215710       7924       2000      10000          7
   0       14     1955     9988     14282943603     14282953590         6225633       8001       2000      10000         30
   0       14     1955     9908     14282953680     14282963588         6235710       7924       2000      10000         28
   0       14     1955     9909     14282963680     14282973589         6245710       7924       2000      10000         28
   0       14     1955     9911     14282973677     14282983588         6255707       7927       2000      10000         28
   0       14     1955     9910     14282983679     14282993589         6265709       7925       2000      10000         29
   0       14     1955     9887     14282993704     14283003591         6275734       7900       2000      10000         30
   0       14     1955     9912     14283003677     14283013590         6285707       7926       2000      10000         29
   0       14     1955     9906     14283013682     14283023588         6295712       7922       2000      10000         28
   0       14     1955     9912     14283023677     14283033589         6305707       7927       2000      10000         28
   0       14     1955     9910     14283033678     14283043588         6315708       7926       2000      10000         27
   0       14     1955     9914     14283043677     14283053590         6325707       7927       2000      10000         30
   0       14     1955     9909     14283053679     14283063588         6335709       7925       2000      10000         28
   0       14     1955     9909     14283063679     14283073588         6345709       7925       2000      10000         28
   0       14     1955     9910     14283073679     14283083589         6355709       7925       2000      10000         29
   0       14     1955     9913     14283083676     14283093589         6365706       7928       2000      10000         28
   0       14     1955     9909     14283093681     14283103590         6375711       7924       2000      10000         29
   0       14     1955     9911     14283103677     14283113588         6385707       7927       2000      10000         28
   0       14     1955     9908     14283113680     14283123588         6395710       7924       2000      10000         28
   0       14     1955     9912     14283123676     14283133588         6405706       7928       2000      10000         28
   0       14     1955     9909     14283133680     14283143588         6415710       7924       2000      10000         28
   0       14     1955     9909     14283143679     14283153589         6425709       7925       2000      10000         28
   0       14     1955     9910     14283153678     14283163588         6435708       7926       2000      10000         28
   0       14     1955     9912     14283163676     14283173589         6445706       7928       2000      10000         28
   0       14     1955     9908     14283173681     14283183588         6455711       7923       2000      10000         28
   0       14     1955     9910     14283183678     14283193588         6465708       7926       2000      10000         28
   0       14     1955     9910     14283193679     14283203588         6475709       7926       2000      10000         28
   0       14     1955     9912     14283203676     14283213588         6485706       7928       2000      10000         28
   0       14     1955     9911     14283213677     14283223588         6495707       7927       2000      10000         28
   0       14     1955     9908     14283223680     14283233589         6505710       7924       2000      10000         28
   0       14     1955     9908     14283233680     14283243588         6515710       7924       2000      10000         28
   0       14     1955     9911     14283243677     14283253589         6525707       7927       2000      10000         28
   0       14     1955     9907     14283253681     14283263588         6535711       7923       2000      10000         28
   0       14     1955     9910     14283263677     14283273588         6545708       7927       2000      10000         28
   0       14     1955     9910     14283273678     14283283588         6555708       7926       2000      10000         28
   0       14     1955     9910     14283283677     14283293588         6565707       7927       2000      10000         27
   0       14     1955     9910     14283293679     14283303589         6575709       7925       2000      10000         29
   0       14     1955     9915     14283303673     14283313588         6585703       7931       2000      10000         28
   0       14     1955     9909     14283313678     14283323588         6595709       7926       2000      10000         27
   0       14     1955     9896     14283323693     14283333589         6605723       7911       2000      10000         29
   0       14     1955     9908     14283333681     14283343589         6615711       7923       2000      10000         28
   0       14     1955     9909     14283343679     14283353588         6625709       7925       2000      10000         28
   0       14     1955     9909     14283353679     14283363588         6635709       7925       2000      10000         27
   0       14     1955     9911     14283363677     14283373588         6645707       7927       2000      10000         28
   0       14     1955     9910     14283373678     14283383588         6655708       7926       2000      10000         28
   0       14     1955     9904     14283383683     14283393588         6665713       7921       2000      10000         27
   0       14     1955     9909     14283393679     14283403588         6675709       7925       2000      10000         28
   0       14     1955     9912     14283403676     14283413588         6685706       7928       2000      10000         28
   0       14     1955     9906     14283413681     14283423587         6695711       7923       2000      10000         27
   0       14     1955     9913     14283423676     14283433589         6705706       7928       2000      10000         29
   0       14     1955     9911     14283433678     14283443589         6715708       7926       2000      10000         28
   0       14     1955     9910     14283443679     14283453588         6725709       7925       2000      10000         28
   0       14     1955     9910     14283453678     14283463589         6735708       7926       2000      10000         28
   0       14     1955     9916     14283463674     14283473590         6745704       7930       2000      10000         30
   0       14     1955     9909     14283473679     14283483588         6755709       7925       2000      10000         27
   0       14     1955     9890     14283483677     14283493567         6765707       7927       2000      10000          7
   0       14     1955     9962     14283493605     14283503567         6775635       7999       2000      10000          7
   0       14     1955     9998     14283503603     14283513602         6785633       8001       2000      10000         42
   0       14     1955     9948     14283513640     14283523588         6795670       7964       2000      10000         28
   0       14     1955     9910     14283523678     14283533588         6805708       7926       2000      10000         28
   0       14     1955     9909     14283533679     14283543588         6815709       7926       2000      10000         28
   0       14     1955     9904     14283543684     14283553588         6825714       7920       2000      10000         28
   0       14     1955     9909     14283553679     14283563588         6835709       7925       2000      10000         28
   0       14     1955     9913     14283563676     14283573588         6845706       7928       2000      10000         28
   0       14     1955     9911     14283573678     14283583589         6855708       7926       2000      10000         28
   0       14     1955     9912     14283583677     14283593588         6865707       7928       2000      10000         28
   0       14     1955     9909     14283593679     14283603588         6875709       7925       2000      10000         28
   0       14     1955     9912     14283603676     14283613588         6885706       7928       2000      10000         27
   0       14     1955     9911     14283613677     14283623588         6895707       7927       2000      10000         28
   0       14     1955     9912     14283623676     14283633588         6905706       7928       2000      10000         28
   0       14     1955     9908     14283633680     14283643588         6915710       7924       2000      10000         28
   0       14     1955     9911     14283643676     14283653588         6925706       7928       2000      10000         27
   0       14     1955     9895     14283653693     14283663589         6935723       7910       2000      10000         29
   0       14     1955     9913     14283663676     14283673589         6945706       7928       2000      10000         29
   0       14     1955     9911     14283673678     14283683589         6955708       7926       2000      10000         28
   0       14     1955     9913     14283683676     14283693588         6965706       7928       2000      10000         28
   0       14     1955     9910     14283693678     14283703588         6975708       7926       2000      10000         27
   0       14     1955     9911     14283703677     14283713589         6985707       7927       2000      10000         28
   0       14     1955     9907     14283713682     14283723588         6995712       7922       2000      10000         28
   0       14     1955     9910     14283723677     14283733588         7005707       7927       2000      10000         27
   0       14     1955     9910     14283733678     14283743588         7015708       7926       2000      10000         27
   0       14     1955     9917     14283743678     14283753595         7025708       7926       2000      10000         34
   0       14     1955     9937     14283753651     14283763588         7035681       7953       2000      10000         28
   0       14     1955     9909     14283763679     14283773588         7045709       7925       2000      10000         28
   0       14     1955     9909     14283773679     14283783588         7055710       7925       2000      10000         28
   0       14     1955     9911     14283783677     14283793588         7065707       7927       2000      10000         28
   0       14     1955     9908     14283793681     14283803589         7075711       7923       2000      10000         29
   0       14     1955     9909     14283803679     14283813588         7085709       7926       2000      10000         27
   0       14     1955     9906     14283813683     14283823589         7095713       7921       2000      10000         29
   0       14     1955     9889     14283823677     14283833567         7105707       7927       2000      10000          7
   0       14     1955     9984     14283833604     14283843588         7115635       8000       2000      10000         28
   0       14     1956     9912     14283843677     14283853589         7125707       7926       2000      10000         29
   0       14     1955     9906     14283853683     14283863589         7135713       7921       2000      10000         28
   0       14     1955     9911     14283863677     14283873588         7145707       7927       2000      10000         28
   0       14     1955     9909     14283873681     14283883589         7155711       7923       2000      10000         29
   0       14     1955     9907     14283883682     14283893589         7165712       7923       2000      10000         28
   0       14     1955     9909     14283893679     14283903588         7175709       7925       2000      10000         28
   0       14     1955     9913     14283903676     14283913588         7185706       7928       2000      10000         28
   0       14     1955     9910     14283913678     14283923588         7195709       7926       2000      10000         28
   0       14     1955     9904     14283923684     14283933588         7205714       7920       2000      10000         28
   0       14     1955     9910     14283933678     14283943588         7215708       7926       2000      10000         27
   0       14     1955     9890     14283943677     14283953567         7225708       7927       2000      10000          7
   0       14     1955     9987     14283953601     14283963588         7235631       8003       2000      10000         28
   0       14     1955     9911     14283963677     14283973588         7245707       7927       2000      10000         28
   0       14     1955     9910     14283973679     14283983589         7255709       7925       2000      10000         28
   0       14     1955     9895     14283983695     14283993590         7265725       7909       2000      10000         29
   0       14     1955     9907     14283993683     14284003590         7275713       7921       2000      10000         29
   0       14     1955     9911     14284003678     14284013589         7285708       7926       2000      10000         29
   0       14     1955     9910     14284013679     14284023588         7295709       7926       2000      10000         28
   0       14     1955     9911     14284023677     14284033588         7305707       7927       2000      10000         28
   0       14     1955     9906     14284033682     14284043588         7315712       7922       2000      10000         28
   0       14     1955     9909     14284043678     14284053588         7325708       7926       2000      10000         27
   0       14     1955     9908     14284053681     14284063588         7335711       7924       2000      10000         28
   0       14     1955     9911     14284063678     14284073589         7345708       7926       2000      10000         28
   0       14     1955     9906     14284073683     14284083588         7355713       7921       2000      10000         28
   0       14     1955     9910     14284083678     14284093588         7365708       7926       2000      10000         28
   0       14     1955     9909     14284093680     14284103589         7375710       7924       2000      10000         29
   0       14     1955     9912     14284103676     14284113589         7385707       7928       2000      10000         28
   0       14     1955     9912     14284113676     14284123588         7395706       7928       2000      10000         28
   0       14     1955     9911     14284123677     14284133588         7405707       7927       2000      10000         28
   0       14     1955     9909     14284133680     14284143588         7415710       7924       2000      10000         28
   0       14     1955     9913     14284143678     14284153591         7425708       7926       2000      10000         31
   0       14     1955     9938     14284153651     14284163589         7435681       7953       2000      10000         29
   0       14     1955     9911     14284163678     14284173588         7445708       7926       2000      10000         28
   0       14     1955     9911     14284173677     14284183588         7455707       7927       2000      10000         28
   0       14     1955     9911     14284183677     14284193588         7465707       7927       2000      10000         28
   0       14     1955     9910     14284193678     14284203588         7475708       7926       2000      10000         27
   0       14     1955     9911     14284203677     14284213588         7485708       7927       2000      10000         28
   0       14     1955     9911     14284213677     14284223588         7495707       7927       2000      10000         28
   0       14     1955     9913     14284223676     14284233589         7505706       7928       2000      10000         28
   0       14     1955     9909     14284233678     14284243588         7515708       7926       2000      10000         27
   0       14     1955     9909     14284243679     14284253588         7525709       7925       2000      10000         28
   0       14     1955     9911     14284253677     14284263588         7535707       7927       2000      10000         28
   0       14     1955     9909     14284263679     14284273588         7545709       7925       2000      10000         27
   0       14     1955     9909     14284273680     14284283588         7555710       7924       2000      10000         28
   0       14     1955     9909     14284283679     14284293588         7565709       7925       2000      10000         28
   0       14     1955     9914     14284293675     14284303589         7575705       7929       2000      10000         28
   0       14     1955     9913     14284303674     14284313588         7585704       7930       2000      10000         27
   0       14     1955     9895     14284313694     14284323589         7595724       7910       2000      10000         29
   0       14     1955     9908     14284323679     14284333588         7605710       7925       2000      10000         28
   0       14     1955     9911     14284333677     14284343588         7615707       7927       2000      10000         28
   0       14     1955     9912     14284343677     14284353589         7625707       7927       2000      10000         28
   0       14     1956     9913     14284353677     14284363589         7635707       7926       2000      10000         29
   0       14     1955     9906     14284363682     14284373588         7645712       7922       2000      10000         27
   0       14     1955     9913     14284373675     14284383588         7655705       7929       2000      10000         28
   0       14     1955     9912     14284383677     14284393589         7665707       7927       2000      10000         29
   0       14     1955     9910     14284393678     14284403588         7675708       7926       2000      10000         27
   0       14     1955     9908     14284403680     14284413588         7685710       7924       2000      10000         28
   0       14     1955     9911     14284413677     14284423588         7695707       7927       2000      10000         27
   0       14     1955     9911     14284423676     14284433588         7705706       7928       2000      10000         27
   0       14     1955     9911     14284433677     14284443588         7715707       7927       2000      10000         28
   0       14     1955     9911     14284443677     14284453588         7725707       7927       2000      10000         28
   0       14     1955     9912     14284453676     14284463587         7735706       7928       2000      10000         27
   0       14     1955     9910     14284463678     14284473588         7745708       7926       2000      10000         27
   0       14     1955     9912     14284473677     14284483588         7755707       7927       2000      10000         28
   0       14     1955     9912     14284483676     14284493588         7765706       7928       2000      10000         28
   0       14     1955     9911     14284493678     14284503589         7775708       7926       2000      10000         29
   0       14     1955     9912     14284503676     14284513589         7785706       7928       2000      10000         28
   0       14     1955     9902     14284513665     14284523567         7795695       7939       2000      10000          7
   0       14     1955     9963     14284523604     14284533567         7805634       8000       2000      10000          7
   0       14     1955     9984     14284533604     14284543588         7815634       8000       2000      10000         28
   0       14     1955     9909     14284543679     14284553589         7825710       7925       2000      10000         28
   0       14     1955     9911     14284553678     14284563588         7835708       7926       2000      10000         28
   0       14     1955     9912     14284563676     14284573588         7845706       7928       2000      10000         27
   0       14     1955     9911     14284573677     14284583588         7855707       7927       2000      10000         28
   0       14     1955     9913     14284583676     14284593588         7865706       7928       2000      10000         28
   0       14     1955     9909     14284593679     14284603588         7875709       7925       2000      10000         28
   0       14     1955     9912     14284603677     14284613588         7885707       7927       2000      10000         28
   0       14     1955     9912     14284613676     14284623588         7895706       7928       2000      10000         27
   0       14     1955     9910     14284623678     14284633589         7905708       7926       2000      10000         28
   0       14     1955     9910     14284633678     14284643588         7915708       7926       2000      10000         28
   0       14     1955     9897     14284643692     14284653590         7925722       7912       2000      10000         29
   0       14     1955     9912     14284653677     14284663588         7935707       7927       2000      10000         28
   0       14     1955     9912     14284663677     14284673589         7945707       7927       2000      10000         28
   0       14     1955     9909     14284673679     14284683588         7955709       7925       2000      10000         28
   0       14     1955     9911     14284683677     14284693588         7965707       7927       2000      10000         28
   0       14     1955     9910     14284693678     14284703588         7975708       7926       2000      10000         28
   0       14     1955     9910     14284703679     14284713590         7985709       7925       2000      10000         29
   0       14     1955     9910     14284713678     14284723588         7995708       7926       2000      10000         27
   0       14     1955     9911     14284723677     14284733588         8005707       7927       2000      10000         28
   0       14     1955     9911     14284733677     14284743588         8015707       7927       2000      10000         28
   0       14     1955     9891     14284743678     14284753569         8025708       7926       2000      10000          9
   0       14     1955     9981     14284753608     14284763589         8035638       7996       2000      10000         29
   0       14     1955     9911     14284763677     14284773589         8045707       7927       2000      10000         28
   0       14     1955     9910     14284773678     14284783588         8055708       7926       2000      10000         28
   0       14     1955     9911     14284783678     14284793589         8065708       7926       2000      10000         28
   0       14     1955     9908     14284793681     14284803588         8075711       7924       2000      10000         28
   0       14     1955     9911     14284803677     14284813588         8085707       7927       2000      10000         28
   0       14     1955     9910     14284813678     14284823588         8095708       7926       2000      10000         27
   0       14     1955     9912     14284823676     14284833588         8105706       7928       2000      10000         28
   0       14     1955     9910     14284833679     14284843589         8115709       7925       2000      10000         29
   0       14     1955     9910     14284843680     14284853590         8125710       7925       2000      10000         29
   0       14     1955     9911     14284853678     14284863588         8135708       7926       2000      10000         28
   0       14     1955     9908     14284863680     14284873588         8145710       7924       2000      10000         28
   0       14     1955     9911     14284873678     14284883588         8155708       7926       2000      10000         28
   0       14     1955     9911     14284883677     14284893588         8165707       7927       2000      10000         28
   0       14     1955     9911     14284893677     14284903588         8175707       7927       2000      10000         28
   0       14     1955     9912     14284903677     14284913589         8185707       7927       2000      10000         29
   0       14     1955     9909     14284913678     14284923588         8195708       7926       2000      10000         27
   0       14     1955     9911     14284923677     14284933588         8205707       7927       2000      10000         28
   0       14     1955     9910     14284933679     14284943588         8215709       7926       2000      10000         28
   0       14     1955     9910     14284943679     14284953589         8225709       7925       2000      10000         28
   0       14     1955     9910     14284953678     14284963588         8235708       7926       2000      10000         28
   0       14     1955     9907     14284963682     14284973589         8245712       7922       2000      10000         29
   0       14     1955     9890     14284973699     14284983589         8255729       7905       2000      10000         28
   0       14     1955     9909     14284983679     14284993589         8265709       7925       2000      10000         28
   0       14     1955     9911     14284993679     14285003589         8275709       7925       2000      10000         29
   0       14     1955     9911     14285003679     14285013589         8285709       7925       2000      10000         29
   0       14     1955     9910     14285013678     14285023588         8295709       7926       2000      10000         28
   0       14     1955     9909     14285023681     14285033590         8305711       7923       2000      10000         29
   0       14     1955     9910     14285033678     14285043588         8315708       7926       2000      10000         28
   0       14     1955     9910     14285043679     14285053589         8325709       7926       2000      10000         28
   0       14     1955     9907     14285053682     14285063589         8335712       7922       2000      10000         28
   0       14     1955     9913     14285063675     14285073588         8345705       7929       2000      10000         28
   0       14     1955     9909     14285073679     14285083588         8355709       7925       2000      10000         27
   0       14     1955     9909     14285083680     14285093588         8365710       7924       2000      10000         28
   0       14     1955     9910     14285093679     14285103589         8375709       7925       2000      10000         28
   0       14     1955     9904     14285103684     14285113588         8385714       7920       2000      10000         28
   0       14     1955     9910     14285113678     14285123588         8395708       7926       2000      10000         27
   0       14     1955     9910     14285123678     14285133589         8405708       7926       2000      10000         28
   0       14     1955     9910     14285133678     14285143588         8415708       7926       2000      10000         28
   0       14     1955     9911     14285143678     14285153589         8425708       7926       2000      10000         28
   0       14     1955     9908     14285153680     14285163588         8435710       7924       2000      10000         28
   0       14     1955     9912     14285163677     14285173589         8445707       7927       2000      10000         28
   0       14     1955     9911     14285173678     14285183589         8455708       7926       2000      10000         28
   0       14     1955     9908     14285183681     14285193589         8465711       7923       2000      10000         28
   0       14     1955     9911     14285193677     14285203589         8475708       7927       2000      10000         28
   0       14     1955     9914     14285203675     14285213589         8485705       7929       2000      10000         29
   0       14     1955     9912     14285213677     14285223589         8495707       7927       2000      10000         28
   0       14     1955     9913     14285223676     14285233589         8505706       7928       2000      10000         29
   0       14     1955     9910     14285233680     14285243590         8515710       7924       2000      10000         30
   0       14     1955     9911     14285243678     14285253589         8525708       7926       2000      10000         29
   0       14     1955     9910     14285253679     14285263589         8535709       7925       2000      10000         29
   0       14     1955     9913     14285263676     14285273589         8545706       7928       2000      10000         29
   0       14     1955     9909     14285273680     14285283589         8555710       7924       2000      10000         29
   0       14     1955     9909     14285283679     14285293589         8565709       7925       2000      10000         28
   0       14     1955     9909     14285293680     14285303589         8575710       7924       2000      10000         29
   0       14     1955     9895     14285303695     14285313590         8585725       7909       2000      10000         30
   0       14     1955     9907     14285313681     14285323589         8595711       7923       2000      10000         28
   0       14     1955     9909     14285323679     14285333588         8605709       7925       2000      10000         28
   0       14     1955     9909     14285333680     14285343589         8615710       7924       2000      10000         28
   0       14     1955     9913     14285343679     14285353592         8625709       7925       2000      10000         31
   0       14     1956     9908     14285353681     14285363589         8635711       7923       2000      10000         29
   0       14     1955     9908     14285363681     14285373589         8645711       7923       2000      10000         28
   0       14     1955     9909     14285373680     14285383589         8655710       7924       2000      10000         29
   0       14     1955     9909     14285383680     14285393588         8665710       7924       2000      10000         28
   0       14     1955     9907     14285393681     14285403589         8675711       7923       2000      10000         28
   0       14     1955     9912     14285403677     14285413589         8685707       7927       2000      10000         28
   0       14     1955     9908     14285413681     14285423589         8695711       7923       2000      10000         29
   0       14     1955     9910     14285423680     14285433589         8705710       7925       2000      10000         29
   0       14     1955     9909     14285433679     14285443588         8715709       7925       2000      10000         28
   0       14     1955     9914     14285443675     14285453589         8725705       7929       2000      10000         29
   0       14     1955     9910     14285453679     14285463588         8735709       7925       2000      10000         28
   0       14     1955     9911     14285463678     14285473589         8745708       7926       2000      10000         28
   0       14     1955     9908     14285473681     14285483589         8755711       7923       2000      10000         28
   0       14     1955     9909     14285483680     14285493589         8765710       7924       2000      10000         29
   0       14     1955     9893     14285493674     14285503567         8775704       7930       2000      10000          7
   0       14     1955     9963     14285503604     14285513567         8785634       8000       2000      10000          7
   0       14     1955     9984     14285513604     14285523588         8795634       8000       2000      10000         28
   0       14     1955     9915     14285523674     14285533589         8805704       7930       2000      10000         29
   0       14     1955     9910     14285533679     14285543589         8815709       7925       2000      10000         28
   0       14     1955     9912     14285543678     14285553589         8825708       7927       2000      10000         29
   0       14     1955     9911     14285553678     14285563589         8835708       7927       2000      10000         28
   0       14     1955     9912     14285563677     14285573588         8845707       7927       2000      10000         28
   0       14     1955     9909     14285573680     14285583589         8855710       7924       2000      10000         29
   0       14     1955     9911     14285583677     14285593588         8865707       7927       2000      10000         28
   0       14     1955     9911     14285593677     14285603589         8875707       7927       2000      10000         28
   0       14     1955     9907     14285603681     14285613588         8885711       7923       2000      10000         28
   0       14     1955     9910     14285613679     14285623588         8895709       7925       2000      10000         28
   0       14     1955     9912     14285623677     14285633589         8905707       7927       2000      10000         28
   0       14     1955     9896     14285633693     14285643589         8915723       7911       2000      10000         29
   0       14     1955     9912     14285643677     14285653589         8925707       7927       2000      10000         28
   0       14     1955     9910     14285653678     14285663589         8935708       7926       2000      10000         28
   0       14     1955     9911     14285663678     14285673589         8945709       7926       2000      10000         29
   0       14     1955     9906     14285673683     14285683588         8955713       7921       2000      10000         28
   0       14     1955     9913     14285683675     14285693588         8965705       7929       2000      10000         28
   0       14     1955     9907     14285693681     14285703588         8975711       7923       2000      10000         28
   0       14     1955     9911     14285703676     14285713588         8985706       7928       2000      10000         27
   0       14     1955     9910     14285713678     14285723589         8995708       7926       2000      10000         28
   0       14     1955     9911     14285723677     14285733588         9005707       7927       2000      10000         28
   0       14     1955     9910     14285733679     14285743588         9015709       7925       2000      10000         28
   0       14     1955     9894     14285743677     14285753571         9025707       7927       2000      10000         11
   0       14     1955     9978     14285753612     14285763589         9035642       7992       2000      10000         29
   0       14     1955     9906     14285763682     14285773589         9045712       7922       2000      10000         28
   0       14     1955     9908     14285773680     14285783588         9055710       7924       2000      10000         28
   0       14     1955     9910     14285783679     14285793589         9065709       7925       2000      10000         28
   0       14     1955     9910     14285793678     14285803589         9075709       7926       2000      10000         28
   0       14     1955     9912     14285803677     14285813588         9085707       7927       2000      10000         28
   0       14     1955     9908     14285813680     14285823588         9095710       7924       2000      10000         28
   0       14     1955     9910     14285823678     14285833588         9105708       7926       2000      10000         28
   0       14     1955     9912     14285833677     14285843589         9115707       7927       2000      10000         29
   0       14     1955     9881     14285843685     14285853567         9125715       7919       2000      10000          7
   0       14     1955     9986     14285853602     14285863589         9135632       8002       2000      10000         28
   0       14     1955     9910     14285863679     14285873589         9145709       7925       2000      10000         28
   0       14     1955     9911     14285873678     14285883589         9155708       7926       2000      10000         29
   0       14     1955     9909     14285883679     14285893588         9165709       7925       2000      10000         28
   0       14     1955     9909     14285893680     14285903589         9175710       7924       2000      10000         29
   0       14     1955     9911     14285903678     14285913589         9185708       7926       2000      10000         29
   0       14     1955     9910     14285913678     14285923589         9195708       7926       2000      10000         28
   0       14     1955     9911     14285923677     14285933588         9205707       7927       2000      10000         28
   0       14     1955     9909     14285933680     14285943589         9215710       7924       2000      10000         29
   0       14     1955     9912     14285943677     14285953589         9225707       7927       2000      10000         28
   0       14     1955     9904     14285953684     14285963589         9235714       7920       2000      10000         28
   0       14     1955     9893     14285963696     14285973589         9245726       7908       2000      10000         29
   0       14     1955     9908     14285973681     14285983589         9255711       7923       2000      10000         28
   0       14     1955     9911     14285983679     14285993589         9265709       7925       2000      10000         29
   0       14     1955     9911     14285993678     14286003589         9275708       7926       2000      10000         28
   0       14     1955     9903     14286003687     14286013589         9285717       7917       2000      10000         29
   0       14     1955     9905     14286013684     14286023589         9295714       7920       2000      10000         28
   0       14     1955     9911     14286023678     14286033589         9305708       7926       2000      10000         28
   0       14     1955     9910     14286033679     14286043589         9315709       7925       2000      10000         28
   0       14     1955     9908     14286043680     14286053588         9325710       7924       2000      10000         28
   0       14     1955     9911     14286053678     14286063589         9335708       7926       2000      10000         29
   0       14     1955     9910     14286063678     14286073589         9345708       7926       2000      10000         28
   0       14     1955     9909     14286073680     14286083589         9355710       7924       2000      10000         28
   0       14     1955     9911     14286083677     14286093588         9365707       7927       2000      10000         28
   0       14     1955     9909     14286093681     14286103589         9375711       7923       2000      10000         29
   0       14     1955     9908     14286103680     14286113588         9385710       7924       2000      10000         28
   0       14     1955     9909     14286113679     14286123589         9395710       7925       2000      10000         28
   0       14     1955     9910     14286123678     14286133589         9405708       7926       2000      10000         28
   0       14     1955     9909     14286133680     14286143589         9415710       7924       2000      10000         28
   0       14     1955     9909     14286143680     14286153589         9425710       7924       2000      10000         29
   0       14     1955     9911     14286153679     14286163591         9435709       7925       2000      10000         30
   0       14     1955     9926     14286163662     14286173589         9445692       7942       2000      10000         28
   0       14     1955     9907     14286173682     14286183589         9455712       7922       2000      10000         28
   0       14     1955     9911     14286183678     14286193589         9465708       7926       2000      10000         29
   0       14     1955     9909     14286193680     14286203589         9475710       7924       2000      10000         28
   0       14     1955     9908     14286203681     14286213589         9485711       7923       2000      10000         28
   0       14     1955     9912     14286213677     14286223589         9495707       7927       2000      10000         28
   0       14     1955     9909     14286223680     14286233589         9505710       7924       2000      10000         28
   0       14     1955     9909     14286233680     14286243589         9515710       7924       2000      10000         29
   0       14     1955     9913     14286243676     14286253589         9525706       7928       2000      10000         29
   0       14     1955     9906     14286253683     14286263589         9535713       7921       2000      10000         29
   0       14     1955     9910     14286263679     14286273589         9545709       7925       2000      10000         28
   0       14     1955     9910     14286273680     14286283589         9555710       7924       2000      10000         29
   0       14     1955     9912     14286283678     14286293589         9565708       7926       2000      10000         29
   0       14     1955     9896     14286293694     14286303590         9575724       7910       2000      10000         29
   0       14     1955     9909     14286303680     14286313589         9585710       7924       2000      10000         28
   0       14     1955     9909     14286313679     14286323588         9595709       7925       2000      10000         28
   0       14     1955     9910     14286323679     14286333589         9605709       7925       2000      10000         29
   0       14     1955     9910     14286333679     14286343589         9615709       7925       2000      10000         29
   0       14     1955     9913     14286343676     14286353589         9625706       7928       2000      10000         29
   0       14     1955     9892     14286353675     14286363567         9635705       7929       2000      10000          7
   0       14     1955     9989     14286363601     14286373589         9645631       8003       2000      10000         29
   0       14     1955     9908     14286373681     14286383589         9655711       7923       2000      10000         29
   0       14     1955     9909     14286383679     14286393589         9665709       7925       2000      10000         28
   0       14     1955     9911     14286393678     14286403589         9675708       7926       2000      10000         29
   0       14     1955     9912     14286403677     14286413589         9685707       7927       2000      10000         28
   0       14     1955     9913     14286413678     14286423590         9695708       7926       2000      10000         30
   0       14     1955     9912     14286423677     14286433589         9705707       7927       2000      10000         28
   0       14     1955     9911     14286433678     14286443589         9715708       7926       2000      10000         28
   0       14     1955     9912     14286443677     14286453589         9725707       7927       2000      10000         29
   0       14     1955     9897     14286453671     14286463567         9735701       7933       2000      10000          7
   0       14     1955     9964     14286463603     14286473567         9745633       8001       2000      10000          7
   0       14     1955     9984     14286473604     14286483588         9755634       8000       2000      10000         28
   0       14     1955     9912     14286483677     14286493589         9765707       7927       2000      10000         28
   0       14     1955     9907     14286493681     14286503588         9775711       7923       2000      10000         28
   0       14     1955     9911     14286503678     14286513589         9785708       7926       2000      10000         29
   0       14     1955     9912     14286513676     14286523588         9795706       7928       2000      10000         28
   0       14     1955     9912     14286523677     14286533589         9805707       7927       2000      10000         29
   0       14     1955     9912     14286533677     14286543589         9815707       7927       2000      10000         29
   0       14     1955     9908     14286543681     14286553589         9825711       7923       2000      10000         28
   0       14     1955     9892     14286553679     14286563571         9835709       7925       2000      10000         11
   0       14     1955     9982     14286563607     14286573589         9845637       7997       2000      10000         28
   0       14     1955     9911     14286573678     14286583589         9855708       7926       2000      10000         29
   0       14     1955     9911     14286583678     14286593589         9865708       7926       2000      10000         28
   0       14     1955     9913     14286593675     14286603589         9875705       7929       2000      10000         28
   0       14     1955     9911     14286603678     14286613589         9885708       7926       2000      10000         29
   0       14     1955     9910     14286613679     14286623589         9895709       7925       2000      10000         28
   0       14     1955     9899     14286623691     14286633590         9905721       7913       2000      10000         29
   0       14     1955     9911     14286633678     14286643589         9915708       7926       2000      10000         29
   0       14     1955     9911     14286643678     14286653588         9925708       7926       2000      10000         28
   0       14     1955     9909     14286653679     14286663588         9935709       7925       2000      10000         28
   0       14     1955     9911     14286663678     14286673589         9945708       7926       2000      10000         29
   0       14     1955     9913     14286673676     14286683589         9955706       7929       2000      10000         28
   0       14     1955     9910     14286683678     14286693588         9965708       7926       2000      10000         28
   0       14     1955     9912     14286693677     14286703589         9975707       7927       2000      10000         29
   0       14     1955     9911     14286703678     14286713588         9985708       7926       2000      10000         28
   0       14     1955     9891     14286713680     14286723571         9995710       7924       2000      10000         11
   0       14     1955     9958     14286723611     14286733569        10005641       7993       2000      10000          9
   0       14     1955     9965     14286733607     14286743572        10015637       7997       2000      10000         12
   0       14     1955     9951     14286743620     14286753570        10025650       7984       2000      10000         10
   0       14     1983     9970     14286753621     14286763591        10035651       7955       2000      10000         30
   0       14     1955     9907     14286763682     14286773590        10045712       7922       2000      10000         29
   0       14     1955     9910     14286773680     14286783590        10055710       7924       2000      10000         29
   0       14     1955     9911     14286783678     14286793589        10065708       7926       2000      10000         29
   0       14     1955     9911     14286793679     14286803590        10075709       7925       2000      10000         29
   0       14     1955     9911     14286803678     14286813589        10085708       7926       2000      10000         29
   0       14     1955     9911     14286813678     14286823589        10095708       7926       2000      10000         29
   0       14     1955     9911     14286823678     14286833589        10105708       7926       2000      10000         29
   0       14     1955     9911     14286833678     14286843589        10115708       7926       2000      10000         29
   0       14     1955     9909     14286843680     14286853589        10125710       7924       2000      10000         28
   0       14     1955     9911     14286853677     14286863589        10135707       7927       2000      10000         28
   0       14     1955     9911     14286863678     14286873589        10145708       7926       2000      10000         28
   0       14     1955     9909     14286873680     14286883589        10155710       7924       2000      10000         29
   0       14     1955     9909     14286883680     14286893590        10165711       7924       2000      10000         29
   0       14     1955     9911     14286893678     14286903589        10175708       7926       2000      10000         29
   0       14     1955     9911     14286903678     14286913589        10185708       7926       2000      10000         28
   0       14     1955     9911     14286913678     14286923589        10195708       7926       2000      10000         28
   0       14     1955     9908     14286923680     14286933589        10205710       7924       2000      10000         28
   0       14     1955     9908     14286933681     14286943589        10215711       7923       2000      10000         28
   0       14     1955     9912     14286943678     14286953590        10225708       7926       2000      10000         30
   0       14     1955     9911     14286953678     14286963589        10235708       7926       2000      10000         29
   0       14     1955     9887     14286963702     14286973590        10245732       7902       2000      10000         29
   0       14     1955     9910     14286973678     14286983588        10255708       7926       2000      10000         28
   0       14     1955     9912     14286983676     14286993589        10265706       7928       2000      10000         28
   0       14     1955     9910     14286993680     14287003590        10275710       7925       2000      10000         30
   0       14     1955     9907     14287003682     14287013589        10285712       7922       2000      10000         29
   0       14     1955     9912     14287013677     14287023590        10295707       7927       2000      10000         29
   0       14     1955     9909     14287023679     14287033589        10305709       7925       2000      10000         28
   0       14     1955     9912     14287033677     14287043589        10315707       7927       2000      10000         28
   0       14     1955     9910     14287043679     14287053588        10325709       7926       2000      10000         28
   0       14     1955     9909     14287053679     14287063588        10335709       7925       2000      10000         28
   0       14     1955     9911     14287063678     14287073589        10345708       7926       2000      10000         29
   0       14     1955     9910     14287073679     14287083589        10355709       7925       2000      10000         28
   0       14     1955     9906     14287083683     14287093589        10365713       7921       2000      10000         29
   0       14     1955     9911     14287093679     14287103590        10375709       7925       2000      10000         29
   0       14     1955     9909     14287103680     14287113589        10385710       7924       2000      10000         29
   0       14     1955     9905     14287113684     14287123589        10395714       7920       2000      10000         29
   0       14     1955     9912     14287123677     14287133589        10405707       7927       2000      10000         29
   0       14     1955     9909     14287133679     14287143588        10415709       7925       2000      10000         28
   0       14     1955     9912     14287143677     14287153589        10425707       7927       2000      10000         28
   0       14     1955     9911     14287153678     14287163589        10435708       7926       2000      10000         28
   0       14     1955     9909     14287163680     14287173589        10445710       7924       2000      10000         29
   0       14     1955     9912     14287173677     14287183589        10455707       7927       2000      10000         28
   0       14     1955     9910     14287183680     14287193590        10465710       7924       2000      10000         30
   0       14     1955     9908     14287193681     14287203589        10475711       7923       2000      10000         29
   0       14     1955     9908     14287203681     14287213588        10485711       7923       2000      10000         28
   0       14     1955     9910     14287213680     14287223590        10495710       7924       2000      10000         29
   0       14     1955     9909     14287223680     14287233589        10505710       7924       2000      10000         29
   0       14     1955     9913     14287233677     14287243589        10515707       7927       2000      10000         29
   0       14     1955     9910     14287243679     14287253589        10525709       7925       2000      10000         29
   0       14     1955     9910     14287253679     14287263589        10535709       7925       2000      10000         28
   0       14     1955     9911     14287263679     14287273590        10545709       7925       2000      10000         30
   0       14     1955     9910     14287273678     14287283589        10555709       7926       2000      10000         28
   0       14     1955     9911     14287283678     14287293589        10565708       7926       2000      10000         29
   0       14     1955     9893     14287293696     14287303589        10575726       7908       2000      10000         29
   0       14     1955     9909     14287303679     14287313589        10585709       7925       2000      10000         28
   0       14     1955     9911     14287313677     14287323589        10595707       7927       2000      10000         28
   0       14     1955     9912     14287323677     14287333589        10605707       7927       2000      10000         29
   0       14     1955     9912     14287333677     14287343589        10615707       7927       2000      10000         29
   0       14     1955     9910     14287343680     14287353589        10625710       7925       2000      10000         29
   0       14     1955     9909     14287353679     14287363589        10635710       7925       2000      10000         28
   0       14     1955     9912     14287363677     14287373589        10645707       7927       2000      10000         29
   0       14     1955     9909     14287373680     14287383588        10655710       7924       2000      10000         28
   0       14     1955     9910     14287383679     14287393589        10665709       7925       2000      10000         28
   0       14     1955     9910     14287393679     14287403589        10675709       7925       2000      10000         29
   0       14     1955     9911     14287403678     14287413589        10685708       7926       2000      10000         29
   0       14     1955     9912     14287413677     14287423589        10695707       7927       2000      10000         29
   0       14     1955     9887     14287423680     14287433567        10705710       7924       2000      10000          7
   0       14     1955     9964     14287433603     14287443567        10715633       8001       2000      10000          7
   0       14     1955     9985     14287443604     14287453589        10725634       8000       2000      10000         29
   0       14     1955     9909     14287453680     14287463589        10735710       7924       2000      10000         28
   0       14     1955     9911     14287463678     14287473588        10745708       7926       2000      10000         28
   0       14     1955     9914     14287473678     14287483592        10755708       7926       2000      10000         32
   0       14     1955     9911     14287483679     14287493590        10765709       7925       2000      10000         29
   0       14     1955     9906     14287493683     14287503589        10775713       7921       2000      10000         29
   0       14     1955     9913     14287503676     14287513589        10785706       7928       2000      10000         28
   0       14     1955     9910     14287513679     14287523588        10795709       7925       2000      10000         28
   0       14     1955     9911     14287523678     14287533589        10805708       7926       2000      10000         29
   0       14     1955     9909     14287533680     14287543589        10815710       7924       2000      10000         28
   0       14     1955     9910     14287543678     14287553588        10825708       7926       2000      10000         28
   0       14     1955     9909     14287553679     14287563589        10835709       7925       2000      10000         28
   0       14     1955     9907     14287563680     14287573587        10845710       7924       2000      10000         27
   0       14     1955     9907     14287573682     14287583589        10855712       7922       2000      10000         29
   0       14     1955     9908     14287583681     14287593589        10865712       7923       2000      10000         29
   0       14     1956     9910     14287593679     14287603588        10875709       7925       2000      10000         28
   0       14     1955     9911     14287603678     14287613589        10885708       7926       2000      10000         29
   0       14     1955     9907     14287613681     14287623589        10895711       7923       2000      10000         28
   0       14     1955     9894     14287623696     14287633590        10905726       7908       2000      10000         29
   0       14     1955     9908     14287633681     14287643589        10915711       7923       2000      10000         29
   0       14     1955     9911     14287643679     14287653589        10925709       7925       2000      10000         29
   0       14     1955     9910     14287653678     14287663588        10935708       7926       2000      10000         28
   0       14     1955     9913     14287663676     14287673589        10945706       7928       2000      10000         29
   0       14     1955     9910     14287673679     14287683589        10955709       7925       2000      10000         28
   0       14     1955     9911     14287683678     14287693589        10965708       7926       2000      10000         28
   0       14     1955     9911     14287693678     14287703589        10975708       7926       2000      10000         28
   0       14     1955     9911     14287703677     14287713589        10985707       7927       2000      10000         28
   0       14     1955     9911     14287713679     14287723589        10995709       7925       2000      10000         29
   0       14     1955     9910     14287723679     14287733589        11005709       7925       2000      10000         28
   0       14     1955     9911     14287733678     14287743589        11015708       7926       2000      10000         28
   0       14     1955     9903     14287743677     14287753580        11025707       7927       2000      10000         20
   0       14     1956     9965     14287753624     14287763589        11035654       7979       2000      10000         29
   0       14     1955     9910     14287763679     14287773590        11045710       7925       2000      10000         29
   0       14     1955     9906     14287773683     14287783589        11055713       7921       2000      10000         28
   0       14     1956     9908     14287783681     14287793588        11065711       7923       2000      10000         28
   0       14     1955     9911     14287793678     14287803589        11075708       7926       2000      10000         29
   0       14     1955     9913     14287803676     14287813589        11085706       7928       2000      10000         29
   0       14     1955     9911     14287813678     14287823589        11095708       7926       2000      10000         29
   0       14     1955     9912     14287823677     14287833589        11105707       7927       2000      10000         29
   0       14     1955     9909     14287833680     14287843589        11115710       7925       2000      10000         28
   0       14     1955     9911     14287843678     14287853589        11125708       7926       2000      10000         28
   0       14     1955     9912     14287853677     14287863589        11135707       7927       2000      10000         28
   0       14     1955     9911     14287863678     14287873588        11145708       7926       2000      10000         28
   0       14     1955     9911     14287873678     14287883589        11155708       7926       2000      10000         29
   0       14     1955     9910     14287883679     14287893589        11165709       7925       2000      10000         28
   0       14     1955     9911     14287893678     14287903589        11175708       7926       2000      10000         29
   0       14     1955     9888     14287903679     14287913567        11185709       7925       2000      10000          7
   0       14     1955     9963     14287913604     14287923567        11195634       8000       2000      10000          7
   0       14     1955     9985     14287923604     14287933589        11205634       8000       2000      10000         29
   0       14     1955     9911     14287933678     14287943589        11215708       7926       2000      10000         28
   0       14     1955     9911     14287943677     14287953588        11225707       7927       2000      10000         28
   0       14     1955     9894     14287953696     14287963591        11235726       7908       2000      10000         30
   0       14     1955     9910     14287963678     14287973588        11245708       7926       2000      10000         28
   0       14     1955     9910     14287973680     14287983589        11255710       7925       2000      10000         29
   0       14     1955     9910     14287983679     14287993589        11265709       7925       2000      10000         28
   0       14     1955     9909     14287993681     14288003590        11275711       7923       2000      10000         30
   0       14     1955     9911     14288003679     14288013590        11285709       7925       2000      10000         29
   0       14     1955     9910     14288013679     14288023589        11295709       7925       2000      10000         29
   0       14     1955     9911     14288023678     14288033589        11305708       7926       2000      10000         28
   0       14     1955     9911     14288033678     14288043589        11315708       7926       2000      10000         29
   0       14     1955     9909     14288043679     14288053589        11325709       7925       2000      10000         28
   0       14     1955     9911     14288053678     14288063589        11335708       7927       2000      10000         28
   0       14     1955     9911     14288063678     14288073589        11345708       7926       2000      10000         28
   0       14     1955     9908     14288073681     14288083589        11355711       7923       2000      10000         29
   0       14     1955     9909     14288083680     14288093589        11365710       7924       2000      10000         28
   0       14     1955     9911     14288093679     14288103589        11375709       7925       2000      10000         29
   0       14     1955     9909     14288103680     14288113588        11385710       7924       2000      10000         28
   0       14     1955     9909     14288113680     14288123589        11395710       7924       2000      10000         29
   0       14     1955     9911     14288123678     14288133589        11405708       7926       2000      10000         29
   0       14     1955     9911     14288133678     14288143589        11415708       7926       2000      10000         28
   0       14     1955     9912     14288143678     14288153589        11425708       7927       2000      10000         29
   0       14     1955     9906     14288153683     14288163589        11435713       7921       2000      10000         29
   0       14     1955     9914     14288163677     14288173591        11445707       7927       2000      10000         30
   0       14     1955     9903     14288173686     14288183589        11455716       7918       2000      10000         29
   0       14     1955     9907     14288183682     14288193589        11465712       7923       2000      10000         29
   0       14     1955     9909     14288193680     14288203588        11475710       7924       2000      10000         28
   0       14     1955     9910     14288203679     14288213589        11485709       7925       2000      10000         29
   0       14     1955     9911     14288213678     14288223589        11495708       7926       2000      10000         29
   0       14     1955     9912     14288223678     14288233589        11505708       7926       2000      10000         29
   0       14     1955     9909     14288233681     14288243590        11515711       7923       2000      10000         29
   0       14     1955     9911     14288243678     14288253588        11525708       7926       2000      10000         28
   0       14     1955     9909     14288253680     14288263589        11535710       7924       2000      10000         29
   0       14     1955     9888     14288263679     14288273567        11545709       7925       2000      10000          7
   0       14     1955     9987     14288273602     14288283589        11555633       8002       2000      10000         29
   0       14     1955     9889     14288283702     14288293591        11565732       7902       2000      10000         31
   0       14     1955     9911     14288293679     14288303590        11575709       7925       2000      10000         30
   0       14     1955     9911     14288303678     14288313589        11585708       7926       2000      10000         29
   0       14     1955     9905     14288313684     14288323589        11595714       7920       2000      10000         29
   0       14     1955     9910     14288323679     14288333589        11605709       7925       2000      10000         29
   0       14     1955     9909     14288333681     14288343590        11615711       7923       2000      10000         29
   0       14     1955     9910     14288343679     14288353589        11625709       7925       2000      10000         29
   0       14     1955     9910     14288353679     14288363589        11635709       7925       2000      10000         28
   0       14     1955     9886     14288363682     14288373567        11645712       7922       2000      10000          8
   0       14     1955     9987     14288373603     14288383590        11655633       8001       2000      10000         29
   0       14     1955     9911     14288383678     14288393589        11665708       7926       2000      10000         28
   0       14     1955     9886     14288393681     14288403567        11675711       7923       2000      10000          7
   0       14     1955     9963     14288403604     14288413567        11685634       8000       2000      10000          7
   0       14     1955     9985     14288413603     14288423589        11695633       8001       2000      10000         28
   0       14     1955     9910     14288423678     14288433588        11705708       7926       2000      10000         28
   0       14     1955     9911     14288433678     14288443588        11715708       7926       2000      10000         28
   0       14     1955     9909     14288443680     14288453589        11725710       7924       2000      10000         28
   0       14     1955     9911     14288453677     14288463589        11735707       7927       2000      10000         28
   0       14     1955     9911     14288463677     14288473588        11745707       7927       2000      10000         28
   0       14     1955     9911     14288473677     14288483588        11755707       7927       2000      10000         28
   0       14     1955     9909     14288483679     14288493588        11765709       7925       2000      10000         28
   0       14     1955     9914     14288493675     14288503589        11775705       7929       2000      10000         29
   0       14     1955     9910     14288503678     14288513588        11785708       7926       2000      10000         28
   0       14     1955     9910     14288513678     14288523588        11795708       7926       2000      10000         28
   0       14     1955     9909     14288523680     14288533589        11805710       7924       2000      10000         28
   0       14     1955     9912     14288533678     14288543589        11815708       7927       2000      10000         29
   0       14     1955     9912     14288543677     14288553589        11825707       7927       2000      10000         28
   0       14     1955     9911     14288553677     14288563588        11835707       7927       2000      10000         28
   0       14     1955     9890     14288563678     14288573567        11845708       7927       2000      10000          7
   0       14     1955     9987     14288573602     14288583590        11855632       8002       2000      10000         29
   0       14     1955     9910     14288583679     14288593589        11865709       7925       2000      10000         28
   0       14     1955     9912     14288593677     14288603588        11875707       7927       2000      10000         28
   0       14     1955     9909     14288603680     14288613589        11885710       7924       2000      10000         28
   0       14     1955     9886     14288613705     14288623590        11895735       7899       2000      10000         30
   0       14     1955     9910     14288623679     14288633589        11905709       7925       2000      10000         29
   0       14     1955     9911     14288633678     14288643589        11915708       7926       2000      10000         29
   0       14     1955     9910     14288643678     14288653588        11925708       7926       2000      10000         28
   0       14     1955     9913     14288653676     14288663590        11935706       7928       2000      10000         29
   0       14     1955     9910     14288663678     14288673588        11945708       7926       2000      10000         28
   0       14     1955     9912     14288673677     14288683589        11955707       7927       2000      10000         28
   0       14     1955     9907     14288683681     14288693588        11965711       7923       2000      10000         28
   0       14     1955     9912     14288693677     14288703589        11975707       7928       2000      10000         28
   0       14     1955     9908     14288703680     14288713588        11985710       7924       2000      10000         28
   0       14     1955     9910     14288713679     14288723589        11995709       7926       2000      10000         28
   0       14     1955     9911     14288723677     14288733589        12005707       7927       2000      10000         28
   0       14     1955     9914     14288733675     14288743589        12015705       7929       2000      10000         28
   0       14     1955     9893     14288743682     14288753575        12025712       7922       2000      10000         16
   0       14     1956     9973     14288753617     14288763589        12035647       7986       2000      10000         29
   0       14     1983     9916     14288763673     14288773589        12045703       7903       2000      10000         29
   0       14     1955     9911     14288773678     14288783589        12055708       7926       2000      10000         29
   0       14     1955     9909     14288783680     14288793588        12065710       7925       2000      10000         28
   0       14     1955     9910     14288793679     14288803589        12075709       7925       2000      10000         29
   0       14     1955     9912     14288803677     14288813589        12085707       7927       2000      10000         29
   0       14     1955     9912     14288813677     14288823589        12095707       7927       2000      10000         28
   0       14     1955     9909     14288823679     14288833588        12105709       7925       2000      10000         28
   0       14     1955     9910     14288833678     14288843588        12115708       7927       2000      10000         28
   0       14     1956     9912     14288843678     14288853589        12125708       7926       2000      10000         29
   0       14     1955     9910     14288853679     14288863589        12135709       7925       2000      10000         29
   0       14     1955     9910     14288863680     14288873589        12145710       7924       2000      10000         29
   0       14     1955     9911     14288873677     14288883588        12155707       7927       2000      10000         28
   0       14     1955     9912     14288883677     14288893589        12165707       7927       2000      10000         29
   0       14     1955     9912     14288893677     14288903589        12175707       7927       2000      10000         29
   0       14     1955     9909     14288903679     14288913589        12185709       7925       2000      10000         29
   0       14     1955     9905     14288913684     14288923588        12195714       7921       2000      10000         28
   0       14     1955     9911     14288923678     14288933588        12205708       7926       2000      10000         28
   0       14     1955     9912     14288933677     14288943589        12215707       7927       2000      10000         29
   0       14     1955     9873     14288943696     14288953569        12225726       7908       2000      10000          9
   0       14     1958     9956     14288953614     14288963569        12235644       7988       2000      10000          9
   0       14     1959     9978     14288963618     14288973596        12245648       7982       2000      10000         35
   0       14     1955     9903     14288973687     14288983590        12255717       7917       2000      10000         29
   0       14     1955     9907     14288983682     14288993589        12265712       7922       2000      10000         29
   0       14     1955     9911     14288993680     14289003590        12275710       7924       2000      10000         30
   0       14     1956     9912     14289003678     14289013590        12285708       7925       2000      10000         29
   0       14     1955     9909     14289013680     14289023589        12295710       7924       2000      10000         28
   0       14     1955     9910     14289023679     14289033589        12305709       7926       2000      10000         28
   0       14     1955     9909     14289033679     14289043588        12315709       7925       2000      10000         28
   0       14     1955     9911     14289043678     14289053589        12325708       7926       2000      10000         29
   0       14     1955     9910     14289053678     14289063589        12335709       7926       2000      10000         29
   0       14     1955     9906     14289063682     14289073589        12345713       7921       2000      10000         28
   0       14     1955     9912     14289073677     14289083589        12355707       7927       2000      10000         28
   0       14     1955     9905     14289083684     14289093589        12365714       7921       2000      10000         28
   0       14     1955     9930     14289093678     14289103608        12375708       7926       2000      10000         48
   0       14     1955     9908     14289103680     14289113588        12385710       7924       2000      10000         28
   0       14     1955     9911     14289113679     14289123589        12395709       7925       2000      10000         29
   0       14     1955     9912     14289123677     14289133589        12405707       7927       2000      10000         29
   0       14     1955     9910     14289133679     14289143589        12415709       7925       2000      10000         29
   0       14     1955     9908     14289143681     14289153588        12425711       7923       2000      10000         28
   0       14     1955     9911     14289153678     14289163589        12435708       7926       2000      10000         28
   0       14     1955     9910     14289163680     14289173590        12445710       7924       2000      10000         29
   0       14     1955     9911     14289173678     14289183589        12455708       7926       2000      10000         28
   0       14     1955     9910     14289183679     14289193590        12465709       7925       2000      10000         29
   0       14     1955     9910     14289193678     14289203588        12475708       7926       2000      10000         28
   0       14     1955     9912     14289203677     14289213589        12485707       7927       2000      10000         28
   0       14     1955     9911     14289213678     14289223589        12495708       7926       2000      10000         29
   0       14     1955     9909     14289223680     14289233589        12505710       7924       2000      10000         29
   0       14     1955     9909     14289233680     14289243588        12515710       7925       2000      10000         28
   0       14     1955     9909     14289243680     14289253589        12525710       7924       2000      10000         29
   0       14     1955     9909     14289253679     14289263589        12535709       7925       2000      10000         28
   0       14     1955     9911     14289263678     14289273589        12545708       7926       2000      10000         29
   0       14     1955     9888     14289273702     14289283590        12555732       7902       2000      10000         30
   0       14     1955     9910     14289283679     14289293589        12565709       7925       2000      10000         28
   0       14     1955     9910     14289293679     14289303589        12575709       7925       2000      10000         29
   0       14     1955     9908     14289303681     14289313589        12585711       7923       2000      10000         29
   0       14     1955     9912     14289313677     14289323589        12595707       7927       2000      10000         29
   0       14     1955     9909     14289323680     14289333589        12605710       7924       2000      10000         28
   0       14     1955     9911     14289333678     14289343589        12615708       7926       2000      10000         28
   0       14     1955     9906     14289343682     14289353589        12625712       7922       2000      10000         28
   0       14     1955     9909     14289353680     14289363589        12635710       7925       2000      10000         28
   0       14     1955     9887     14289363679     14289373567        12645709       7925       2000      10000          7
   0       14     1955     9963     14289373604     14289383567        12655634       8001       2000      10000          7
   0       14     1955     9962     14289383604     14289393567        12665634       8000       2000      10000          7
   0       14     1955     9986     14289393603     14289403589        12675633       8001       2000      10000         28
   0       14     1955     9914     14289403675     14289413589        12685706       7929       2000      10000         29
   0       14     1955     9910     14289413678     14289423589        12695708       7926       2000      10000         28
   0       14     1955     9912     14289423678     14289433589        12705708       7926       2000      10000         29
   0       14     1955     9909     14289433680     14289443589        12715711       7924       2000      10000         29
   0       14     1955     9910     14289443679     14289453589        12725709       7925       2000      10000         28
   0       14     1955     9910     14289453678     14289463588        12735708       7927       2000      10000         27
   0       14     1955     9911     14289463677     14289473588        12745707       7927       2000      10000         28
   0       14     1955     9911     14289473677     14289483589        12755708       7927       2000      10000         28
   0       14     1955     9913     14289483676     14289493589        12765706       7929       2000      10000         28
   0       14     1955     9911     14289493678     14289503588        12775708       7927       2000      10000         28
   0       14     1955     9910     14289503679     14289513589        12785709       7926       2000      10000         28
   0       14     1955     9909     14289513680     14289523589        12795710       7924       2000      10000         28
   0       14     1955     9911     14289523677     14289533589        12805707       7927       2000      10000         28
   0       14     1955     9910     14289533678     14289543588        12815708       7926       2000      10000         28
   0       14     1955     9907     14289543682     14289553589        12825712       7922       2000      10000         29
   0       14     1955     9907     14289553682     14289563589        12835712       7922       2000      10000         28
   0       14     1955     9913     14289563675     14289573589        12845705       7929       2000      10000         28
   0       14     1955     9910     14289573678     14289583588        12855708       7926       2000      10000         28
   0       14     1955     9912     14289583677     14289593588        12865707       7927       2000      10000         28
   0       14     1955     9909     14289593680     14289603589        12875710       7925       2000      10000         28
   0       14     1955     9897     14289603692     14289613589        12885722       7912       2000      10000         29
   0       14     1955     9910     14289613679     14289623589        12895709       7925       2000      10000         28
   0       14     1955     9910     14289623678     14289633588        12905708       7926       2000      10000         28
   0       14     1955     9913     14289633677     14289643589        12915707       7927       2000      10000         29
   0       14     1955     9912     14289643676     14289653588        12925706       7928       2000      10000         28
   0       14     1955     9913     14289653678     14289663591        12935708       7926       2000      10000         30
   0       14     1955     9911     14289663678     14289673589        12945708       7926       2000      10000         28
   0       14     1955     9908     14289673681     14289683589        12955711       7923       2000      10000         28
   0       14     1955     9910     14289683678     14289693589        12965708       7926       2000      10000         28
   0       14     1955     9910     14289693678     14289703589        12975708       7926       2000      10000         28
   0       14     1955     9910     14289703679     14289713588        12985709       7925       2000      10000         28
   0       14     1955     9911     14289713678     14289723589        12995708       7926       2000      10000         29
   0       14     1955     9914     14289723675     14289733589        13005705       7929       2000      10000         29
   0       14     1955     9910     14289733679     14289743589        13015709       7925       2000      10000         29
   0       14     1955     9890     14289743679     14289753569        13025709       7925       2000      10000          9
   0       14     1985     9980     14289753611     14289763591        13035641       7963       2000      10000         31
   0       14     1985     9913     14289763676     14289773589        13045706       7899       2000      10000         28
   0       14     1955     9908     14289773680     14289783589        13055710       7924       2000      10000         28
   0       14     1955     9910     14289783679     14289793589        13065709       7925       2000      10000         29
   0       14     1955     9911     14289793678     14289803589        13075708       7926       2000      10000         29
   0       14     1955     9913     14289803676     14289813589        13085706       7928       2000      10000         29
   0       14     1955     9910     14289813679     14289823589        13095709       7926       2000      10000         28
   0       14     1955     9911     14289823678     14289833589        13105708       7926       2000      10000         29
   0       14     1955     9913     14289833677     14289843590        13115707       7927       2000      10000         29
   0       14     1955     9909     14289843679     14289853589        13125709       7925       2000      10000         28
   0       14     1955     9910     14289853679     14289863589        13135709       7925       2000      10000         28
   0       14     1955     9911     14289863678     14289873588        13145708       7926       2000      10000         28
   0       14     1955     9912     14289873678     14289883589        13155708       7927       2000      10000         29
   0       14     1955     9910     14289883678     14289893589        13165708       7926       2000      10000         28
   0       14     1955     9909     14289893680     14289903589        13175710       7924       2000      10000         29
   0       14     1955     9912     14289903677     14289913589        13185707       7927       2000      10000         29
   0       14     1955     9911     14289913678     14289923589        13195708       7927       2000      10000         28
   0       14     1955     9905     14289923684     14289933589        13205714       7920       2000      10000         28
   0       14     1955     9895     14289933695     14289943590        13215725       7909       2000      10000         30
   0       14     1955     9908     14289943681     14289953589        13225711       7923       2000      10000         28
   0       14     1955     9909     14289953680     14289963589        13235710       7924       2000      10000         29
   0       14     1955     9911     14289963677     14289973589        13245707       7927       2000      10000         28
   0       14     1955     9909     14289973679     14289983588        13255709       7925       2000      10000         28
   0       14     1955     9910     14289983679     14289993589        13265709       7925       2000      10000         29
   0       14     1955     9890     14289993678     14290003567        13275708       7926       2000      10000          8
   0       14     1955     9985     14290003604     14290013589        13285634       8000       2000      10000         28
   0       14     1955     9907     14290013682     14290023589        13295712       7922       2000      10000         29
   0       14     1956     9910     14290023679     14290033589        13305709       7925       2000      10000         28
   0       14     1955     9912     14290033677     14290043589        13315708       7927       2000      10000         29
   0       14     1955     9910     14290043678     14290053589        13325708       7926       2000      10000         28
   0       14     1955     9909     14290053680     14290063589        13335710       7924       2000      10000         29
   0       14     1955     9911     14290063678     14290073589        13345708       7926       2000      10000         28
   0       14     1955     9910     14290073678     14290083588        13355709       7926       2000      10000         28
   0       14     1955     9910     14290083679     14290093589        13365709       7925       2000      10000         29
   0       14     1956     9890     14290093677     14290103568        13375707       7926       2000      10000          8
   0       14     1955     9985     14290103604     14290113589        13385634       8000       2000      10000         29
   0       14     1955     9912     14290113678     14290123589        13395708       7926       2000      10000         29
   0       14     1955     9912     14290123677     14290133589        13405707       7927       2000      10000         29
   0       14     1955     9909     14290133680     14290143589        13415710       7924       2000      10000         29
   0       14     1955     9910     14290143679     14290153588        13425709       7926       2000      10000         28
   0       14     1955     9909     14290153679     14290163589        13435709       7925       2000      10000         28
   0       14     1955     9911     14290163678     14290173589        13445708       7926       2000      10000         28
   0       14     1955     9910     14290173678     14290183588        13455708       7926       2000      10000         27
   0       14     1955     9909     14290183680     14290193589        13465710       7924       2000      10000         28
   0       14     1955     9911     14290193678     14290203589        13475708       7926       2000      10000         28
   0       14     1955     9911     14290203678     14290213589        13485708       7926       2000      10000         29
   0       14     1955     9910     14290213680     14290223590        13495710       7924       2000      10000         29
   0       14     1955     9911     14290223678     14290233589        13505708       7926       2000      10000         29
   0       14     1955     9909     14290233679     14290243588        13515709       7925       2000      10000         28
   0       14     1955     9911     14290243678     14290253589        13525708       7926       2000      10000         29
   0       14     1955     9912     14290253677     14290263589        13535707       7927       2000      10000         29
   0       14     1955     9894     14290263695     14290273590        13545725       7909       2000      10000         29
   0       14     1955     9912     14290273678     14290283589        13555708       7926       2000      10000         29
   0       14     1955     9912     14290283677     14290293589        13565707       7927       2000      10000         29
   0       14     1955     9908     14290293681     14290303589        13575711       7923       2000      10000         28
   0       14     1955     9911     14290303677     14290313588        13585707       7927       2000      10000         28
   0       14     1955     9910     14290313679     14290323589        13595709       7925       2000      10000         29
   0       14     1955     9909     14290323680     14290333589        13605711       7924       2000      10000         29
   0       14     1955     9912     14290333677     14290343589        13615707       7927       2000      10000         29
   0       14     1955     9888     14290343679     14290353567        13625709       7925       2000      10000          7
   0       14     1955     9963     14290353604     14290363567        13635634       8000       2000      10000          7
   0       14     1955     9963     14290363604     14290373567        13645634       8000       2000      10000          7
   0       14     1955     9964     14290373603     14290383567        13655633       8001       2000      10000          7
   0       14     1955     9986     14290383602     14290393588        13665632       8003       2000      10000         27
   0       14     1955     9910     14290393679     14290403589        13675709       7925       2000      10000         28
   0       14     1955     9910     14290403679     14290413589        13685709       7926       2000      10000         28
   0       14     1955     9911     14290413677     14290423589        13695707       7927       2000      10000         28
   0       14     1955     9910     14290423679     14290433588        13705709       7925       2000      10000         28
   0       14     1955     9911     14290433677     14290443588        13715707       7927       2000      10000         28
   0       14     1955     9912     14290443677     14290453590        13725707       7927       2000      10000         29
   0       14     1955     9912     14290453676     14290463588        13735706       7928       2000      10000         27
   0       14     1955     9911     14290463678     14290473589        13745708       7926       2000      10000         29
   0       14     1955     9907     14290473682     14290483589        13755712       7922       2000      10000         28
   0       14     1955     9911     14290483678     14290493589        13765708       7926       2000      10000         28
   0       14     1955     9910     14290493677     14290503587        13775707       7927       2000      10000         26
   0       14     1955     9908     14290503680     14290513588        13785710       7924       2000      10000         27
   0       14     1955     9912     14290513677     14290523589        13795707       7927       2000      10000         28
   0       14     1955     9910     14290523679     14290533589        13805709       7925       2000      10000         28
   0       14     1955     9911     14290533677     14290543589        13815707       7927       2000      10000         28
   0       14     1955     9911     14290543678     14290553589        13825708       7926       2000      10000         29
   0       14     1955     9915     14290553674     14290563589        13835704       7930       2000      10000         29
   0       14     1955     9908     14290563681     14290573589        13845711       7923       2000      10000         28
   0       14     1955     9890     14290573678     14290583567        13855708       7926       2000      10000          7
   0       14     1955     9987     14290583602     14290593589        13865632       8002       2000      10000         29
   0       14     1955     9897     14290593693     14290603590        13875723       7911       2000      10000         29
   0       14     1955     9910     14290603679     14290613589        13885709       7926       2000      10000         28
   0       14     1955     9911     14290613678     14290623589        13895708       7926       2000      10000         28
   0       14     1955     9911     14290623678     14290633589        13905708       7926       2000      10000         28
   0       14     1955     9909     14290633680     14290643589        13915710       7924       2000      10000         29
   0       14     1955     9910     14290643678     14290653588        13925708       7926       2000      10000         28
   0       14     1955     9911     14290653677     14290663588        13935708       7927       2000      10000         28
   0       14     1955     9908     14290663680     14290673589        13945710       7924       2000      10000         28
   0       14     1955     9912     14290673676     14290683589        13955706       7928       2000      10000         28
   0       14     1955     9910     14290683679     14290693588        13965709       7925       2000      10000         28
   0       14     1955     9910     14290693678     14290703589        13975708       7926       2000      10000         28
   0       14     1955     9911     14290703678     14290713589        13985708       7927       2000      10000         28
   0       14     1955     9914     14290713675     14290723589        13995705       7929       2000      10000         29
   0       14     1955     9910     14290723679     14290733589        14005709       7925       2000      10000         28
   0       14     1955     9912     14290733677     14290743589        14015707       7927       2000      10000         28
   0       14     1955     9887     14290743681     14290753568        14025711       7923       2000      10000          8
   0       14     1985     9981     14290753609     14290763590        14035639       7965       2000      10000         30
   0       14     1983     9908     14290763680     14290773588        14045710       7896       2000      10000         28
   0       14     1955     9909     14290773680     14290783588        14055710       7925       2000      10000         28
   0       14     1955     9912     14290783679     14290793591        14065709       7925       2000      10000         31
   0       14     1955     9912     14290793677     14290803589        14075707       7928       2000      10000         28
   0       14     1955     9909     14290803680     14290813589        14085710       7925       2000      10000         28
   0       14     1955     9907     14290813683     14290823590        14095713       7921       2000      10000         29
   0       14     1955     9912     14290823677     14290833589        14105707       7927       2000      10000         28
   0       14     1955     9910     14290833678     14290843589        14115708       7926       2000      10000         28
   0       14     1955     9911     14290843678     14290853589        14125708       7926       2000      10000         29
   0       14     1955     9910     14290853679     14290863589        14135709       7925       2000      10000         28
   0       14     1955     9911     14290863678     14290873589        14145708       7926       2000      10000         28
   0       14     1955     9913     14290873676     14290883589        14155706       7928       2000      10000         29
   0       14     1955     9910     14290883679     14290893589        14165709       7925       2000      10000         29
   0       14     1955     9911     14290893678     14290903589        14175708       7926       2000      10000         28
   0       14     1955     9911     14290903677     14290913589        14185708       7927       2000      10000         28
   0       14     1955     9909     14290913680     14290923589        14195710       7924       2000      10000         29
   0       14     1955     9895     14290923695     14290933590        14205725       7909       2000      10000         30
   0       14     1955     9907     14290933682     14290943589        14215712       7922       2000      10000         29
   0       14     1955     9905     14290943684     14290953589        14225714       7920       2000      10000         29
   0       14     1955     9911     14290953678     14290963589        14235708       7926       2000      10000         28
   0       14     1955     9909     14290963680     14290973589        14245710       7924       2000      10000         28
   0       14     1955     9909     14290973680     14290983589        14255710       7924       2000      10000         28
   0       14     1955     9912     14290983677     14290993589        14265708       7927       2000      10000         29
   0       14     1955     9892     14290993678     14291003571        14275708       7926       2000      10000         11
   0       14     1960     9983     14291003609     14291013592        14285639       7990       2000      10000         31
   0       14     1955     9881     14291013686     14291023567        14295716       7917       2000      10000          7
   0       14     1955     9984     14291023605     14291033589        14305635       7999       2000      10000         29
   0       14     1955     9912     14291033677     14291043589        14315707       7927       2000      10000         29
   0       14     1955     9909     14291043680     14291053589        14325710       7924       2000      10000         28
   0       14     1955     9911     14291053678     14291063589        14335708       7926       2000      10000         29
   0       14     1955     9909     14291063680     14291073589        14345710       7924       2000      10000         28
   0       14     1955     9910     14291073679     14291083589        14355709       7926       2000      10000         28
   0       14     1955     9907     14291083682     14291093589        14365712       7922       2000      10000         29
   0       14     1955     9911     14291093678     14291103589        14375708       7926       2000      10000         28
   0       14     1955     9911     14291103678     14291113589        14385708       7926       2000      10000         29
   0       14     1955     9911     14291113678     14291123588        14395708       7927       2000      10000         28
   0       14     1955     9908     14291123681     14291133589        14405711       7923       2000      10000         28
   0       14     1955     9912     14291133677     14291143589        14415707       7928       2000      10000         28
   0       14     1955     9910     14291143679     14291153589        14425709       7925       2000      10000         28
   0       14     1955     9912     14291153678     14291163589        14435708       7926       2000      10000         29
   0       14     1955     9909     14291163680     14291173589        14445710       7924       2000      10000         29
   0       14     1955     9910     14291173679     14291183588        14455709       7926       2000      10000         28
   0       14     1955     9912     14291183678     14291193589        14465708       7927       2000      10000         29
   0       14     1955     9910     14291193679     14291203589        14475709       7925       2000      10000         28
   0       14     1955     9908     14291203681     14291213588        14485711       7923       2000      10000         28
   0       14     1955     9912     14291213678     14291223589        14495708       7927       2000      10000         29
   0       14     1955     9910     14291223679     14291233589        14505709       7925       2000      10000         29
   0       14     1955     9912     14291233678     14291243590        14515708       7926       2000      10000         30
   0       14     1955     9910     14291243679     14291253589        14525709       7925       2000      10000         29
   0       14     1955     9894     14291253696     14291263590        14535726       7908       2000      10000         30
   0       14     1955     9912     14291263678     14291273589        14545708       7926       2000      10000         29
   0       14     1955     9911     14291273678     14291283589        14555708       7926       2000      10000         28
   0       14     1955     9908     14291283682     14291293589        14565712       7923       2000      10000         29
   0       14     1955     9911     14291293678     14291303589        14575708       7926       2000      10000         29
   0       14     1955     9910     14291303679     14291313589        14585709       7925       2000      10000         28
   0       14     1955     9887     14291313680     14291323567        14595710       7924       2000      10000          7
   0       14     1955     9904     14291323663     14291333567        14605694       7941       2000      10000          7
   0       14     1955     9985     14291333607     14291343591        14615637       7997       2000      10000         31
   0       14     1955     9909     14291343680     14291353589        14625710       7923       2000      10000         29
   0       14     1955     9907     14291353682     14291363588        14635712       7922       2000      10000         28
   0       14     1955     9905     14291363683     14291373588        14645713       7921       2000      10000         28
   0       14     1955     9907     14291373681     14291383589        14655711       7923       2000      10000         28
   0       14     1955     9907     14291383682     14291393589        14665713       7922       2000      10000         29
   0       14     1955     9912     14291393680     14291403593        14675710       7924       2000      10000         32
   0       14     1955     9905     14291403685     14291413589        14685715       7919       2000      10000         29
   0       14     1955     9908     14291413681     14291423589        14695711       7923       2000      10000         29
   0       14     1955     9909     14291423680     14291433590        14705710       7924       2000      10000         29
   0       14     1955     9908     14291433681     14291443589        14715711       7923       2000      10000         29
   0       14     1955     9911     14291443678     14291453589        14725708       7926       2000      10000         29
   0       14     1955     9909     14291453680     14291463589        14735710       7924       2000      10000         29
   0       14     1955     9907     14291463681     14291473589        14745711       7923       2000      10000         28
   0       14     1955     9909     14291473680     14291483588        14755710       7924       2000      10000         28
   0       14     1955     9908     14291483681     14291493589        14765711       7923       2000      10000         28
   0       14     1955     9907     14291493682     14291503589        14775712       7922       2000      10000         28
   0       14     1955     9910     14291503679     14291513589        14785709       7925       2000      10000         29
   0       14     1955     9909     14291513680     14291523589        14795710       7924       2000      10000         28
   0       14     1955     9910     14291523679     14291533589        14805709       7925       2000      10000         29
   0       14     1955     9909     14291533679     14291543589        14815710       7925       2000      10000         28
   0       14     1955     9909     14291543680     14291553589        14825710       7924       2000      10000         29
   0       14     1955     9909     14291553679     14291563588        14835709       7925       2000      10000         28
   0       14     1955     9908     14291563681     14291573588        14845711       7923       2000      10000         28
   0       14     1955     9907     14291573682     14291583589        14855712       7922       2000      10000         28
   0       14     1955     9890     14291583700     14291593590        14865730       7904       2000      10000         30
   0       14     1955     9909     14291593680     14291603589        14875710       7924       2000      10000         29
   0       14     1955     9910     14291603679     14291613589        14885709       7926       2000      10000         28
   0       14     1955     9910     14291613678     14291623589        14895708       7926       2000      10000         28
   0       14     1955     9903     14291623686     14291633589        14905716       7918       2000      10000         28
   0       14     1955     9909     14291633679     14291643589        14915709       7925       2000      10000         28
   0       14     1956     9908     14291643681     14291653589        14925711       7922       2000      10000         29
   0       14     1955     9909     14291653681     14291663590        14935711       7923       2000      10000         29
   0       14     1955     9911     14291663678     14291673589        14945708       7926       2000      10000         29
   0       14     1955     9911     14291673678     14291683589        14955708       7926       2000      10000         28
   0       14     1955     9910     14291683679     14291693589        14965709       7925       2000      10000         28
   0       14     1956     9886     14291693704     14291703590        14975734       7900       2000      10000         30
   0       14     1956     9902     14291703688     14291713590        14985718       7915       2000      10000         29
   0       14     1956     9883     14291713688     14291723571        14995718       7916       2000      10000         11
   0       14     1955     9957     14291723612     14291733569        15005642       7992       2000      10000          9
   0       14     1955     9966     14291733607     14291743573        15015637       7997       2000      10000         13
   0       14     1955     9952     14291743620     14291753572        15025650       7984       2000      10000         12
   0       14     1983     9972     14291753620     14291763592        15035650       7956       2000      10000         32
   0       14     1984     9910     14291763680     14291773590        15045710       7896       2000      10000         30
   0       14     1955     9907     14291773680     14291783587        15055710       7924       2000      10000         27
   0       14     1955     9913     14291783676     14291793590        15065706       7928       2000      10000         30
   0       14     1955     9907     14291793682     14291803589        15075712       7922       2000      10000         29
   0       14     1955     9910     14291803679     14291813589        15085709       7925       2000      10000         29
   0       14     1955     9913     14291813677     14291823590        15095707       7927       2000      10000         29
   0       14     1955     9890     14291823677     14291833567        15105707       7927       2000      10000          7
   0       14     1955     9983     14291833605     14291843589        15115635       7999       2000      10000         29
   0       14     1955     9910     14291843679     14291853589        15125709       7925       2000      10000         29
   0       14     1956     9910     14291853679     14291863589        15135709       7925       2000      10000         29
   0       14     1955     9914     14291863675     14291873589        15145705       7929       2000      10000         28
   0       14     1955     9910     14291873679     14291883589        15155709       7925       2000      10000         28
   0       14     1955     9912     14291883678     14291893589        15165708       7926       2000      10000         29
   0       14     1955     9906     14291893682     14291903589        15175712       7922       2000      10000         28
   0       14     1955     9912     14291903678     14291913589        15185708       7926       2000      10000         29
   0       14     1955     9888     14291913702     14291923590        15195732       7901       2000      10000         30
   0       14     1955     9911     14291923678     14291933589        15205708       7926       2000      10000         29
   0       14     1955     9910     14291933679     14291943589        15215709       7925       2000      10000         28
   0       14     1955     9913     14291943676     14291953589        15225706       7928       2000      10000         28
   0       14     1955     9909     14291953680     14291963589        15235710       7924       2000      10000         29
   0       14     1955     9910     14291963679     14291973588        15245709       7925       2000      10000         28
   0       14     1955     9910     14291973679     14291983589        15255709       7925       2000      10000         28
   0       14     1955     9911     14291983679     14291993590        15265709       7925       2000      10000         29
   0       14     1955     9908     14291993681     14292003589        15275711       7923       2000      10000         28
   0       14     1955     9912     14292003677     14292013589        15285707       7927       2000      10000         29
   0       14     1955     9910     14292013678     14292023588        15295708       7926       2000      10000         28
   0       14     1955     9912     14292023677     14292033589        15305708       7927       2000      10000         29
   0       14     1955     9908     14292033681     14292043589        15315711       7923       2000      10000         28
   0       14     1955     9912     14292043677     14292053589        15325708       7927       2000      10000         29
   0       14     1955     9911     14292053679     14292063589        15335709       7925       2000      10000         29
   0       14     1955     9912     14292063678     14292073589        15345708       7926       2000      10000         29
   0       14     1955     9912     14292073678     14292083590        15355708       7926       2000      10000         29
   0       14     1955     9911     14292083678     14292093589        15365708       7926       2000      10000         29
   0       14     1955     9907     14292093682     14292103589        15375712       7922       2000      10000         29
   0       14     1955     9906     14292103683     14292113589        15385713       7921       2000      10000         28
   0       14     1955     9909     14292113681     14292123589        15395711       7923       2000      10000         29
   0       14     1955     9911     14292123678     14292133589        15405708       7926       2000      10000         29
   0       14     1955     9906     14292133683     14292143589        15415713       7921       2000      10000         29
   0       14     1955     9911     14292143678     14292153589        15425708       7926       2000      10000         29
   0       14     1955     9911     14292153678     14292163589        15435708       7926       2000      10000         28
   0       14     1955     9910     14292163678     14292173588        15445708       7926       2000      10000         28
   0       14     1955     9912     14292173677     14292183590        15455707       7927       2000      10000         29
   0       14     1955     9889     14292183678     14292193567        15465708       7926       2000      10000          8
   0       14     1955     9987     14292193603     14292203590        15475633       8001       2000      10000         30
   0       14     1955     9909     14292203680     14292213589        15485711       7924       2000      10000         29
   0       14     1955     9909     14292213679     14292223589        15495709       7925       2000      10000         29
   0       14     1955     9912     14292223677     14292233589        15505707       7927       2000      10000         29
   0       14     1955     9908     14292233681     14292243588        15515711       7923       2000      10000         28
   0       14     1955     9894     14292243696     14292253590        15525726       7908       2000      10000         30
   0       14     1955     9910     14292253679     14292263589        15535709       7925       2000      10000         29
   0       14     1955     9910     14292263678     14292273589        15545708       7926       2000      10000         29
   0       14     1955     9907     14292273682     14292283589        15555712       7922       2000      10000         28
   0       14     1955     9886     14292283681     14292293567        15565711       7923       2000      10000          7
   0       14     1955     9962     14292293605     14292303567        15575635       7999       2000      10000          7
   0       14     1955     9996     14292303604     14292313600        15585634       8000       2000      10000         40
   0       14     1955     9951     14292313638     14292323589        15595668       7967       2000      10000         28
   0       14     1955     9910     14292323679     14292333589        15605709       7925       2000      10000         29
   0       14     1955     9909     14292333680     14292343588        15615710       7924       2000      10000         28
   0       14     1955     9911     14292343678     14292353589        15625708       7926       2000      10000         28
   0       14     1955     9907     14292353682     14292363589        15635712       7922       2000      10000         28
   0       14     1955     9910     14292363679     14292373589        15645709       7925       2000      10000         28
   0       14     1955     9908     14292373680     14292383588        15655710       7924       2000      10000         28
   0       14     1955     9889     14292383678     14292393567        15665708       7926       2000      10000          7
   0       14     1955     9987     14292393601     14292403589        15675632       8003       2000      10000         28
   0       14     1955     9910     14292403679     14292413589        15685709       7925       2000      10000         29
   0       14     1955     9911     14292413678     14292423589        15695708       7926       2000      10000         29
   0       14     1955     9912     14292423677     14292433589        15705707       7927       2000      10000         29
   0       14     1955     9907     14292433682     14292443589        15715712       7922       2000      10000         29
   0       14     1955     9911     14292443678     14292453589        15725708       7926       2000      10000         29
   0       14     1955     9908     14292453681     14292463589        15735712       7923       2000      10000         29
   0       14     1955     9910     14292463678     14292473588        15745708       7926       2000      10000         28
   0       14     1955     9910     14292473679     14292483589        15755709       7925       2000      10000         28
   0       14     1955     9910     14292483679     14292493589        15765709       7925       2000      10000         29
   0       14     1955     9909     14292493679     14292503588        15775709       7925       2000      10000         28
   0       14     1955     9912     14292503678     14292513589        15785708       7927       2000      10000         29
   0       14     1955     9912     14292513677     14292523589        15795707       7927       2000      10000         29
   0       14     1955     9909     14292523680     14292533589        15805710       7924       2000      10000         28
   0       14     1955     9908     14292533681     14292543588        15815711       7923       2000      10000         28
   0       14     1955     9911     14292543678     14292553589        15825708       7926       2000      10000         28
   0       14     1955     9909     14292553679     14292563588        15835709       7925       2000      10000         28
   0       14     1955     9910     14292563679     14292573589        15845709       7925       2000      10000         29
   0       14     1955     9894     14292573695     14292583590        15855725       7909       2000      10000         29
   0       14     1955     9916     14292583679     14292593595        15865709       7926       2000      10000         35
   0       14     1955     9956     14292593633     14292603588        15875663       7971       2000      10000         28
   0       14     1955     9912     14292603678     14292613589        15885708       7927       2000      10000         29
   0       14     1955     9908     14292613681     14292623589        15895711       7923       2000      10000         29
   0       14     1955     9910     14292623679     14292633589        15905709       7925       2000      10000         28
   0       14     1955     9911     14292633677     14292643588        15915707       7927       2000      10000         28
   0       14     1955     9909     14292643680     14292653589        15925710       7924       2000      10000         28
   0       14     1955     9909     14292653680     14292663589        15935710       7924       2000      10000         28
   0       14     1955     9912     14292663678     14292673590        15945708       7926       2000      10000         30
   0       14     1955     9909     14292673679     14292683588        15955709       7925       2000      10000         28
   0       14     1955     9912     14292683677     14292693589        15965707       7927       2000      10000         29
   0       14     1955     9913     14292693675     14292703588        15975705       7929       2000      10000         28
   0       14     1955     9909     14292703679     14292713588        15985709       7925       2000      10000         28
   0       14     1955     9907     14292713682     14292723589        15995712       7922       2000      10000         28
   0       14     1955     9909     14292723680     14292733589        16005710       7924       2000      10000         28
   0       14     1955     9910     14292733679     14292743589        16015709       7925       2000      10000         28
   0       14     1955     9885     14292743685     14292753570        16025715       7919       2000      10000         10
   0       14     1986     9980     14292753612     14292763592        16035642       7961       2000      10000         31
   0       14     1984     9912     14292763677     14292773590        16045707       7898       2000      10000         29
   0       14     1955     9912     14292773677     14292783589        16055707       7927       2000      10000         29
   0       14     1955     9909     14292783680     14292793589        16065710       7924       2000      10000         28
   0       14     1955     9908     14292793681     14292803589        16075711       7923       2000      10000         29
   0       14     1955     9910     14292803681     14292813591        16085711       7923       2000      10000         31
   0       14     1955     9910     14292813679     14292823589        16095709       7925       2000      10000         28
   0       14     1955     9911     14292823678     14292833589        16105708       7926       2000      10000         28
   0       14     1955     9910     14292833679     14292843589        16115709       7925       2000      10000         28
   0       14     1955     9911     14292843678     14292853589        16125708       7926       2000      10000         28
   0       14     1955     9914     14292853675     14292863589        16135705       7928       2000      10000         29
   0       14     1955     9909     14292863679     14292873588        16145709       7925       2000      10000         28
   0       14     1955     9910     14292873678     14292883589        16155709       7926       2000      10000         28
   0       14     1955     9909     14292883681     14292893589        16165711       7923       2000      10000         29
   0       14     1955     9911     14292893678     14292903589        16175708       7926       2000      10000         28
   0       14     1955     9894     14292903697     14292913591        16185727       7907       2000      10000         31
   0       14     1955     9908     14292913682     14292923589        16195712       7923       2000      10000         29
   0       14     1955     9911     14292923678     14292933589        16205708       7926       2000      10000         29
   0       14     1955     9913     14292933676     14292943589        16215706       7928       2000      10000         29
   0       14     1955     9909     14292943679     14292953589        16225709       7925       2000      10000         28
   0       14     1955     9912     14292953677     14292963589        16235707       7927       2000      10000         29
   0       14     1955     9908     14292963681     14292973590        16245712       7923       2000      10000         29
   0       14     1955     9910     14292973679     14292983589        16255709       7925       2000      10000         28
   0       14     1955     9910     14292983679     14292993589        16265709       7925       2000      10000         28
   0       14     1955     9911     14292993677     14293003589        16275707       7927       2000      10000         28
   0       14     1955     9914     14293003678     14293013591        16285708       7926       2000      10000         31
   0       14     1955     9907     14293013682     14293023590        16295712       7922       2000      10000         29
   0       14     1955     9909     14293023679     14293033589        16305709       7925       2000      10000         28
   0       14     1955     9911     14293033678     14293043589        16315708       7926       2000      10000         28
   0       14     1955     9911     14293043678     14293053590        16325708       7926       2000      10000         29
   0       14     1955     9911     14293053678     14293063589        16335708       7926       2000      10000         28
   0       14     1955     9909     14293063680     14293073589        16345710       7925       2000      10000         29
   0       14     1955     9909     14293073679     14293083588        16355709       7925       2000      10000         28
   0       14     1955     9912     14293083677     14293093590        16365707       7927       2000      10000         29
   0       14     1955     9910     14293093679     14293103589        16375709       7925       2000      10000         28
   0       14     1955     9909     14293103681     14293113590        16385711       7923       2000      10000         29
   0       14     1955     9911     14293113678     14293123589        16395708       7926       2000      10000         29
   0       14     1955     9911     14293123678     14293133589        16405708       7926       2000      10000         29
   0       14     1955     9909     14293133680     14293143589        16415710       7924       2000      10000         29
   0       14     1955     9911     14293143678     14293153589        16425708       7926       2000      10000         28
   0       14     1955     9909     14293153680     14293163589        16435710       7924       2000      10000         29
   0       14     1955     9911     14293163678     14293173589        16445708       7926       2000      10000         28
   0       14     1955     9912     14293173678     14293183589        16455708       7926       2000      10000         29
   0       14     1955     9909     14293183680     14293193589        16465710       7924       2000      10000         28
   0       14     1955     9911     14293193679     14293203589        16475709       7925       2000      10000         29
   0       14     1955     9912     14293203677     14293213590        16485707       7927       2000      10000         29
   0       14     1955     9910     14293213679     14293223590        16495709       7925       2000      10000         29
   0       14     1955     9909     14293223679     14293233588        16505709       7925       2000      10000         28
   0       14     1955     9896     14293233695     14293243591        16515725       7909       2000      10000         30
   0       14     1955     9910     14293243679     14293253590        16525709       7925       2000      10000         29
   0       14     1955     9911     14293253679     14293263590        16535709       7925       2000      10000         29
   0       14     1955     9884     14293263683     14293273567        16545713       7921       2000      10000          7
   0       14     1955     9962     14293273605     14293283567        16555635       7999       2000      10000          7
   0       14     1955     9984     14293283604     14293293588        16565634       8000       2000      10000         28
   0       14     1955     9911     14293293679     14293303590        16575709       7925       2000      10000         29
   0       14     1955     9912     14293303678     14293313590        16585708       7926       2000      10000         29
   0       14     1955     9910     14293313678     14293323589        16595708       7926       2000      10000         28
   0       14     1955     9910     14293323679     14293333589        16605709       7925       2000      10000         29
   0       14     1955     9909     14293333680     14293343589        16615710       7924       2000      10000         29
   0       14     1955     9909     14293343681     14293353589        16625711       7923       2000      10000         29
   0       14     1955     9911     14293353679     14293363589        16635709       7925       2000      10000         29
   0       14     1955     9911     14293363678     14293373589        16645708       7926       2000      10000         29
   0       14     1955     9911     14293373678     14293383589        16655708       7926       2000      10000         28
   0       14     1955     9910     14293383678     14293393588        16665708       7926       2000      10000         28
   0       14     1955     9909     14293393681     14293403590        16675711       7924       2000      10000         30
   0       14     1955     9911     14293403678     14293413589        16685708       7926       2000      10000         29
   0       14     1955     9910     14293413679     14293423589        16695709       7925       2000      10000         29
   0       14     1955     9907     14293423682     14293433589        16705712       7922       2000      10000         28
   0       14     1955     9911     14293433678     14293443589        16715708       7926       2000      10000         28
   0       14     1955     9910     14293443679     14293453589        16725709       7925       2000      10000         29
   0       14     1955     9912     14293453678     14293463590        16735708       7926       2000      10000         29
   0       14     1955     9909     14293463680     14293473589        16745710       7924       2000      10000         28
   0       14     1955     9909     14293473680     14293483589        16755710       7924       2000      10000         28
   0       14     1955     9912     14293483677     14293493589        16765707       7927       2000      10000         28
   0       14     1955     9910     14293493679     14293503589        16775709       7925       2000      10000         29
   0       14     1955     9909     14293503681     14293513590        16785711       7923       2000      10000         30
   0       14     1955     9909     14293513680     14293523589        16795710       7924       2000      10000         28
   0       14     1955     9909     14293523680     14293533589        16805710       7924       2000      10000         28
   0       14     1955     9905     14293533683     14293543589        16815713       7921       2000      10000         28
   0       14     1955     9910     14293543678     14293553588        16825708       7926       2000      10000         28
   0       14     1955     9909     14293553679     14293563588        16835709       7925       2000      10000         28
   0       14     1955     9897     14293563693     14293573590        16845723       7911       2000      10000         29
   0       14     1955     9910     14293573679     14293583589        16855709       7925       2000      10000         29
   0       14     1955     9911     14293583678     14293593589        16865708       7926       2000      10000         28
   0       14     1955     9911     14293593679     14293603590        16875709       7925       2000      10000         29
   0       14     1955     9910     14293603680     14293613590        16885710       7924       2000      10000         29
   0       14     1955     9909     14293613680     14293623589        16895710       7924       2000      10000         29
   0       14     1955     9911     14293623678     14293633589        16905708       7926       2000      10000         28
   0       14     1955     9907     14293633681     14293643589        16915711       7923       2000      10000         28
   0       14     1955     9910     14293643679     14293653589        16925709       7925       2000      10000         28
   0       14     1955     9910     14293653678     14293663588        16935708       7926       2000      10000         28
   0       14     1955     9911     14293663678     14293673589        16945708       7926       2000      10000         28
   0       14     1955     9910     14293673678     14293683588        16955708       7926       2000      10000         28
   0       14     1955     9910     14293683679     14293693589        16965709       7925       2000      10000         28
   0       14     1955     9909     14293693680     14293703589        16975710       7924       2000      10000         29
   0       14     1955     9910     14293703678     14293713588        16985708       7926       2000      10000         28
   0       14     1955     9908     14293713681     14293723589        16995711       7923       2000      10000         28
   0       14     1955     9912     14293723677     14293733589        17005707       7927       2000      10000         29
   0       14     1955     9910     14293733679     14293743589        17015709       7925       2000      10000         28
   0       14     1955     9892     14293743677     14293753569        17025707       7927       2000      10000          9
   0       14     1986     9983     14293753609     14293763591        17035639       7964       2000      10000         31
   0       14     1984     9911     14293763679     14293773589        17045709       7896       2000      10000         29
   0       14     1955     9911     14293773679     14293783590        17055709       7925       2000      10000         29
   0       14     1955     9911     14293783678     14293793589        17065708       7926       2000      10000         29
   0       14     1955     9909     14293793681     14293803590        17075711       7924       2000      10000         29
   0       14     1955     9909     14293803680     14293813589        17085710       7924       2000      10000         28
   0       14     1955     9911     14293813679     14293823589        17095709       7925       2000      10000         29
   0       14     1955     9909     14293823679     14293833589        17105709       7925       2000      10000         28
   0       14     1955     9912     14293833678     14293843590        17115708       7926       2000      10000         29
   0       14     1956     9903     14293843686     14293853589        17125716       7917       2000      10000         28
   0       14     1955     9911     14293853680     14293863590        17135710       7924       2000      10000         30
   0       14     1955     9909     14293863680     14293873589        17145710       7924       2000      10000         28
   0       14     1955     9907     14293873682     14293883589        17155712       7922       2000      10000         29
   0       14     1955     9910     14293883679     14293893589        17165709       7925       2000      10000         28
   0       14     1956     9888     14293893704     14293903592        17175734       7900       2000      10000         31
   0       14     1955     9909     14293903680     14293913589        17185710       7924       2000      10000         29
   0       14     1955     9911     14293913678     14293923589        17195708       7926       2000      10000         29
   0       14     1955     9912     14293923676     14293933589        17205706       7928       2000      10000         28
   0       14     1955     9910     14293933680     14293943589        17215710       7925       2000      10000         29
   0       14     1955     9910     14293943679     14293953589        17225709       7925       2000      10000         29
   0       14     1955     9911     14293953678     14293963589        17235708       7926       2000      10000         28
   0       14     1955     9911     14293963678     14293973589        17245708       7926       2000      10000         29
   0       14     1955     9910     14293973678     14293983589        17255709       7926       2000      10000         28
   0       14     1955     9909     14293983680     14293993589        17265710       7924       2000      10000         28
   0       14     1955     9913     14293993679     14294003592        17275709       7925       2000      10000         31
   0       14     1955     9902     14294003687     14294013589        17285717       7917       2000      10000         29
   0       14     1955     9909     14294013680     14294023589        17295710       7924       2000      10000         29
   0       14     1955     9911     14294023678     14294033589        17305708       7926       2000      10000         28
   0       14     1955     9911     14294033678     14294043589        17315708       7926       2000      10000         29
   0       14     1955     9910     14294043679     14294053589        17325709       7926       2000      10000         29
   0       14     1955     9911     14294053679     14294063590        17335709       7925       2000      10000         30
   0       14     1955     9910     14294063679     14294073589        17345709       7925       2000      10000         28
   0       14     1955     9911     14294073678     14294083589        17355708       7926       2000      10000         29
   0       14     1955     9912     14294083677     14294093589        17365707       7927       2000      10000         29
   0       14     1955     9912     14294093680     14294103592        17375710       7924       2000      10000         32
   0       14     1955     9908     14294103681     14294113589        17385711       7924       2000      10000         28
   0       14     1955     9913     14294113678     14294123591        17395708       7926       2000      10000         31
   0       14     1955     9911     14294123678     14294133589        17405708       7926       2000      10000         29
   0       14     1955     9908     14294133682     14294143589        17415712       7922       2000      10000         29
   0       14     1955     9912     14294143677     14294153589        17425707       7927       2000      10000         28
   0       14     1955     9909     14294153680     14294163589        17435710       7924       2000      10000         29
   0       14     1955     9910     14294163679     14294173589        17445709       7925       2000      10000         28
   0       14     1955     9908     14294173681     14294183589        17455711       7923       2000      10000         29
   0       14     1955     9913     14294183677     14294193590        17465707       7927       2000      10000         29
   0       14     1955     9889     14294193679     14294203567        17475709       7925       2000      10000          7
   0       14     1955     9987     14294203602     14294213589        17485632       8002       2000      10000         29
   0       14     1955     9883     14294213684     14294223567        17495714       7920       2000      10000          7
   0       14     1955     9947     14294223620     14294233567        17505650       7984       2000      10000          7
   0       14     1955    10001     14294233605     14294243606        17515635       7999       2000      10000         46
   0       14     1955     9945     14294243643     14294253589        17525673       7961       2000      10000         28
   0       14     1955     9909     14294253681     14294263590        17535711       7923       2000      10000         29
   0       14     1955     9912     14294263677     14294273589        17545707       7927       2000      10000         28
   0       14     1955     9909     14294273680     14294283589        17555710       7924       2000      10000         29
   0       14     1955     9911     14294283678     14294293589        17565708       7926       2000      10000         29
   0       14     1955     9910     14294293679     14294303589        17575709       7925       2000      10000         29
   0       14     1955     9903     14294303685     14294313588        17585715       7919       2000      10000         28
   0       14     1955     9911     14294313678     14294323589        17595708       7926       2000      10000         28
   0       14     1955     9911     14294323678     14294333589        17605708       7926       2000      10000         28
   0       14     1955     9909     14294333680     14294343589        17615710       7924       2000      10000         29
   0       14     1955     9906     14294343683     14294353589        17625713       7921       2000      10000         28
   0       14     1955     9910     14294353679     14294363589        17635709       7925       2000      10000         28
   0       14     1955     9910     14294363679     14294373588        17645709       7925       2000      10000         28
   0       14     1955     9911     14294373678     14294383589        17655708       7926       2000      10000         28
   0       14     1955     9904     14294383685     14294393589        17665715       7919       2000      10000         28
   0       14     1955     9890     14294393677     14294403567        17675707       7927       2000      10000          7
   0       14     1955     9984     14294403604     14294413589        17685634       8000       2000      10000         28
   0       14     1955     9909     14294413681     14294423590        17695711       7923       2000      10000         29
   0       14     1955     9911     14294423678     14294433588        17705708       7927       2000      10000         28
   0       14     1955     9910     14294433678     14294443588        17715708       7926       2000      10000         28
   0       14     1955     9910     14294443678     14294453588        17725708       7926       2000      10000         28
   0       14     1955     9910     14294453678     14294463588        17735708       7926       2000      10000         28
   0       14     1955     9909     14294463679     14294473588        17745709       7925       2000      10000         28
   0       14     1955     9911     14294473677     14294483588        17755707       7927       2000      10000         28
   0       14     1955     9910     14294483679     14294493589        17765709       7925       2000      10000         28
   0       14     1955     9909     14294493680     14294503589        17775710       7924       2000      10000         28
   0       14     1955     9912     14294503678     14294513590        17785708       7926       2000      10000         29
   0       14     1955     9908     14294513681     14294523589        17795711       7923       2000      10000         28
   0       14     1955     9909     14294523679     14294533589        17805709       7925       2000      10000         28
   0       14     1955     9912     14294533677     14294543589        17815707       7927       2000      10000         28
   0       14     1955     9909     14294543680     14294553589        17825710       7924       2000      10000         28
   0       14     1955     9896     14294553693     14294563589        17835723       7911       2000      10000         29
   0       14     1955     9910     14294563679     14294573589        17845709       7925       2000      10000         29
   0       14     1955     9912     14294573677     14294583589        17855707       7927       2000      10000         28
   0       14     1955     9911     14294583677     14294593588        17865707       7927       2000      10000         28
   0       14     1955     9909     14294593680     14294603589        17875710       7924       2000      10000         28
   0       14     1955     9911     14294603678     14294613589        17885708       7926       2000      10000         29
   0       14     1955     9910     14294613679     14294623590        17895709       7925       2000      10000         29
   0       14     1955     9909     14294623680     14294633589        17905710       7924       2000      10000         28
   0       14     1955     9911     14294633677     14294643589        17915707       7927       2000      10000         28
   0       14     1955     9911     14294643677     14294653588        17925707       7927       2000      10000         28
   0       14     1955     9912     14294653677     14294663589        17935707       7927       2000      10000         29
   0       14     1955     9912     14294663677     14294673589        17945707       7927       2000      10000         28
   0       14     1955     9913     14294673676     14294683588        17955706       7929       2000      10000         28
   0       14     1955     9909     14294683679     14294693588        17965709       7925       2000      10000         28
   0       14     1955     9910     14294693678     14294703588        17975708       7926       2000      10000         28
   0       14     1955     9910     14294703679     14294713589        17985709       7925       2000      10000         28
   0       14     1955     9912     14294713676     14294723589        17995706       7928       2000      10000         28
   0       14     1955     9911     14294723677     14294733588        18005707       7927       2000      10000         28
   0       14     1955     9912     14294733677     14294743589        18015707       7927       2000      10000         29
   0       14     1955     9892     14294743678     14294753570        18025708       7926       2000      10000         10
   0       14     1958     9980     14294753610     14294763590        18035640       7991       2000      10000         30
   0       14     1984     9909     14294763680     14294773588        18045710       7896       2000      10000         28
   0       14     1955     9911     14294773678     14294783589        18055708       7926       2000      10000         29
   0       14     1955     9908     14294783681     14294793589        18065711       7923       2000      10000         28
   0       14     1955     9910     14294793679     14294803589        18075709       7925       2000      10000         28
   0       14     1955     9909     14294803681     14294813590        18085711       7924       2000      10000         29
   0       14     1955     9906     14294813684     14294823590        18095714       7920       2000      10000         29
   0       14     1955     9911     14294823678     14294833589        18105708       7926       2000      10000         28
   0       14     1955     9903     14294833686     14294843589        18115716       7918       2000      10000         28
   0       14     1955     9910     14294843678     14294853589        18125708       7926       2000      10000         28
   0       14     1955     9908     14294853681     14294863589        18135711       7923       2000      10000         28
   0       14     1955     9908     14294863681     14294873589        18145711       7923       2000      10000         28
   0       14     1955     9911     14294873678     14294883589        18155708       7926       2000      10000         28
   0       14     1955     9896     14294883694     14294893590        18165724       7910       2000      10000         29
   0       14     1955     9909     14294893680     14294903589        18175710       7924       2000      10000         29
   0       14     1955     9910     14294903678     14294913588        18185708       7926       2000      10000         28
   0       14     1955     9912     14294913676     14294923588        18195706       7928       2000      10000         28
   0       14     1955     9909     14294923679     14294933588        18205709       7925       2000      10000         28
   0       14     1955     9912     14294933677     14294943589        18215707       7927       2000      10000         29
   0       14     1956     9910     14294943680     14294953590        18225710       7924       2000      10000         30
   0       14     1955     9910     14294953679     14294963589        18235709       7925       2000      10000         28
   0       14     1955     9911     14294963677     14294973588        18245707       7927       2000      10000         28
   0       14     1955     9910     14294973679     14294983589        18255710       7925       2000      10000         29
   0       14     1955     9910     14294983679     14294993590        18265709       7925       2000      10000         29
   0       14     1955     9907     14294993682     14295003589        18275712       7922       2000      10000         28
   0       14     1955     9906     14295003684     14295013590        18285714       7920       2000      10000         29
   0       14     1955     9909     14295013680     14295023588        18295710       7924       2000      10000         28
   0       14     1955     9911     14295023678     14295033589        18305708       7926       2000      10000         29
   0       14     1955     9906     14295033683     14295043589        18315713       7921       2000      10000         28
   0       14     1955     9912     14295043677     14295053590        18325707       7927       2000      10000         29
   0       14     1955     9909     14295053680     14295063589        18335710       7924       2000      10000         28
   0       14     1955     9912     14295063678     14295073589        18345708       7926       2000      10000         29
   0       14     1955     9913     14295073676     14295083589        18355706       7928       2000      10000         28
   0       14     1955     9912     14295083680     14295093591        18365710       7924       2000      10000         31
   0       14     1955     9907     14295093682     14295103589        18375712       7922       2000      10000         28
   0       14     1955     9910     14295103678     14295113589        18385708       7926       2000      10000         28
   0       14     1955     9910     14295113679     14295123589        18395709       7925       2000      10000         28
   0       14     1955     9912     14295123678     14295133590        18405708       7926       2000      10000         29
   0       14     1955     9911     14295133678     14295143589        18415708       7926       2000      10000         29
   0       14     1955     9908     14295143681     14295153589        18425711       7923       2000      10000         29
   0       14     1955     9912     14295153677     14295163589        18435707       7927       2000      10000         29
   0       14     1955     9910     14295163679     14295173589        18445710       7925       2000      10000         29
   0       14     1955     9911     14295173677     14295183589        18455707       7927       2000      10000         29
   0       14     1955     9911     14295183679     14295193589        18465709       7925       2000      10000         29
   0       14     1955     9883     14295193684     14295203567        18475714       7921       2000      10000          7
   0       14     1955     9963     14295203604     14295213567        18485634       8000       2000      10000          7
   0       14     1955     9969     14295213620     14295223589        18495650       7984       2000      10000         29
   0       14     1955     9912     14295223678     14295233590        18505708       7926       2000      10000         30
   0       14     1955     9910     14295233680     14295243589        18515710       7924       2000      10000         29
   0       14     1955     9909     14295243680     14295253589        18525710       7924       2000      10000         28
   0       14     1955     9911     14295253678     14295263589        18535708       7926       2000      10000         29
   0       14     1955     9911     14295263678     14295273589        18545708       7926       2000      10000         29
   0       14     1955     9910     14295273678     14295283588        18555708       7926       2000      10000         28
   0       14     1955     9908     14295283680     14295293589        18565710       7924       2000      10000         28
   0       14     1955     9909     14295293680     14295303589        18575710       7924       2000      10000         28
   0       14     1955     9911     14295303679     14295313590        18585709       7926       2000      10000         29
   0       14     1955     9911     14295313678     14295323589        18595708       7926       2000      10000         28
   0       14     1955     9908     14295323681     14295333589        18605711       7923       2000      10000         28
   0       14     1955     9910     14295333679     14295343588        18615709       7925       2000      10000         28
   0       14     1955     9911     14295343678     14295353589        18625708       7926       2000      10000         29
   0       14     1955     9910     14295353679     14295363589        18635709       7925       2000      10000         28
   0       14     1955     9911     14295363678     14295373589        18645708       7926       2000      10000         28
   0       14     1955     9910     14295373678     14295383589        18655709       7926       2000      10000         28
   0       14     1955     9911     14295383678     14295393589        18665708       7926       2000      10000         28
   0       14     1955     9910     14295393678     14295403589        18675708       7926       2000      10000         28
   0       14     1955     9909     14295403680     14295413589        18685710       7924       2000      10000         29
   0       14     1955     9909     14295413679     14295423589        18695709       7925       2000      10000         28
   0       14     1955     9911     14295423679     14295433590        18705709       7925       2000      10000         29
   0       14     1955     9910     14295433679     14295443589        18715709       7926       2000      10000         28
   0       14     1955     9910     14295443678     14295453589        18725708       7926       2000      10000         28
   0       14     1955     9910     14295453679     14295463589        18735709       7925       2000      10000         28
   0       14     1955     9912     14295463677     14295473589        18745707       7927       2000      10000         28
   0       14     1955     9910     14295473678     14295483588        18755708       7926       2000      10000         28
   0       14     1955     9909     14295483680     14295493588        18765710       7925       2000      10000         28
   0       14     1955     9909     14295493679     14295503588        18775709       7925       2000      10000         28
   0       14     1955     9911     14295503678     14295513589        18785708       7926       2000      10000         29
   0       14     1955     9908     14295513680     14295523588        18795710       7924       2000      10000         28
   0       14     1955     9912     14295523677     14295533589        18805707       7927       2000      10000         28
   0       14     1955     9909     14295533680     14295543589        18815710       7925       2000      10000         29
   0       14     1955     9897     14295543693     14295553590        18825723       7911       2000      10000         29
   0       14     1955     9910     14295553679     14295563589        18835709       7925       2000      10000         29
   0       14     1955     9907     14295563681     14295573589        18845711       7923       2000      10000         28
   0       14     1955     9911     14295573678     14295583589        18855708       7926       2000      10000         28
   0       14     1955     9909     14295583679     14295593588        18865709       7925       2000      10000         28
   0       14     1955     9910     14295593679     14295603589        18875709       7925       2000      10000         29
   0       14     1955     9911     14295603678     14295613590        18885708       7926       2000      10000         29
   0       14     1955     9909     14295613680     14295623589        18895710       7924       2000      10000         29
   0       14     1955     9912     14295623677     14295633589        18905707       7927       2000      10000         28
   0       14     1955     9910     14295633679     14295643589        18915709       7925       2000      10000         29
   0       14     1955     9912     14295643677     14295653589        18925707       7927       2000      10000         28
   0       14     1955     9911     14295653678     14295663589        18935708       7927       2000      10000         28
   0       14     1955     9909     14295663680     14295673589        18945710       7924       2000      10000         28
   0       14     1955     9910     14295673679     14295683589        18955709       7925       2000      10000         28
   0       14     1955     9911     14295683678     14295693589        18965708       7927       2000      10000         29
   0       14     1955     9909     14295693680     14295703589        18975710       7924       2000      10000         29
   0       14     1955     9912     14295703677     14295713589        18985707       7927       2000      10000         29
   0       14     1955     9911     14295713678     14295723589        18995708       7926       2000      10000         29
   0       14     1955     9911     14295723678     14295733589        19005708       7926       2000      10000         28
   0       14     1955     9912     14295733678     14295743589        19015708       7927       2000      10000         29
   0       14     1955     9892     14295743675     14295753568        19025705       7929       2000      10000          8
   0       14     1958     9982     14295753607     14295763590        19035637       7994       2000      10000         29
   0       14     1984     9912     14295763677     14295773589        19045707       7898       2000      10000         29
   0       14     1955     9907     14295773682     14295783589        19055712       7922       2000      10000         29
   0       14     1955     9908     14295783681     14295793589        19065711       7923       2000      10000         28
   0       14     1955     9910     14295793679     14295803589        19075709       7925       2000      10000         29
   0       14     1955     9913     14295803678     14295813591        19085708       7926       2000      10000         30
   0       14     1955     9908     14295813681     14295823589        19095711       7923       2000      10000         29
   0       14     1955     9914     14295823676     14295833589        19105706       7928       2000      10000         29
   0       14     1955     9909     14295833680     14295843589        19115710       7925       2000      10000         28
   0       14     1956     9912     14295843678     14295853589        19125708       7926       2000      10000         29
   0       14     1955     9908     14295853682     14295863589        19135712       7922       2000      10000         29
   0       14     1955     9911     14295863678     14295873589        19145708       7926       2000      10000         29
   0       14     1955     9895     14295873695     14295883590        19155725       7909       2000      10000         30
   0       14     1955     9906     14295883683     14295893589        19165713       7921       2000      10000         28
   0       14     1955     9911     14295893678     14295903589        19175708       7926       2000      10000         28
   0       14     1955     9909     14295903680     14295913589        19185710       7924       2000      10000         28
   0       14     1955     9909     14295913680     14295923589        19195710       7924       2000      10000         29
   0       14     1955     9911     14295923677     14295933589        19205707       7927       2000      10000         28
   0       14     1955     9908     14295933681     14295943589        19215711       7923       2000      10000         29
   0       14     1955     9910     14295943679     14295953589        19225709       7925       2000      10000         29
   0       14     1955     9911     14295953679     14295963590        19235709       7925       2000      10000         29
   0       14     1955     9911     14295963678     14295973589        19245708       7926       2000      10000         29
   0       14     1955     9910     14295973679     14295983589        19255709       7925       2000      10000         29
   0       14     1955     9913     14295983676     14295993589        19265706       7928       2000      10000         28
   0       14     1955     9904     14295993684     14296003589        19275714       7920       2000      10000         28
   0       14     1955     9911     14296003678     14296013588        19285708       7926       2000      10000         28
   0       14     1955     9908     14296013681     14296023589        19295711       7923       2000      10000         28
   0       14     1955     9912     14296023677     14296033589        19305707       7927       2000      10000         29
   0       14     1955     9910     14296033679     14296043589        19315709       7925       2000      10000         29
   0       14     1955     9911     14296043678     14296053589        19325709       7926       2000      10000         29
   0       14     1955     9911     14296053678     14296063589        19335709       7926       2000      10000         29
   0       14     1955     9914     14296063675     14296073589        19345705       7929       2000      10000         29
   0       14     1955     9909     14296073680     14296083589        19355710       7924       2000      10000         29
   0       14     1955     9907     14296083682     14296093589        19365712       7922       2000      10000         29
   0       14     1955     9908     14296093681     14296103589        19375711       7923       2000      10000         29
   0       14     1955     9911     14296103677     14296113589        19385708       7927       2000      10000         28
   0       14     1955     9908     14296113681     14296123589        19395711       7923       2000      10000         29
   0       14     1955     9913     14296123676     14296133589        19405706       7928       2000      10000         29
   0       14     1955     9913     14296133677     14296143590        19415707       7927       2000      10000         29
   0       14     1955     9914     14296143675     14296153589        19425705       7929       2000      10000         29
   0       14     1955     9885     14296153682     14296163567        19435712       7922       2000      10000          7
   0       14     1955     9964     14296163604     14296173567        19445634       8001       2000      10000          7
   0       14     1955     9983     14296173606     14296183588        19455636       7998       2000      10000         28
   0       14     1955     9909     14296183679     14296193589        19465709       7925       2000      10000         29
   0       14     1955     9910     14296193679     14296203589        19475709       7925       2000      10000         29
   0       14     1955     9897     14296203695     14296213592        19485725       7909       2000      10000         32
   0       14     1955     9906     14296213683     14296223589        19495713       7921       2000      10000         28
   0       14     1955     9911     14296223678     14296233589        19505708       7926       2000      10000         28
   0       14     1955     9908     14296233680     14296243589        19515710       7924       2000      10000         28
   0       14     1955     9912     14296243677     14296253589        19525707       7927       2000      10000         28
   0       14     1955     9911     14296253678     14296263589        19535708       7926       2000      10000         29
   0       14     1955     9911     14296263678     14296273589        19545708       7926       2000      10000         28
   0       14     1955     9912     14296273678     14296283589        19555708       7926       2000      10000         29
   0       14     1955     9911     14296283677     14296293588        19565707       7927       2000      10000         28
   0       14     1955     9912     14296293677     14296303589        19575707       7927       2000      10000         29
   0       14     1955     9911     14296303678     14296313589        19585708       7926       2000      10000         28
   0       14     1955     9908     14296313680     14296323588        19595710       7924       2000      10000         28
   0       14     1955     9913     14296323676     14296333589        19605706       7928       2000      10000         29
   0       14     1955     9910     14296333679     14296343588        19615709       7925       2000      10000         28
   0       14     1956     9913     14296343677     14296353590        19625707       7927       2000      10000         29
   0       14     1955     9910     14296353679     14296363589        19635709       7925       2000      10000         28
   0       14     1955     9910     14296363678     14296373589        19645708       7926       2000      10000         28
   0       14     1955     9911     14296373678     14296383588        19655708       7926       2000      10000         28
   0       14     1955     9911     14296383677     14296393589        19665708       7927       2000      10000         28
   0       14     1955     9908     14296393681     14296403588        19675711       7923       2000      10000         28
   0       14     1955     9891     14296403677     14296413568        19685707       7927       2000      10000          8
   0       14     1955     9985     14296413604     14296423589        19695634       8000       2000      10000         28
   0       14     1955     9910     14296423679     14296433589        19705709       7925       2000      10000         29
   0       14     1955     9910     14296433679     14296443589        19715709       7925       2000      10000         29
   0       14     1955     9911     14296443678     14296453589        19725708       7926       2000      10000         29
   0       14     1955     9912     14296453678     14296463589        19735708       7926       2000      10000         29
   0       14     1955     9910     14296463678     14296473589        19745708       7926       2000      10000         28
   0       14     1955     9908     14296473681     14296483589        19755711       7923       2000      10000         28
   0       14     1955     9912     14296483677     14296493589        19765707       7927       2000      10000         28
   0       14     1955     9910     14296493679     14296503589        19775709       7925       2000      10000         28
   0       14     1955     9908     14296503681     14296513589        19785711       7923       2000      10000         28
   0       14     1955     9912     14296513677     14296523589        19795707       7927       2000      10000         28
   0       14     1955     9909     14296523679     14296533588        19805709       7925       2000      10000         28
   0       14     1955     9893     14296533696     14296543590        19815727       7907       2000      10000         30
   0       14     1955     9911     14296543678     14296553589        19825708       7926       2000      10000         29
   0       14     1955     9908     14296553681     14296563589        19835711       7923       2000      10000         29
   0       14     1955     9911     14296563678     14296573589        19845708       7926       2000      10000         28
   0       14     1955     9909     14296573680     14296583589        19855710       7925       2000      10000         28
   0       14     1955     9910     14296583679     14296593589        19865709       7925       2000      10000         29
   0       14     1955     9911     14296593678     14296603589        19875708       7926       2000      10000         28
   0       14     1955     9911     14296603679     14296613590        19885709       7925       2000      10000         30
   0       14     1955     9962     14296613627     14296623589        19895657       7977       2000      10000         28
   0       14     1955     9910     14296623679     14296633589        19905709       7925       2000      10000         28
   0       14     1955     9907     14296633682     14296643589        19915712       7922       2000      10000         29
   0       14     1955     9909     14296643680     14296653589        19925710       7924       2000      10000         29
   0       14     1955     9909     14296653680     14296663589        19935710       7924       2000      10000         29
   0       14     1955     9908     14296663680     14296673589        19945710       7924       2000      10000         28
   0       14     1955     9911     14296673678     14296683589        19955708       7926       2000      10000         29
   0       14     1955     9911     14296683679     14296693589        19965709       7925       2000      10000         29
   0       14     1955     9910     14296693679     14296703589        19975709       7925       2000      10000         28
   0       14     1955     9911     14296703678     14296713589        19985708       7926       2000      10000         28
