#idx     perf      run   period           start             end          rel_st      slack c_duration   c_period     wu_lat
   0       14     1963     1964      8209317475      8209319440           31202     -22621       2000      10000          0
   0       14     1963    10004      8209319445      8209329449           33172       8031       2000      10000          9
   0       14     1963     9993      8209329453      8209339446           43180       8023       2000      10000          7
   0       14     1963     9996      8209339450      8209349446           53177       8026       2000      10000          6
   0       14     1963     9996      8209349450      8209359446           63177       8026       2000      10000          7
   0       14     1963     9996      8209359450      8209369446           73177       8026       2000      10000          6
   0       14     1963     9996      8209369450      8209379446           83177       8026       2000      10000          6
   0       14     1963     9996      8209379450      8209389446           93177       8026       2000      10000          6
   0       14     1963     9996      8209389450      8209399446          103177       8026       2000      10000          7
   0       14     1963     9996      8209399450      8209409446          113177       8026       2000      10000          6
   0       14     1963     9996      8209409450      8209419446          123177       8026       2000      10000          6
   0       14     1963     9996      8209419450      8209429446          133177       8026       2000      10000          6
   0       14     1963     9996      8209429450      8209439446          143177       8026       2000      10000          7
   0       14     1963     9996      8209439450      8209449446          153177       8026       2000      10000          6
   0       14     1963     9996      8209449450      8209459446          163177       8026       2000      10000          6
   0       14     1963     9996      8209459450      8209469446          173177       8026       2000      10000          6
   0       14     1963     9996      8209469450      8209479446          183177       8026       2000      10000          6
   0       14     1963     9996      8209479450      8209489446          193177       8026       2000      10000          6
   0       14     1963     9996      8209489450      8209499446          203177       8026       2000      10000          6
   0       14     1963     9996      8209499450      8209509446          213177       8026       2000      10000          6
   0       14     1963     9996      8209509450      8209519446          223177       8026       2000      10000          7
   0       14     1963     9996      8209519450      8209529446          233177       8026       2000      10000          6
   0       14     1963     9997      8209529450      8209539447          243177       8026       2000      10000          7
   0       14     1963     9995      8209539451      8209549446          253178       8025       2000      10000          6
   0       14     1963     9996      8209549450      8209559446          263177       8026       2000      10000          7
   0       14     1963     9996      8209559450      8209569446          273177       8026       2000      10000          6
   0       14     1963     9997      8209569450      8209579446          283177       8026       2000      10000          7
   0       14     1963     9996      8209579450      8209589446          293177       8026       2000      10000          6
   0       14     1963     9996      8209589450      8209599446          303177       8026       2000      10000          6
   0       14     1963     9996      8209599450      8209609446          313177       8026       2000      10000          6
   0       14     1963     9996      8209609450      8209619446          323177       8026       2000      10000          7
   0       14     1963     9996      8209619450      8209629446          333177       8026       2000      10000          6
   0       14     1963     9996      8209629450      8209639446          343177       8026       2000      10000          7
   0       14     1963     9972      8209639474      8209649446          353201       8002       2000      10000          7
   0       14     1963     9996      8209649450      8209659446          363177       8026       2000      10000          6
   0       14     1963     9996      8209659450      8209669446          373177       8026       2000      10000          6
   0       14     1963     9996      8209669450      8209679446          383177       8026       2000      10000          6
   0       14     1963     9996      8209679450      8209689446          393177       8026       2000      10000          6
   0       14     1963     9996      8209689450      8209699446          403177       8026       2000      10000          6
   0       14     1963     9996      8209699450      8209709446          413177       8026       2000      10000          6
   0       14     1963     9996      8209709450      8209719446          423177       8026       2000      10000          6
   0       14     1963     9996      8209719450      8209729446          433177       8026       2000      10000          6
   0       14     1963     9996      8209729450      8209739446          443177       8026       2000      10000          7
   0       14     1963     9996      8209739450      8209749446          453177       8026       2000      10000          6
   0       14     1963     9996      8209749450      8209759446          463177       8026       2000      10000          6
   0       14     1963     9996      8209759450      8209769446          473177       8026       2000      10000          6
   0       14     1963     9996      8209769450      8209779446          483177       8026       2000      10000          6
   0       14     1963     9996      8209779450      8209789446          493177       8026       2000      10000          6
   0       14     1963     9996      8209789450      8209799446          503177       8026       2000      10000          6
   0       14     1963     9996      8209799450      8209809446          513177       8026       2000      10000          6
   0       14     1963     9996      8209809450      8209819446          523177       8026       2000      10000          6
   0       14     1963     9996      8209819450      8209829446          533177       8026       2000      10000          6
   0       14     1963     9996      8209829450      8209839446          543177       8026       2000      10000          6
   0       14     1963     9996      8209839450      8209849446          553177       8026       2000      10000          6
   0       14     1963     9996      8209849450      8209859446          563177       8026       2000      10000          6
   0       14     1963     9996      8209859450      8209869446          573177       8026       2000      10000          6
   0       14     1963     9996      8209869450      8209879446          583177       8026       2000      10000          6
   0       14     1963     9996      8209879450      8209889446          593177       8026       2000      10000          6
   0       14     1963     9996      8209889450      8209899446          603177       8026       2000      10000          6
   0       14     1963     9996      8209899450      8209909446          613177       8026       2000      10000          6
   0       14     1963     9996      8209909450      8209919446          623177       8026       2000      10000          6
   0       14     1963     9996      8209919450      8209929446          633177       8026       2000      10000          6
   0       14     1963     9996      8209929450      8209939446          643177       8026       2000      10000          6
   0       14     1963     9996      8209939450      8209949446          653177       8026       2000      10000          6
   0       14     1963     9996      8209949450      8209959446          663177       8026       2000      10000          6
   0       14     1963     9996      8209959450      8209969446          673177       8026       2000      10000          6
   0       14     1963     9982      8209969464      8209979446          683191       8012       2000      10000          7
   0       14     1963     9996      8209979450      8209989446          693177       8026       2000      10000          7
   0       14     1963     9996      8209989450      8209999446          703177       8026       2000      10000          6
   0       14     1963     9996      8209999450      8210009446          713177       8026       2000      10000          6
   0       14     1963     9996      8210009450      8210019446          723177       8026       2000      10000          7
   0       14     1963     9996      8210019450      8210029446          733177       8026       2000      10000          6
   0       14     1963     9996      8210029450      8210039446          743177       8026       2000      10000          7
   0       14     1963     9996      8210039450      8210049446          753177       8026       2000      10000          7
   0       14     1963     9996      8210049450      8210059446          763177       8026       2000      10000          7
   0       14     1963     9996      8210059450      8210069446          773177       8026       2000      10000          7
   0       14     1963     9996      8210069450      8210079446          783177       8026       2000      10000          7
   0       14     1963     9997      8210079450      8210089447          793177       8026       2000      10000          7
   0       14     1963     9996      8210089451      8210099446          803177       8026       2000      10000          7
   0       14     1963     9996      8210099450      8210109446          813177       8026       2000      10000          6
   0       14     1963     9996      8210109450      8210119446          823177       8026       2000      10000          7
   0       14     1963     9996      8210119450      8210129446          833177       8026       2000      10000          6
   0       14     1963     9996      8210129450      8210139446          843177       8026       2000      10000          6
   0       14     1963     9996      8210139450      8210149446          853177       8026       2000      10000          6
   0       14     1963     9996      8210149450      8210159446          863177       8026       2000      10000          6
   0       14     1963     9996      8210159450      8210169446          873177       8026       2000      10000          7
   0       14     1963     9997      8210169450      8210179447          883177       8026       2000      10000          7
   0       14     1963     9996      8210179450      8210189446          893177       8026       2000      10000          6
   0       14     1963     9996      8210189450      8210199446          903177       8026       2000      10000          6
   0       14     1963     9996      8210199450      8210209446          913177       8026       2000      10000          6
   0       14     1963     9996      8210209450      8210219446          923177       8026       2000      10000          6
   0       14     1963     9996      8210219450      8210229446          933177       8026       2000      10000          7
   0       14     1963     9996      8210229450      8210239446          943177       8026       2000      10000          7
   0       14     1963     9996      8210239450      8210249446          953177       8026       2000      10000          6
   0       14     1963     9996      8210249450      8210259446          963177       8026       2000      10000          7
   0       14     1963     9996      8210259450      8210269446          973177       8026       2000      10000          6
   0       14     1963     9996      8210269450      8210279446          983177       8026       2000      10000          6
   0       14     1963     9996      8210279450      8210289446          993177       8026       2000      10000          6
   0       14     1963     9996      8210289450      8210299446         1003177       8026       2000      10000          6
   0       14     1963     9985      8210299461      8210309446         1013188       8015       2000      10000          6
   0       14     1963     9996      8210309450      8210319446         1023177       8026       2000      10000          7
   0       14     1963     9996      8210319450      8210329446         1033177       8026       2000      10000          6
   0       14     1963     9996      8210329450      8210339446         1043177       8026       2000      10000          7
   0       14     1963     9996      8210339450      8210349446         1053177       8026       2000      10000          7
   0       14     1963     9996      8210349450      8210359446         1063177       8026       2000      10000          6
   0       14     1963     9996      8210359450      8210369446         1073177       8026       2000      10000          6
   0       14     1963     9996      8210369450      8210379446         1083177       8026       2000      10000          6
   0       14     1963     9996      8210379450      8210389446         1093177       8026       2000      10000          6
   0       14     1963     9996      8210389450      8210399446         1103177       8026       2000      10000          6
   0       14     1963     9996      8210399450      8210409446         1113177       8026       2000      10000          6
   0       14     1963     9996      8210409450      8210419446         1123177       8026       2000      10000          6
   0       14     1963     9996      8210419450      8210429446         1133177       8026       2000      10000          6
   0       14     1963     9996      8210429450      8210439446         1143177       8026       2000      10000          6
   0       14     1963     9996      8210439450      8210449446         1153177       8026       2000      10000          6
   0       14     1963     9996      8210449450      8210459446         1163177       8026       2000      10000          6
   0       14     1963     9996      8210459450      8210469446         1173177       8026       2000      10000          7
   0       14     1963     9996      8210469450      8210479446         1183177       8026       2000      10000          6
   0       14     1963     9996      8210479450      8210489446         1193177       8026       2000      10000          7
   0       14     1963     9996      8210489450      8210499446         1203177       8026       2000      10000          6
   0       14     1963     9996      8210499450      8210509446         1213177       8026       2000      10000          6
   0       14     1963     9996      8210509450      8210519446         1223177       8026       2000      10000          7
   0       14     1963     9996      8210519450      8210529446         1233177       8026       2000      10000          6
   0       14     1963     9998      8210529450      8210539447         1243177       8026       2000      10000          8
   0       14     1963     9995      8210539451      8210549446         1253178       8025       2000      10000          7
   0       14     1963     9996      8210549450      8210559446         1263177       8026       2000      10000          6
   0       14     1963     9996      8210559450      8210569446         1273177       8026       2000      10000          7
   0       14     1963     9996      8210569450      8210579446         1283177       8026       2000      10000          6
   0       14     1963     9996      8210579450      8210589446         1293177       8026       2000      10000          6
   0       14     1963     9996      8210589450      8210599446         1303177       8026       2000      10000          6
   0       14     1963     9996      8210599450      8210609446         1313177       8026       2000      10000          6
   0       14     1963     9996      8210609450      8210619446         1323177       8026       2000      10000          6
   0       14     1963     9996      8210619450      8210629446         1333177       8026       2000      10000          6
   0       14     1963     9985      8210629461      8210639446         1343188       8015       2000      10000          7
   0       14     1963     9996      8210639450      8210649446         1353177       8026       2000      10000          6
   0       14     1963     9996      8210649450      8210659446         1363177       8026       2000      10000          6
   0       14     1963     9997      8210659450      8210669446         1373177       8026       2000      10000          7
   0       14     1963     9996      8210669450      8210679446         1383177       8026       2000      10000          6
   0       14     1963     9996      8210679450      8210689446         1393177       8026       2000      10000          6
   0       14     1963     9996      8210689450      8210699446         1403177       8026       2000      10000          6
   0       14     1963     9996      8210699450      8210709446         1413177       8026       2000      10000          6
   0       14     1963     9996      8210709450      8210719446         1423177       8026       2000      10000          7
   0       14     1963     9996      8210719450      8210729446         1433177       8026       2000      10000          6
   0       14     1963     9996      8210729450      8210739446         1443177       8026       2000      10000          7
   0       14     1963     9996      8210739450      8210749446         1453177       8026       2000      10000          6
   0       14     1963     9996      8210749450      8210759446         1463177       8026       2000      10000          6
   0       14     1963     9996      8210759450      8210769446         1473177       8026       2000      10000          6
   0       14     1963     9996      8210769450      8210779446         1483177       8026       2000      10000          6
   0       14     1963     9996      8210779450      8210789446         1493177       8026       2000      10000          6
   0       14     1963     9996      8210789450      8210799446         1503177       8026       2000      10000          6
   0       14     1963     9996      8210799450      8210809446         1513177       8026       2000      10000          6
   0       14     1963     9996      8210809450      8210819446         1523177       8026       2000      10000          7
   0       14     1963     9996      8210819450      8210829446         1533177       8026       2000      10000          6
   0       14     1963     9996      8210829450      8210839446         1543177       8026       2000      10000          6
   0       14     1963     9996      8210839450      8210849446         1553177       8026       2000      10000          6
   0       14     1963     9997      8210849449      8210859446         1563176       8027       2000      10000          6
   0       14     1963     9996      8210859450      8210869446         1573177       8026       2000      10000          6
   0       14     1963     9997      8210869449      8210879446         1583176       8027       2000      10000          6
   0       14     1963     9996      8210879450      8210889446         1593177       8026       2000      10000          6
   0       14     1963     9996      8210889450      8210899446         1603177       8026       2000      10000          6
   0       14     1963     9996      8210899450      8210909446         1613177       8026       2000      10000          6
   0       14     1963     9996      8210909450      8210919446         1623177       8026       2000      10000          6
   0       14     1963     9996      8210919450      8210929446         1633177       8026       2000      10000          6
   0       14     1963     9996      8210929450      8210939446         1643177       8026       2000      10000          6
   0       14     1963     9996      8210939450      8210949446         1653177       8026       2000      10000          6
   0       14     1963     9996      8210949450      8210959446         1663177       8026       2000      10000          6
   0       14     1963     9986      8210959460      8210969446         1673187       8016       2000      10000          6
   0       14     1963     9996      8210969450      8210979446         1683177       8026       2000      10000          6
   0       14     1963     9997      8210979450      8210989447         1693177       8026       2000      10000          7
   0       14     1963     9996      8210989450      8210999446         1703177       8026       2000      10000          6
   0       14     1963     9997      8210999450      8211009447         1713177       8026       2000      10000          7
   0       14     1963     9996      8211009450      8211019446         1723177       8026       2000      10000          6
   0       14     1963     9996      8211019450      8211029446         1733177       8026       2000      10000          6
   0       14     1963     9996      8211029450      8211039446         1743177       8026       2000      10000          7
   0       14     1963     9996      8211039450      8211049446         1753177       8026       2000      10000          6
   0       14     1963     9996      8211049450      8211059446         1763177       8026       2000      10000          6
   0       14     1963     9996      8211059450      8211069446         1773177       8026       2000      10000          6
   0       14     1963     9996      8211069450      8211079446         1783177       8026       2000      10000          7
   0       14     1963     9996      8211079450      8211089446         1793177       8026       2000      10000          6
   0       14     1963     9996      8211089450      8211099446         1803177       8026       2000      10000          6
   0       14     1963     9996      8211099450      8211109446         1813177       8026       2000      10000          6
   0       14     1963     9996      8211109450      8211119446         1823177       8026       2000      10000          6
   0       14     1963     9996      8211119450      8211129446         1833177       8026       2000      10000          6
   0       14     1963     9996      8211129450      8211139446         1843177       8026       2000      10000          7
   0       14     1963     9996      8211139450      8211149446         1853177       8026       2000      10000          6
   0       14     1963     9996      8211149450      8211159446         1863177       8026       2000      10000          7
   0       14     1963     9996      8211159450      8211169446         1873177       8026       2000      10000          6
   0       14     1963     9996      8211169450      8211179446         1883177       8026       2000      10000          6
   0       14     1963     9996      8211179450      8211189446         1893177       8026       2000      10000          6
   0       14     1963     9995      8211189450      8211199445         1903177       8026       2000      10000          5
   0       14     1963     9997      8211199449      8211209446         1913176       8028       2000      10000          6
   0       14     1963     9996      8211209450      8211219446         1923177       8026       2000      10000          6
   0       14     1963     9996      8211219450      8211229446         1933177       8026       2000      10000          6
   0       14     1963     9996      8211229450      8211239446         1943177       8026       2000      10000          6
   0       14     1963     9996      8211239450      8211249446         1953177       8026       2000      10000          6
   0       14     1963     9996      8211249450      8211259446         1963177       8026       2000      10000          6
   0       14     1963     9996      8211259450      8211269446         1973177       8026       2000      10000          6
   0       14     1963     9997      8211269450      8211279446         1983177       8026       2000      10000          7
   0       14     1963     9996      8211279450      8211289446         1993177       8026       2000      10000          7
   0       14     1963     9986      8211289460      8211299446         2003187       8016       2000      10000          7
   0       14     1963     9996      8211299450      8211309446         2013177       8026       2000      10000          6
   0       14     1963     9996      8211309450      8211319446         2023177       8026       2000      10000          7
   0       14     1963     9996      8211319450      8211329446         2033177       8026       2000      10000          6
   0       14     1963     9996      8211329450      8211339446         2043177       8026       2000      10000          7
   0       14     1963     9996      8211339450      8211349446         2053177       8026       2000      10000          7
   0       14     1963     9996      8211349450      8211359446         2063177       8026       2000      10000          6
   0       14     1963     9996      8211359450      8211369446         2073177       8026       2000      10000          6
   0       14     1963     9996      8211369450      8211379446         2083177       8026       2000      10000          6
   0       14     1963     9996      8211379450      8211389446         2093177       8026       2000      10000          6
   0       14     1963     9996      8211389450      8211399446         2103177       8026       2000      10000          6
   0       14     1963     9996      8211399450      8211409446         2113177       8026       2000      10000          6
   0       14     1963     9996      8211409450      8211419446         2123177       8026       2000      10000          6
   0       14     1963     9996      8211419450      8211429446         2133177       8026       2000      10000          6
   0       14     1963     9996      8211429450      8211439446         2143177       8026       2000      10000          6
   0       14     1963     9996      8211439450      8211449446         2153177       8026       2000      10000          6
   0       14     1963     9996      8211449450      8211459446         2163177       8026       2000      10000          6
   0       14     1963     9996      8211459450      8211469446         2173177       8026       2000      10000          6
   0       14     1963     9996      8211469450      8211479446         2183177       8026       2000      10000          6
   0       14     1963     9996      8211479450      8211489446         2193177       8026       2000      10000          6
   0       14     1963     9996      8211489450      8211499446         2203177       8027       2000      10000          6
   0       14     1963     9996      8211499450      8211509446         2213177       8026       2000      10000          6
   0       14     1963     9997      8211509450      8211519446         2223177       8026       2000      10000          7
   0       14     1963     9996      8211519450      8211529446         2233177       8026       2000      10000          6
   0       14     1963     9999      8211529450      8211539449         2243177       8026       2000      10000          9
   0       14     1963     9994      8211539453      8211549447         2253179       8024       2000      10000          7
   0       14     1963     9996      8211549450      8211559446         2263177       8026       2000      10000          6
   0       14     1963     9996      8211559450      8211569446         2273177       8026       2000      10000          6
   0       14     1963     9996      8211569450      8211579446         2283177       8026       2000      10000          6
   0       14     1963     9996      8211579450      8211589446         2293177       8026       2000      10000          6
   0       14     1963     9996      8211589450      8211599446         2303177       8026       2000      10000          6
   0       14     1963     9996      8211599450      8211609446         2313177       8026       2000      10000          6
   0       14     1963     9996      8211609450      8211619446         2323177       8026       2000      10000          6
   0       14     1963     9985      8211619461      8211629446         2333188       8015       2000      10000          7
   0       14     1963     9996      8211629450      8211639446         2343177       8026       2000      10000          6
   0       14     1963     9996      8211639450      8211649446         2353177       8026       2000      10000          6
   0       14     1963     9996      8211649450      8211659446         2363177       8026       2000      10000          6
   0       14     1963     9996      8211659450      8211669446         2373177       8026       2000      10000          6
   0       14     1963     9996      8211669450      8211679446         2383177       8026       2000      10000          7
   0       14     1963     9996      8211679450      8211689446         2393177       8026       2000      10000          6
   0       14     1963     9996      8211689450      8211699446         2403177       8026       2000      10000          6
   0       14     1963     9996      8211699450      8211709446         2413177       8026       2000      10000          7
   0       14     1963     9996      8211709450      8211719446         2423177       8026       2000      10000          6
   0       14     1963     9996      8211719450      8211729446         2433177       8026       2000      10000          6
   0       14     1963     9996      8211729450      8211739446         2443177       8026       2000      10000          7
   0       14     1963     9996      8211739450      8211749446         2453177       8026       2000      10000          6
   0       14     1963     9996      8211749450      8211759446         2463177       8026       2000      10000          6
   0       14     1963     9996      8211759450      8211769446         2473177       8026       2000      10000          7
   0       14     1963     9996      8211769450      8211779446         2483177       8026       2000      10000          6
   0       14     1963     9996      8211779450      8211789446         2493177       8026       2000      10000          6
   0       14     1963     9996      8211789450      8211799446         2503177       8026       2000      10000          6
   0       14     1963     9996      8211799450      8211809446         2513177       8026       2000      10000          6
   0       14     1963     9996      8211809450      8211819446         2523177       8026       2000      10000          7
   0       14     1963     9996      8211819450      8211829446         2533177       8026       2000      10000          6
   0       14     1963     9996      8211829450      8211839446         2543177       8026       2000      10000          6
   0       14     1963     9996      8211839450      8211849446         2553177       8026       2000      10000          6
   0       14     1963     9996      8211849450      8211859446         2563177       8026       2000      10000          6
   0       14     1963     9996      8211859450      8211869446         2573177       8026       2000      10000          6
   0       14     1963     9996      8211869450      8211879446         2583177       8026       2000      10000          6
   0       14     1963     9996      8211879450      8211889446         2593177       8026       2000      10000          6
   0       14     1963     9996      8211889450      8211899446         2603177       8026       2000      10000          6
   0       14     1963     9996      8211899450      8211909446         2613177       8026       2000      10000          6
   0       14     1963     9996      8211909450      8211919446         2623177       8026       2000      10000          6
   0       14     1963     9996      8211919450      8211929446         2633177       8026       2000      10000          6
   0       14     1963     9996      8211929450      8211939446         2643177       8026       2000      10000          6
   0       14     1963     9996      8211939450      8211949446         2653177       8026       2000      10000          6
   0       14     1963     9986      8211949461      8211959446         2663187       8016       2000      10000          7
   0       14     1963     9996      8211959450      8211969446         2673177       8026       2000      10000          6
   0       14     1963     9996      8211969450      8211979446         2683177       8026       2000      10000          6
   0       14     1963     9996      8211979450      8211989446         2693177       8026       2000      10000          6
   0       14     1963     9996      8211989450      8211999446         2703177       8026       2000      10000          6
   0       14     1963     9997      8211999450      8212009447         2713177       8026       2000      10000          7
   0       14     1963     9996      8212009450      8212019446         2723177       8026       2000      10000          7
   0       14     1963     9996      8212019450      8212029446         2733177       8026       2000      10000          7
   0       14     1963     9996      8212029450      8212039446         2743177       8026       2000      10000          7
   0       14     1963     9996      8212039450      8212049446         2753177       8026       2000      10000          6
   0       14     1963     9996      8212049450      8212059446         2763177       8026       2000      10000          6
   0       14     1963     9996      8212059450      8212069446         2773177       8027       2000      10000          6
   0       14     1963     9996      8212069450      8212079446         2783177       8026       2000      10000          6
   0       14     1963     9996      8212079450      8212089446         2793177       8026       2000      10000          6
   0       14     1963     9996      8212089450      8212099446         2803177       8026       2000      10000          6
   0       14     1963     9996      8212099450      8212109446         2813177       8026       2000      10000          7
   0       14     1963     9996      8212109450      8212119446         2823177       8026       2000      10000          6
   0       14     1963     9997      8212119450      8212129446         2833177       8026       2000      10000          7
   0       14     1963     9996      8212129450      8212139446         2843177       8026       2000      10000          6
   0       14     1963     9996      8212139450      8212149446         2853177       8026       2000      10000          6
   0       14     1963     9996      8212149450      8212159446         2863177       8026       2000      10000          6
   0       14     1963     9996      8212159450      8212169446         2873177       8026       2000      10000          7
   0       14     1963     9996      8212169450      8212179446         2883177       8026       2000      10000          6
   0       14     1963     9996      8212179450      8212189446         2893177       8026       2000      10000          6
   0       14     1963     9996      8212189450      8212199446         2903177       8026       2000      10000          6
   0       14     1963     9996      8212199450      8212209446         2913177       8026       2000      10000          6
   0       14     1963     9996      8212209450      8212219446         2923177       8026       2000      10000          6
   0       14     1963     9997      8212219450      8212229446         2933177       8026       2000      10000          7
   0       14     1963     9996      8212229450      8212239446         2943177       8026       2000      10000          6
   0       14     1963     9996      8212239450      8212249446         2953177       8026       2000      10000          6
   0       14     1963     9996      8212249450      8212259446         2963177       8026       2000      10000          6
   0       14     1963     9996      8212259450      8212269446         2973177       8026       2000      10000          6
   0       14     1963     9996      8212269450      8212279446         2983177       8026       2000      10000          6
   0       14     1963     9985      8212279461      8212289446         2993188       8015       2000      10000          7
   0       14     1963     9996      8212289450      8212299446         3003177       8026       2000      10000          6
   0       14     1963     9996      8212299450      8212309446         3013177       8026       2000      10000          6
   0       14     1963     9996      8212309450      8212319446         3023177       8026       2000      10000          6
   0       14     1963     9996      8212319450      8212329446         3033177       8026       2000      10000          6
   0       14     1963     9996      8212329450      8212339446         3043177       8026       2000      10000          6
   0       14     1963     9996      8212339450      8212349446         3053177       8026       2000      10000          7
   0       14     1963     9996      8212349450      8212359446         3063177       8026       2000      10000          6
   0       14     1963     9996      8212359450      8212369446         3073177       8026       2000      10000          6
   0       14     1963     9996      8212369450      8212379446         3083177       8026       2000      10000          6
   0       14     1963     9996      8212379450      8212389446         3093177       8026       2000      10000          6
   0       14     1963     9996      8212389450      8212399446         3103177       8026       2000      10000          6
   0       14     1963     9996      8212399450      8212409446         3113177       8026       2000      10000          6
   0       14     1963     9996      8212409450      8212419446         3123177       8026       2000      10000          6
   0       14     1963     9996      8212419450      8212429446         3133177       8026       2000      10000          6
   0       14     1963     9996      8212429450      8212439446         3143177       8026       2000      10000          6
   0       14     1963     9996      8212439450      8212449446         3153177       8026       2000      10000          6
   0       14     1963     9996      8212449450      8212459446         3163177       8026       2000      10000          6
   0       14     1963     9996      8212459450      8212469446         3173177       8026       2000      10000          6
   0       14     1963     9996      8212469450      8212479446         3183177       8026       2000      10000          6
   0       14     1963     9996      8212479450      8212489446         3193177       8026       2000      10000          6
   0       14     1963     9996      8212489450      8212499446         3203177       8026       2000      10000          6
   0       14     1963     9996      8212499450      8212509446         3213177       8026       2000      10000          6
   0       14     1963     9996      8212509450      8212519446         3223177       8026       2000      10000          6
   0       14     1963     9996      8212519450      8212529446         3233177       8026       2000      10000          6
   0       14     1963     9998      8212529450      8212539448         3243177       8026       2000      10000          8
   0       14     1963     9994      8212539452      8212549446         3253179       8024       2000      10000          6
   0       14     1963     9996      8212549450      8212559446         3263177       8026       2000      10000          6
   0       14     1963     9996      8212559450      8212569446         3273177       8026       2000      10000          6
   0       14     1963     9996      8212569450      8212579446         3283177       8026       2000      10000          6
   0       14     1963     9996      8212579450      8212589446         3293177       8026       2000      10000          6
   0       14     1963     9997      8212589450      8212599446         3303177       8026       2000      10000          7
   0       14     1963     9996      8212599450      8212609446         3313177       8026       2000      10000          6
   0       14     1963     9985      8212609461      8212619446         3323188       8015       2000      10000          6
   0       14     1963     9996      8212619450      8212629446         3333177       8026       2000      10000          7
   0       14     1963     9996      8212629450      8212639446         3343177       8026       2000      10000          7
   0       14     1963     9996      8212639450      8212649446         3353177       8026       2000      10000          7
   0       14     1963     9996      8212649450      8212659446         3363177       8026       2000      10000          6
   0       14     1963     9996      8212659450      8212669446         3373177       8026       2000      10000          6
   0       14     1963     9996      8212669450      8212679446         3383177       8026       2000      10000          6
   0       14     1963     9996      8212679450      8212689446         3393177       8026       2000      10000          6
   0       14     1963     9996      8212689450      8212699446         3403177       8026       2000      10000          6
   0       14     1963     9996      8212699450      8212709446         3413177       8026       2000      10000          7
   0       14     1963     9996      8212709450      8212719446         3423177       8026       2000      10000          6
   0       14     1963     9997      8212719450      8212729446         3433177       8026       2000      10000          7
   0       14     1963     9996      8212729450      8212739446         3443177       8026       2000      10000          7
   0       14     1963     9996      8212739450      8212749446         3453177       8026       2000      10000          7
   0       14     1963     9996      8212749450      8212759446         3463177       8026       2000      10000          6
   0       14     1963     9996      8212759450      8212769446         3473177       8026       2000      10000          7
   0       14     1963     9996      8212769450      8212779446         3483177       8026       2000      10000          6
   0       14     1963     9996      8212779450      8212789446         3493177       8026       2000      10000          6
   0       14     1963     9996      8212789450      8212799446         3503177       8026       2000      10000          7
   0       14     1963     9996      8212799450      8212809446         3513177       8026       2000      10000          6
   0       14     1963     9996      8212809450      8212819446         3523177       8026       2000      10000          7
   0       14     1963     9996      8212819450      8212829446         3533177       8026       2000      10000          7
   0       14     1963     9996      8212829450      8212839446         3543177       8026       2000      10000          6
   0       14     1963     9997      8212839450      8212849447         3553177       8026       2000      10000          7
   0       14     1963     9996      8212849450      8212859446         3563177       8026       2000      10000          7
   0       14     1963     9996      8212859450      8212869446         3573177       8026       2000      10000          6
   0       14     1963     9996      8212869450      8212879446         3583177       8026       2000      10000          6
   0       14     1963     9996      8212879450      8212889446         3593177       8026       2000      10000          6
   0       14     1963     9996      8212889450      8212899446         3603177       8026       2000      10000          6
   0       14     1963     9996      8212899450      8212909446         3613177       8026       2000      10000          6
   0       14     1963     9996      8212909450      8212919446         3623177       8026       2000      10000          6
   0       14     1963     9996      8212919450      8212929446         3633177       8026       2000      10000          6
   0       14     1963     9996      8212929450      8212939446         3643177       8026       2000      10000          7
   0       14     1963     9988      8212939460      8212949448         3653187       8016       2000      10000          8
   0       14     1963     9995      8212949452      8212959447         3663179       8024       2000      10000          7
   0       14     1963     9997      8212959450      8212969447         3673177       8026       2000      10000          7
   0       14     1963     9996      8212969451      8212979447         3683178       8025       2000      10000          7
   0       14     1963     9996      8212979450      8212989446         3693177       8026       2000      10000          6
   0       14     1963     9996      8212989450      8212999446         3703177       8026       2000      10000          7
   0       14     1963     9996      8212999450      8213009446         3713177       8026       2000      10000          7
   0       14     1963     9996      8213009450      8213019446         3723177       8026       2000      10000          6
   0       14     1963     9996      8213019450      8213029446         3733177       8026       2000      10000          6
   0       14     1963     9996      8213029450      8213039446         3743177       8026       2000      10000          6
   0       14     1963     9996      8213039450      8213049446         3753177       8026       2000      10000          6
   0       14     1963     9996      8213049450      8213059446         3763177       8026       2000      10000          6
   0       14     1963     9996      8213059450      8213069446         3773177       8026       2000      10000          6
   0       14     1963     9996      8213069450      8213079446         3783177       8026       2000      10000          6
   0       14     1963     9996      8213079450      8213089446         3793177       8026       2000      10000          6
   0       14     1963     9996      8213089450      8213099446         3803177       8026       2000      10000          7
   0       14     1963     9996      8213099450      8213109446         3813177       8026       2000      10000          7
   0       14     1963     9996      8213109450      8213119446         3823177       8026       2000      10000          6
   0       14     1963     9996      8213119450      8213129446         3833177       8026       2000      10000          6
   0       14     1963     9996      8213129450      8213139446         3843177       8026       2000      10000          6
   0       14     1963     9996      8213139450      8213149446         3853177       8026       2000      10000          6
   0       14     1963     9996      8213149450      8213159446         3863177       8026       2000      10000          6
   0       14     1963     9997      8213159450      8213169447         3873177       8026       2000      10000          7
   0       14     1963     9995      8213169451      8213179446         3883177       8026       2000      10000          6
   0       14     1963     9996      8213179450      8213189446         3893177       8026       2000      10000          6
   0       14     1963     9996      8213189450      8213199446         3903177       8026       2000      10000          6
   0       14     1963     9997      8213199450      8213209446         3913177       8026       2000      10000          7
   0       14     1963     9996      8213209450      8213219446         3923177       8026       2000      10000          6
   0       14     1963     9996      8213219450      8213229446         3933177       8026       2000      10000          6
   0       14     1963     9996      8213229450      8213239446         3943177       8026       2000      10000          6
   0       14     1963     9996      8213239450      8213249446         3953177       8026       2000      10000          6
   0       14     1963     9996      8213249450      8213259446         3963177       8026       2000      10000          6
   0       14     1963     9996      8213259450      8213269446         3973177       8026       2000      10000          6
   0       14     1963     9986      8213269460      8213279446         3983187       8016       2000      10000          7
   0       14     1963     9996      8213279450      8213289446         3993177       8026       2000      10000          6
   0       14     1963     9996      8213289450      8213299446         4003177       8026       2000      10000          6
   0       14     1963     9996      8213299450      8213309446         4013177       8026       2000      10000          6
   0       14     1963     9996      8213309450      8213319446         4023177       8026       2000      10000          6
   0       14     1963     9996      8213319450      8213329446         4033177       8026       2000      10000          7
   0       14     1963     9996      8213329450      8213339446         4043177       8026       2000      10000          7
   0       14     1963     9996      8213339450      8213349446         4053177       8026       2000      10000          6
   0       14     1963     9996      8213349450      8213359446         4063177       8026       2000      10000          6
   0       14     1963     9996      8213359450      8213369446         4073177       8026       2000      10000          6
   0       14     1963     9996      8213369450      8213379446         4083177       8026       2000      10000          6
   0       14     1963     9996      8213379450      8213389446         4093177       8026       2000      10000          7
   0       14     1963     9996      8213389450      8213399446         4103177       8026       2000      10000          6
   0       14     1963     9996      8213399450      8213409446         4113177       8026       2000      10000          6
   0       14     1963     9996      8213409450      8213419446         4123177       8026       2000      10000          6
   0       14     1963     9996      8213419450      8213429446         4133177       8027       2000      10000          6
   0       14     1963     9996      8213429450      8213439446         4143177       8026       2000      10000          7
   0       14     1963     9996      8213439450      8213449446         4153177       8026       2000      10000          6
   0       14     1963     9996      8213449450      8213459446         4163177       8026       2000      10000          6
   0       14     1963     9996      8213459450      8213469446         4173177       8026       2000      10000          6
   0       14     1963     9996      8213469450      8213479446         4183177       8026       2000      10000          6
   0       14     1963     9996      8213479450      8213489446         4193177       8026       2000      10000          6
   0       14     1963     9996      8213489450      8213499446         4203177       8026       2000      10000          6
   0       14     1963     9996      8213499450      8213509446         4213177       8026       2000      10000          6
   0       14     1963     9996      8213509450      8213519446         4223177       8026       2000      10000          6
   0       14     1963     9996      8213519450      8213529446         4233177       8026       2000      10000          6
   0       14     1963     9999      8213529450      8213539449         4243177       8026       2000      10000          9
   0       14     1963     9994      8213539453      8213549446         4253179       8024       2000      10000          7
   0       14     1963     9996      8213549450      8213559446         4263177       8026       2000      10000          6
   0       14     1963     9996      8213559450      8213569446         4273177       8026       2000      10000          6
   0       14     1963     9996      8213569450      8213579446         4283177       8026       2000      10000          7
   0       14     1963     9996      8213579450      8213589446         4293177       8026       2000      10000          6
   0       14     1963     9996      8213589450      8213599446         4303177       8026       2000      10000          6
   0       14     1963     9985      8213599461      8213609446         4313188       8015       2000      10000          7
   0       14     1963     9996      8213609450      8213619446         4323177       8026       2000      10000          6
   0       14     1963     9996      8213619450      8213629446         4333177       8026       2000      10000          6
   0       14     1963     9997      8213629450      8213639447         4343177       8026       2000      10000          7
   0       14     1963     9996      8213639451      8213649446         4353178       8026       2000      10000          7
   0       14     1963     9996      8213649450      8213659446         4363177       8026       2000      10000          7
   0       14     1963     9996      8213659450      8213669446         4373177       8026       2000      10000          6
   0       14     1963     9996      8213669450      8213679446         4383177       8026       2000      10000          6
   0       14     1963     9996      8213679450      8213689446         4393177       8026       2000      10000          6
   0       14     1963     9996      8213689450      8213699446         4403177       8026       2000      10000          6
   0       14     1963     9996      8213699450      8213709446         4413177       8026       2000      10000          6
   0       14     1963     9996      8213709450      8213719446         4423177       8026       2000      10000          6
   0       14     1963     9996      8213719450      8213729446         4433177       8026       2000      10000          6
   0       14     1963     9996      8213729450      8213739446         4443177       8026       2000      10000          6
   0       14     1963     9996      8213739450      8213749446         4453177       8026       2000      10000          6
   0       14     1963     9996      8213749450      8213759446         4463177       8026       2000      10000          6
   0       14     1963     9996      8213759450      8213769446         4473177       8026       2000      10000          6
   0       14     1963     9996      8213769450      8213779446         4483177       8026       2000      10000          7
   0       14     1963     9996      8213779450      8213789446         4493177       8026       2000      10000          6
   0       14     1963     9996      8213789450      8213799446         4503177       8026       2000      10000          7
   0       14     1963     9996      8213799450      8213809446         4513177       8026       2000      10000          6
   0       14     1963     9996      8213809450      8213819446         4523177       8026       2000      10000          6
   0       14     1963     9996      8213819450      8213829446         4533177       8026       2000      10000          6
   0       14     1963     9996      8213829450      8213839446         4543177       8026       2000      10000          6
   0       14     1963     9996      8213839450      8213849446         4553177       8026       2000      10000          6
   0       14     1963     9996      8213849450      8213859446         4563177       8026       2000      10000          6
   0       14     1963     9996      8213859450      8213869446         4573177       8026       2000      10000          6
   0       14     1963     9996      8213869450      8213879446         4583177       8026       2000      10000          6
   0       14     1963     9996      8213879450      8213889446         4593177       8026       2000      10000          7
   0       14     1963     9996      8213889450      8213899446         4603177       8026       2000      10000          7
   0       14     1963     9996      8213899450      8213909446         4613177       8026       2000      10000          6
   0       14     1963     9996      8213909450      8213919446         4623177       8026       2000      10000          6
   0       14     1963     9996      8213919450      8213929446         4633177       8026       2000      10000          6
   0       14     1963     9986      8213929460      8213939446         4643187       8016       2000      10000          7
   0       14     1963     9996      8213939450      8213949446         4653177       8026       2000      10000          7
   0       14     1963     9996      8213949450      8213959446         4663177       8026       2000      10000          7
   0       14     1963     9996      8213959450      8213969446         4673177       8026       2000      10000          6
   0       14     1963     9996      8213969450      8213979446         4683177       8026       2000      10000          7
   0       14     1963     9996      8213979450      8213989446         4693177       8026       2000      10000          6
   0       14     1963     9996      8213989450      8213999446         4703177       8026       2000      10000          6
   0       14     1963     9996      8213999450      8214009446         4713177       8026       2000      10000          6
   0       14     1963     9996      8214009450      8214019446         4723177       8026       2000      10000          6
   0       14     1963     9996      8214019450      8214029446         4733177       8026       2000      10000          6
   0       14     1963     9996      8214029450      8214039446         4743177       8026       2000      10000          6
   0       14     1963     9996      8214039450      8214049446         4753177       8026       2000      10000          6
   0       14     1963     9996      8214049450      8214059446         4763177       8026       2000      10000          7
   0       14     1963     9996      8214059450      8214069446         4773177       8026       2000      10000          7
   0       14     1963     9996      8214069450      8214079446         4783177       8026       2000      10000          6
   0       14     1963     9996      8214079450      8214089446         4793177       8026       2000      10000          6
   0       14     1963     9996      8214089450      8214099446         4803177       8026       2000      10000          6
   0       14     1963     9996      8214099450      8214109446         4813177       8026       2000      10000          6
   0       14     1963     9996      8214109450      8214119446         4823177       8026       2000      10000          6
   0       14     1963     9996      8214119450      8214129446         4833177       8026       2000      10000          7
   0       14     1963     9996      8214129450      8214139446         4843177       8026       2000      10000          6
   0       14     1963     9996      8214139450      8214149446         4853177       8026       2000      10000          7
   0       14     1963     9996      8214149450      8214159446         4863177       8026       2000      10000          7
   0       14     1963     9996      8214159450      8214169446         4873177       8026       2000      10000          6
   0       14     1963     9996      8214169450      8214179446         4883177       8026       2000      10000          6
   0       14     1963     9996      8214179450      8214189446         4893177       8026       2000      10000          6
   0       14     1963     9996      8214189450      8214199446         4903177       8026       2000      10000          7
   0       14     1963     9996      8214199450      8214209446         4913177       8026       2000      10000          6
   0       14     1963     9996      8214209450      8214219446         4923177       8026       2000      10000          6
   0       14     1963     9996      8214219450      8214229446         4933177       8027       2000      10000          6
   0       14     1963     9996      8214229450      8214239446         4943177       8026       2000      10000          6
   0       14     1963     9996      8214239450      8214249446         4953177       8026       2000      10000          6
   0       14     1963     9996      8214249450      8214259446         4963177       8026       2000      10000          6
   0       14     1963     9986      8214259460      8214269446         4973187       8016       2000      10000          6
   0       14     1963     9996      8214269450      8214279446         4983177       8026       2000      10000          7
   0       14     1963     9997      8214279450      8214289447         4993177       8026       2000      10000          7
   0       14     1963     9996      8214289451      8214299446         5003177       8026       2000      10000          7
   0       14     1963     9996      8214299450      8214309446         5013177       8026       2000      10000          7
   0       14     1963     9996      8214309450      8214319446         5023177       8026       2000      10000          7
   0       14     1963     9996      8214319450      8214329446         5033177       8026       2000      10000          6
   0       14     1963     9996      8214329450      8214339446         5043177       8026       2000      10000          7
   0       14     1963     9996      8214339450      8214349446         5053177       8026       2000      10000          6
   0       14     1963     9996      8214349450      8214359446         5063177       8026       2000      10000          7
   0       14     1963     9996      8214359450      8214369447         5073177       8026       2000      10000          7
   0       14     1963     9996      8214369450      8214379446         5083177       8026       2000      10000          7
   0       14     1963     9996      8214379450      8214389446         5093177       8026       2000      10000          7
   0       14     1963     9996      8214389450      8214399446         5103177       8026       2000      10000          6
   0       14     1963     9996      8214399450      8214409446         5113177       8026       2000      10000          6
   0       14     1963     9996      8214409450      8214419446         5123177       8026       2000      10000          6
   0       14     1963     9996      8214419450      8214429446         5133177       8026       2000      10000          7
   0       14     1963     9996      8214429450      8214439446         5143177       8026       2000      10000          6
   0       14     1963     9996      8214439450      8214449446         5153177       8026       2000      10000          6
   0       14     1963     9996      8214449450      8214459446         5163177       8026       2000      10000          6
   0       14     1963     9996      8214459450      8214469446         5173177       8026       2000      10000          6
   0       14     1963     9996      8214469450      8214479446         5183177       8026       2000      10000          6
   0       14     1963     9996      8214479450      8214489446         5193177       8026       2000      10000          6
   0       14     1963     9996      8214489450      8214499446         5203177       8026       2000      10000          6
   0       14     1963     9996      8214499450      8214509446         5213177       8026       2000      10000          6
   0       14     1963     9996      8214509450      8214519446         5223177       8026       2000      10000          6
   0       14     1963     9996      8214519450      8214529446         5233177       8026       2000      10000          6
   0       14     1963     9998      8214529450      8214539448         5243177       8026       2000      10000          8
   0       14     1963     9994      8214539452      8214549446         5253179       8024       2000      10000          6
   0       14     1963     9996      8214549450      8214559446         5263177       8026       2000      10000          7
   0       14     1963     9996      8214559450      8214569446         5273177       8026       2000      10000          7
   0       14     1963     9996      8214569450      8214579446         5283177       8026       2000      10000          6
   0       14     1963     9996      8214579450      8214589446         5293177       8026       2000      10000          6
   0       14     1963     9984      8214589462      8214599446         5303189       8014       2000      10000          7
   0       14     1963     9996      8214599450      8214609446         5313177       8026       2000      10000          7
   0       14     1963     9996      8214609450      8214619446         5323177       8026       2000      10000          6
   0       14     1963     9996      8214619450      8214629446         5333177       8026       2000      10000          6
   0       14     1963     9997      8214629450      8214639447         5343177       8026       2000      10000          7
   0       14     1963     9996      8214639450      8214649446         5353177       8026       2000      10000          7
   0       14     1963     9996      8214649450      8214659446         5363177       8026       2000      10000          6
   0       14     1963     9996      8214659450      8214669446         5373177       8026       2000      10000          6
   0       14     1963     9996      8214669450      8214679446         5383177       8026       2000      10000          7
   0       14     1963     9996      8214679450      8214689446         5393177       8026       2000      10000          7
   0       14     1963     9996      8214689450      8214699446         5403177       8026       2000      10000          6
   0       14     1963     9996      8214699450      8214709446         5413177       8026       2000      10000          6
   0       14     1963     9996      8214709450      8214719446         5423177       8026       2000      10000          7
   0       14     1963     9996      8214719450      8214729446         5433177       8026       2000      10000          6
   0       14     1963     9996      8214729450      8214739446         5443177       8026       2000      10000          6
   0       14     1963     9996      8214739450      8214749446         5453177       8026       2000      10000          6
   0       14     1963     9996      8214749450      8214759446         5463177       8026       2000      10000          6
   0       14     1963     9996      8214759450      8214769446         5473177       8027       2000      10000          6
   0       14     1963     9996      8214769450      8214779446         5483177       8026       2000      10000          6
   0       14     1963     9996      8214779450      8214789446         5493177       8026       2000      10000          6
   0       14     1963     9996      8214789450      8214799446         5503177       8027       2000      10000          6
   0       14     1963     9997      8214799450      8214809446         5513177       8027       2000      10000          7
   0       14     1963     9996      8214809450      8214819446         5523177       8026       2000      10000          6
   0       14     1963     9996      8214819450      8214829446         5533177       8026       2000      10000          6
   0       14     1963     9996      8214829450      8214839446         5543177       8026       2000      10000          6
   0       14     1963     9996      8214839450      8214849446         5553177       8026       2000      10000          6
   0       14     1963     9996      8214849450      8214859446         5563177       8026       2000      10000          6
   0       14     1963     9997      8214859449      8214869446         5573176       8027       2000      10000          6
   0       14     1963     9996      8214869450      8214879446         5583177       8026       2000      10000          6
   0       14     1963     9997      8214879450      8214889446         5593177       8026       2000      10000          7
   0       14     1963     9996      8214889450      8214899446         5603177       8026       2000      10000          6
   0       14     1963     9996      8214899450      8214909446         5613177       8026       2000      10000          6
   0       14     1963     9996      8214909450      8214919446         5623177       8026       2000      10000          6
   0       14     1963     9986      8214919460      8214929446         5633187       8016       2000      10000          7
   0       14     1963     9996      8214929450      8214939446         5643177       8026       2000      10000          6
   0       14     1963     9996      8214939450      8214949446         5653177       8026       2000      10000          7
   0       14     1963     9996      8214949450      8214959446         5663177       8026       2000      10000          6
   0       14     1963     9997      8214959450      8214969446         5673177       8027       2000      10000          7
   0       14     1963     9996      8214969450      8214979446         5683177       8026       2000      10000          6
   0       14     1963     9996      8214979450      8214989446         5693177       8026       2000      10000          6
   0       14     1963     9996      8214989450      8214999446         5703177       8026       2000      10000          6
   0       14     1963     9997      8214999450      8215009447         5713177       8026       2000      10000          7
   0       14     1963     9996      8215009450      8215019446         5723177       8026       2000      10000          6
   0       14     1963     9996      8215019450      8215029446         5733177       8027       2000      10000          6
   0       14     1963     9996      8215029450      8215039446         5743177       8026       2000      10000          6
   0       14     1963     9996      8215039450      8215049446         5753177       8026       2000      10000          6
   0       14     1963     9996      8215049450      8215059446         5763177       8026       2000      10000          6
   0       14     1963     9996      8215059450      8215069446         5773177       8026       2000      10000          6
   0       14     1963     9996      8215069450      8215079446         5783177       8026       2000      10000          6
   0       14     1963     9996      8215079450      8215089446         5793177       8026       2000      10000          6
   0       14     1963     9996      8215089450      8215099446         5803177       8026       2000      10000          6
   0       14     1963     9996      8215099450      8215109446         5813177       8026       2000      10000          6
   0       14     1963     9996      8215109450      8215119446         5823177       8026       2000      10000          6
   0       14     1963     9996      8215119450      8215129446         5833177       8026       2000      10000          6
   0       14     1963    10000      8215129450      8215139450         5843177       8026       2000      10000         11
   0       14     1964     9994      8215139454      8215149448         5853181       8021       2000      10000          8
   0       14     1963     9995      8215149452      8215159446         5863179       8024       2000      10000          7
   0       14     1963     9996      8215159450      8215169447         5873177       8026       2000      10000          7
   0       14     1963     9996      8215169450      8215179446         5883177       8026       2000      10000          6
   0       14     1963     9996      8215179450      8215189446         5893177       8026       2000      10000          7
   0       14     1963     9996      8215189450      8215199446         5903177       8026       2000      10000          6
   0       14     1963     9996      8215199450      8215209446         5913177       8026       2000      10000          6
   0       14     1963     9996      8215209450      8215219446         5923177       8027       2000      10000          6
   0       14     1963     9997      8215219450      8215229446         5933177       8026       2000      10000          7
   0       14     1963     9996      8215229450      8215239446         5943177       8026       2000      10000          6
   0       14     1963     9996      8215239450      8215249446         5953177       8026       2000      10000          6
   0       14     1963     9982      8215249465      8215259446         5963192       8011       2000      10000          7
   0       14     1963     9996      8215259450      8215269446         5973177       8026       2000      10000          6
   0       14     1963     9996      8215269450      8215279446         5983177       8026       2000      10000          6
   0       14     1963     9997      8215279450      8215289446         5993177       8026       2000      10000          7
   0       14     1963     9996      8215289450      8215299446         6003177       8026       2000      10000          6
   0       14     1963     9996      8215299450      8215309446         6013177       8026       2000      10000          7
   0       14     1963     9996      8215309450      8215319446         6023177       8026       2000      10000          6
   0       14     1963     9996      8215319450      8215329446         6033177       8026       2000      10000          7
   0       14     1963     9996      8215329450      8215339446         6043177       8026       2000      10000          6
   0       14     1963     9996      8215339450      8215349446         6053177       8026       2000      10000          7
   0       14     1963     9996      8215349450      8215359446         6063177       8026       2000      10000          6
   0       14     1963     9996      8215359450      8215369446         6073177       8026       2000      10000          6
   0       14     1963     9997      8215369450      8215379447         6083177       8026       2000      10000          7
   0       14     1963     9996      8215379450      8215389446         6093177       8026       2000      10000          6
   0       14     1963     9996      8215389450      8215399446         6103177       8026       2000      10000          6
   0       14     1963     9996      8215399450      8215409446         6113177       8026       2000      10000          6
   0       14     1963     9996      8215409450      8215419446         6123177       8026       2000      10000          7
   0       14     1963     9996      8215419450      8215429446         6133177       8026       2000      10000          7
   0       14     1963     9996      8215429450      8215439446         6143177       8026       2000      10000          6
   0       14     1963     9996      8215439450      8215449446         6153177       8026       2000      10000          6
   0       14     1963     9996      8215449450      8215459446         6163177       8026       2000      10000          6
   0       14     1963     9996      8215459450      8215469446         6173177       8026       2000      10000          6
   0       14     1963     9996      8215469450      8215479446         6183177       8026       2000      10000          7
   0       14     1963     9996      8215479450      8215489446         6193177       8026       2000      10000          6
   0       14     1963     9996      8215489450      8215499446         6203177       8026       2000      10000          6
   0       14     1963     9996      8215499450      8215509446         6213177       8026       2000      10000          6
   0       14     1963     9996      8215509450      8215519446         6223177       8026       2000      10000          6
   0       14     1963     9996      8215519450      8215529446         6233177       8026       2000      10000          6
   0       14     1963    10000      8215529450      8215539450         6243177       8026       2000      10000         10
   0       14     1992     9992      8215539454      8215549446         6253181       7993       2000      10000          6
   0       14     1992     9997      8215549450      8215559446         6263176       7998       2000      10000          6
   0       14     1963     9996      8215559450      8215569446         6273177       8026       2000      10000          6
   0       14     1963     9996      8215569450      8215579446         6283177       8026       2000      10000          6
   0       14     1963     9985      8215579462      8215589446         6293189       8014       2000      10000          7
   0       14     1963     9996      8215589450      8215599446         6303177       8026       2000      10000          6
   0       14     1963     9996      8215599450      8215609446         6313177       8026       2000      10000          6
   0       14     1963     9996      8215609450      8215619446         6323177       8026       2000      10000          6
   0       14     1963     9996      8215619450      8215629446         6333177       8026       2000      10000          6
   0       14     1963     9996      8215629450      8215639446         6343177       8026       2000      10000          6
   0       14     1963     9996      8215639450      8215649446         6353177       8026       2000      10000          7
   0       14     1963     9996      8215649450      8215659447         6363177       8026       2000      10000          7
   0       14     1963     9996      8215659450      8215669446         6373177       8026       2000      10000          6
   0       14     1963     9996      8215669450      8215679446         6383177       8026       2000      10000          6
   0       14     1963     9996      8215679450      8215689446         6393177       8026       2000      10000          6
   0       14     1963     9996      8215689450      8215699446         6403177       8026       2000      10000          6
   0       14     1963     9996      8215699450      8215709446         6413177       8026       2000      10000          6
   0       14     1963     9996      8215709450      8215719446         6423177       8026       2000      10000          6
   0       14     1963     9996      8215719450      8215729446         6433177       8026       2000      10000          6
   0       14     1963     9996      8215729450      8215739446         6443177       8026       2000      10000          6
   0       14     1963     9996      8215739450      8215749446         6453177       8026       2000      10000          7
   0       14     1963     9996      8215749450      8215759446         6463177       8026       2000      10000          6
   0       14     1963     9996      8215759450      8215769446         6473177       8026       2000      10000          7
   0       14     1963     9996      8215769450      8215779446         6483177       8026       2000      10000          6
   0       14     1963     9996      8215779450      8215789446         6493177       8026       2000      10000          6
   0       14     1963     9996      8215789450      8215799446         6503177       8026       2000      10000          6
   0       14     1963     9996      8215799450      8215809446         6513177       8026       2000      10000          6
   0       14     1963     9996      8215809450      8215819446         6523177       8026       2000      10000          6
   0       14     1963     9996      8215819450      8215829446         6533177       8026       2000      10000          6
   0       14     1963     9996      8215829450      8215839446         6543177       8026       2000      10000          6
   0       14     1963     9996      8215839450      8215849446         6553177       8026       2000      10000          6
   0       14     1963     9996      8215849450      8215859446         6563177       8026       2000      10000          6
   0       14     1963     9996      8215859450      8215869446         6573177       8026       2000      10000          6
   0       14     1963     9996      8215869450      8215879446         6583177       8026       2000      10000          6
   0       14     1963     9996      8215879450      8215889446         6593177       8026       2000      10000          6
   0       14     1963     9996      8215889450      8215899446         6603177       8026       2000      10000          6
   0       14     1963     9996      8215899450      8215909446         6613177       8026       2000      10000          6
   0       14     1963     9985      8215909461      8215919446         6623188       8015       2000      10000          7
   0       14     1963     9996      8215919450      8215929446         6633177       8026       2000      10000          6
   0       14     1963     9997      8215929450      8215939446         6643177       8026       2000      10000          7
   0       14     1963     9996      8215939450      8215949446         6653177       8026       2000      10000          6
   0       14     1963     9996      8215949450      8215959446         6663177       8026       2000      10000          6
   0       14     1963     9996      8215959450      8215969446         6673177       8026       2000      10000          6
   0       14     1963     9996      8215969450      8215979446         6683177       8026       2000      10000          6
   0       14     1963     9996      8215979450      8215989446         6693177       8026       2000      10000          6
   0       14     1963     9996      8215989450      8215999446         6703177       8026       2000      10000          6
   0       14     1963     9996      8215999450      8216009446         6713177       8026       2000      10000          6
   0       14     1963     9996      8216009450      8216019446         6723177       8026       2000      10000          6
   0       14     1963     9996      8216019450      8216029446         6733177       8026       2000      10000          6
   0       14     1963     9996      8216029450      8216039446         6743177       8026       2000      10000          6
   0       14     1963     9996      8216039450      8216049446         6753177       8026       2000      10000          6
   0       14     1963     9996      8216049450      8216059446         6763177       8026       2000      10000          6
   0       14     1963     9996      8216059450      8216069446         6773177       8026       2000      10000          7
   0       14     1963     9996      8216069450      8216079446         6783177       8026       2000      10000          6
   0       14     1963     9996      8216079450      8216089446         6793177       8026       2000      10000          7
   0       14     1963     9996      8216089450      8216099446         6803177       8026       2000      10000          6
   0       14     1963     9996      8216099450      8216109446         6813177       8026       2000      10000          7
   0       14     1963     9996      8216109450      8216119446         6823177       8026       2000      10000          6
   0       14     1963     9996      8216119450      8216129446         6833177       8026       2000      10000          6
   0       14     1963     9996      8216129450      8216139446         6843177       8026       2000      10000          6
   0       14     1963     9996      8216139450      8216149446         6853177       8026       2000      10000          6
   0       14     1963     9996      8216149450      8216159446         6863177       8026       2000      10000          6
   0       14     1963     9996      8216159450      8216169446         6873177       8026       2000      10000          6
   0       14     1963     9996      8216169450      8216179446         6883177       8026       2000      10000          6
   0       14     1963     9996      8216179450      8216189446         6893177       8026       2000      10000          6
   0       14     1963     9997      8216189450      8216199446         6903177       8026       2000      10000          6
   0       14     1963     9996      8216199450      8216209446         6913177       8026       2000      10000          6
   0       14     1963     9996      8216209450      8216219446         6923177       8026       2000      10000          6
   0       14     1963     9996      8216219450      8216229446         6933177       8026       2000      10000          6
   0       14     1963     9996      8216229450      8216239446         6943177       8026       2000      10000          6
   0       14     1963     9986      8216239460      8216249446         6953187       8016       2000      10000          6
   0       14     1963     9996      8216249450      8216259446         6963177       8026       2000      10000          6
   0       14     1963     9996      8216259450      8216269446         6973177       8026       2000      10000          6
   0       14     1963     9996      8216269450      8216279446         6983177       8026       2000      10000          6
   0       14     1963     9996      8216279450      8216289446         6993177       8026       2000      10000          6
   0       14     1963     9996      8216289450      8216299446         7003177       8026       2000      10000          6
   0       14     1963     9996      8216299450      8216309446         7013177       8026       2000      10000          6
   0       14     1963     9996      8216309450      8216319446         7023177       8026       2000      10000          6
   0       14     1963     9996      8216319450      8216329446         7033177       8026       2000      10000          6
   0       14     1963     9996      8216329450      8216339446         7043177       8026       2000      10000          6
   0       14     1963     9996      8216339450      8216349446         7053177       8026       2000      10000          6
   0       14     1963     9996      8216349450      8216359446         7063177       8026       2000      10000          6
   0       14     1963     9996      8216359450      8216369446         7073177       8026       2000      10000          6
   0       14     1963     9997      8216369450      8216379446         7083177       8026       2000      10000          7
   0       14     1963     9996      8216379450      8216389446         7093177       8026       2000      10000          6
   0       14     1963     9996      8216389450      8216399446         7103177       8026       2000      10000          6
   0       14     1963     9996      8216399450      8216409446         7113177       8026       2000      10000          6
   0       14     1963     9997      8216409450      8216419446         7123177       8026       2000      10000          7
   0       14     1963     9996      8216419450      8216429446         7133177       8026       2000      10000          6
   0       14     1963     9996      8216429450      8216439446         7143177       8026       2000      10000          6
   0       14     1963     9996      8216439450      8216449446         7153177       8026       2000      10000          6
   0       14     1963     9996      8216449450      8216459446         7163177       8026       2000      10000          6
   0       14     1963     9996      8216459450      8216469446         7173177       8026       2000      10000          7
   0       14     1963     9996      8216469450      8216479446         7183177       8026       2000      10000          6
   0       14     1963     9996      8216479450      8216489446         7193177       8026       2000      10000          6
   0       14     1963     9996      8216489450      8216499446         7203177       8026       2000      10000          6
   0       14     1963     9996      8216499450      8216509446         7213177       8026       2000      10000          6
   0       14     1963     9996      8216509450      8216519446         7223177       8026       2000      10000          6
   0       14     1963     9996      8216519450      8216529446         7233177       8026       2000      10000          6
   0       14     1963     9999      8216529450      8216539448         7243177       8026       2000      10000          9
   0       14     1992     9994      8216539452      8216549446         7253179       7995       2000      10000          6
   0       14     1991     9996      8216549450      8216559446         7263177       7998       2000      10000          7
   0       14     1963     9996      8216559450      8216569446         7273177       8026       2000      10000          6
   0       14     1963     9985      8216569461      8216579446         7283188       8015       2000      10000          7
   0       14     1963     9996      8216579450      8216589446         7293177       8026       2000      10000          6
   0       14     1963     9996      8216589450      8216599446         7303177       8026       2000      10000          6
   0       14     1963     9996      8216599450      8216609446         7313177       8026       2000      10000          6
   0       14     1963     9996      8216609450      8216619446         7323177       8026       2000      10000          6
   0       14     1963     9996      8216619450      8216629446         7333177       8026       2000      10000          7
   0       14     1963     9996      8216629450      8216639446         7343177       8026       2000      10000          6
   0       14     1963     9996      8216639450      8216649446         7353177       8026       2000      10000          6
   0       14     1963     9996      8216649450      8216659446         7363177       8026       2000      10000          6
   0       14     1963     9996      8216659450      8216669446         7373177       8026       2000      10000          6
   0       14     1963     9996      8216669450      8216679446         7383177       8026       2000      10000          7
   0       14     1963     9996      8216679450      8216689446         7393177       8026       2000      10000          6
   0       14     1963     9996      8216689450      8216699446         7403177       8026       2000      10000          6
   0       14     1963     9996      8216699450      8216709446         7413177       8026       2000      10000          6
   0       14     1963     9996      8216709450      8216719446         7423177       8026       2000      10000          6
   0       14     1963     9996      8216719450      8216729446         7433177       8026       2000      10000          6
   0       14     1963     9996      8216729450      8216739446         7443177       8026       2000      10000          6
   0       14     1963     9996      8216739450      8216749446         7453177       8026       2000      10000          6
   0       14     1963     9996      8216749450      8216759446         7463177       8026       2000      10000          6
   0       14     1963     9996      8216759450      8216769446         7473177       8026       2000      10000          6
   0       14     1963     9996      8216769450      8216779446         7483177       8026       2000      10000          6
   0       14     1963     9996      8216779450      8216789446         7493177       8026       2000      10000          6
   0       14     1963     9996      8216789450      8216799446         7503177       8026       2000      10000          6
   0       14     1963     9996      8216799450      8216809446         7513177       8026       2000      10000          6
   0       14     1963     9996      8216809450      8216819446         7523177       8026       2000      10000          6
   0       14     1963     9996      8216819450      8216829446         7533177       8026       2000      10000          6
   0       14     1963     9996      8216829450      8216839446         7543177       8026       2000      10000          6
   0       14     1963     9996      8216839450      8216849446         7553177       8026       2000      10000          6
   0       14     1963     9996      8216849450      8216859446         7563177       8026       2000      10000          6
   0       14     1963     9996      8216859450      8216869446         7573177       8026       2000      10000          7
   0       14     1963     9996      8216869450      8216879446         7583177       8026       2000      10000          6
   0       14     1963     9996      8216879450      8216889446         7593177       8027       2000      10000          6
   0       14     1963     9996      8216889450      8216899446         7603177       8027       2000      10000          6
   0       14     1963     9986      8216899460      8216909446         7613187       8016       2000      10000          6
   0       14     1963     9996      8216909450      8216919446         7623177       8026       2000      10000          6
   0       14     1963     9996      8216919450      8216929446         7633177       8026       2000      10000          6
   0       14     1963     9997      8216929450      8216939446         7643177       8027       2000      10000          7
   0       14     1963     9998      8216939450      8216949448         7653177       8026       2000      10000          8
   0       14     1964     9996      8216949451      8216959448         7663178       8024       2000      10000          8
   0       14     1965     9996      8216959452      8216969448         7673178       8023       2000      10000          8
   0       14     1963     9994      8216969452      8216979446         7683179       8024       2000      10000          6
   0       14     1963     9996      8216979450      8216989446         7693177       8026       2000      10000          6
   0       14     1963     9996      8216989450      8216999446         7703177       8026       2000      10000          6
   0       14     1963     9996      8216999450      8217009446         7713177       8026       2000      10000          6
   0       14     1963     9996      8217009450      8217019446         7723177       8026       2000      10000          6
   0       14     1963     9996      8217019450      8217029446         7733177       8026       2000      10000          6
   0       14     1963     9996      8217029450      8217039446         7743177       8026       2000      10000          6
   0       14     1963     9996      8217039450      8217049446         7753177       8026       2000      10000          7
   0       14     1963     9996      8217049450      8217059446         7763177       8026       2000      10000          7
   0       14     1963     9996      8217059450      8217069446         7773177       8026       2000      10000          6
   0       14     1963     9996      8217069450      8217079446         7783177       8026       2000      10000          6
   0       14     1963     9996      8217079450      8217089446         7793177       8026       2000      10000          6
   0       14     1963     9996      8217089450      8217099446         7803177       8026       2000      10000          6
   0       14     1963     9996      8217099450      8217109446         7813177       8026       2000      10000          6
   0       14     1963     9996      8217109450      8217119446         7823177       8026       2000      10000          6
   0       14     1963     9996      8217119450      8217129446         7833177       8026       2000      10000          6
   0       14     1963     9996      8217129450      8217139446         7843177       8026       2000      10000          6
   0       14     1963     9996      8217139450      8217149446         7853177       8026       2000      10000          6
   0       14     1963     9996      8217149450      8217159446         7863177       8026       2000      10000          6
   0       14     1963     9996      8217159450      8217169446         7873177       8026       2000      10000          6
   0       14     1963     9996      8217169450      8217179446         7883177       8026       2000      10000          6
   0       14     1963     9996      8217179450      8217189446         7893177       8026       2000      10000          6
   0       14     1963     9996      8217189450      8217199446         7903177       8026       2000      10000          7
   0       14     1963     9996      8217199450      8217209447         7913177       8026       2000      10000          7
   0       14     1963     9996      8217209450      8217219446         7923177       8026       2000      10000          6
   0       14     1963     9996      8217219450      8217229446         7933177       8026       2000      10000          6
   0       14     1963     9983      8217229463      8217239446         7943190       8013       2000      10000          7
   0       14     1963     9996      8217239450      8217249446         7953177       8026       2000      10000          7
   0       14     1963     9996      8217249450      8217259446         7963177       8026       2000      10000          7
   0       14     1963     9996      8217259450      8217269446         7973177       8026       2000      10000          6
   0       14     1963     9996      8217269450      8217279446         7983177       8026       2000      10000          6
   0       14     1963     9996      8217279450      8217289446         7993177       8026       2000      10000          6
   0       14     1963     9996      8217289450      8217299446         8003177       8026       2000      10000          7
   0       14     1963     9996      8217299450      8217309446         8013177       8026       2000      10000          6
   0       14     1963     9996      8217309450      8217319446         8023177       8026       2000      10000          6
   0       14     1963     9996      8217319450      8217329446         8033177       8026       2000      10000          6
   0       14     1963     9996      8217329450      8217339446         8043177       8026       2000      10000          7
   0       14     1963     9996      8217339450      8217349446         8053177       8026       2000      10000          6
   0       14     1963     9996      8217349450      8217359446         8063177       8026       2000      10000          6
   0       14     1963     9996      8217359450      8217369446         8073177       8026       2000      10000          6
   0       14     1963     9996      8217369450      8217379446         8083177       8026       2000      10000          6
   0       14     1963     9996      8217379450      8217389446         8093177       8026       2000      10000          6
   0       14     1963     9996      8217389450      8217399446         8103177       8026       2000      10000          6
   0       14     1963     9996      8217399450      8217409446         8113177       8026       2000      10000          6
   0       14     1963     9996      8217409450      8217419446         8123177       8026       2000      10000          6
   0       14     1963     9996      8217419450      8217429446         8133177       8026       2000      10000          6
   0       14     1963     9996      8217429450      8217439446         8143177       8026       2000      10000          6
   0       14     1963     9996      8217439450      8217449446         8153177       8026       2000      10000          6
   0       14     1963     9996      8217449450      8217459446         8163177       8027       2000      10000          6
   0       14     1963     9996      8217459450      8217469446         8173177       8026       2000      10000          6
   0       14     1963     9996      8217469450      8217479446         8183177       8026       2000      10000          6
   0       14     1963     9996      8217479450      8217489446         8193177       8026       2000      10000          6
   0       14     1963     9996      8217489450      8217499446         8203177       8026       2000      10000          6
   0       14     1963     9996      8217499450      8217509446         8213177       8026       2000      10000          6
   0       14     1963     9996      8217509450      8217519446         8223177       8026       2000      10000          6
   0       14     1963     9996      8217519450      8217529446         8233177       8026       2000      10000          6
   0       14     1963     9998      8217529450      8217539448         8243177       8026       2000      10000          8
   0       14     1992     9994      8217539452      8217549446         8253179       7996       2000      10000          6
   0       14     1992     9996      8217549450      8217559446         8263177       7998       2000      10000          6
   0       14     1963     9985      8217559462      8217569447         8273188       8015       2000      10000          7
   0       14     1963     9996      8217569450      8217579446         8283177       8026       2000      10000          6
   0       14     1963     9996      8217579450      8217589446         8293177       8026       2000      10000          6
   0       14     1963     9996      8217589450      8217599446         8303177       8026       2000      10000          6
   0       14     1963     9996      8217599450      8217609446         8313177       8026       2000      10000          6
   0       14     1963     9996      8217609450      8217619446         8323177       8026       2000      10000          6
   0       14     1963     9996      8217619450      8217629446         8333177       8026       2000      10000          7
   0       14     1963     9996      8217629450      8217639446         8343177       8026       2000      10000          6
   0       14     1963     9996      8217639450      8217649446         8353177       8026       2000      10000          6
   0       14     1963     9996      8217649450      8217659446         8363177       8026       2000      10000          7
   0       14     1963     9996      8217659450      8217669446         8373177       8026       2000      10000          7
   0       14     1963     9996      8217669450      8217679446         8383177       8026       2000      10000          6
   0       14     1963     9996      8217679450      8217689446         8393177       8026       2000      10000          7
   0       14     1963     9996      8217689450      8217699446         8403177       8026       2000      10000          6
   0       14     1963     9996      8217699450      8217709446         8413177       8026       2000      10000          6
   0       14     1963     9996      8217709450      8217719446         8423177       8026       2000      10000          6
   0       14     1963     9997      8217719450      8217729446         8433177       8026       2000      10000          7
   0       14     1963     9996      8217729450      8217739446         8443177       8026       2000      10000          7
   0       14     1963     9996      8217739450      8217749446         8453177       8026       2000      10000          6
   0       14     1963     9996      8217749450      8217759446         8463177       8026       2000      10000          6
   0       14     1963     9996      8217759450      8217769446         8473177       8026       2000      10000          6
   0       14     1963     9996      8217769450      8217779446         8483177       8026       2000      10000          6
   0       14     1963     9996      8217779450      8217789446         8493177       8026       2000      10000          6
   0       14     1963     9996      8217789450      8217799446         8503177       8026       2000      10000          6
   0       14     1963     9996      8217799450      8217809446         8513177       8026       2000      10000          6
   0       14     1963     9996      8217809450      8217819446         8523177       8026       2000      10000          6
   0       14     1963     9996      8217819450      8217829446         8533177       8026       2000      10000          6
   0       14     1963     9996      8217829450      8217839446         8543177       8026       2000      10000          6
   0       14     1963     9996      8217839450      8217849446         8553177       8026       2000      10000          7
   0       14     1963     9996      8217849450      8217859446         8563177       8026       2000      10000          7
   0       14     1963     9996      8217859450      8217869446         8573177       8026       2000      10000          6
   0       14     1963     9996      8217869450      8217879446         8583177       8026       2000      10000          7
   0       14     1963     9996      8217879450      8217889446         8593177       8026       2000      10000          6
   0       14     1963     9986      8217889460      8217899446         8603187       8016       2000      10000          7
   0       14     1963     9996      8217899450      8217909446         8613177       8026       2000      10000          6
   0       14     1963     9996      8217909450      8217919446         8623177       8026       2000      10000          6
   0       14     1963     9996      8217919450      8217929446         8633177       8026       2000      10000          6
   0       14     1963     9996      8217929450      8217939446         8643177       8026       2000      10000          6
   0       14     1963     9996      8217939450      8217949446         8653177       8026       2000      10000          7
   0       14     1963     9996      8217949450      8217959446         8663177       8026       2000      10000          6
   0       14     1963     9996      8217959450      8217969446         8673177       8026       2000      10000          6
   0       14     1963     9996      8217969450      8217979446         8683177       8026       2000      10000          7
   0       14     1963     9996      8217979450      8217989446         8693177       8026       2000      10000          6
   0       14     1963     9996      8217989450      8217999446         8703177       8026       2000      10000          6
   0       14     1963     9996      8217999450      8218009446         8713177       8026       2000      10000          6
   0       14     1963     9996      8218009450      8218019446         8723177       8026       2000      10000          6
   0       14     1963     9996      8218019450      8218029446         8733177       8026       2000      10000          6
   0       14     1963     9996      8218029450      8218039446         8743177       8026       2000      10000          6
   0       14     1963     9996      8218039450      8218049446         8753177       8026       2000      10000          6
   0       14     1963     9996      8218049450      8218059446         8763177       8026       2000      10000          6
   0       14     1963     9996      8218059450      8218069446         8773177       8026       2000      10000          6
   0       14     1963     9996      8218069450      8218079446         8783177       8026       2000      10000          6
   0       14     1963     9996      8218079450      8218089446         8793177       8026       2000      10000          6
   0       14     1963     9996      8218089450      8218099446         8803177       8026       2000      10000          6
   0       14     1963     9996      8218099450      8218109446         8813177       8026       2000      10000          6
   0       14     1963     9996      8218109450      8218119446         8823177       8026       2000      10000          6
   0       14     1963     9996      8218119450      8218129446         8833177       8026       2000      10000          6
   0       14     1963     9996      8218129450      8218139446         8843177       8026       2000      10000          7
   0       14     1963     9996      8218139450      8218149446         8853177       8026       2000      10000          6
   0       14     1963     9996      8218149450      8218159446         8863177       8026       2000      10000          6
   0       14     1963     9996      8218159450      8218169446         8873177       8026       2000      10000          7
   0       14     1963     9996      8218169450      8218179446         8883177       8026       2000      10000          6
   0       14     1963     9996      8218179450      8218189446         8893177       8026       2000      10000          6
   0       14     1963     9996      8218189450      8218199446         8903177       8026       2000      10000          6
   0       14     1963     9996      8218199450      8218209446         8913177       8026       2000      10000          6
   0       14     1963     9996      8218209450      8218219446         8923177       8026       2000      10000          6
   0       14     1963     9986      8218219460      8218229446         8933187       8016       2000      10000          6
   0       14     1963     9996      8218229450      8218239446         8943177       8026       2000      10000          6
   0       14     1963     9996      8218239450      8218249446         8953177       8026       2000      10000          6
   0       14     1963     9996      8218249450      8218259446         8963177       8026       2000      10000          6
   0       14     1963     9996      8218259450      8218269446         8973177       8026       2000      10000          7
   0       14     1963     9996      8218269450      8218279446         8983177       8026       2000      10000          6
   0       14     1963     9996      8218279450      8218289446         8993177       8026       2000      10000          6
   0       14     1963     9996      8218289450      8218299446         9003177       8026       2000      10000          6
   0       14     1963     9996      8218299450      8218309446         9013177       8026       2000      10000          6
   0       14     1963     9996      8218309450      8218319446         9023177       8026       2000      10000          6
   0       14     1963     9996      8218319450      8218329446         9033177       8026       2000      10000          7
   0       14     1963     9996      8218329450      8218339446         9043177       8026       2000      10000          6
   0       14     1963     9996      8218339450      8218349446         9053177       8026       2000      10000          6
   0       14     1963     9996      8218349450      8218359446         9063177       8026       2000      10000          6
   0       14     1963     9996      8218359450      8218369446         9073177       8026       2000      10000          6
   0       14     1963     9996      8218369450      8218379446         9083177       8026       2000      10000          6
   0       14     1963     9996      8218379450      8218389446         9093177       8026       2000      10000          6
   0       14     1963     9996      8218389450      8218399446         9103177       8026       2000      10000          6
   0       14     1963     9996      8218399450      8218409446         9113177       8026       2000      10000          7
   0       14     1963     9996      8218409450      8218419446         9123177       8026       2000      10000          6
   0       14     1963     9996      8218419450      8218429446         9133177       8026       2000      10000          6
   0       14     1963     9996      8218429450      8218439446         9143177       8026       2000      10000          6
   0       14     1963     9996      8218439450      8218449446         9153177       8026       2000      10000          6
   0       14     1963     9996      8218449450      8218459446         9163177       8026       2000      10000          7
   0       14     1963     9996      8218459450      8218469446         9173177       8026       2000      10000          6
   0       14     1963     9996      8218469450      8218479446         9183177       8026       2000      10000          6
   0       14     1963     9996      8218479450      8218489446         9193177       8026       2000      10000          6
   0       14     1963     9996      8218489450      8218499446         9203177       8026       2000      10000          6
   0       14     1963     9997      8218499450      8218509447         9213177       8026       2000      10000          7
   0       14     1963     9996      8218509450      8218519446         9223177       8026       2000      10000          7
   0       14     1963     9996      8218519450      8218529446         9233177       8026       2000      10000          7
   0       14     1963     9999      8218529450      8218539449         9243177       8026       2000      10000         10
   0       14     1991     9993      8218539453      8218549446         9253180       7994       2000      10000          7
   0       14     1992     9985      8218549461      8218559446         9263188       7986       2000      10000          7
   0       14     1963     9996      8218559450      8218569446         9273177       8026       2000      10000          7
   0       14     1963     9996      8218569450      8218579446         9283177       8026       2000      10000          6
   0       14     1963     9996      8218579450      8218589446         9293177       8026       2000      10000          6
   0       14     1963     9996      8218589450      8218599446         9303177       8026       2000      10000          6
   0       14     1963     9996      8218599450      8218609446         9313177       8026       2000      10000          6
   0       14     1963     9996      8218609450      8218619446         9323177       8026       2000      10000          6
   0       14     1963     9996      8218619450      8218629446         9333177       8026       2000      10000          6
   0       14     1963     9997      8218629450      8218639447         9343177       8026       2000      10000          7
   0       14     1963     9996      8218639450      8218649446         9353177       8026       2000      10000          6
   0       14     1963     9996      8218649450      8218659446         9363177       8026       2000      10000          6
   0       14     1963     9996      8218659450      8218669446         9373177       8026       2000      10000          6
   0       14     1963     9996      8218669450      8218679446         9383177       8026       2000      10000          6
   0       14     1963     9996      8218679450      8218689446         9393177       8026       2000      10000          6
   0       14     1963     9996      8218689450      8218699446         9403177       8026       2000      10000          7
   0       14     1963     9996      8218699450      8218709446         9413177       8026       2000      10000          6
   0       14     1963     9996      8218709450      8218719446         9423177       8026       2000      10000          6
   0       14     1963     9996      8218719450      8218729446         9433177       8026       2000      10000          6
   0       14     1963     9996      8218729450      8218739446         9443177       8027       2000      10000          6
   0       14     1963     9996      8218739450      8218749446         9453177       8026       2000      10000          6
   0       14     1963     9996      8218749450      8218759446         9463177       8026       2000      10000          6
   0       14     1963     9996      8218759450      8218769446         9473177       8026       2000      10000          6
   0       14     1963     9996      8218769450      8218779446         9483177       8026       2000      10000          6
   0       14     1963     9996      8218779450      8218789446         9493177       8026       2000      10000          6
   0       14     1963     9996      8218789450      8218799446         9503177       8026       2000      10000          6
   0       14     1963     9996      8218799450      8218809446         9513177       8026       2000      10000          6
   0       14     1963     9996      8218809450      8218819446         9523177       8026       2000      10000          6
   0       14     1963     9996      8218819450      8218829446         9533177       8026       2000      10000          6
   0       14     1963     9996      8218829450      8218839446         9543177       8026       2000      10000          7
   0       14     1963     9996      8218839450      8218849446         9553177       8026       2000      10000          7
   0       14     1963     9996      8218849450      8218859446         9563177       8026       2000      10000          7
   0       14     1963     9996      8218859450      8218869446         9573177       8026       2000      10000          6
   0       14     1963     9996      8218869450      8218879446         9583177       8026       2000      10000          7
   0       14     1963     9986      8218879460      8218889446         9593187       8016       2000      10000          6
   0       14     1963     9996      8218889450      8218899446         9603177       8026       2000      10000          6
   0       14     1963     9996      8218899450      8218909446         9613177       8026       2000      10000          6
   0       14     1963     9996      8218909450      8218919446         9623177       8026       2000      10000          6
   0       14     1963     9996      8218919450      8218929446         9633177       8026       2000      10000          7
   0       14     1963     9996      8218929450      8218939446         9643177       8026       2000      10000          7
   0       14     1963     9996      8218939450      8218949446         9653177       8026       2000      10000          7
   0       14     1963     9996      8218949450      8218959446         9663177       8026       2000      10000          7
   0       14     1963     9996      8218959450      8218969446         9673177       8026       2000      10000          7
   0       14     1963     9996      8218969450      8218979446         9683177       8026       2000      10000          7
   0       14     1963     9996      8218979450      8218989446         9693177       8026       2000      10000          6
   0       14     1963     9996      8218989450      8218999446         9703177       8026       2000      10000          6
   0       14     1963     9997      8218999450      8219009446         9713177       8026       2000      10000          7
   0       14     1963     9996      8219009450      8219019446         9723177       8026       2000      10000          6
   0       14     1963     9996      8219019450      8219029446         9733177       8026       2000      10000          6
   0       14     1963     9996      8219029450      8219039446         9743177       8026       2000      10000          7
   0       14     1963     9996      8219039450      8219049446         9753177       8026       2000      10000          6
   0       14     1963     9996      8219049450      8219059446         9763177       8026       2000      10000          6
   0       14     1963     9996      8219059450      8219069446         9773177       8026       2000      10000          6
   0       14     1963     9996      8219069450      8219079446         9783177       8026       2000      10000          6
   0       14     1963     9996      8219079450      8219089446         9793177       8026       2000      10000          6
   0       14     1963     9996      8219089450      8219099446         9803177       8026       2000      10000          6
   0       14     1963     9996      8219099450      8219109446         9813177       8026       2000      10000          6
   0       14     1963     9996      8219109450      8219119446         9823177       8026       2000      10000          6
   0       14     1963     9996      8219119450      8219129446         9833177       8026       2000      10000          6
   0       14     1963     9996      8219129450      8219139446         9843177       8026       2000      10000          6
   0       14     1963     9996      8219139450      8219149446         9853177       8026       2000      10000          6
   0       14     1963     9996      8219149450      8219159446         9863177       8026       2000      10000          7
   0       14     1963     9996      8219159450      8219169446         9873177       8026       2000      10000          6
   0       14     1963     9996      8219169450      8219179446         9883177       8026       2000      10000          7
   0       14     1963     9996      8219179450      8219189446         9893177       8026       2000      10000          6
   0       14     1963     9996      8219189450      8219199446         9903177       8026       2000      10000          6
   0       14     1963     9996      8219199450      8219209446         9913177       8026       2000      10000          6
   0       14     1963     9986      8219209460      8219219446         9923187       8016       2000      10000          7
   0       14     1963     9996      8219219450      8219229446         9933177       8026       2000      10000          6
   0       14     1963     9996      8219229450      8219239446         9943177       8026       2000      10000          6
   0       14     1963     9996      8219239450      8219249446         9953177       8026       2000      10000          6
   0       14     1963     9996      8219249450      8219259446         9963177       8026       2000      10000          6
   0       14     1963     9996      8219259450      8219269446         9973177       8026       2000      10000          6
   0       14     1963     9996      8219269450      8219279446         9983177       8026       2000      10000          6
   0       14     1963     9996      8219279450      8219289446         9993177       8026       2000      10000          7
   0       14     1963     9996      8219289450      8219299446        10003177       8026       2000      10000          6
   0       14     1963     9996      8219299450      8219309446        10013177       8026       2000      10000          6
   0       14     1963     9996      8219309450      8219319446        10023177       8026       2000      10000          6
   0       14     1963     9996      8219319450      8219329446        10033177       8026       2000      10000          6
   0       14     1963     9996      8219329450      8219339446        10043177       8026       2000      10000          6
   0       14     1963     9996      8219339450      8219349446        10053177       8026       2000      10000          7
   0       14     1963     9996      8219349450      8219359446        10063177       8026       2000      10000          7
   0       14     1963     9996      8219359450      8219369446        10073177       8026       2000      10000          6
   0       14     1963     9996      8219369450      8219379446        10083177       8026       2000      10000          6
   0       14     1963     9996      8219379450      8219389446        10093177       8026       2000      10000          6
   0       14     1963     9996      8219389450      8219399446        10103177       8026       2000      10000          7
   0       14     1963     9996      8219399450      8219409446        10113177       8026       2000      10000          7
   0       14     1963     9996      8219409450      8219419446        10123177       8026       2000      10000          6
   0       14     1963     9996      8219419450      8219429446        10133177       8026       2000      10000          7
   0       14     1963     9996      8219429450      8219439446        10143177       8026       2000      10000          6
   0       14     1963     9996      8219439450      8219449446        10153177       8026       2000      10000          7
   0       14     1963     9996      8219449450      8219459446        10163177       8026       2000      10000          6
   0       14     1963     9996      8219459450      8219469446        10173177       8026       2000      10000          6
   0       14     1963     9996      8219469450      8219479446        10183177       8026       2000      10000          6
   0       14     1963     9996      8219479450      8219489446        10193177       8026       2000      10000          6
   0       14     1963     9996      8219489450      8219499446        10203177       8026       2000      10000          6
   0       14     1963     9996      8219499450      8219509446        10213177       8027       2000      10000          6
   0       14     1963     9996      8219509450      8219519446        10223177       8026       2000      10000          6
   0       14     1963     9996      8219519450      8219529446        10233177       8026       2000      10000          6
   0       14     1963     9998      8219529450      8219539448        10243177       8026       2000      10000          8
   0       14     1992     9994      8219539452      8219549446        10253179       7995       2000      10000          7
   0       14     1991     9974      8219549472      8219559446        10263199       7976       2000      10000          7
   0       14     1963     9996      8219559450      8219569446        10273177       8026       2000      10000          6
   0       14     1963     9996      8219569450      8219579446        10283177       8026       2000      10000          6
   0       14     1963     9996      8219579450      8219589446        10293177       8026       2000      10000          6
   0       14     1963     9996      8219589450      8219599446        10303177       8026       2000      10000          7
   0       14     1963     9996      8219599450      8219609446        10313177       8026       2000      10000          6
   0       14     1963     9996      8219609450      8219619446        10323177       8026       2000      10000          6
   0       14     1963     9996      8219619450      8219629446        10333177       8026       2000      10000          6
   0       14     1963     9996      8219629450      8219639446        10343177       8026       2000      10000          6
   0       14     1963     9996      8219639450      8219649446        10353177       8026       2000      10000          6
   0       14     1963     9996      8219649450      8219659446        10363177       8026       2000      10000          6
   0       14     1963     9996      8219659450      8219669446        10373177       8026       2000      10000          6
   0       14     1963     9996      8219669450      8219679446        10383177       8026       2000      10000          6
   0       14     1963     9996      8219679450      8219689446        10393177       8026       2000      10000          6
   0       14     1963     9996      8219689450      8219699446        10403177       8026       2000      10000          6
   0       14     1963     9996      8219699450      8219709446        10413177       8026       2000      10000          6
   0       14     1963     9996      8219709450      8219719446        10423177       8026       2000      10000          7
   0       14     1963     9996      8219719450      8219729446        10433177       8026       2000      10000          6
   0       14     1963     9996      8219729450      8219739446        10443177       8026       2000      10000          7
   0       14     1963     9996      8219739450      8219749446        10453177       8026       2000      10000          6
   0       14     1963     9996      8219749450      8219759446        10463177       8026       2000      10000          6
   0       14     1963     9996      8219759450      8219769446        10473177       8026       2000      10000          6
   0       14     1963     9996      8219769450      8219779446        10483177       8026       2000      10000          7
   0       14     1963     9996      8219779450      8219789446        10493177       8026       2000      10000          6
   0       14     1963     9996      8219789450      8219799446        10503177       8026       2000      10000          6
   0       14     1963     9996      8219799450      8219809446        10513177       8026       2000      10000          6
   0       14     1963     9996      8219809450      8219819446        10523177       8026       2000      10000          6
   0       14     1963     9996      8219819450      8219829446        10533177       8026       2000      10000          6
   0       14     1963     9996      8219829450      8219839446        10543177       8026       2000      10000          6
   0       14     1963     9996      8219839450      8219849446        10553177       8026       2000      10000          7
   0       14     1963     9996      8219849450      8219859446        10563177       8026       2000      10000          7
   0       14     1963     9996      8219859450      8219869446        10573177       8026       2000      10000          6
   0       14     1963     9996      8219869450      8219879446        10583177       8026       2000      10000          6
   0       14     1963     9986      8219879461      8219889446        10593187       8016       2000      10000          7
   0       14     1963     9996      8219889450      8219899446        10603177       8026       2000      10000          6
   0       14     1963     9996      8219899450      8219909446        10613177       8026       2000      10000          6
   0       14     1963     9996      8219909450      8219919446        10623177       8026       2000      10000          6
   0       14     1963     9996      8219919450      8219929446        10633177       8026       2000      10000          6
   0       14     1963     9996      8219929450      8219939446        10643177       8026       2000      10000          7
   0       14     1963     9996      8219939450      8219949446        10653177       8026       2000      10000          6
   0       14     1963     9996      8219949450      8219959446        10663177       8026       2000      10000          7
   0       14     1963     9996      8219959450      8219969446        10673177       8026       2000      10000          6
   0       14     1963     9996      8219969450      8219979446        10683177       8026       2000      10000          6
   0       14     1963     9996      8219979450      8219989446        10693177       8026       2000      10000          7
   0       14     1963     9996      8219989450      8219999446        10703177       8026       2000      10000          6
   0       14     1963     9996      8219999450      8220009446        10713177       8026       2000      10000          7
   0       14     1963     9996      8220009450      8220019446        10723177       8026       2000      10000          6
   0       14     1963     9996      8220019450      8220029446        10733177       8026       2000      10000          6
   0       14     1963     9996      8220029450      8220039446        10743177       8026       2000      10000          7
   0       14     1963     9996      8220039450      8220049446        10753177       8026       2000      10000          7
   0       14     1963     9996      8220049450      8220059446        10763177       8026       2000      10000          6
   0       14     1963     9996      8220059450      8220069446        10773177       8026       2000      10000          7
   0       14     1963     9996      8220069450      8220079446        10783177       8026       2000      10000          7
   0       14     1963     9996      8220079450      8220089446        10793177       8026       2000      10000          7
   0       14     1963     9996      8220089450      8220099446        10803177       8026       2000      10000          7
   0       14     1963     9996      8220099450      8220109446        10813177       8026       2000      10000          7
   0       14     1963     9996      8220109450      8220119446        10823177       8026       2000      10000          6
   0       14     1963     9996      8220119450      8220129446        10833177       8026       2000      10000          6
   0       14     1963     9996      8220129450      8220139446        10843177       8026       2000      10000          7
   0       14     1963     9996      8220139450      8220149446        10853177       8026       2000      10000          6
   0       14     1963     9996      8220149450      8220159446        10863177       8026       2000      10000          6
   0       14     1963     9996      8220159450      8220169446        10873177       8026       2000      10000          7
   0       14     1963     9996      8220169450      8220179446        10883177       8026       2000      10000          6
   0       14     1963     9996      8220179450      8220189446        10893177       8026       2000      10000          6
   0       14     1963     9996      8220189450      8220199446        10903177       8026       2000      10000          7
   0       14     1963     9996      8220199450      8220209446        10913177       8026       2000      10000          7
   0       14     1963     9985      8220209462      8220219446        10923188       8015       2000      10000          7
   0       14     1963     9996      8220219450      8220229446        10933177       8026       2000      10000          6
   0       14     1963     9996      8220229450      8220239446        10943177       8026       2000      10000          6
   0       14     1963     9996      8220239450      8220249446        10953177       8026       2000      10000          7
   0       14     1963     9996      8220249450      8220259446        10963177       8026       2000      10000          6
   0       14     1963     9996      8220259450      8220269446        10973177       8026       2000      10000          6
   0       14     1963     9996      8220269450      8220279446        10983177       8026       2000      10000          6
   0       14     1963     9996      8220279450      8220289446        10993177       8026       2000      10000          6
   0       14     1963     9996      8220289450      8220299446        11003177       8026       2000      10000          7
   0       14     1963     9996      8220299450      8220309446        11013177       8026       2000      10000          6
   0       14     1963     9996      8220309450      8220319446        11023177       8026       2000      10000          6
   0       14     1963     9996      8220319450      8220329446        11033177       8026       2000      10000          6
   0       14     1963     9996      8220329450      8220339446        11043177       8026       2000      10000          6
   0       14     1963     9996      8220339450      8220349446        11053177       8026       2000      10000          6
   0       14     1963     9996      8220349450      8220359446        11063177       8026       2000      10000          6
   0       14     1963     9996      8220359450      8220369446        11073177       8026       2000      10000          6
   0       14     1963     9996      8220369450      8220379446        11083177       8026       2000      10000          6
   0       14     1963     9996      8220379450      8220389446        11093177       8026       2000      10000          6
   0       14     1963     9996      8220389450      8220399446        11103177       8026       2000      10000          6
   0       14     1963     9996      8220399450      8220409446        11113177       8026       2000      10000          6
   0       14     1963     9996      8220409450      8220419446        11123177       8026       2000      10000          7
   0       14     1963     9996      8220419450      8220429446        11133177       8026       2000      10000          6
   0       14     1963     9996      8220429450      8220439446        11143177       8026       2000      10000          6
   0       14     1963     9996      8220439450      8220449446        11153177       8026       2000      10000          6
   0       14     1963     9996      8220449450      8220459446        11163177       8026       2000      10000          6
   0       14     1963     9996      8220459450      8220469446        11173177       8026       2000      10000          6
   0       14     1963     9996      8220469450      8220479446        11183177       8026       2000      10000          6
   0       14     1963     9996      8220479450      8220489446        11193177       8026       2000      10000          6
   0       14     1963     9996      8220489450      8220499446        11203177       8026       2000      10000          6
   0       14     1963     9996      8220499450      8220509446        11213177       8026       2000      10000          6
   0       14     1963     9996      8220509450      8220519446        11223177       8026       2000      10000          6
   0       14     1963     9996      8220519450      8220529446        11233177       8026       2000      10000          7
   0       14     1963     9998      8220529450      8220539448        11243177       8026       2000      10000          8
   0       14     1964     9982      8220539464      8220549446        11253191       8011       2000      10000          7
   0       14     1963     9996      8220549450      8220559446        11263177       8026       2000      10000          6
   0       14     1963     9996      8220559450      8220569446        11273177       8026       2000      10000          6
   0       14     1963     9996      8220569450      8220579446        11283177       8026       2000      10000          7
   0       14     1963     9996      8220579450      8220589446        11293177       8026       2000      10000          6
   0       14     1963     9996      8220589450      8220599446        11303177       8026       2000      10000          7
   0       14     1963     9997      8220599450      8220609447        11313177       8026       2000      10000          7
   0       14     1963     9996      8220609450      8220619446        11323177       8026       2000      10000          6
   0       14     1963     9996      8220619450      8220629446        11333177       8026       2000      10000          6
   0       14     1963     9996      8220629450      8220639446        11343177       8026       2000      10000          6
   0       14     1963     9996      8220639450      8220649446        11353177       8026       2000      10000          6
   0       14     1963     9996      8220649450      8220659446        11363177       8026       2000      10000          6
   0       14     1963     9996      8220659450      8220669446        11373177       8026       2000      10000          6
   0       14     1963     9996      8220669450      8220679446        11383177       8026       2000      10000          7
   0       14     1963     9996      8220679450      8220689446        11393177       8026       2000      10000          7
   0       14     1963     9996      8220689450      8220699446        11403177       8026       2000      10000          6
   0       14     1963     9996      8220699450      8220709446        11413177       8026       2000      10000          6
   0       14     1963     9996      8220709450      8220719446        11423177       8026       2000      10000          6
   0       14     1963     9996      8220719450      8220729446        11433177       8026       2000      10000          6
   0       14     1963     9996      8220729450      8220739446        11443177       8026       2000      10000          6
   0       14     1963     9996      8220739450      8220749446        11453177       8026       2000      10000          6
   0       14     1963     9996      8220749450      8220759446        11463177       8026       2000      10000          7
   0       14     1963     9996      8220759450      8220769446        11473177       8026       2000      10000          6
   0       14     1963     9996      8220769450      8220779446        11483177       8026       2000      10000          6
   0       14     1963     9996      8220779450      8220789446        11493177       8026       2000      10000          6
   0       14     1963     9996      8220789450      8220799446        11503177       8026       2000      10000          6
   0       14     1963     9996      8220799450      8220809446        11513177       8026       2000      10000          6
   0       14     1963     9996      8220809450      8220819446        11523177       8026       2000      10000          6
   0       14     1963     9996      8220819450      8220829446        11533177       8026       2000      10000          6
   0       14     1963     9996      8220829450      8220839446        11543177       8026       2000      10000          6
   0       14     1963     9996      8220839450      8220849446        11553177       8026       2000      10000          6
   0       14     1963     9996      8220849450      8220859446        11563177       8026       2000      10000          6
   0       14     1963     9996      8220859450      8220869446        11573177       8026       2000      10000          6
   0       14     1963     9986      8220869460      8220879446        11583187       8016       2000      10000          6
   0       14     1963     9996      8220879450      8220889446        11593177       8026       2000      10000          6
   0       14     1963     9996      8220889450      8220899446        11603177       8026       2000      10000          6
   0       14     1963     9996      8220899450      8220909446        11613177       8026       2000      10000          6
   0       14     1963     9996      8220909450      8220919446        11623177       8026       2000      10000          6
   0       14     1963     9996      8220919450      8220929446        11633177       8026       2000      10000          6
   0       14     1963     9996      8220929450      8220939446        11643177       8026       2000      10000          6
   0       14     1963     9996      8220939450      8220949446        11653177       8026       2000      10000          6
   0       14     1963     9996      8220949450      8220959446        11663177       8026       2000      10000          6
   0       14     1963     9996      8220959450      8220969446        11673177       8026       2000      10000          6
   0       14     1963     9996      8220969450      8220979446        11683177       8026       2000      10000          7
   0       14     1963     9996      8220979450      8220989446        11693177       8026       2000      10000          7
   0       14     1963     9996      8220989450      8220999446        11703177       8026       2000      10000          6
   0       14     1963     9996      8220999450      8221009446        11713177       8026       2000      10000          6
   0       14     1963     9996      8221009450      8221019446        11723177       8026       2000      10000          6
   0       14     1963     9996      8221019450      8221029446        11733177       8026       2000      10000          6
   0       14     1963     9996      8221029450      8221039446        11743177       8026       2000      10000          6
   0       14     1963     9996      8221039450      8221049446        11753177       8026       2000      10000          7
   0       14     1963     9996      8221049450      8221059446        11763177       8026       2000      10000          6
   0       14     1963     9996      8221059450      8221069446        11773177       8026       2000      10000          6
   0       14     1963     9996      8221069450      8221079446        11783177       8026       2000      10000          7
   0       14     1963     9996      8221079450      8221089446        11793177       8026       2000      10000          6
   0       14     1963     9996      8221089450      8221099446        11803177       8026       2000      10000          6
   0       14     1963     9996      8221099450      8221109446        11813177       8026       2000      10000          6
   0       14     1963     9996      8221109450      8221119446        11823177       8026       2000      10000          6
   0       14     1963     9996      8221119450      8221129446        11833177       8026       2000      10000          6
   0       14     1963     9996      8221129450      8221139446        11843177       8026       2000      10000          6
   0       14     1963     9996      8221139450      8221149446        11853177       8026       2000      10000          6
   0       14     1963     9996      8221149450      8221159446        11863177       8026       2000      10000          6
   0       14     1963     9996      8221159450      8221169446        11873177       8026       2000      10000          6
   0       14     1963     9996      8221169450      8221179446        11883177       8026       2000      10000          6
   0       14     1963     9996      8221179450      8221189446        11893177       8026       2000      10000          7
   0       14     1963     9996      8221189450      8221199446        11903177       8026       2000      10000          6
   0       14     1963     9986      8221199461      8221209446        11913188       8015       2000      10000          6
   0       14     1963     9996      8221209450      8221219446        11923177       8026       2000      10000          6
   0       14     1963     9996      8221219450      8221229446        11933177       8026       2000      10000          6
   0       14     1963     9996      8221229450      8221239446        11943177       8026       2000      10000          6
   0       14     1963     9996      8221239450      8221249446        11953177       8026       2000      10000          6
   0       14     1963     9996      8221249450      8221259446        11963177       8026       2000      10000          7
   0       14     1963     9996      8221259450      8221269446        11973177       8026       2000      10000          6
   0       14     1963     9996      8221269450      8221279446        11983177       8026       2000      10000          6
   0       14     1963     9997      8221279450      8221289446        11993177       8026       2000      10000          7
   0       14     1963     9996      8221289450      8221299446        12003177       8026       2000      10000          6
   0       14     1963     9996      8221299450      8221309446        12013177       8026       2000      10000          7
   0       14     1963     9996      8221309450      8221319446        12023177       8026       2000      10000          6
   0       14     1963     9997      8221319450      8221329446        12033177       8026       2000      10000          7
   0       14     1963     9996      8221329450      8221339446        12043177       8026       2000      10000          6
   0       14     1963     9996      8221339450      8221349446        12053177       8026       2000      10000          6
   0       14     1963     9996      8221349450      8221359446        12063177       8026       2000      10000          6
   0       14     1963     9996      8221359450      8221369446        12073177       8026       2000      10000          6
   0       14     1963     9996      8221369450      8221379446        12083177       8026       2000      10000          6
   0       14     1963     9996      8221379450      8221389446        12093177       8026       2000      10000          6
   0       14     1963     9996      8221389450      8221399446        12103177       8026       2000      10000          6
   0       14     1963     9996      8221399450      8221409446        12113177       8026       2000      10000          6
   0       14     1963     9996      8221409450      8221419446        12123177       8026       2000      10000          6
   0       14     1963     9996      8221419450      8221429446        12133177       8026       2000      10000          6
   0       14     1963     9996      8221429450      8221439446        12143177       8026       2000      10000          7
   0       14     1963     9996      8221439450      8221449446        12153177       8026       2000      10000          6
   0       14     1963     9996      8221449450      8221459446        12163177       8026       2000      10000          6
   0       14     1963     9996      8221459450      8221469446        12173177       8026       2000      10000          6
   0       14     1963     9996      8221469450      8221479446        12183177       8026       2000      10000          7
   0       14     1963     9996      8221479450      8221489446        12193177       8026       2000      10000          7
   0       14     1963     9996      8221489450      8221499446        12203177       8026       2000      10000          7
   0       14     1963     9996      8221499450      8221509446        12213177       8026       2000      10000          7
   0       14     1963     9996      8221509450      8221519446        12223177       8026       2000      10000          7
   0       14     1963     9996      8221519450      8221529446        12233177       8026       2000      10000          7
   0       14     1963     9988      8221529460      8221539448        12243187       8016       2000      10000          8
   0       14     1964     9995      8221539452      8221549447        12253179       8023       2000      10000          7
   0       14     1963     9995      8221549451      8221559446        12263178       8025       2000      10000          6
   0       14     1963     9996      8221559450      8221569446        12273177       8026       2000      10000          6
   0       14     1963     9996      8221569450      8221579446        12283177       8026       2000      10000          7
   0       14     1963     9996      8221579450      8221589446        12293177       8026       2000      10000          7
   0       14     1963     9996      8221589450      8221599446        12303177       8026       2000      10000          6
   0       14     1963     9996      8221599450      8221609446        12313177       8026       2000      10000          7
   0       14     1963     9996      8221609450      8221619446        12323177       8026       2000      10000          6
   0       14     1963     9996      8221619450      8221629446        12333177       8026       2000      10000          6
   0       14     1963     9996      8221629450      8221639446        12343177       8026       2000      10000          7
   0       14     1963     9996      8221639450      8221649446        12353177       8026       2000      10000          7
   0       14     1963     9996      8221649450      8221659446        12363177       8026       2000      10000          6
   0       14     1963     9996      8221659450      8221669446        12373177       8026       2000      10000          7
   0       14     1963     9996      8221669450      8221679446        12383177       8026       2000      10000          7
   0       14     1963     9996      8221679450      8221689446        12393177       8026       2000      10000          6
   0       14     1963     9996      8221689450      8221699446        12403177       8026       2000      10000          6
   0       14     1963     9996      8221699450      8221709446        12413177       8026       2000      10000          7
   0       14     1963     9996      8221709450      8221719446        12423177       8026       2000      10000          7
   0       14     1963     9996      8221719450      8221729446        12433177       8026       2000      10000          6
   0       14     1963     9996      8221729450      8221739446        12443177       8026       2000      10000          7
   0       14     1963     9996      8221739450      8221749446        12453177       8026       2000      10000          7
   0       14     1963     9996      8221749450      8221759446        12463177       8026       2000      10000          7
   0       14     1963     9996      8221759450      8221769446        12473177       8026       2000      10000          6
   0       14     1963     9996      8221769450      8221779446        12483177       8026       2000      10000          6
   0       14     1963     9996      8221779450      8221789446        12493177       8026       2000      10000          6
   0       14     1963     9996      8221789450      8221799446        12503177       8026       2000      10000          6
   0       14     1963     9996      8221799450      8221809446        12513177       8026       2000      10000          6
   0       14     1963     9996      8221809450      8221819446        12523177       8026       2000      10000          6
   0       14     1963     9996      8221819450      8221829446        12533177       8026       2000      10000          7
   0       14     1963     9996      8221829450      8221839446        12543177       8026       2000      10000          6
   0       14     1963     9996      8221839450      8221849446        12553177       8026       2000      10000          6
   0       14     1963     9996      8221849450      8221859446        12563177       8026       2000      10000          7
   0       14     1963     9986      8221859461      8221869446        12573188       8015       2000      10000          7
   0       14     1963     9996      8221869450      8221879446        12583177       8026       2000      10000          6
   0       14     1963     9996      8221879450      8221889446        12593177       8026       2000      10000          7
   0       14     1963     9996      8221889450      8221899446        12603177       8026       2000      10000          7
   0       14     1963     9996      8221899450      8221909446        12613177       8026       2000      10000          7
   0       14     1963     9996      8221909450      8221919446        12623177       8026       2000      10000          7
   0       14     1963     9996      8221919450      8221929446        12633177       8026       2000      10000          7
   0       14     1963     9996      8221929450      8221939446        12643177       8026       2000      10000          6
   0       14     1963     9997      8221939450      8221949447        12653177       8026       2000      10000          7
   0       14     1963     9996      8221949450      8221959446        12663177       8026       2000      10000          6
   0       14     1963     9996      8221959450      8221969446        12673177       8026       2000      10000          7
   0       14     1963     9996      8221969450      8221979446        12683177       8026       2000      10000          6
   0       14     1963     9996      8221979450      8221989446        12693177       8026       2000      10000          6
   0       14     1963     9996      8221989450      8221999446        12703177       8026       2000      10000          6
   0       14     1963     9996      8221999450      8222009446        12713177       8026       2000      10000          6
   0       14     1963     9996      8222009450      8222019446        12723177       8026       2000      10000          6
   0       14     1963     9996      8222019450      8222029446        12733177       8026       2000      10000          6
   0       14     1963     9996      8222029450      8222039446        12743177       8026       2000      10000          7
   0       14     1963     9996      8222039450      8222049446        12753177       8026       2000      10000          6
   0       14     1963     9996      8222049450      8222059446        12763177       8026       2000      10000          6
   0       14     1963     9996      8222059450      8222069446        12773177       8026       2000      10000          7
   0       14     1963     9996      8222069450      8222079446        12783177       8026       2000      10000          6
   0       14     1963     9996      8222079450      8222089446        12793177       8026       2000      10000          6
   0       14     1963     9996      8222089450      8222099446        12803177       8026       2000      10000          7
   0       14     1963     9996      8222099450      8222109446        12813177       8026       2000      10000          6
   0       14     1963     9996      8222109450      8222119446        12823177       8026       2000      10000          6
   0       14     1963     9996      8222119450      8222129446        12833177       8026       2000      10000          6
   0       14     1963     9996      8222129450      8222139446        12843177       8026       2000      10000          6
   0       14     1963     9996      8222139450      8222149446        12853177       8026       2000      10000          6
   0       14     1963     9996      8222149450      8222159446        12863177       8026       2000      10000          6
   0       14     1963     9996      8222159450      8222169446        12873177       8026       2000      10000          6
   0       14     1963     9996      8222169450      8222179446        12883177       8026       2000      10000          6
   0       14     1963     9996      8222179450      8222189446        12893177       8026       2000      10000          6
   0       14     1963     9986      8222189460      8222199446        12903187       8016       2000      10000          7
   0       14     1963     9996      8222199450      8222209446        12913177       8026       2000      10000          6
   0       14     1963     9996      8222209450      8222219446        12923177       8026       2000      10000          6
   0       14     1963     9996      8222219450      8222229446        12933177       8026       2000      10000          6
   0       14     1963     9996      8222229450      8222239446        12943177       8026       2000      10000          6
   0       14     1963     9996      8222239450      8222249446        12953177       8026       2000      10000          7
   0       14     1963     9996      8222249450      8222259446        12963177       8026       2000      10000          7
   0       14     1963     9996      8222259450      8222269446        12973177       8026       2000      10000          7
   0       14     1963     9996      8222269450      8222279446        12983177       8026       2000      10000          7
   0       14     1963     9996      8222279450      8222289446        12993177       8026       2000      10000          6
   0       14     1963     9996      8222289450      8222299446        13003177       8026       2000      10000          7
   0       14     1963     9996      8222299450      8222309446        13013177       8026       2000      10000          6
   0       14     1963     9996      8222309450      8222319446        13023177       8026       2000      10000          7
   0       14     1963     9996      8222319450      8222329446        13033177       8026       2000      10000          6
   0       14     1963     9996      8222329450      8222339446        13043177       8026       2000      10000          6
   0       14     1963     9996      8222339450      8222349446        13053177       8026       2000      10000          6
   0       14     1963     9996      8222349450      8222359446        13063177       8026       2000      10000          6
   0       14     1963     9996      8222359450      8222369446        13073177       8026       2000      10000          6
   0       14     1963     9996      8222369450      8222379446        13083177       8026       2000      10000          6
   0       14     1963     9996      8222379450      8222389446        13093177       8026       2000      10000          6
   0       14     1963     9996      8222389450      8222399446        13103177       8026       2000      10000          6
   0       14     1963     9996      8222399450      8222409446        13113177       8026       2000      10000          6
   0       14     1963     9996      8222409450      8222419446        13123177       8026       2000      10000          7
   0       14     1963     9996      8222419450      8222429446        13133177       8026       2000      10000          7
   0       14     1963     9996      8222429450      8222439446        13143177       8026       2000      10000          6
   0       14     1963     9996      8222439450      8222449446        13153177       8026       2000      10000          6
   0       14     1963     9996      8222449450      8222459446        13163177       8026       2000      10000          6
   0       14     1963     9996      8222459450      8222469446        13173177       8026       2000      10000          6
   0       14     1963     9996      8222469450      8222479446        13183177       8026       2000      10000          6
   0       14     1963     9996      8222479450      8222489446        13193177       8026       2000      10000          6
   0       14     1963     9996      8222489450      8222499446        13203177       8026       2000      10000          6
   0       14     1963     9997      8222499450      8222509446        13213177       8026       2000      10000          7
   0       14     1963     9996      8222509450      8222519446        13223177       8026       2000      10000          6
   0       14     1963     9986      8222519460      8222529446        13233187       8016       2000      10000          7
   0       14     1963     9997      8222529450      8222539447        13243177       8026       2000      10000          7
   0       14     1964     9995      8222539451      8222549446        13253178       8024       2000      10000          7
   0       14     1963     9996      8222549450      8222559446        13263177       8026       2000      10000          6
   0       14     1963     9996      8222559450      8222569446        13273177       8026       2000      10000          7
   0       14     1963     9996      8222569450      8222579446        13283177       8026       2000      10000          6
   0       14     1963     9996      8222579450      8222589446        13293177       8026       2000      10000          6
   0       14     1963     9996      8222589450      8222599446        13303177       8026       2000      10000          6
   0       14     1963     9996      8222599450      8222609446        13313177       8026       2000      10000          7
   0       14     1963     9996      8222609450      8222619446        13323177       8026       2000      10000          7
   0       14     1963     9996      8222619450      8222629446        13333177       8026       2000      10000          7
   0       14     1963     9996      8222629450      8222639446        13343177       8026       2000      10000          6
   0       14     1963     9996      8222639450      8222649446        13353177       8026       2000      10000          6
   0       14     1963     9996      8222649450      8222659446        13363177       8026       2000      10000          6
   0       14     1963     9996      8222659450      8222669446        13373177       8026       2000      10000          6
   0       14     1963     9996      8222669450      8222679446        13383177       8026       2000      10000          7
   0       14     1963     9996      8222679450      8222689446        13393177       8026       2000      10000          6
   0       14     1963     9996      8222689450      8222699446        13403177       8026       2000      10000          6
   0       14     1963     9996      8222699450      8222709446        13413177       8026       2000      10000          6
   0       14     1963     9996      8222709450      8222719446        13423177       8026       2000      10000          6
   0       14     1963     9996      8222719450      8222729446        13433177       8026       2000      10000          6
   0       14     1963     9996      8222729450      8222739446        13443177       8026       2000      10000          6
   0       14     1963     9996      8222739450      8222749446        13453177       8026       2000      10000          6
   0       14     1963     9996      8222749450      8222759446        13463177       8026       2000      10000          6
   0       14     1963     9996      8222759450      8222769446        13473177       8026       2000      10000          6
   0       14     1963     9996      8222769450      8222779446        13483177       8026       2000      10000          6
   0       14     1963     9996      8222779450      8222789446        13493177       8026       2000      10000          6
   0       14     1963     9996      8222789450      8222799446        13503177       8026       2000      10000          6
   0       14     1963     9996      8222799450      8222809446        13513177       8026       2000      10000          6
   0       14     1963     9996      8222809450      8222819446        13523177       8026       2000      10000          6
   0       14     1963     9996      8222819450      8222829446        13533177       8026       2000      10000          6
   0       14     1963     9996      8222829450      8222839446        13543177       8026       2000      10000          6
   0       14     1963     9996      8222839450      8222849446        13553177       8026       2000      10000          7
   0       14     1963     9985      8222849461      8222859446        13563188       8015       2000      10000          7
   0       14     1963     9996      8222859450      8222869446        13573177       8026       2000      10000          6
   0       14     1963     9996      8222869450      8222879446        13583177       8026       2000      10000          7
   0       14     1963     9996      8222879450      8222889446        13593177       8026       2000      10000          6
   0       14     1963     9996      8222889450      8222899446        13603177       8026       2000      10000          6
   0       14     1963     9996      8222899450      8222909446        13613177       8026       2000      10000          6
   0       14     1963     9996      8222909450      8222919446        13623177       8026       2000      10000          6
   0       14     1963     9997      8222919450      8222929447        13633177       8026       2000      10000          7
   0       14     1963     9996      8222929450      8222939446        13643177       8026       2000      10000          7
   0       14     1963     9997      8222939450      8222949447        13653177       8026       2000      10000          7
   0       14     1963     9996      8222949450      8222959446        13663177       8026       2000      10000          7
   0       14     1963     9996      8222959450      8222969446        13673177       8026       2000      10000          6
   0       14     1963     9996      8222969450      8222979446        13683177       8026       2000      10000          6
   0       14     1963     9996      8222979450      8222989446        13693177       8026       2000      10000          6
   0       14     1963     9996      8222989450      8222999446        13703177       8026       2000      10000          6
   0       14     1963     9996      8222999450      8223009446        13713177       8026       2000      10000          6
   0       14     1963     9996      8223009450      8223019446        13723177       8026       2000      10000          6
   0       14     1963     9996      8223019450      8223029446        13733177       8026       2000      10000          7
   0       14     1963     9996      8223029450      8223039446        13743177       8026       2000      10000          6
   0       14     1963     9996      8223039450      8223049446        13753177       8026       2000      10000          6
   0       14     1963     9996      8223049450      8223059446        13763177       8026       2000      10000          6
   0       14     1963     9996      8223059450      8223069446        13773177       8026       2000      10000          6
   0       14     1963     9996      8223069450      8223079446        13783177       8026       2000      10000          6
   0       14     1963     9996      8223079450      8223089446        13793177       8026       2000      10000          6
   0       14     1963     9996      8223089450      8223099446        13803177       8026       2000      10000          7
   0       14     1963     9996      8223099450      8223109446        13813177       8026       2000      10000          7
   0       14     1963     9996      8223109450      8223119446        13823177       8026       2000      10000          7
   0       14     1963     9996      8223119450      8223129446        13833177       8026       2000      10000          7
   0       14     1963     9996      8223129450      8223139446        13843177       8026       2000      10000          7
   0       14     1963     9996      8223139450      8223149446        13853177       8026       2000      10000          6
   0       14     1963     9996      8223149450      8223159446        13863177       8026       2000      10000          6
   0       14     1963     9996      8223159450      8223169446        13873177       8026       2000      10000          7
   0       14     1963     9996      8223169450      8223179446        13883177       8026       2000      10000          6
   0       14     1963     9987      8223179460      8223189447        13893187       8016       2000      10000          7
   0       14     1963     9996      8223189451      8223199446        13903177       8026       2000      10000          7
   0       14     1963     9996      8223199450      8223209446        13913177       8026       2000      10000          7
   0       14     1963     9997      8223209450      8223219447        13923177       8026       2000      10000          7
   0       14     1963     9996      8223219451      8223229447        13933178       8025       2000      10000          7
   0       14     1963     9996      8223229450      8223239446        13943177       8026       2000      10000          6
   0       14     1963     9996      8223239450      8223249446        13953177       8026       2000      10000          6
   0       14     1963     9996      8223249450      8223259446        13963177       8026       2000      10000          6
   0       14     1963     9996      8223259450      8223269446        13973177       8026       2000      10000          6
   0       14     1963     9996      8223269450      8223279446        13983177       8026       2000      10000          6
   0       14     1963     9996      8223279450      8223289446        13993177       8026       2000      10000          6
   0       14     1963     9996      8223289450      8223299446        14003177       8026       2000      10000          6
   0       14     1963     9996      8223299450      8223309446        14013177       8026       2000      10000          6
   0       14     1963     9996      8223309450      8223319446        14023177       8026       2000      10000          6
   0       14     1963     9996      8223319450      8223329446        14033177       8026       2000      10000          6
   0       14     1963     9996      8223329450      8223339446        14043177       8026       2000      10000          6
   0       14     1963     9996      8223339450      8223349446        14053177       8026       2000      10000          6
   0       14     1963     9996      8223349450      8223359446        14063177       8026       2000      10000          6
   0       14     1963     9996      8223359450      8223369446        14073177       8026       2000      10000          6
   0       14     1963     9996      8223369450      8223379446        14083177       8026       2000      10000          6
   0       14     1963     9996      8223379450      8223389446        14093177       8026       2000      10000          6
   0       14     1963     9996      8223389450      8223399446        14103177       8026       2000      10000          6
   0       14     1963     9996      8223399450      8223409446        14113177       8026       2000      10000          6
   0       14     1963     9996      8223409450      8223419446        14123177       8026       2000      10000          6
   0       14     1963     9996      8223419450      8223429446        14133177       8026       2000      10000          6
   0       14     1963     9996      8223429450      8223439446        14143177       8026       2000      10000          6
   0       14     1963     9996      8223439450      8223449446        14153177       8026       2000      10000          6
   0       14     1963     9996      8223449450      8223459446        14163177       8026       2000      10000          6
   0       14     1963     9996      8223459450      8223469446        14173177       8026       2000      10000          6
   0       14     1963     9996      8223469450      8223479446        14183177       8026       2000      10000          6
   0       14     1963     9996      8223479450      8223489446        14193177       8026       2000      10000          6
   0       14     1963     9996      8223489450      8223499446        14203177       8026       2000      10000          6
   0       14     1963     9996      8223499450      8223509446        14213177       8026       2000      10000          6
   0       14     1963     9986      8223509461      8223519446        14223188       8015       2000      10000          7
   0       14     1963     9996      8223519450      8223529446        14233177       8026       2000      10000          6
   0       14     1963     9997      8223529450      8223539447        14243177       8026       2000      10000          7
   0       14     1992     9995      8223539451      8223549446        14253178       7996       2000      10000          7
   0       14     1991     9996      8223549450      8223559446        14263177       7998       2000      10000          6
   0       14     1963     9996      8223559450      8223569446        14273177       8026       2000      10000          6
   0       14     1963     9996      8223569450      8223579446        14283177       8026       2000      10000          6
   0       14     1963     9996      8223579450      8223589446        14293177       8026       2000      10000          6
   0       14     1963     9996      8223589450      8223599446        14303177       8026       2000      10000          6
   0       14     1963     9996      8223599450      8223609446        14313177       8026       2000      10000          6
   0       14     1963     9996      8223609450      8223619446        14323177       8026       2000      10000          6
   0       14     1963     9996      8223619450      8223629446        14333177       8026       2000      10000          7
   0       14     1963     9996      8223629450      8223639446        14343177       8026       2000      10000          7
   0       14     1963     9996      8223639450      8223649446        14353177       8026       2000      10000          7
   0       14     1963     9996      8223649450      8223659446        14363177       8026       2000      10000          7
   0       14     1963     9996      8223659450      8223669446        14373177       8026       2000      10000          6
   0       14     1963     9996      8223669450      8223679446        14383177       8026       2000      10000          6
   0       14     1963     9996      8223679450      8223689446        14393177       8026       2000      10000          6
   0       14     1963     9996      8223689450      8223699446        14403177       8026       2000      10000          6
   0       14     1963     9996      8223699450      8223709446        14413177       8026       2000      10000          6
   0       14     1963     9996      8223709450      8223719446        14423177       8026       2000      10000          6
   0       14     1963     9996      8223719450      8223729446        14433177       8026       2000      10000          6
   0       14     1963     9996      8223729450      8223739446        14443177       8026       2000      10000          6
   0       14     1963     9996      8223739450      8223749446        14453177       8026       2000      10000          6
   0       14     1963     9996      8223749450      8223759446        14463177       8026       2000      10000          6
   0       14     1963     9996      8223759450      8223769446        14473177       8026       2000      10000          7
   0       14     1963     9996      8223769450      8223779446        14483177       8026       2000      10000          6
   0       14     1963     9996      8223779450      8223789446        14493177       8026       2000      10000          6
   0       14     1963     9996      8223789450      8223799446        14503177       8026       2000      10000          6
   0       14     1963     9996      8223799450      8223809446        14513177       8026       2000      10000          6
   0       14     1963     9996      8223809450      8223819446        14523177       8026       2000      10000          6
   0       14     1963     9996      8223819450      8223829446        14533177       8026       2000      10000          6
   0       14     1963     9996      8223829450      8223839446        14543177       8026       2000      10000          6
   0       14     1963     9986      8223839461      8223849447        14553188       8015       2000      10000          7
   0       14     1963     9996      8223849451      8223859446        14563177       8026       2000      10000          6
   0       14     1963     9996      8223859450      8223869446        14573177       8026       2000      10000          7
   0       14     1963     9996      8223869450      8223879446        14583177       8026       2000      10000          7
   0       14     1963     9996      8223879450      8223889446        14593177       8026       2000      10000          6
   0       14     1963     9996      8223889450      8223899446        14603177       8026       2000      10000          6
   0       14     1963     9996      8223899450      8223909446        14613177       8026       2000      10000          7
   0       14     1963     9996      8223909450      8223919446        14623177       8026       2000      10000          6
   0       14     1963     9996      8223919450      8223929446        14633177       8026       2000      10000          7
   0       14     1963     9996      8223929450      8223939446        14643177       8026       2000      10000          6
   0       14     1963     9997      8223939450      8223949447        14653177       8027       2000      10000          7
   0       14     1963     9996      8223949451      8223959446        14663177       8026       2000      10000          6
   0       14     1963     9996      8223959450      8223969446        14673177       8026       2000      10000          6
   0       14     1963     9996      8223969450      8223979446        14683177       8026       2000      10000          6
   0       14     1963     9996      8223979450      8223989446        14693177       8026       2000      10000          6
   0       14     1963     9996      8223989450      8223999446        14703177       8026       2000      10000          6
   0       14     1963     9996      8223999450      8224009446        14713177       8026       2000      10000          6
   0       14     1963     9996      8224009450      8224019446        14723177       8026       2000      10000          6
   0       14     1963     9996      8224019450      8224029446        14733177       8026       2000      10000          6
   0       14     1963     9996      8224029450      8224039446        14743177       8026       2000      10000          6
   0       14     1963     9996      8224039450      8224049446        14753177       8026       2000      10000          6
   0       14     1963     9996      8224049450      8224059446        14763177       8026       2000      10000          6
   0       14     1963     9996      8224059450      8224069446        14773177       8026       2000      10000          6
   0       14     1963     9996      8224069450      8224079446        14783177       8026       2000      10000          6
   0       14     1963     9996      8224079450      8224089446        14793177       8026       2000      10000          7
   0       14     1963     9996      8224089450      8224099446        14803177       8026       2000      10000          6
   0       14     1963     9996      8224099450      8224109446        14813177       8026       2000      10000          6
   0       14     1963     9996      8224109450      8224119446        14823177       8026       2000      10000          6
   0       14     1963     9996      8224119450      8224129446        14833177       8026       2000      10000          6
   0       14     1963     9996      8224129450      8224139446        14843177       8026       2000      10000          7
   0       14     1963     9996      8224139450      8224149446        14853177       8026       2000      10000          7
   0       14     1963     9996      8224149450      8224159446        14863177       8026       2000      10000          6
   0       14     1963     9996      8224159450      8224169446        14873177       8026       2000      10000          6
   0       14     1963     9986      8224169460      8224179446        14883187       8016       2000      10000          7
   0       14     1963     9996      8224179450      8224189446        14893177       8026       2000      10000          6
   0       14     1963     9996      8224189450      8224199446        14903177       8026       2000      10000          6
   0       14     1963     9996      8224199450      8224209446        14913177       8026       2000      10000          6
   0       14     1963     9996      8224209450      8224219446        14923177       8026       2000      10000          6
   0       14     1963     9997      8224219450      8224229446        14933177       8026       2000      10000          7
   0       14     1963     9996      8224229450      8224239446        14943177       8026       2000      10000          7
   0       14     1963     9996      8224239450      8224249446        14953177       8026       2000      10000          7
   0       14     1963     9996      8224249450      8224259446        14963177       8026       2000      10000          6
   0       14     1963     9996      8224259450      8224269446        14973177       8026       2000      10000          7
   0       14     1963     9996      8224269450      8224279446        14983177       8026       2000      10000          7
   0       14     1963     9997      8224279450      8224289447        14993177       8026       2000      10000          7
   0       14     1963     9996      8224289451      8224299447        15003177       8026       2000      10000          7
   0       14     1963     9996      8224299451      8224309446        15013177       8026       2000      10000          7
   0       14     1963     9996      8224309450      8224319446        15023177       8026       2000      10000          7
   0       14     1963     9996      8224319450      8224329446        15033177       8026       2000      10000          7
   0       14     1963     9996      8224329450      8224339447        15043177       8026       2000      10000          7
   0       14     1963     9996      8224339450      8224349447        15053177       8026       2000      10000          7
   0       14     1963     9996      8224349450      8224359446        15063177       8026       2000      10000          7
   0       14     1963     9996      8224359450      8224369446        15073177       8026       2000      10000          7
   0       14     1963     9997      8224369450      8224379447        15083177       8026       2000      10000          7
   0       14     1963     9995      8224379451      8224389446        15093178       8025       2000      10000          6
   0       14     1963     9997      8224389450      8224399446        15103177       8026       2000      10000          7
   0       14     1963     9996      8224399450      8224409446        15113177       8026       2000      10000          6
   0       14     1963     9996      8224409450      8224419446        15123177       8026       2000      10000          6
   0       14     1963     9997      8224419450      8224429447        15133177       8026       2000      10000          7
   0       14     1963     9996      8224429450      8224439446        15143177       8026       2000      10000          6
   0       14     1963     9997      8224439450      8224449446        15153177       8026       2000      10000          7
   0       14     1963     9996      8224449450      8224459446        15163177       8026       2000      10000          7
   0       14     1963     9996      8224459450      8224469446        15173177       8026       2000      10000          6
   0       14     1963     9996      8224469450      8224479446        15183177       8026       2000      10000          6
   0       14     1963     9996      8224479450      8224489446        15193177       8026       2000      10000          6
   0       14     1963     9996      8224489450      8224499446        15203177       8026       2000      10000          6
   0       14     1963     9985      8224499461      8224509446        15213188       8015       2000      10000          6
   0       14     1963     9996      8224509450      8224519446        15223177       8026       2000      10000          6
   0       14     1963     9996      8224519450      8224529446        15233177       8026       2000      10000          6
   0       14     1963     9999      8224529450      8224539449        15243177       8026       2000      10000          9
   0       14     1992     9994      8224539453      8224549446        15253180       7994       2000      10000          7
   0       14     1991     9996      8224549450      8224559446        15263177       7998       2000      10000          6
   0       14     1963     9996      8224559450      8224569446        15273177       8026       2000      10000          6
   0       14     1963     9996      8224569450      8224579446        15283177       8026       2000      10000          6
   0       14     1963     9996      8224579450      8224589446        15293177       8026       2000      10000          6
   0       14     1963     9996      8224589450      8224599446        15303177       8026       2000      10000          6
   0       14     1963     9996      8224599450      8224609446        15313177       8026       2000      10000          6
   0       14     1963     9996      8224609450      8224619446        15323177       8026       2000      10000          6
   0       14     1963     9996      8224619450      8224629446        15333177       8026       2000      10000          6
   0       14     1963     9996      8224629450      8224639446        15343177       8026       2000      10000          6
   0       14     1963     9996      8224639450      8224649446        15353177       8026       2000      10000          7
   0       14     1963     9996      8224649450      8224659446        15363177       8026       2000      10000          6
   0       14     1963     9996      8224659450      8224669446        15373177       8026       2000      10000          6
   0       14     1963     9996      8224669450      8224679446        15383177       8026       2000      10000          6
   0       14     1963     9996      8224679450      8224689446        15393177       8026       2000      10000          6
   0       14     1963     9997      8224689450      8224699446        15403177       8026       2000      10000          6
   0       14     1963     9996      8224699450      8224709446        15413177       8026       2000      10000          6
   0       14     1963     9996      8224709450      8224719446        15423177       8026       2000      10000          6
   0       14     1963     9996      8224719450      8224729446        15433177       8026       2000      10000          6
   0       14     1963     9996      8224729450      8224739446        15443177       8027       2000      10000          6
   0       14     1963     9996      8224739450      8224749446        15453177       8026       2000      10000          6
   0       14     1963     9996      8224749450      8224759446        15463177       8026       2000      10000          6
   0       14     1963     9996      8224759450      8224769446        15473177       8026       2000      10000          6
   0       14     1963     9996      8224769450      8224779446        15483177       8026       2000      10000          6
   0       14     1963     9996      8224779450      8224789446        15493177       8026       2000      10000          6
   0       14     1963     9996      8224789450      8224799446        15503177       8026       2000      10000          6
   0       14     1963     9996      8224799450      8224809446        15513177       8026       2000      10000          6
   0       14     1963     9996      8224809450      8224819446        15523177       8026       2000      10000          6
   0       14     1963     9996      8224819450      8224829446        15533177       8026       2000      10000          6
   0       14     1963     9985      8224829461      8224839446        15543188       8015       2000      10000          7
   0       14     1963     9996      8224839450      8224849447        15553177       8026       2000      10000          7
   0       14     1963     9996      8224849450      8224859446        15563177       8026       2000      10000          6
   0       14     1963     9996      8224859450      8224869446        15573177       8026       2000      10000          6
   0       14     1963     9996      8224869450      8224879446        15583177       8026       2000      10000          6
   0       14     1963     9996      8224879450      8224889446        15593177       8026       2000      10000          6
   0       14     1963     9996      8224889450      8224899446        15603177       8026       2000      10000          6
   0       14     1963     9996      8224899450      8224909446        15613177       8026       2000      10000          6
   0       14     1963     9996      8224909450      8224919446        15623177       8026       2000      10000          6
   0       14     1963     9996      8224919450      8224929446        15633177       8026       2000      10000          6
   0       14     1963     9996      8224929450      8224939446        15643177       8026       2000      10000          6
   0       14     1963     9997      8224939450      8224949447        15653177       8026       2000      10000          7
   0       14     1963     9996      8224949450      8224959446        15663177       8026       2000      10000          6
   0       14     1963     9996      8224959450      8224969446        15673177       8026       2000      10000          6
   0       14     1963     9996      8224969450      8224979446        15683177       8026       2000      10000          6
   0       14     1963     9996      8224979450      8224989446        15693177       8026       2000      10000          6
   0       14     1963     9996      8224989450      8224999446        15703177       8026       2000      10000          7
   0       14     1963     9997      8224999450      8225009447        15713177       8026       2000      10000          7
   0       14     1963     9995      8225009451      8225019446        15723178       8025       2000      10000          7
   0       14     1963     9996      8225019450      8225029446        15733177       8026       2000      10000          7
   0       14     1963     9996      8225029450      8225039446        15743177       8026       2000      10000          6
   0       14     1963     9996      8225039450      8225049446        15753177       8026       2000      10000          6
   0       14     1963     9996      8225049450      8225059446        15763177       8026       2000      10000          6
   0       14     1963     9996      8225059450      8225069446        15773177       8026       2000      10000          6
   0       14     1963     9996      8225069450      8225079446        15783177       8026       2000      10000          6
   0       14     1963     9996      8225079450      8225089446        15793177       8027       2000      10000          6
   0       14     1963     9997      8225089450      8225099447        15803177       8026       2000      10000          7
   0       14     1963     9996      8225099450      8225109446        15813177       8026       2000      10000          6
   0       14     1963     9996      8225109450      8225119446        15823177       8026       2000      10000          6
   0       14     1963     9996      8225119450      8225129446        15833177       8026       2000      10000          7
   0       14     1963     9996      8225129450      8225139446        15843177       8026       2000      10000          6
   0       14     1963     9997      8225139450      8225149446        15853177       8026       2000      10000          7
   0       14     1963     9996      8225149450      8225159446        15863177       8026       2000      10000          6
   0       14     1963     9983      8225159463      8225169446        15873190       8013       2000      10000          7
   0       14     1963     9996      8225169450      8225179446        15883177       8026       2000      10000          6
   0       14     1963     9996      8225179450      8225189446        15893177       8026       2000      10000          6
   0       14     1963     9996      8225189450      8225199446        15903177       8026       2000      10000          6
   0       14     1963     9996      8225199450      8225209446        15913177       8026       2000      10000          7
   0       14     1963     9996      8225209450      8225219446        15923177       8026       2000      10000          6
   0       14     1963     9996      8225219450      8225229446        15933177       8026       2000      10000          6
   0       14     1963     9996      8225229450      8225239446        15943177       8026       2000      10000          6
   0       14     1963     9996      8225239450      8225249446        15953177       8026       2000      10000          6
   0       14     1963     9996      8225249450      8225259446        15963177       8026       2000      10000          6
   0       14     1963     9996      8225259450      8225269446        15973177       8026       2000      10000          6
   0       14     1963     9996      8225269450      8225279446        15983177       8026       2000      10000          6
   0       14     1963     9996      8225279450      8225289446        15993177       8026       2000      10000          6
   0       14     1963     9996      8225289450      8225299446        16003177       8026       2000      10000          6
   0       14     1963     9996      8225299450      8225309446        16013177       8026       2000      10000          6
   0       14     1963     9997      8225309450      8225319446        16023177       8026       2000      10000          7
   0       14     1963     9996      8225319450      8225329446        16033177       8026       2000      10000          6
   0       14     1963     9996      8225329450      8225339446        16043177       8026       2000      10000          6
   0       14     1963     9996      8225339450      8225349446        16053177       8026       2000      10000          6
   0       14     1963     9996      8225349450      8225359446        16063177       8026       2000      10000          6
   0       14     1963     9996      8225359450      8225369446        16073177       8026       2000      10000          6
   0       14     1963     9996      8225369450      8225379446        16083177       8026       2000      10000          6
   0       14     1963     9996      8225379450      8225389446        16093177       8026       2000      10000          6
   0       14     1963     9996      8225389450      8225399446        16103177       8026       2000      10000          6
   0       14     1963     9996      8225399450      8225409446        16113177       8026       2000      10000          6
   0       14     1963     9996      8225409450      8225419446        16123177       8026       2000      10000          7
   0       14     1963     9996      8225419450      8225429446        16133177       8026       2000      10000          6
   0       14     1963     9996      8225429450      8225439446        16143177       8026       2000      10000          7
   0       14     1963     9996      8225439450      8225449446        16153177       8026       2000      10000          6
   0       14     1963     9996      8225449450      8225459446        16163177       8026       2000      10000          6
   0       14     1963     9996      8225459450      8225469446        16173177       8026       2000      10000          7
   0       14     1963     9996      8225469450      8225479446        16183177       8026       2000      10000          6
   0       14     1963     9996      8225479450      8225489446        16193177       8026       2000      10000          6
   0       14     1963     9986      8225489460      8225499446        16203187       8016       2000      10000          6
   0       14     1963     9996      8225499450      8225509446        16213177       8026       2000      10000          6
   0       14     1963     9996      8225509450      8225519446        16223177       8026       2000      10000          7
   0       14     1963     9996      8225519450      8225529446        16233177       8026       2000      10000          7
   0       14     1963     9999      8225529450      8225539449        16243177       8026       2000      10000         10
   0       14     1992     9993      8225539453      8225549446        16253180       7993       2000      10000          7
   0       14     1991     9996      8225549450      8225559446        16263177       7998       2000      10000          7
   0       14     1963     9996      8225559450      8225569446        16273177       8026       2000      10000          6
   0       14     1963     9996      8225569450      8225579446        16283177       8026       2000      10000          6
   0       14     1963     9996      8225579450      8225589446        16293177       8027       2000      10000          6
   0       14     1963     9996      8225589450      8225599446        16303177       8026       2000      10000          6
   0       14     1963     9996      8225599450      8225609446        16313177       8026       2000      10000          6
   0       14     1963     9996      8225609450      8225619446        16323177       8026       2000      10000          6
   0       14     1963     9996      8225619450      8225629446        16333177       8026       2000      10000          7
   0       14     1963     9996      8225629450      8225639446        16343177       8026       2000      10000          6
   0       14     1963     9997      8225639450      8225649446        16353177       8026       2000      10000          7
   0       14     1963     9996      8225649450      8225659446        16363177       8026       2000      10000          6
   0       14     1963     9996      8225659450      8225669446        16373177       8026       2000      10000          6
   0       14     1963     9996      8225669450      8225679446        16383177       8026       2000      10000          6
   0       14     1963     9996      8225679450      8225689446        16393177       8026       2000      10000          6
   0       14     1963     9996      8225689450      8225699446        16403177       8026       2000      10000          6
   0       14     1963     9996      8225699450      8225709446        16413177       8026       2000      10000          6
   0       14     1963     9996      8225709450      8225719446        16423177       8026       2000      10000          6
   0       14     1963     9996      8225719450      8225729446        16433177       8026       2000      10000          6
   0       14     1963     9996      8225729450      8225739446        16443177       8026       2000      10000          6
   0       14     1963     9996      8225739450      8225749446        16453177       8026       2000      10000          6
   0       14     1963     9996      8225749450      8225759446        16463177       8026       2000      10000          6
   0       14     1963     9996      8225759450      8225769446        16473177       8026       2000      10000          6
   0       14     1963     9996      8225769450      8225779446        16483177       8026       2000      10000          6
   0       14     1963     9996      8225779450      8225789446        16493177       8026       2000      10000          6
   0       14     1963     9996      8225789450      8225799446        16503177       8026       2000      10000          6
   0       14     1963     9996      8225799450      8225809446        16513177       8026       2000      10000          7
   0       14     1963     9996      8225809450      8225819446        16523177       8026       2000      10000          7
   0       14     1963     9986      8225819461      8225829447        16533188       8015       2000      10000          7
   0       14     1963     9996      8225829451      8225839446        16543178       8025       2000      10000          7
   0       14     1963     9999      8225839450      8225849449        16553177       8026       2000      10000          9
   0       14     1963     9993      8225849453      8225859446        16563180       8024       2000      10000          6
   0       14     1963     9996      8225859450      8225869446        16573177       8026       2000      10000          6
   0       14     1963     9996      8225869450      8225879446        16583177       8026       2000      10000          7
   0       14     1963     9996      8225879450      8225889446        16593177       8026       2000      10000          6
   0       14     1963     9996      8225889450      8225899446        16603177       8026       2000      10000          6
   0       14     1963     9996      8225899450      8225909446        16613177       8026       2000      10000          6
   0       14     1963     9996      8225909450      8225919446        16623177       8026       2000      10000          6
   0       14     1963     9996      8225919450      8225929446        16633177       8026       2000      10000          6
   0       14     1963     9996      8225929450      8225939446        16643177       8026       2000      10000          6
   0       14     1963     9996      8225939450      8225949446        16653177       8026       2000      10000          6
   0       14     1963     9996      8225949450      8225959446        16663177       8026       2000      10000          7
   0       14     1963     9996      8225959450      8225969446        16673177       8026       2000      10000          7
   0       14     1963     9996      8225969450      8225979446        16683177       8026       2000      10000          6
   0       14     1963     9996      8225979450      8225989446        16693177       8026       2000      10000          7
   0       14     1963     9996      8225989450      8225999446        16703177       8026       2000      10000          7
   0       14     1963     9996      8225999450      8226009446        16713177       8026       2000      10000          7
   0       14     1963     9996      8226009450      8226019446        16723177       8026       2000      10000          6
   0       14     1963     9996      8226019450      8226029446        16733177       8026       2000      10000          7
   0       14     1963     9996      8226029450      8226039446        16743177       8026       2000      10000          6
   0       14     1963     9996      8226039450      8226049446        16753177       8026       2000      10000          6
   0       14     1963     9996      8226049450      8226059446        16763177       8026       2000      10000          6
   0       14     1963     9996      8226059450      8226069446        16773177       8026       2000      10000          6
   0       14     1963     9997      8226069450      8226079446        16783177       8026       2000      10000          7
   0       14     1963     9996      8226079450      8226089446        16793177       8026       2000      10000          6
   0       14     1963     9996      8226089450      8226099446        16803177       8026       2000      10000          7
   0       14     1963     9996      8226099450      8226109446        16813177       8026       2000      10000          6
   0       14     1963     9996      8226109450      8226119446        16823177       8026       2000      10000          7
   0       14     1963     9996      8226119450      8226129446        16833177       8026       2000      10000          7
   0       14     1963     9996      8226129450      8226139446        16843177       8026       2000      10000          6
   0       14     1963     9996      8226139450      8226149446        16853177       8026       2000      10000          6
   0       14     1963     9986      8226149460      8226159446        16863187       8016       2000      10000          7
   0       14     1963     9996      8226159450      8226169446        16873177       8026       2000      10000          6
   0       14     1963     9996      8226169450      8226179446        16883177       8026       2000      10000          6
   0       14     1963     9996      8226179450      8226189446        16893177       8026       2000      10000          6
   0       14     1963     9996      8226189450      8226199446        16903177       8026       2000      10000          6
   0       14     1963     9996      8226199450      8226209446        16913177       8026       2000      10000          6
   0       14     1963     9996      8226209450      8226219446        16923177       8026       2000      10000          6
   0       14     1963     9996      8226219450      8226229446        16933177       8026       2000      10000          6
   0       14     1963     9996      8226229450      8226239446        16943177       8026       2000      10000          6
   0       14     1963     9996      8226239450      8226249446        16953177       8026       2000      10000          6
   0       14     1963     9996      8226249450      8226259446        16963177       8026       2000      10000          7
   0       14     1963     9996      8226259450      8226269446        16973177       8026       2000      10000          6
   0       14     1963     9996      8226269450      8226279446        16983177       8026       2000      10000          6
   0       14     1963     9996      8226279450      8226289446        16993177       8026       2000      10000          6
   0       14     1963     9996      8226289450      8226299446        17003177       8026       2000      10000          6
   0       14     1963     9996      8226299450      8226309446        17013177       8026       2000      10000          6
   0       14     1963     9996      8226309450      8226319446        17023177       8026       2000      10000          6
   0       14     1963     9996      8226319450      8226329446        17033177       8026       2000      10000          6
   0       14     1963     9996      8226329450      8226339446        17043177       8026       2000      10000          6
   0       14     1963     9996      8226339450      8226349446        17053177       8026       2000      10000          6
   0       14     1963     9996      8226349450      8226359446        17063177       8026       2000      10000          6
   0       14     1963     9996      8226359450      8226369446        17073177       8026       2000      10000          6
   0       14     1963     9996      8226369450      8226379446        17083177       8026       2000      10000          6
   0       14     1963     9996      8226379450      8226389446        17093177       8026       2000      10000          6
   0       14     1963     9996      8226389450      8226399446        17103177       8026       2000      10000          6
   0       14     1963     9996      8226399450      8226409446        17113177       8026       2000      10000          6
   0       14     1963     9996      8226409450      8226419446        17123177       8026       2000      10000          6
   0       14     1963     9996      8226419450      8226429446        17133177       8026       2000      10000          6
   0       14     1963     9996      8226429450      8226439446        17143177       8026       2000      10000          6
   0       14     1963     9996      8226439450      8226449446        17153177       8026       2000      10000          6
   0       14     1963     9996      8226449450      8226459446        17163177       8026       2000      10000          6
   0       14     1963     9996      8226459450      8226469446        17173177       8026       2000      10000          6
   0       14     1963     9996      8226469450      8226479446        17183177       8026       2000      10000          6
   0       14     1963     9986      8226479460      8226489446        17193187       8016       2000      10000          7
   0       14     1963     9996      8226489450      8226499446        17203177       8026       2000      10000          7
   0       14     1963     9996      8226499450      8226509446        17213177       8026       2000      10000          7
   0       14     1963     9996      8226509450      8226519446        17223177       8026       2000      10000          6
   0       14     1963     9996      8226519450      8226529446        17233177       8026       2000      10000          6
   0       14     1963    10000      8226529450      8226539449        17243177       8026       2000      10000         10
   0       14     1964     9993      8226539453      8226549447        17253180       8022       2000      10000          7
   0       14     1963     9996      8226549451      8226559447        17263178       8025       2000      10000          7
   0       14     1963     9996      8226559450      8226569446        17273177       8026       2000      10000          6
   0       14     1963     9996      8226569450      8226579446        17283177       8026       2000      10000          7
   0       14     1963     9996      8226579450      8226589446        17293177       8026       2000      10000          6
   0       14     1963     9996      8226589450      8226599446        17303177       8026       2000      10000          6
   0       14     1963     9996      8226599450      8226609446        17313177       8026       2000      10000          6
   0       14     1963     9996      8226609450      8226619446        17323177       8026       2000      10000          6
   0       14     1963     9996      8226619450      8226629446        17333177       8026       2000      10000          6
   0       14     1963     9996      8226629450      8226639446        17343177       8026       2000      10000          7
   0       14     1963     9996      8226639450      8226649446        17353177       8026       2000      10000          7
   0       14     1963     9996      8226649450      8226659446        17363177       8026       2000      10000          6
   0       14     1963     9996      8226659450      8226669446        17373177       8026       2000      10000          6
   0       14     1963     9996      8226669450      8226679446        17383177       8026       2000      10000          6
   0       14     1963     9996      8226679450      8226689446        17393177       8026       2000      10000          6
   0       14     1963     9996      8226689450      8226699446        17403177       8026       2000      10000          7
   0       14     1963     9996      8226699450      8226709446        17413177       8026       2000      10000          7
   0       14     1963     9996      8226709450      8226719446        17423177       8026       2000      10000          6
   0       14     1963     9996      8226719450      8226729446        17433177       8026       2000      10000          6
   0       14     1963     9996      8226729450      8226739446        17443177       8026       2000      10000          6
   0       14     1963     9996      8226739450      8226749446        17453177       8026       2000      10000          7
   0       14     1963     9996      8226749450      8226759446        17463177       8026       2000      10000          6
   0       14     1963     9996      8226759450      8226769446        17473177       8026       2000      10000          6
   0       14     1963     9996      8226769450      8226779446        17483177       8026       2000      10000          6
   0       14     1963     9996      8226779450      8226789446        17493177       8026       2000      10000          7
   0       14     1963     9996      8226789450      8226799446        17503177       8026       2000      10000          6
   0       14     1963     9996      8226799450      8226809446        17513177       8026       2000      10000          6
   0       14     1963     9985      8226809461      8226819446        17523188       8015       2000      10000          6
   0       14     1963     9996      8226819450      8226829446        17533177       8026       2000      10000          6
   0       14     1963     9996      8226829450      8226839446        17543177       8026       2000      10000          6
   0       14     1963     9996      8226839450      8226849446        17553177       8026       2000      10000          6
   0       14     1963     9996      8226849450      8226859446        17563177       8026       2000      10000          6
   0       14     1963     9996      8226859450      8226869446        17573177       8026       2000      10000          6
   0       14     1963     9996      8226869450      8226879446        17583177       8026       2000      10000          6
   0       14     1963     9996      8226879450      8226889446        17593177       8026       2000      10000          6
   0       14     1963     9996      8226889450      8226899446        17603177       8026       2000      10000          6
   0       14     1963     9996      8226899450      8226909446        17613177       8026       2000      10000          6
   0       14     1963     9996      8226909450      8226919446        17623177       8026       2000      10000          7
   0       14     1963     9996      8226919450      8226929446        17633177       8026       2000      10000          6
   0       14     1963     9996      8226929450      8226939446        17643177       8026       2000      10000          6
   0       14     1963     9996      8226939450      8226949446        17653177       8026       2000      10000          6
   0       14     1963     9996      8226949450      8226959446        17663177       8026       2000      10000          6
   0       14     1963     9996      8226959450      8226969446        17673177       8026       2000      10000          6
   0       14     1963     9996      8226969450      8226979446        17683177       8026       2000      10000          7
   0       14     1963     9996      8226979450      8226989446        17693177       8026       2000      10000          6
   0       14     1963     9996      8226989450      8226999446        17703177       8026       2000      10000          7
   0       14     1963     9996      8226999450      8227009446        17713177       8026       2000      10000          6
   0       14     1963     9996      8227009450      8227019446        17723177       8026       2000      10000          6
   0       14     1963     9996      8227019450      8227029446        17733177       8026       2000      10000          7
   0       14     1963     9996      8227029450      8227039446        17743177       8026       2000      10000          7
   0       14     1963     9996      8227039450      8227049446        17753177       8026       2000      10000          7
   0       14     1963     9996      8227049450      8227059446        17763177       8026       2000      10000          6
   0       14     1963     9996      8227059450      8227069446        17773177       8026       2000      10000          6
   0       14     1963     9996      8227069450      8227079446        17783177       8026       2000      10000          7
   0       14     1963     9996      8227079450      8227089446        17793177       8026       2000      10000          6
   0       14     1963     9996      8227089450      8227099446        17803177       8026       2000      10000          6
   0       14     1963     9996      8227099450      8227109446        17813177       8026       2000      10000          6
   0       14     1963     9996      8227109450      8227119446        17823177       8026       2000      10000          7
   0       14     1963     9996      8227119450      8227129446        17833177       8026       2000      10000          6
   0       14     1963     9997      8227129450      8227139446        17843177       8026       2000      10000          7
   0       14     1963     9986      8227139460      8227149446        17853187       8016       2000      10000          7
   0       14     1963     9996      8227149450      8227159446        17863177       8026       2000      10000          7
   0       14     1963     9996      8227159450      8227169446        17873177       8026       2000      10000          6
   0       14     1963     9996      8227169450      8227179446        17883177       8026       2000      10000          7
   0       14     1963     9996      8227179450      8227189446        17893177       8026       2000      10000          6
   0       14     1963     9996      8227189450      8227199446        17903177       8026       2000      10000          6
   0       14     1963     9996      8227199450      8227209446        17913177       8026       2000      10000          7
   0       14     1963     9996      8227209450      8227219446        17923177       8026       2000      10000          7
   0       14     1963     9996      8227219450      8227229446        17933177       8026       2000      10000          6
   0       14     1963     9996      8227229450      8227239446        17943177       8026       2000      10000          7
   0       14     1963     9996      8227239450      8227249446        17953177       8026       2000      10000          7
   0       14     1963     9996      8227249450      8227259446        17963177       8026       2000      10000          7
   0       14     1963     9996      8227259450      8227269446        17973177       8026       2000      10000          7
   0       14     1963     9996      8227269450      8227279446        17983177       8026       2000      10000          7
   0       14     1963     9997      8227279450      8227289447        17993177       8026       2000      10000          7
   0       14     1963     9996      8227289451      8227299446        18003177       8026       2000      10000          6
   0       14     1963     9996      8227299450      8227309446        18013177       8026       2000      10000          6
   0       14     1963     9996      8227309450      8227319446        18023177       8026       2000      10000          7
   0       14     1963     9996      8227319450      8227329446        18033177       8026       2000      10000          6
   0       14     1963     9996      8227329450      8227339446        18043177       8026       2000      10000          6
   0       14     1963     9996      8227339450      8227349446        18053177       8026       2000      10000          6
   0       14     1963     9996      8227349450      8227359446        18063177       8026       2000      10000          6
   0       14     1963     9996      8227359450      8227369446        18073177       8026       2000      10000          6
   0       14     1963     9996      8227369450      8227379446        18083177       8026       2000      10000          6
   0       14     1963     9996      8227379450      8227389446        18093177       8026       2000      10000          6
   0       14     1963     9996      8227389450      8227399446        18103177       8026       2000      10000          6
   0       14     1963     9996      8227399450      8227409446        18113177       8026       2000      10000          6
   0       14     1963     9996      8227409450      8227419446        18123177       8026       2000      10000          6
   0       14     1963     9996      8227419450      8227429446        18133177       8026       2000      10000          6
   0       14     1963     9996      8227429450      8227439446        18143177       8026       2000      10000          6
   0       14     1963     9996      8227439450      8227449446        18153177       8026       2000      10000          6
   0       14     1963     9996      8227449450      8227459446        18163177       8026       2000      10000          6
   0       14     1963     9996      8227459450      8227469446        18173177       8026       2000      10000          6
   0       14     1963     9987      8227469460      8227479446        18183186       8017       2000      10000          7
   0       14     1963     9996      8227479450      8227489446        18193177       8026       2000      10000          6
   0       14     1963     9996      8227489450      8227499446        18203177       8026       2000      10000          6
   0       14     1963     9996      8227499450      8227509446        18213177       8026       2000      10000          6
   0       14     1963     9996      8227509450      8227519446        18223177       8026       2000      10000          6
   0       14     1963     9996      8227519450      8227529446        18233177       8026       2000      10000          6
   0       14     1963     9997      8227529450      8227539447        18243177       8026       2000      10000          8
   0       14     1964     9995      8227539451      8227549446        18253178       8024       2000      10000          7
   0       14     1963     9996      8227549450      8227559446        18263177       8026       2000      10000          6
   0       14     1963     9996      8227559450      8227569446        18273177       8026       2000      10000          6
   0       14     1963     9997      8227569450      8227579446        18283177       8026       2000      10000          7
   0       14     1963     9996      8227579450      8227589446        18293177       8026       2000      10000          6
   0       14     1963     9996      8227589450      8227599446        18303177       8026       2000      10000          7
   0       14     1963     9996      8227599450      8227609446        18313177       8026       2000      10000          6
   0       14     1963     9996      8227609450      8227619446        18323177       8026       2000      10000          6
   0       14     1963     9996      8227619450      8227629446        18333177       8026       2000      10000          6
   0       14     1963     9997      8227629450      8227639447        18343177       8026       2000      10000          7
   0       14     1963     9996      8227639450      8227649446        18353177       8026       2000      10000          7
   0       14     1963     9996      8227649450      8227659446        18363177       8026       2000      10000          6
   0       14     1963     9996      8227659450      8227669446        18373177       8026       2000      10000          6
   0       14     1963     9996      8227669450      8227679446        18383177       8026       2000      10000          6
   0       14     1963     9996      8227679450      8227689446        18393177       8026       2000      10000          6
   0       14     1963     9997      8227689450      8227699447        18403177       8026       2000      10000          7
   0       14     1963     9996      8227699451      8227709446        18413178       8026       2000      10000          6
   0       14     1963     9996      8227709450      8227719446        18423177       8026       2000      10000          6
   0       14     1963     9997      8227719450      8227729447        18433177       8026       2000      10000          7
   0       14     1963     9995      8227729451      8227739446        18443178       8025       2000      10000          6
   0       14     1963     9997      8227739449      8227749446        18453176       8027       2000      10000          6
   0       14     1963     9996      8227749450      8227759446        18463177       8026       2000      10000          6
   0       14     1963     9996      8227759450      8227769446        18473177       8026       2000      10000          6
   0       14     1963     9996      8227769450      8227779446        18483177       8026       2000      10000          6
   0       14     1963     9996      8227779450      8227789446        18493177       8026       2000      10000          6
   0       14     1963     9996      8227789450      8227799446        18503177       8026       2000      10000          6
   0       14     1963     9985      8227799461      8227809446        18513188       8015       2000      10000          6
   0       14     1963     9997      8227809450      8227819446        18523177       8027       2000      10000          6
   0       14     1963     9996      8227819450      8227829446        18533177       8026       2000      10000          7
   0       14     1963     9996      8227829450      8227839446        18543177       8026       2000      10000          6
   0       14     1963     9996      8227839450      8227849446        18553177       8026       2000      10000          6
   0       14     1963     9996      8227849450      8227859446        18563177       8026       2000      10000          6
   0       14     1963     9996      8227859450      8227869446        18573177       8026       2000      10000          7
   0       14     1963     9996      8227869450      8227879446        18583177       8026       2000      10000          6
   0       14     1963     9996      8227879450      8227889446        18593177       8026       2000      10000          7
   0       14     1963     9996      8227889450      8227899446        18603177       8026       2000      10000          7
   0       14     1963     9996      8227899450      8227909446        18613177       8026       2000      10000          6
   0       14     1963     9996      8227909450      8227919446        18623177       8026       2000      10000          6
   0       14     1963     9996      8227919450      8227929446        18633177       8026       2000      10000          6
   0       14     1963     9996      8227929450      8227939446        18643177       8026       2000      10000          6
   0       14     1963     9996      8227939450      8227949446        18653177       8026       2000      10000          6
   0       14     1963     9996      8227949450      8227959446        18663177       8026       2000      10000          6
   0       14     1963     9996      8227959450      8227969446        18673177       8026       2000      10000          6
   0       14     1963     9996      8227969450      8227979446        18683177       8026       2000      10000          7
   0       14     1963     9996      8227979450      8227989446        18693177       8026       2000      10000          7
   0       14     1963     9996      8227989450      8227999446        18703177       8026       2000      10000          6
   0       14     1963     9996      8227999450      8228009446        18713177       8026       2000      10000          6
   0       14     1963     9996      8228009450      8228019446        18723177       8026       2000      10000          6
   0       14     1963     9996      8228019450      8228029446        18733177       8026       2000      10000          6
   0       14     1963     9996      8228029450      8228039446        18743177       8026       2000      10000          7
   0       14     1963     9996      8228039450      8228049446        18753177       8026       2000      10000          6
   0       14     1963     9996      8228049450      8228059446        18763177       8026       2000      10000          6
   0       14     1963     9996      8228059450      8228069446        18773177       8026       2000      10000          6
   0       14     1963     9996      8228069450      8228079446        18783177       8026       2000      10000          7
   0       14     1963     9996      8228079450      8228089446        18793177       8026       2000      10000          6
   0       14     1963     9996      8228089450      8228099446        18803177       8026       2000      10000          7
   0       14     1963     9996      8228099450      8228109446        18813177       8026       2000      10000          6
   0       14     1963     9996      8228109450      8228119446        18823177       8026       2000      10000          6
   0       14     1963     9996      8228119450      8228129446        18833177       8026       2000      10000          6
   0       14     1963     9987      8228129460      8228139447        18843187       8016       2000      10000          7
   0       14     1963     9995      8228139451      8228149446        18853178       8025       2000      10000          6
   0       14     1963     9996      8228149450      8228159446        18863177       8026       2000      10000          6
   0       14     1963     9996      8228159450      8228169446        18873177       8026       2000      10000          6
   0       14     1963     9996      8228169450      8228179446        18883177       8026       2000      10000          6
   0       14     1963     9996      8228179450      8228189446        18893177       8026       2000      10000          6
   0       14     1963     9996      8228189450      8228199446        18903177       8026       2000      10000          6
   0       14     1963     9996      8228199450      8228209446        18913177       8026       2000      10000          6
   0       14     1963     9996      8228209450      8228219446        18923177       8026       2000      10000          6
   0       14     1963     9996      8228219450      8228229446        18933177       8026       2000      10000          6
   0       14     1963     9996      8228229450      8228239446        18943177       8026       2000      10000          6
   0       14     1963     9996      8228239450      8228249446        18953177       8026       2000      10000          6
   0       14     1963     9996      8228249450      8228259446        18963177       8026       2000      10000          6
   0       14     1963     9996      8228259450      8228269446        18973177       8026       2000      10000          6
   0       14     1963     9996      8228269450      8228279446        18983177       8026       2000      10000          6
   0       14     1963     9996      8228279450      8228289446        18993177       8026       2000      10000          6
   0       14     1963     9996      8228289450      8228299446        19003177       8026       2000      10000          7
   0       14     1963     9996      8228299450      8228309446        19013177       8026       2000      10000          7
   0       14     1963     9996      8228309450      8228319446        19023177       8026       2000      10000          7
   0       14     1963     9996      8228319450      8228329446        19033177       8026       2000      10000          7
   0       14     1963     9996      8228329450      8228339446        19043177       8026       2000      10000          7
   0       14     1963     9996      8228339450      8228349446        19053177       8026       2000      10000          6
   0       14     1963     9996      8228349450      8228359446        19063177       8026       2000      10000          6
   0       14     1963     9996      8228359450      8228369446        19073177       8026       2000      10000          7
   0       14     1963     9996      8228369450      8228379446        19083177       8026       2000      10000          6
   0       14     1963     9996      8228379450      8228389446        19093177       8026       2000      10000          6
   0       14     1963     9996      8228389450      8228399446        19103177       8026       2000      10000          6
   0       14     1963     9996      8228399450      8228409446        19113177       8026       2000      10000          6
   0       14     1963     9996      8228409450      8228419446        19123177       8026       2000      10000          6
   0       14     1963     9996      8228419450      8228429446        19133177       8026       2000      10000          6
   0       14     1963     9997      8228429450      8228439447        19143177       8026       2000      10000          7
   0       14     1963     9996      8228439451      8228449447        19153178       8026       2000      10000          7
   0       14     1963     9996      8228449450      8228459446        19163177       8026       2000      10000          7
   0       14     1963     9984      8228459462      8228469446        19173189       8014       2000      10000          7
   0       14     1963     9996      8228469450      8228479446        19183177       8026       2000      10000          7
   0       14     1963     9996      8228479450      8228489446        19193177       8026       2000      10000          6
   0       14     1963     9996      8228489450      8228499446        19203177       8026       2000      10000          7
   0       14     1963     9996      8228499450      8228509446        19213177       8026       2000      10000          7
   0       14     1963     9996      8228509450      8228519447        19223177       8026       2000      10000          7
   0       14     1963     9996      8228519450      8228529446        19233177       8026       2000      10000          6
   0       14     1963     9999      8228529450      8228539449        19243177       8027       2000      10000          9
   0       14     1964     9994      8228539452      8228549447        19253179       8023       2000      10000          7
   0       14     1963     9996      8228549451      8228559446        19263177       8026       2000      10000          7
   0       14     1963     9996      8228559450      8228569446        19273177       8026       2000      10000          6
   0       14     1963     9996      8228569450      8228579446        19283177       8026       2000      10000          6
   0       14     1963     9997      8228579450      8228589447        19293177       8026       2000      10000          7
   0       14     1963     9996      8228589450      8228599446        19303177       8026       2000      10000          7
   0       14     1963     9996      8228599450      8228609446        19313177       8026       2000      10000          7
   0       14     1963     9996      8228609450      8228619446        19323177       8026       2000      10000          6
   0       14     1963     9996      8228619450      8228629446        19333177       8026       2000      10000          6
   0       14     1963     9996      8228629450      8228639446        19343177       8026       2000      10000          7
   0       14     1963     9997      8228639450      8228649447        19353177       8026       2000      10000          7
   0       14     1963     9996      8228649450      8228659447        19363177       8026       2000      10000          7
   0       14     1963     9996      8228659450      8228669446        19373177       8026       2000      10000          7
   0       14     1963     9996      8228669450      8228679446        19383177       8026       2000      10000          7
   0       14     1963     9996      8228679450      8228689446        19393177       8026       2000      10000          7
   0       14     1963     9997      8228689450      8228699447        19403177       8026       2000      10000          7
   0       14     1963     9995      8228699451      8228709446        19413178       8025       2000      10000          6
   0       14     1963     9996      8228709450      8228719446        19423177       8026       2000      10000          6
   0       14     1963     9996      8228719450      8228729446        19433177       8026       2000      10000          6
   0       14     1963     9996      8228729450      8228739446        19443177       8026       2000      10000          6
   0       14     1963     9996      8228739450      8228749446        19453177       8026       2000      10000          6
   0       14     1963     9996      8228749450      8228759446        19463177       8026       2000      10000          6
   0       14     1963     9996      8228759450      8228769446        19473177       8026       2000      10000          6
   0       14     1963     9996      8228769450      8228779446        19483177       8026       2000      10000          6
   0       14     1963     9996      8228779450      8228789446        19493177       8026       2000      10000          6
   0       14     1963     9985      8228789461      8228799446        19503188       8015       2000      10000          7
   0       14     1963     9996      8228799450      8228809446        19513177       8026       2000      10000          6
   0       14     1963     9996      8228809450      8228819446        19523177       8026       2000      10000          7
   0       14     1963     9996      8228819450      8228829446        19533177       8026       2000      10000          6
   0       14     1963     9996      8228829450      8228839446        19543177       8026       2000      10000          6
   0       14     1963     9996      8228839450      8228849446        19553177       8026       2000      10000          6
   0       14     1963     9996      8228849450      8228859446        19563177       8026       2000      10000          6
   0       14     1963     9996      8228859450      8228869446        19573177       8026       2000      10000          6
   0       14     1963     9996      8228869450      8228879446        19583177       8026       2000      10000          6
   0       14     1963     9996      8228879450      8228889446        19593177       8026       2000      10000          6
   0       14     1963     9996      8228889450      8228899446        19603177       8026       2000      10000          6
   0       14     1963     9996      8228899450      8228909446        19613177       8026       2000      10000          7
   0       14     1963     9996      8228909450      8228919446        19623177       8026       2000      10000          6
   0       14     1963     9996      8228919450      8228929446        19633177       8026       2000      10000          6
   0       14     1963     9996      8228929450      8228939446        19643177       8026       2000      10000          6
   0       14     1963     9996      8228939450      8228949446        19653177       8026       2000      10000          6
   0       14     1963     9996      8228949450      8228959446        19663177       8026       2000      10000          6
   0       14     1963     9996      8228959450      8228969446        19673177       8026       2000      10000          6
   0       14     1963     9996      8228969450      8228979446        19683177       8026       2000      10000          6
   0       14     1963     9996      8228979450      8228989446        19693177       8026       2000      10000          6
   0       14     1963     9996      8228989450      8228999446        19703177       8026       2000      10000          7
   0       14     1963     9996      8228999450      8229009446        19713177       8026       2000      10000          6
   0       14     1963     9996      8229009450      8229019446        19723177       8026       2000      10000          6
   0       14     1963     9996      8229019450      8229029446        19733177       8026       2000      10000          7
   0       14     1963     9996      8229029450      8229039446        19743177       8026       2000      10000          6
   0       14     1963     9997      8229039450      8229049447        19753177       8026       2000      10000          7
   0       14     1963     9996      8229049450      8229059446        19763177       8026       2000      10000          6
   0       14     1963     9996      8229059450      8229069446        19773177       8026       2000      10000          7
   0       14     1963     9996      8229069450      8229079446        19783177       8026       2000      10000          7
   0       14     1963     9996      8229079450      8229089446        19793177       8026       2000      10000          6
   0       14     1963     9996      8229089450      8229099446        19803177       8026       2000      10000          6
   0       14     1963     9996      8229099450      8229109446        19813177       8026       2000      10000          6
   0       14     1963     9996      8229109450      8229119446        19823177       8026       2000      10000          6
   0       14     1963     9986      8229119460      8229129446        19833187       8016       2000      10000          6
   0       14     1963     9996      8229129450      8229139446        19843177       8026       2000      10000          6
   0       14     1963     9996      8229139450      8229149446        19853177       8026       2000      10000          6
   0       14     1963     9996      8229149450      8229159446        19863177       8026       2000      10000          6
   0       14     1963     9996      8229159450      8229169446        19873177       8026       2000      10000          6
   0       14     1963     9996      8229169450      8229179446        19883177       8026       2000      10000          6
   0       14     1963     9996      8229179450      8229189446        19893177       8026       2000      10000          6
   0       14     1963     9996      8229189450      8229199446        19903177       8026       2000      10000          6
   0       14     1963     9996      8229199450      8229209446        19913177       8026       2000      10000          6
   0       14     1963     9996      8229209450      8229219446        19923177       8026       2000      10000          7
   0       14     1963     9996      8229219450      8229229446        19933177       8026       2000      10000          7
   0       14     1963     9996      8229229450      8229239446        19943177       8026       2000      10000          6
   0       14     1963     9996      8229239450      8229249446        19953177       8026       2000      10000          6
   0       14     1963     9996      8229249450      8229259446        19963177       8026       2000      10000          6
   0       14     1963     9996      8229259450      8229269446        19973177       8026       2000      10000          6
   0       14     1963     9996      8229269450      8229279446        19983177       8026       2000      10000          6
