#idx     perf      run   period           start             end          rel_st      slack c_duration   c_period     wu_lat
   0       14     1955     1957     17119644429     17119646385           49383     -40393       2000      10000          0
   0       14     1955     9961     17119646433     17119656394           51387       7997       2000      10000          8
   0       14     1956     9959     17119656433     17119666392           61387       7996       2000      10000          7
   0       14     1955     9964     17119666428     17119676392           71382       8001       2000      10000          7
   0       14     1955     9964     17119676427     17119686392           81381       8002       2000      10000          7
   0       14     1955     9965     17119686427     17119696392           91381       8002       2000      10000          7
   0       14     1955     9965     17119696427     17119706392          101381       8002       2000      10000          6
   0       14     1955     9964     17119706428     17119716392          111382       8002       2000      10000          7
   0       14     1955     9964     17119716427     17119726392          121381       8002       2000      10000          6
   0       14     1955     9964     17119726427     17119736392          131381       8002       2000      10000          6
   0       14     1955     9964     17119736428     17119746392          141382       8002       2000      10000          7
   0       14     1955     9965     17119746427     17119756392          151381       8002       2000      10000          7
   0       14     1955     9964     17119756428     17119766392          161382       8001       2000      10000          7
   0       14     1955     9964     17119766428     17119776392          171382       8002       2000      10000          7
   0       14     1955     9965     17119776427     17119786392          181381       8002       2000      10000          7
   0       14     1956     9964     17119786428     17119796392          191382       8001       2000      10000          7
   0       14     1956     9965     17119796427     17119806392          201381       8002       2000      10000          7
   0       14     1956     9965     17119806427     17119816392          211381       8002       2000      10000          7
   0       14     1956     9965     17119816427     17119826392          221381       8002       2000      10000          6
   0       14     1956     9965     17119826427     17119836392          231381       8003       2000      10000          7
   0       14     1956     9965     17119836428     17119846392          241382       8002       2000      10000          7
   0       14     1956     9964     17119846428     17119856392          251382       8001       2000      10000          7
   0       14     1956     9969     17119856428     17119866397          261382       8002       2000      10000         11
   0       14     1471     9955     17119866441     17119876396          271395       8473       2000      10000         10
   0       14     1457     9964     17119876435     17119886399          281389       8492       2000      10000         14
   0       14     1330     9951     17119886445     17119896395          291399       8610       2000      10000         10
   0       14     1955     9951     17119896441     17119906392          301395       7989       2000      10000          7
   0       14     1955     9963     17119906429     17119916392          311383       8000       2000      10000          7
   0       14     1955     9965     17119916427     17119926392          321381       8003       2000      10000          7
   0       14     1955     9965     17119926427     17119936392          331381       8003       2000      10000          7
   0       14     1955     9965     17119936426     17119946392          341380       8003       2000      10000          7
   0       14     1956     9965     17119946427     17119956392          351381       8002       2000      10000          7
   0       14     1956     9965     17119956427     17119966392          361381       8002       2000      10000          7
   0       14     1956     9925     17119966468     17119976393          371422       7961       2000      10000          7
   0       14     1956     9963     17119976430     17119986392          381384       7999       2000      10000          7
   0       14     1956     9964     17119986428     17119996392          391382       8001       2000      10000          7
   0       14     1956     9965     17119996426     17120006392          401380       8003       2000      10000          7
   0       14     1956     9965     17120006427     17120016392          411381       8002       2000      10000          7
   0       14     1956     9965     17120016427     17120026392          421381       8002       2000      10000          7
   0       14     1955     9964     17120026428     17120036392          431382       8001       2000      10000          7
   0       14     1955     9965     17120036427     17120046392          441381       8002       2000      10000          7
   0       14     1956     9965     17120046427     17120056392          451381       8002       2000      10000          7
   0       14     1956     9965     17120056428     17120066392          461382       8002       2000      10000          7
   0       14     1956     9963     17120066429     17120076392          471383       8001       2000      10000          7
   0       14     1956     9966     17120076427     17120086392          481381       8002       2000      10000          7
   0       14     1955     9966     17120086426     17120096392          491380       8003       2000      10000          7
   0       14     1955     9965     17120096427     17120106392          501381       8003       2000      10000          7
   0       14     1955     9965     17120106427     17120116392          511381       8002       2000      10000          7
   0       14     1955     9963     17120116429     17120126392          521383       8001       2000      10000          7
   0       14     1955     9964     17120126427     17120136392          531381       8002       2000      10000          7
   0       14     1956     9966     17120136428     17120146394          541382       8002       2000      10000          8
   0       14     1956     9968     17120146429     17120156397          551383       8000       2000      10000         11
   0       14     1333     9963     17120156433     17120166396          561387       8619       2000      10000         10
   0       14     1328     9963     17120166432     17120176395          571386       8624       2000      10000         10
   0       14     1955     9951     17120176441     17120186392          581395       7988       2000      10000          7
   0       14     1955     9963     17120186429     17120196392          591383       8000       2000      10000          7
   0       14     1956     9963     17120196429     17120206392          601383       8000       2000      10000          7
   0       14     1956     9963     17120206429     17120216392          611383       8000       2000      10000          7
   0       14     1956     9964     17120216428     17120226392          621382       8001       2000      10000          7
   0       14     1956     9965     17120226427     17120236392          631381       8003       2000      10000          7
   0       14     1955     9964     17120236427     17120246392          641381       8002       2000      10000          6
   0       14     1955     9964     17120246428     17120256392          651382       8001       2000      10000          6
   0       14     1955     9966     17120256426     17120266392          661380       8003       2000      10000          7
   0       14     1955     9966     17120266426     17120276392          671380       8003       2000      10000          7
   0       14     1955     9965     17120276427     17120286393          681381       8002       2000      10000          8
   0       14     1956     9966     17120286426     17120296392          691380       8003       2000      10000          7
   0       14     1956     9940     17120296452     17120306392          701406       7977       2000      10000          7
   0       14     1956     9963     17120306429     17120316392          711383       8000       2000      10000          6
   0       14     1956     9966     17120316426     17120326392          721380       8003       2000      10000          7
   0       14     1956     9964     17120326427     17120336392          731381       8002       2000      10000          7
   0       14     1956     9965     17120336427     17120346392          741381       8002       2000      10000          7
   0       14     1956     9966     17120346426     17120356392          751380       8003       2000      10000          7
   0       14     1955     9965     17120356427     17120366392          761381       8002       2000      10000          7
   0       14     1955     9964     17120366428     17120376392          771382       8001       2000      10000          7
   0       14     1955     9965     17120376427     17120386392          781381       8002       2000      10000          7
   0       14     1955     9965     17120386427     17120396392          791381       8003       2000      10000          7
   0       14     1955     9965     17120396427     17120406392          801381       8003       2000      10000          6
   0       14     1956     9966     17120406426     17120416392          811380       8003       2000      10000          6
   0       14     1956     9966     17120416426     17120426392          821380       8003       2000      10000          7
   0       14     1956     9968     17120426427     17120436395          831381       8002       2000      10000         10
   0       14     1349     9964     17120436430     17120446395          841384       8606       2000      10000          9
   0       14     1338     9973     17120446426     17120456399          851380       8620       2000      10000         13
   0       14     1415     9955     17120456439     17120466394          861393       8530       2000      10000          9
   0       14     1955     9953     17120466439     17120476392          871393       7990       2000      10000          7
   0       14     1955     9964     17120476430     17120486393          881384       8000       2000      10000          8
   0       14     1955     9964     17120486428     17120496392          891382       8002       2000      10000          7
   0       14     1955     9965     17120496427     17120506392          901381       8003       2000      10000          7
   0       14     1955     9964     17120506428     17120516392          911382       8002       2000      10000          7
   0       14     1955     9966     17120516426     17120526392          921380       8004       2000      10000          6
   0       14     1955     9965     17120526427     17120536392          931381       8003       2000      10000          7
   0       14     1956     9965     17120536427     17120546392          941381       8002       2000      10000          7
   0       14     1955     9965     17120546427     17120556392          951381       8003       2000      10000          7
   0       14     1955     9965     17120556427     17120566392          961381       8003       2000      10000          6
   0       14     1955     9964     17120566428     17120576392          971382       8002       2000      10000          7
   0       14     1955     9966     17120576426     17120586392          981380       8003       2000      10000          7
   0       14     1955     9964     17120586427     17120596392          991381       8002       2000      10000          7
   0       14     1956     9965     17120596427     17120606392         1001381       8003       2000      10000          7
   0       14     1956     9966     17120606426     17120616392         1011380       8003       2000      10000          7
   0       14     1956     9965     17120616427     17120626392         1021381       8002       2000      10000          7
   0       14     1956     9943     17120626449     17120636392         1031403       7980       2000      10000          7
   0       14     1956     9963     17120636429     17120646392         1041383       8001       2000      10000          7
   0       14     1956     9965     17120646427     17120656392         1051381       8002       2000      10000          7
   0       14     1955     9966     17120656426     17120666392         1061380       8003       2000      10000          7
   0       14     1955     9964     17120666428     17120676392         1071382       8001       2000      10000          7
   0       14     1955     9965     17120676427     17120686392         1081381       8003       2000      10000          7
   0       14     1955     9965     17120686427     17120696392         1091381       8003       2000      10000          6
   0       14     1955     9965     17120696427     17120706392         1101381       8003       2000      10000          7
   0       14     1955     9965     17120706427     17120716392         1111381       8002       2000      10000          6
   0       14     1439     9969     17120716426     17120726395         1121380       8519       2000      10000         10
   0       14     1344     9968     17120726430     17120736398         1131384       8610       2000      10000         13
   0       14     1337     9952     17120736443     17120746395         1141397       8605       2000      10000         10
   0       14     1955     9951     17120746441     17120756392         1151395       7989       2000      10000          7
   0       14     1955     9961     17120756431     17120766392         1161385       7999       2000      10000          7
   0       14     1956     9965     17120766427     17120776392         1171381       8002       2000      10000          6
   0       14     1956     9965     17120776426     17120786392         1181381       8003       2000      10000          7
   0       14     1956     9965     17120786427     17120796392         1191381       8002       2000      10000          7
   0       14     1955     9965     17120796427     17120806392         1201381       8003       2000      10000          7
   0       14     1955     9965     17120806427     17120816392         1211381       8003       2000      10000          6
   0       14     1955     9965     17120816427     17120826392         1221381       8002       2000      10000          7
   0       14     1955     9965     17120826426     17120836392         1231380       8003       2000      10000          7
   0       14     1955     9965     17120836426     17120846392         1241380       8003       2000      10000          7
   0       14     1956     9966     17120846426     17120856392         1251380       8003       2000      10000          7
   0       14     1956     9966     17120856426     17120866392         1261380       8003       2000      10000          6
   0       14     1955     9966     17120866426     17120876392         1271380       8004       2000      10000          6
   0       14     1956     9964     17120876428     17120886392         1281382       8002       2000      10000          6
   0       14     1955     9965     17120886426     17120896392         1291380       8003       2000      10000          6
   0       14     1955     9965     17120896427     17120906392         1301381       8003       2000      10000          7
   0       14     1955     9965     17120906427     17120916392         1311381       8002       2000      10000          6
   0       14     1956     9965     17120916427     17120926392         1321381       8002       2000      10000          7
   0       14     1955     9965     17120926427     17120936392         1331381       8002       2000      10000          6
   0       14     1956     9965     17120936427     17120946392         1341381       8002       2000      10000          7
   0       14     1957     9969     17120946426     17120956395         1351380       8002       2000      10000          9
   0       14     1956     9932     17120956463     17120966395         1361417       7966       2000      10000         10
   0       14     1957     9961     17120966432     17120976393         1371386       7996       2000      10000          8
   0       14     1955     9960     17120976432     17120986392         1381386       7997       2000      10000          7
   0       14     1955     9964     17120986428     17120996392         1391382       8001       2000      10000          7
   0       14     1955     9968     17120996429     17121006397         1401383       8001       2000      10000         11
   0       14     1334     9964     17121006431     17121016395         1411385       8619       2000      10000         10
   0       14     1341     9967     17121016429     17121026396         1421383       8615       2000      10000         10
   0       14     1955     9951     17121026442     17121036392         1431396       7988       2000      10000          7
   0       14     1955     9962     17121036430     17121046392         1441384       7999       2000      10000          7
   0       14     1955     9964     17121046428     17121056392         1451382       8002       2000      10000          7
   0       14     1955     9965     17121056427     17121066392         1461381       8002       2000      10000          7
   0       14     1955     9964     17121066428     17121076392         1471382       8002       2000      10000          7
   0       14     1955     9965     17121076427     17121086392         1481381       8002       2000      10000          7
   0       14     1956     9966     17121086426     17121096392         1491380       8003       2000      10000          7
   0       14     1956     9965     17121096427     17121106392         1501381       8002       2000      10000          7
   0       14     1956     9964     17121106427     17121116392         1511381       8002       2000      10000          6
   0       14     1956     9965     17121116427     17121126392         1521381       8002       2000      10000          7
   0       14     1955     9965     17121126427     17121136392         1531381       8002       2000      10000          6
   0       14     1956     9967     17121136426     17121146393         1541380       8003       2000      10000          8
   0       14     1955     9962     17121146431     17121156392         1551385       7999       2000      10000          7
   0       14     1955     9963     17121156429     17121166392         1561383       8000       2000      10000          7
   0       14     1955     9964     17121166428     17121176392         1571382       8002       2000      10000          7
   0       14     1955     9965     17121176427     17121186392         1581381       8003       2000      10000          7
   0       14     1955     9964     17121186428     17121196392         1591382       8001       2000      10000          7
   0       14     1956     9964     17121196428     17121206392         1601382       8002       2000      10000          6
   0       14     1956     9964     17121206428     17121216392         1611382       8001       2000      10000          7
   0       14     1956     9964     17121216427     17121226392         1621381       8002       2000      10000          6
   0       14     1956     9964     17121226427     17121236392         1631381       8002       2000      10000          7
   0       14     1955     9965     17121236426     17121246392         1641380       8003       2000      10000          7
   0       14     1955     9965     17121246427     17121256392         1651381       8002       2000      10000          7
   0       14     1955     9965     17121256427     17121266392         1661381       8002       2000      10000          7
   0       14     1955     9966     17121266426     17121276392         1671380       8004       2000      10000          6
   0       14     1956     9969     17121276426     17121286395         1681380       8003       2000      10000         10
   0       14     1362     9937     17121286458     17121296395         1691412       8565       2000      10000          9
   0       14     1364     9972     17121296427     17121306399         1701381       8594       2000      10000         13
   0       14     1337     9952     17121306443     17121316395         1711397       8605       2000      10000          9
   0       14     1955     9952     17121316440     17121326392         1721394       7989       2000      10000          7
   0       14     1955     9962     17121326430     17121336392         1731384       8000       2000      10000          7
   0       14     1955     9964     17121336428     17121346392         1741382       8002       2000      10000          7
   0       14     1955     9964     17121346428     17121356392         1751382       8002       2000      10000          7
   0       14     1956     9965     17121356427     17121366392         1761381       8003       2000      10000          7
   0       14     1956     9965     17121366427     17121376392         1771381       8002       2000      10000          7
   0       14     1956     9965     17121376427     17121386392         1781381       8002       2000      10000          7
   0       14     1956     9966     17121386427     17121396392         1791381       8002       2000      10000          7
   0       14     1955     9966     17121396426     17121406392         1801380       8003       2000      10000          7
   0       14     1955     9965     17121406427     17121416392         1811381       8003       2000      10000          7
   0       14     1955     9965     17121416427     17121426392         1821381       8002       2000      10000          6
   0       14     1955     9966     17121426426     17121436392         1831380       8003       2000      10000          7
   0       14     1955     9964     17121436428     17121446392         1841382       8001       2000      10000          7
   0       14     1956     9965     17121446427     17121456392         1851381       8002       2000      10000          7
   0       14     1956     9964     17121456428     17121466392         1861382       8002       2000      10000          7
   0       14     1956     9965     17121466427     17121476392         1871381       8002       2000      10000          7
   0       14     1955     9965     17121476427     17121486392         1881381       8003       2000      10000          7
   0       14     1955     9965     17121486427     17121496392         1891381       8003       2000      10000          7
   0       14     1955     9965     17121496427     17121506392         1901381       8003       2000      10000          7
   0       14     1955     9965     17121506426     17121516392         1911380       8003       2000      10000          7
   0       14     1956     9965     17121516426     17121526392         1921380       8003       2000      10000          7
   0       14     1956     9966     17121526426     17121536392         1931380       8003       2000      10000          6
   0       14     1955     9966     17121536426     17121546392         1941380       8003       2000      10000          7
   0       14     1955     9965     17121546427     17121556392         1951381       8003       2000      10000          7
   0       14     1955     9965     17121556427     17121566392         1961381       8003       2000      10000          6
   0       14     1523     9968     17121566427     17121576395         1971381       8434       2000      10000         10
   0       14     1370     9968     17121576430     17121586398         1981384       8584       2000      10000         13
   0       14     1325     9954     17121586441     17121596395         1991395       8618       2000      10000         10
   0       14     1955     9952     17121596440     17121606392         2001394       7990       2000      10000          7
   0       14     1955     9961     17121606431     17121616392         2011385       7998       2000      10000          7
   0       14     1955     9940     17121616452     17121626392         2021406       7977       2000      10000          7
   0       14     1955     9963     17121626429     17121636392         2031383       8001       2000      10000          7
   0       14     1955     9965     17121636427     17121646392         2041381       8002       2000      10000          7
   0       14     1956     9964     17121646428     17121656392         2051382       8001       2000      10000          6
   0       14     1955     9965     17121656427     17121666392         2061381       8003       2000      10000          7
   0       14     1955     9965     17121666427     17121676392         2071381       8002       2000      10000          7
   0       14     1955     9965     17121676426     17121686392         2081380       8003       2000      10000          6
   0       14     1955     9965     17121686427     17121696392         2091381       8002       2000      10000          7
   0       14     1956     9965     17121696427     17121706392         2101381       8003       2000      10000          7
   0       14     1956     9965     17121706427     17121716392         2111381       8003       2000      10000          7
   0       14     1956     9964     17121716428     17121726392         2121382       8002       2000      10000          7
   0       14     1956     9965     17121726427     17121736392         2131381       8002       2000      10000          6
   0       14     1956     9966     17121736426     17121746392         2141380       8003       2000      10000          7
   0       14     1955     9965     17121746427     17121756392         2151381       8003       2000      10000          6
   0       14     1955     9965     17121756427     17121766392         2161381       8003       2000      10000          7
   0       14     1955     9963     17121766428     17121776392         2171382       8001       2000      10000          6
   0       14     1955     9966     17121776426     17121786392         2181380       8003       2000      10000          7
   0       14     1955     9965     17121786427     17121796392         2191381       8002       2000      10000          7
   0       14     1956     9965     17121796427     17121806392         2201381       8002       2000      10000          7
   0       14     1956     9965     17121806427     17121816392         2211381       8003       2000      10000          7
   0       14     1956     9965     17121816426     17121826392         2221380       8003       2000      10000          6
   0       14     1956     9965     17121826427     17121836392         2231381       8003       2000      10000          7
   0       14     1956     9964     17121836428     17121846392         2241382       8002       2000      10000          7
   0       14     1956     9968     17121846427     17121856395         2251381       8002       2000      10000         10
   0       14     1342     9965     17121856430     17121866395         2261384       8613       2000      10000          9
   0       14     1345     9968     17121866428     17121876396         2271382       8611       2000      10000         10
   0       14     1955     9951     17121876442     17121886392         2281396       7988       2000      10000          7
   0       14     1955     9962     17121886430     17121896392         2291384       7999       2000      10000          6
   0       14     1955     9964     17121896428     17121906392         2301382       8001       2000      10000          7
   0       14     1955     9964     17121906428     17121916392         2311382       8002       2000      10000          7
   0       14     1955     9965     17121916427     17121926392         2321381       8002       2000      10000          7
   0       14     1955     9965     17121926427     17121936392         2331381       8003       2000      10000          7
   0       14     1956     9965     17121936426     17121946392         2341380       8003       2000      10000          7
   0       14     1956     9944     17121946449     17121956392         2351403       7981       2000      10000          7
   0       14     1956     9964     17121956428     17121966392         2361382       8001       2000      10000          7
   0       14     1956     9965     17121966426     17121976392         2371380       8003       2000      10000          7
   0       14     1956     9965     17121976427     17121986392         2381381       8003       2000      10000          6
   0       14     1956     9965     17121986428     17121996393         2391382       8002       2000      10000          7
   0       14     1956     9965     17121996427     17122006392         2401381       8002       2000      10000          7
   0       14     1955     9965     17122006427     17122016392         2411381       8002       2000      10000          7
   0       14     1955     9964     17122016428     17122026392         2421382       8001       2000      10000          7
   0       14     1955     9964     17122026428     17122036392         2431382       8001       2000      10000          7
   0       14     1955     9964     17122036428     17122046392         2441382       8001       2000      10000          7
   0       14     1955     9964     17122046428     17122056392         2451382       8002       2000      10000          7
   0       14     1955     9965     17122056427     17122066392         2461381       8002       2000      10000          7
   0       14     1955     9964     17122066428     17122076392         2471382       8001       2000      10000          7
   0       14     1956     9966     17122076426     17122086392         2481380       8003       2000      10000          7
   0       14     1956     9966     17122086426     17122096392         2491380       8003       2000      10000          6
   0       14     1956     9965     17122096427     17122106392         2501381       8002       2000      10000          7
   0       14     1956     9965     17122106427     17122116392         2511381       8002       2000      10000          7
   0       14     1956     9965     17122116427     17122126392         2521381       8002       2000      10000          6
   0       14     1955     9969     17122126427     17122136396         2531381       8003       2000      10000         10
   0       14     1336     9964     17122136432     17122146396         2541386       8617       2000      10000         10
   0       14     1322     9971     17122146428     17122156399         2551382       8634       2000      10000         14
   0       14     1328     9953     17122156442     17122166395         2561396       8615       2000      10000         10
   0       14     1955     9952     17122166440     17122176392         2571394       7989       2000      10000          7
   0       14     1956     9962     17122176430     17122186392         2581384       8000       2000      10000          7
   0       14     1955     9964     17122186428     17122196392         2591382       8002       2000      10000          7
   0       14     1955     9964     17122196428     17122206392         2601382       8002       2000      10000          7
   0       14     1955     9964     17122206429     17122216393         2611383       8000       2000      10000          7
   0       14     1955     9964     17122216428     17122226392         2621382       8002       2000      10000          7
   0       14     1956     9966     17122226426     17122236392         2631380       8003       2000      10000          7
   0       14     1956     9966     17122236426     17122246392         2641380       8003       2000      10000          7
   0       14     1956     9965     17122246427     17122256392         2651381       8002       2000      10000          6
   0       14     1956     9964     17122256428     17122266392         2661382       8002       2000      10000          7
   0       14     1956     9965     17122266427     17122276392         2671381       8002       2000      10000          7
   0       14     1956     9941     17122276451     17122286392         2681405       7978       2000      10000          7
   0       14     1956     9964     17122286428     17122296392         2691382       8001       2000      10000          7
   0       14     1956     9965     17122296427     17122306392         2701381       8002       2000      10000          7
   0       14     1956     9964     17122306428     17122316392         2711382       8001       2000      10000          7
   0       14     1956     9964     17122316428     17122326392         2721382       8001       2000      10000          6
   0       14     1956     9965     17122326427     17122336392         2731381       8002       2000      10000          7
   0       14     1956     9964     17122336428     17122346392         2741382       8001       2000      10000          7
   0       14     1955     9966     17122346426     17122356392         2751380       8004       2000      10000          7
   0       14     1955     9965     17122356427     17122366392         2761381       8003       2000      10000          7
   0       14     1955     9966     17122366426     17122376392         2771380       8003       2000      10000          7
   0       14     1956     9965     17122376427     17122386392         2781381       8002       2000      10000          6
   0       14     1956     9964     17122386428     17122396392         2791382       8002       2000      10000          7
   0       14     1956     9967     17122396425     17122406392         2801379       8004       2000      10000          7
   0       14     1956     9964     17122406427     17122416392         2811381       8002       2000      10000          7
   0       14     1946     9967     17122416428     17122426395         2821382       8011       2000      10000         10
   0       14     1368     9966     17122426429     17122436395         2831383       8587       2000      10000         10
   0       14     1375     9967     17122436428     17122446395         2841382       8582       2000      10000         10
   0       14     1955     9952     17122446440     17122456392         2851394       7989       2000      10000          7
   0       14     1955     9962     17122456430     17122466392         2861384       8000       2000      10000          7
   0       14     1955     9964     17122466428     17122476392         2871382       8002       2000      10000          7
   0       14     1955     9964     17122476428     17122486392         2881382       8001       2000      10000          7
   0       14     1955     9965     17122486427     17122496392         2891381       8002       2000      10000          7
   0       14     1955     9965     17122496427     17122506392         2901381       8002       2000      10000          7
   0       14     1955     9965     17122506427     17122516392         2911381       8002       2000      10000          7
   0       14     1955     9965     17122516427     17122526392         2921381       8003       2000      10000          6
   0       14     1955     9966     17122526426     17122536392         2931380       8004       2000      10000          7
   0       14     1956     9964     17122536427     17122546392         2941381       8002       2000      10000          6
   0       14     1956     9965     17122546427     17122556392         2951381       8002       2000      10000          7
   0       14     1955     9965     17122556427     17122566392         2961381       8003       2000      10000          6
   0       14     1955     9965     17122566426     17122576392         2971380       8003       2000      10000          6
   0       14     1955     9965     17122576427     17122586392         2981381       8002       2000      10000          6
   0       14     1955     9966     17122586427     17122596393         2991381       8002       2000      10000          7
   0       14     1955     9964     17122596428     17122606392         3001382       8001       2000      10000          7
   0       14     1955     9941     17122606451     17122616392         3011405       7978       2000      10000          7
   0       14     1955     9964     17122616428     17122626392         3021382       8002       2000      10000          7
   0       14     1955     9965     17122626427     17122636392         3031381       8002       2000      10000          7
   0       14     1955     9965     17122636427     17122646392         3041381       8002       2000      10000          7
   0       14     1956     9966     17122646426     17122656392         3051380       8003       2000      10000          6
   0       14     1956     9965     17122656427     17122666392         3061381       8002       2000      10000          7
   0       14     1956     9965     17122666427     17122676392         3071381       8002       2000      10000          6
   0       14     1956     9966     17122676426     17122686392         3081380       8003       2000      10000          7
   0       14     1955     9965     17122686427     17122696392         3091381       8003       2000      10000          7
   0       14     1955     9970     17122696426     17122706396         3101380       8003       2000      10000         10
   0       14     1368     9964     17122706431     17122716395         3111385       8586       2000      10000          9
   0       14     1362     9972     17122716428     17122726401         3121382       8594       2000      10000         15
   0       14     1593     9939     17122726454     17122736393         3131408       8338       2000      10000          8
   0       14     1955     9955     17122736437     17122746392         3141391       7992       2000      10000          7
   0       14     1955     9964     17122746428     17122756392         3151382       8001       2000      10000          7
   0       14     1955     9964     17122756428     17122766392         3161382       8002       2000      10000          6
   0       14     1955     9964     17122766428     17122776392         3171382       8002       2000      10000          7
   0       14     1955     9965     17122776427     17122786392         3181381       8002       2000      10000          7
   0       14     1955     9964     17122786428     17122796392         3191382       8001       2000      10000          7
   0       14     1955     9964     17122796427     17122806392         3201381       8002       2000      10000          7
   0       14     1955     9965     17122806426     17122816392         3211380       8003       2000      10000          7
   0       14     1956     9965     17122816427     17122826392         3221381       8002       2000      10000          7
   0       14     1956     9965     17122826427     17122836392         3231381       8003       2000      10000          6
   0       14     1956     9965     17122836426     17122846392         3241380       8003       2000      10000          6
   0       14     1956     9964     17122846428     17122856392         3251382       8001       2000      10000          6
   0       14     1955     9965     17122856427     17122866392         3261381       8003       2000      10000          7
   0       14     1955     9965     17122866427     17122876392         3271381       8002       2000      10000          7
   0       14     1955     9965     17122876427     17122886392         3281381       8003       2000      10000          7
   0       14     1955     9965     17122886427     17122896392         3291381       8002       2000      10000          7
   0       14     1955     9965     17122896427     17122906392         3301381       8002       2000      10000          7
   0       14     1956     9965     17122906427     17122916392         3311381       8002       2000      10000          6
   0       14     1956     9965     17122916426     17122926392         3321380       8003       2000      10000          7
   0       14     1956     9966     17122926426     17122936392         3331380       8003       2000      10000          7
   0       14     1956     9942     17122936450     17122946392         3341404       7979       2000      10000          7
   0       14     1956     9963     17122946429     17122956392         3351383       8001       2000      10000          7
   0       14     1956     9965     17122956427     17122966392         3361381       8003       2000      10000          7
   0       14     1955     9966     17122966426     17122976392         3371380       8003       2000      10000          6
   0       14     1955     9965     17122976427     17122986392         3381381       8002       2000      10000          7
   0       14     1320     9956     17122986439     17122996395         3391393       8625       2000      10000          9
   0       14     1369     9971     17122996428     17123006400         3401382       8588       2000      10000         14
   0       14     1240     9953     17123006443     17123016396         3411397       8701       2000      10000         10
   0       14     1955     9950     17123016443     17123026393         3421397       7987       2000      10000          7
   0       14     1956     9960     17123026432     17123036392         3431386       7998       2000      10000          7
   0       14     1955     9963     17123036429     17123046392         3441383       8001       2000      10000          7
   0       14     1955     9963     17123046429     17123056392         3451383       8000       2000      10000          7
   0       14     1955     9962     17123056430     17123066392         3461384       8000       2000      10000          7
   0       14     1955     9964     17123066428     17123076392         3471382       8001       2000      10000          6
   0       14     1955     9966     17123076426     17123086392         3481380       8003       2000      10000          7
   0       14     1956     9965     17123086427     17123096392         3491381       8002       2000      10000          7
   0       14     1956     9964     17123096428     17123106392         3501382       8002       2000      10000          7
   0       14     1956     9963     17123106429     17123116392         3511383       8001       2000      10000          7
   0       14     1955     9964     17123116428     17123126392         3521382       8001       2000      10000          6
   0       14     1956     9964     17123126428     17123136392         3531382       8001       2000      10000          7
   0       14     1955     9963     17123136430     17123146393         3541384       7999       2000      10000          8
   0       14     1956     9960     17123146432     17123156392         3551386       7998       2000      10000          7
   0       14     1955     9963     17123156429     17123166392         3561383       8000       2000      10000          7
   0       14     1955     9963     17123166429     17123176392         3571383       8000       2000      10000          7
   0       14     1955     9965     17123176427     17123186392         3581381       8002       2000      10000          7
   0       14     1956     9964     17123186428     17123196392         3591382       8002       2000      10000          6
   0       14     1956     9966     17123196426     17123206392         3601380       8003       2000      10000          7
   0       14     1955     9965     17123206427     17123216392         3611381       8002       2000      10000          7
   0       14     1955     9966     17123216426     17123226392         3621380       8003       2000      10000          7
   0       14     1955     9964     17123226428     17123236392         3631382       8001       2000      10000          7
   0       14     1955     9965     17123236427     17123246392         3641381       8002       2000      10000          7
   0       14     1955     9964     17123246427     17123256392         3651381       8002       2000      10000          7
   0       14     1955     9965     17123256427     17123266392         3661381       8002       2000      10000          7
   0       14     1955     9944     17123266452     17123276396         3671406       7977       2000      10000         11
   0       14     1346     9964     17123276431     17123286395         3681385       8607       2000      10000         10
   0       14     1313     9968     17123286428     17123296396         3691382       8643       2000      10000         10
   0       14     1955     9953     17123296439     17123306392         3701393       7990       2000      10000          7
   0       14     1955     9961     17123306430     17123316392         3711384       7999       2000      10000          7
   0       14     1956     9964     17123316428     17123326392         3721382       8001       2000      10000          7
   0       14     1955     9964     17123326428     17123336392         3731382       8002       2000      10000          7
   0       14     1955     9964     17123336428     17123346392         3741382       8002       2000      10000          7
   0       14     1955     9965     17123346427     17123356392         3751381       8002       2000      10000          6
   0       14     1955     9965     17123356426     17123366392         3761380       8003       2000      10000          6
   0       14     1955     9964     17123366428     17123376392         3771382       8002       2000      10000          7
   0       14     1955     9965     17123376427     17123386392         3781381       8002       2000      10000          6
   0       14     1956     9966     17123386426     17123396392         3791380       8003       2000      10000          7
   0       14     1956     9965     17123396427     17123406392         3801381       8002       2000      10000          7
   0       14     1956     9966     17123406426     17123416392         3811380       8003       2000      10000          6
   0       14     1955     9966     17123416426     17123426392         3821380       8004       2000      10000          7
   0       14     1955     9966     17123426426     17123436392         3831380       8004       2000      10000          6
   0       14     1955     9966     17123436426     17123446392         3841380       8003       2000      10000          7
   0       14     1956     9965     17123446427     17123456392         3851381       8002       2000      10000          6
   0       14     1955     9963     17123456429     17123466392         3861383       8001       2000      10000          6
   0       14     1956     9965     17123466427     17123476392         3871381       8003       2000      10000          6
   0       14     1956     9964     17123476428     17123486392         3881382       8001       2000      10000          7
   0       14     1956     9965     17123486427     17123496392         3891381       8002       2000      10000          7
   0       14     1956     9965     17123496427     17123506392         3901381       8002       2000      10000          6
   0       14     1955     9965     17123506427     17123516392         3911381       8003       2000      10000          7
   0       14     1955     9965     17123516427     17123526392         3921381       8002       2000      10000          7
   0       14     1955     9966     17123526426     17123536392         3931380       8003       2000      10000          7
   0       14     1955     9964     17123536427     17123546392         3941381       8002       2000      10000          7
   0       14     1956     9969     17123546426     17123556396         3951380       8003       2000      10000         10
   0       14     1365     9964     17123556431     17123566394         3961385       8589       2000      10000          9
   0       14     1344     9972     17123566426     17123576399         3971380       8615       2000      10000         13
   0       14     1355     9955     17123576439     17123586395         3981393       8590       2000      10000          9
   0       14     1955     9952     17123586440     17123596392         3991394       7989       2000      10000          7
   0       14     1955     9940     17123596452     17123606392         4001406       7978       2000      10000          7
   0       14     1955     9963     17123606429     17123616392         4011383       8001       2000      10000          7
   0       14     1955     9964     17123616428     17123626392         4021382       8002       2000      10000          7
   0       14     1956     9964     17123626428     17123636392         4031382       8001       2000      10000          7
   0       14     1955     9963     17123636428     17123646392         4041382       8001       2000      10000          7
   0       14     1955     9963     17123646429     17123656392         4051383       8000       2000      10000          7
   0       14     1955     9965     17123656427     17123666392         4061381       8002       2000      10000          7
   0       14     1956     9965     17123666427     17123676392         4071381       8002       2000      10000          7
   0       14     1956     9965     17123676427     17123686392         4081381       8002       2000      10000          6
   0       14     1956     9965     17123686427     17123696392         4091381       8002       2000      10000          7
   0       14     1956     9965     17123696427     17123706392         4101381       8002       2000      10000          7
   0       14     1955     9965     17123706427     17123716392         4111381       8002       2000      10000          7
   0       14     1955     9965     17123716427     17123726392         4121381       8002       2000      10000          7
   0       14     1955     9965     17123726427     17123736392         4131381       8002       2000      10000          7
   0       14     1955     9965     17123736426     17123746392         4141380       8003       2000      10000          6
   0       14     1955     9965     17123746426     17123756392         4151380       8003       2000      10000          7
   0       14     1956     9965     17123756427     17123766392         4161381       8003       2000      10000          6
   0       14     1956     9964     17123766428     17123776392         4171382       8002       2000      10000          6
   0       14     1956     9966     17123776426     17123786392         4181380       8003       2000      10000          6
   0       14     1955     9966     17123786426     17123796392         4191380       8003       2000      10000          7
   0       14     1955     9965     17123796427     17123806392         4201381       8003       2000      10000          7
   0       14     1955     9967     17123806425     17123816392         4211379       8004       2000      10000          7
   0       14     1956     9966     17123816426     17123826392         4221380       8004       2000      10000          7
   0       14     1956     9966     17123826426     17123836392         4231380       8003       2000      10000          7
   0       14     1538     9968     17123836427     17123846395         4241381       8419       2000      10000         10
   0       14     1368     9969     17123846429     17123856398         4251383       8588       2000      10000         13
   0       14     1325     9952     17123856443     17123866395         4261397       8616       2000      10000         10
   0       14     1955     9951     17123866441     17123876392         4271395       7988       2000      10000          7
   0       14     1956     9963     17123876430     17123886393         4281384       7999       2000      10000          8
   0       14     1956     9963     17123886429     17123896392         4291383       8000       2000      10000          7
   0       14     1956     9964     17123896428     17123906392         4301382       8002       2000      10000          7
   0       14     1956     9965     17123906427     17123916392         4311381       8002       2000      10000          7
   0       14     1956     9965     17123916427     17123926392         4321381       8002       2000      10000          6
   0       14     1956     9940     17123926452     17123936392         4331406       7977       2000      10000          7
   0       14     1956     9962     17123936430     17123946392         4341384       8000       2000      10000          7
   0       14     1956     9965     17123946427     17123956392         4351381       8002       2000      10000          7
   0       14     1956     9964     17123956428     17123966392         4361382       8001       2000      10000          7
   0       14     1956     9966     17123966426     17123976392         4371380       8003       2000      10000          7
   0       14     1955     9965     17123976427     17123986392         4381381       8003       2000      10000          6
   0       14     1955     9966     17123986426     17123996392         4391380       8004       2000      10000          7
   0       14     1955     9966     17123996428     17124006394         4401382       8002       2000      10000          9
   0       14     1956     9963     17124006429     17124016392         4411383       8001       2000      10000          7
   0       14     1956     9963     17124016428     17124026392         4421382       8001       2000      10000          7
   0       14     1956     9965     17124026427     17124036392         4431381       8002       2000      10000          6
   0       14     1956     9965     17124036426     17124046392         4441380       8003       2000      10000          7
   0       14     1955     9965     17124046427     17124056392         4451381       8003       2000      10000          7
   0       14     1955     9964     17124056428     17124066392         4461382       8001       2000      10000          6
   0       14     1955     9965     17124066426     17124076392         4471380       8003       2000      10000          7
   0       14     1955     9964     17124076428     17124086392         4481382       8002       2000      10000          7
   0       14     1955     9966     17124086426     17124096392         4491380       8003       2000      10000          6
   0       14     1955     9966     17124096426     17124106392         4501380       8003       2000      10000          7
   0       14     1956     9965     17124106426     17124116392         4511380       8003       2000      10000          7
   0       14     1956     9969     17124116426     17124126396         4521380       8003       2000      10000         10
   0       14     1365     9965     17124126430     17124136396         4531384       8589       2000      10000         10
   0       14     1360     9971     17124136429     17124146400         4541383       8596       2000      10000         14
   0       14     1700     9949     17124146444     17124156394         4551398       8241       2000      10000          8
   0       14     1956     9954     17124156438     17124166392         4561392       7991       2000      10000          7
   0       14     1955     9962     17124166430     17124176392         4571384       7999       2000      10000          7
   0       14     1955     9964     17124176428     17124186392         4581382       8001       2000      10000          7
   0       14     1955     9964     17124186428     17124196392         4591382       8001       2000      10000          7
   0       14     1955     9964     17124196428     17124206392         4601382       8001       2000      10000          7
   0       14     1955     9965     17124206427     17124216392         4611381       8002       2000      10000          7
   0       14     1955     9964     17124216428     17124226392         4621382       8002       2000      10000          7
   0       14     1955     9964     17124226428     17124236392         4631382       8001       2000      10000          7
   0       14     1956     9964     17124236428     17124246392         4641382       8001       2000      10000          7
   0       14     1956     9964     17124246428     17124256392         4651382       8001       2000      10000          7
   0       14     1956     9941     17124256451     17124266392         4661405       7978       2000      10000          7
   0       14     1955     9964     17124266428     17124276392         4671382       8001       2000      10000          7
   0       14     1955     9964     17124276428     17124286392         4681382       8001       2000      10000          7
   0       14     1955     9965     17124286427     17124296392         4691381       8002       2000      10000          7
   0       14     1956     9964     17124296427     17124306392         4701381       8002       2000      10000          6
   0       14     1956     9965     17124306427     17124316392         4711381       8003       2000      10000          7
   0       14     1956     9965     17124316427     17124326392         4721381       8002       2000      10000          7
   0       14     1956     9964     17124326428     17124336392         4731382       8002       2000      10000          6
   0       14     1955     9965     17124336427     17124346392         4741381       8003       2000      10000          6
   0       14     1955     9965     17124346427     17124356392         4751381       8003       2000      10000          7
   0       14     1955     9964     17124356427     17124366392         4761381       8002       2000      10000          6
   0       14     1955     9965     17124366427     17124376392         4771381       8003       2000      10000          7
   0       14     1956     9965     17124376427     17124386392         4781381       8002       2000      10000          6
   0       14     1956     9966     17124386426     17124396392         4791380       8003       2000      10000          7
   0       14     1956     9963     17124396428     17124406392         4801382       8001       2000      10000          7
   0       14     1317     9957     17124406439     17124416396         4811393       8629       2000      10000         10
   0       14     1343     9969     17124416429     17124426398         4821383       8612       2000      10000         13
   0       14     1284     9950     17124426446     17124436396         4831400       8654       2000      10000         10
   0       14     1955     9952     17124436441     17124446392         4841395       7989       2000      10000          7
   0       14     1955     9962     17124446430     17124456392         4851384       7999       2000      10000          7
   0       14     1955     9964     17124456428     17124466392         4861382       8002       2000      10000          7
   0       14     1955     9964     17124466428     17124476392         4871382       8002       2000      10000          6
   0       14     1955     9965     17124476427     17124486392         4881381       8003       2000      10000          6
   0       14     1956     9965     17124486427     17124496392         4891381       8003       2000      10000          7
   0       14     1956     9965     17124496427     17124506392         4901381       8002       2000      10000          7
   0       14     1956     9963     17124506429     17124516392         4911383       8001       2000      10000          7
   0       14     1956     9966     17124516426     17124526392         4921380       8003       2000      10000          7
   0       14     1956     9964     17124526428     17124536392         4931382       8001       2000      10000          7
   0       14     1956     9965     17124536427     17124546392         4941381       8002       2000      10000          7
   0       14     1955     9965     17124546427     17124556392         4951381       8002       2000      10000          7
   0       14     1955     9965     17124556427     17124566392         4961381       8002       2000      10000          7
   0       14     1955     9964     17124566427     17124576392         4971381       8002       2000      10000          7
   0       14     1955     9965     17124576426     17124586392         4981380       8003       2000      10000          7
   0       14     1955     9941     17124586451     17124596392         4991405       7978       2000      10000          7
   0       14     1955     9964     17124596428     17124606392         5001382       8001       2000      10000          7
   0       14     1955     9964     17124606427     17124616392         5011381       8002       2000      10000          7
   0       14     1955     9966     17124616426     17124626392         5021380       8003       2000      10000          7
   0       14     1955     9964     17124626428     17124636392         5031382       8001       2000      10000          6
   0       14     1955     9965     17124636427     17124646392         5041381       8003       2000      10000          6
   0       14     1956     9965     17124646426     17124656392         5051380       8003       2000      10000          7
   0       14     1956     9965     17124656426     17124666392         5061380       8003       2000      10000          6
   0       14     1956     9965     17124666426     17124676392         5071380       8003       2000      10000          6
   0       14     1955     9966     17124676426     17124686392         5081380       8003       2000      10000          6
   0       14     1955     9969     17124686427     17124696396         5091381       8003       2000      10000         10
   0       14     1343     9965     17124696430     17124706395         5101384       8611       2000      10000          9
   0       14     1357     9967     17124706428     17124716395         5111382       8599       2000      10000         10
   0       14     1955     9954     17124716438     17124726392         5121392       7991       2000      10000          7
   0       14     1955     9962     17124726430     17124736392         5131384       7999       2000      10000          7
   0       14     1955     9964     17124736428     17124746392         5141382       8002       2000      10000          7
   0       14     1955     9965     17124746427     17124756392         5151381       8002       2000      10000          7
   0       14     1955     9965     17124756427     17124766392         5161381       8002       2000      10000          6
   0       14     1955     9965     17124766427     17124776392         5171381       8002       2000      10000          6
   0       14     1956     9966     17124776426     17124786392         5181380       8003       2000      10000          7
   0       14     1956     9964     17124786428     17124796392         5191382       8002       2000      10000          7
   0       14     1956     9964     17124796428     17124806392         5201382       8002       2000      10000          7
   0       14     1956     9965     17124806427     17124816392         5211381       8002       2000      10000          6
   0       14     1956     9965     17124816427     17124826392         5221381       8002       2000      10000          7
   0       14     1956     9965     17124826427     17124836392         5231381       8002       2000      10000          6
   0       14     1955     9966     17124836426     17124846392         5241380       8003       2000      10000          6
   0       14     1955     9964     17124846428     17124856392         5251382       8002       2000      10000          7
   0       14     1955     9964     17124856428     17124866392         5261382       8002       2000      10000          7
   0       14     1955     9965     17124866427     17124876392         5271381       8002       2000      10000          7
   0       14     1955     9965     17124876427     17124886392         5281381       8002       2000      10000          7
   0       14     1956     9965     17124886426     17124896392         5291380       8003       2000      10000          6
   0       14     1956     9965     17124896427     17124906392         5301381       8003       2000      10000          7
   0       14     1956     9964     17124906427     17124916392         5311381       8002       2000      10000          7
   0       14     1956     9943     17124916449     17124926392         5321403       7980       2000      10000          7
   0       14     1956     9963     17124926428     17124936392         5331382       8001       2000      10000          7
   0       14     1956     9966     17124936426     17124946392         5341380       8003       2000      10000          7
   0       14     1955     9965     17124946426     17124956392         5351380       8003       2000      10000          7
   0       14     1955     9965     17124956426     17124966392         5361380       8003       2000      10000          7
   0       14     1955     9969     17124966427     17124976395         5371381       8003       2000      10000         10
   0       14     1336     9964     17124976430     17124986394         5381384       8619       2000      10000          9
   0       14     1342     9974     17124986425     17124996399         5391379       8618       2000      10000         13
   0       14     1330     9954     17124996441     17125006395         5401395       8614       2000      10000         10
   0       14     1955     9952     17125006440     17125016392         5411394       7989       2000      10000          7
   0       14     1955     9962     17125016430     17125026392         5421384       8000       2000      10000          7
   0       14     1955     9964     17125026428     17125036392         5431382       8002       2000      10000          7
   0       14     1955     9964     17125036428     17125046392         5441382       8001       2000      10000          7
   0       14     1955     9965     17125046427     17125056392         5451381       8003       2000      10000          7
   0       14     1955     9965     17125056427     17125066392         5461381       8003       2000      10000          7
   0       14     1955     9965     17125066427     17125076392         5471381       8003       2000      10000          7
   0       14     1955     9965     17125076427     17125086392         5481381       8003       2000      10000          7
   0       14     1955     9965     17125086427     17125096392         5491381       8003       2000      10000          7
   0       14     1955     9964     17125096428     17125106392         5501382       8002       2000      10000          7
   0       14     1955     9965     17125106427     17125116392         5511381       8003       2000      10000          7
   0       14     1955     9964     17125116427     17125126392         5521381       8002       2000      10000          7
   0       14     1955     9964     17125126428     17125136392         5531382       8002       2000      10000          7
   0       14     1955     9966     17125136427     17125146393         5541381       8003       2000      10000          8
   0       14     1955     9962     17125146430     17125156392         5551384       8000       2000      10000          7
   0       14     1955     9962     17125156430     17125166392         5561384       8000       2000      10000          7
   0       14     1955     9963     17125166429     17125176392         5571383       8001       2000      10000          6
   0       14     1955     9964     17125176428     17125186392         5581382       8002       2000      10000          6
   0       14     1955     9965     17125186427     17125196392         5591381       8002       2000      10000          7
   0       14     1955     9965     17125196427     17125206392         5601381       8003       2000      10000          7
   0       14     1955     9964     17125206428     17125216392         5611382       8002       2000      10000          7
   0       14     1955     9965     17125216427     17125226392         5621381       8002       2000      10000          7
   0       14     1955     9965     17125226427     17125236392         5631381       8002       2000      10000          7
   0       14     1955     9964     17125236427     17125246392         5641382       8002       2000      10000          7
   0       14     1955     9940     17125246452     17125256392         5651406       7978       2000      10000          7
   0       14     1955     9967     17125256428     17125266396         5661382       8001       2000      10000         10
   0       14     1346     9964     17125266431     17125276395         5671385       8608       2000      10000          9
   0       14     1348     9968     17125276427     17125286396         5681381       8609       2000      10000         10
   0       14     1955     9952     17125286440     17125296392         5691395       7989       2000      10000          7
   0       14     1956     9962     17125296430     17125306392         5701384       8000       2000      10000          7
   0       14     1956     9964     17125306428     17125316392         5711382       8002       2000      10000          7
   0       14     1956     9964     17125316428     17125326392         5721382       8001       2000      10000          6
   0       14     1956     9963     17125326429     17125336392         5731383       8000       2000      10000          7
   0       14     1955     9966     17125336426     17125346392         5741380       8003       2000      10000          6
   0       14     1955     9966     17125346426     17125356392         5751380       8003       2000      10000          7
   0       14     1955     9963     17125356429     17125366392         5761383       8001       2000      10000          7
   0       14     1955     9964     17125366428     17125376392         5771382       8002       2000      10000          7
   0       14     1956     9965     17125376427     17125386392         5781381       8002       2000      10000          6
   0       14     1955     9965     17125386427     17125396392         5791381       8002       2000      10000          6
   0       14     1956     9965     17125396427     17125406392         5801381       8003       2000      10000          7
   0       14     1956     9966     17125406426     17125416392         5811380       8003       2000      10000          7
   0       14     1956     9964     17125416428     17125426392         5821382       8001       2000      10000          7
   0       14     1955     9966     17125426426     17125436392         5831380       8003       2000      10000          7
   0       14     1955     9965     17125436427     17125446392         5841381       8002       2000      10000          7
   0       14     1955     9965     17125446427     17125456392         5851381       8003       2000      10000          7
   0       14     1955     9965     17125456427     17125466392         5861381       8002       2000      10000          6
   0       14     1956     9965     17125466427     17125476392         5871381       8002       2000      10000          7
   0       14     1956     9965     17125476427     17125486392         5881381       8002       2000      10000          7
   0       14     1956     9965     17125486427     17125496392         5891381       8002       2000      10000          7
   0       14     1955     9965     17125496426     17125506392         5901381       8003       2000      10000          7
   0       14     1955     9965     17125506426     17125516392         5911380       8003       2000      10000          7
   0       14     1955     9965     17125516427     17125526392         5921381       8003       2000      10000          7
   0       14     1955     9965     17125526426     17125536392         5931380       8003       2000      10000          7
   0       14     1956     9970     17125536426     17125546396         5941380       8003       2000      10000         10
   0       14     1337     9964     17125546430     17125556394         5951384       8617       2000      10000          9
   0       14     1353     9972     17125556426     17125566398         5961380       8606       2000      10000         13
   0       14     1336     9949     17125566446     17125576395         5971400       8602       2000      10000         10
   0       14     1955     9932     17125576461     17125586392         5981415       7969       2000      10000          7
   0       14     1955     9962     17125586430     17125596392         5991384       8000       2000      10000          7
   0       14     1955     9964     17125596428     17125606392         6001382       8002       2000      10000          7
   0       14     1955     9963     17125606429     17125616392         6011383       8001       2000      10000          7
   0       14     1955     9963     17125616429     17125626392         6021383       8001       2000      10000          7
   0       14     1955     9965     17125626427     17125636392         6031381       8003       2000      10000          7
   0       14     1955     9965     17125636427     17125646392         6041381       8002       2000      10000          7
   0       14     1955     9964     17125646428     17125656392         6051382       8002       2000      10000          7
   0       14     1955     9965     17125656427     17125666392         6061381       8003       2000      10000          7
   0       14     1955     9965     17125666427     17125676392         6071381       8003       2000      10000          6
   0       14     1955     9964     17125676428     17125686392         6081382       8002       2000      10000          7
   0       14     1955     9965     17125686427     17125696392         6091381       8003       2000      10000          7
   0       14     1955     9965     17125696427     17125706392         6101381       8003       2000      10000          7
   0       14     1955     9965     17125706427     17125716392         6111381       8002       2000      10000          7
   0       14     1955     9964     17125716428     17125726392         6121382       8002       2000      10000          7
   0       14     1955     9965     17125726427     17125736392         6131381       8002       2000      10000          7
   0       14     1955     9964     17125736428     17125746392         6141382       8001       2000      10000          7
   0       14     1955     9965     17125746427     17125756392         6151381       8003       2000      10000          6
   0       14     1956     9965     17125756427     17125766392         6161381       8002       2000      10000          7
   0       14     1955     9964     17125766428     17125776392         6171382       8002       2000      10000          6
   0       14     1956     9965     17125776426     17125786392         6181380       8003       2000      10000          6
   0       14     1956     9965     17125786427     17125796392         6191381       8002       2000      10000          7
   0       14     1955     9965     17125796427     17125806392         6201381       8003       2000      10000          6
   0       14     1955     9966     17125806426     17125816392         6211380       8003       2000      10000          7
   0       14     1955     9965     17125816427     17125826392         6221381       8002       2000      10000          7
   0       14     1668     9968     17125826427     17125836395         6231381       8290       2000      10000          9
   0       14     1368     9969     17125836429     17125846398         6241383       8588       2000      10000         12
   0       14     1322     9955     17125846440     17125856395         6251394       8623       2000      10000          9
   0       14     1955     9952     17125856440     17125866392         6261394       7989       2000      10000          7
   0       14     1955     9960     17125866431     17125876392         6271385       7998       2000      10000          7
   0       14     1955     9964     17125876428     17125886392         6281382       8002       2000      10000          7
   0       14     1956     9964     17125886428     17125896392         6291382       8001       2000      10000          7
   0       14     1956     9965     17125896427     17125906392         6301381       8002       2000      10000          7
   0       14     1956     9940     17125906452     17125916392         6311406       7977       2000      10000          7
   0       14     1956     9965     17125916427     17125926392         6321381       8002       2000      10000          6
   0       14     1956     9964     17125926428     17125936392         6331382       8001       2000      10000          7
   0       14     1956     9965     17125936427     17125946392         6341381       8002       2000      10000          7
   0       14     1956     9965     17125946427     17125956392         6351381       8002       2000      10000          6
   0       14     1955     9965     17125956427     17125966392         6361381       8003       2000      10000          7
   0       14     1955     9964     17125966428     17125976392         6371382       8002       2000      10000          6
   0       14     1955     9965     17125976427     17125986392         6381381       8003       2000      10000          7
   0       14     1955     9964     17125986428     17125996392         6391382       8002       2000      10000          7
   0       14     1955     9965     17125996427     17126006392         6401381       8003       2000      10000          7
   0       14     1955     9965     17126006427     17126016392         6411381       8002       2000      10000          7
   0       14     1955     9965     17126016427     17126026392         6421381       8002       2000      10000          7
   0       14     1956     9965     17126026427     17126036392         6431381       8002       2000      10000          7
   0       14     1956     9965     17126036427     17126046392         6441381       8002       2000      10000          7
   0       14     1956     9965     17126046427     17126056392         6451381       8002       2000      10000          7
   0       14     1955     9965     17126056427     17126066392         6461381       8003       2000      10000          6
   0       14     1955     9966     17126066426     17126076392         6471380       8003       2000      10000          7
   0       14     1955     9965     17126076427     17126086392         6481381       8002       2000      10000          7
   0       14     1955     9966     17126086426     17126096392         6491380       8003       2000      10000          7
   0       14     1955     9965     17126096427     17126106392         6501381       8003       2000      10000          7
   0       14     1956     9968     17126106428     17126116395         6511382       8002       2000      10000         10
   0       14     1367     9964     17126116430     17126126394         6521384       8587       2000      10000          9
   0       14     1339     9970     17126126428     17126136398         6531382       8617       2000      10000         13
   0       14     1544     9954     17126136440     17126146394         6541394       8400       2000      10000          9
   0       14     1956     9952     17126146440     17126156392         6551394       7989       2000      10000          7
   0       14     1956     9962     17126156430     17126166392         6561384       8000       2000      10000          7
   0       14     1956     9963     17126166428     17126176392         6571382       8001       2000      10000          6
   0       14     1956     9964     17126176428     17126186392         6581382       8001       2000      10000          6
   0       14     1956     9964     17126186428     17126196392         6591382       8001       2000      10000          7
   0       14     1956     9964     17126196428     17126206392         6601382       8002       2000      10000          7
   0       14     1956     9964     17126206428     17126216392         6611382       8001       2000      10000          7
   0       14     1956     9964     17126216427     17126226392         6621381       8002       2000      10000          7
   0       14     1955     9965     17126226427     17126236392         6631381       8003       2000      10000          6
   0       14     1956     9942     17126236451     17126246392         6641405       7978       2000      10000          7
   0       14     1956     9963     17126246429     17126256392         6651383       8000       2000      10000          7
   0       14     1956     9965     17126256427     17126266392         6661381       8002       2000      10000          7
   0       14     1956     9964     17126266428     17126276392         6671382       8001       2000      10000          7
   0       14     1955     9965     17126276427     17126286392         6681381       8003       2000      10000          7
   0       14     1955     9965     17126286427     17126296392         6691381       8002       2000      10000          7
   0       14     1955     9964     17126296428     17126306392         6701382       8001       2000      10000          6
   0       14     1955     9965     17126306427     17126316392         6711381       8002       2000      10000          6
   0       14     1955     9965     17126316427     17126326392         6721381       8002       2000      10000          7
   0       14     1955     9965     17126326427     17126336392         6731381       8002       2000      10000          6
   0       14     1956     9965     17126336427     17126346393         6741381       8002       2000      10000          7
   0       14     1956     9964     17126346428     17126356392         6751382       8002       2000      10000          6
   0       14     1956     9965     17126356427     17126366392         6761381       8002       2000      10000          7
   0       14     1956     9965     17126366427     17126376392         6771381       8002       2000      10000          7
   0       14     1955     9965     17126376427     17126386392         6781381       8003       2000      10000          7
   0       14     1955     9965     17126386427     17126396392         6791381       8002       2000      10000          6
   0       14     1314     9957     17126396438     17126406395         6801392       8632       2000      10000         10
   0       14     1344     9969     17126406430     17126416398         6811384       8611       2000      10000         13
   0       14     1281     9953     17126416442     17126426395         6821396       8662       2000      10000         10
   0       14     1955     9952     17126426440     17126436392         6831394       7990       2000      10000          7
   0       14     1955     9962     17126436431     17126446392         6841385       7999       2000      10000          7
   0       14     1955     9964     17126446428     17126456392         6851382       8001       2000      10000          7
   0       14     1955     9964     17126456428     17126466392         6861382       8001       2000      10000          7
   0       14     1955     9965     17126466427     17126476392         6871381       8003       2000      10000          7
   0       14     1955     9964     17126476428     17126486392         6881382       8002       2000      10000          7
   0       14     1955     9965     17126486427     17126496392         6891381       8002       2000      10000          7
   0       14     1955     9965     17126496427     17126506392         6901381       8003       2000      10000          7
   0       14     1956     9966     17126506426     17126516392         6911380       8003       2000      10000          7
   0       14     1955     9965     17126516427     17126526392         6921381       8002       2000      10000          7
   0       14     1955     9965     17126526427     17126536392         6931381       8002       2000      10000          7
   0       14     1955     9964     17126536428     17126546392         6941382       8001       2000      10000          7
   0       14     1955     9965     17126546427     17126556392         6951381       8002       2000      10000          7
   0       14     1955     9966     17126556426     17126566392         6961380       8003       2000      10000          7
   0       14     1956     9943     17126566449     17126576392         6971403       7980       2000      10000          7
   0       14     1955     9964     17126576428     17126586392         6981382       8001       2000      10000          7
   0       14     1956     9965     17126586427     17126596392         6991381       8002       2000      10000          7
   0       14     1956     9965     17126596427     17126606392         7001381       8002       2000      10000          6
   0       14     1956     9965     17126606427     17126616392         7011381       8002       2000      10000          7
   0       14     1955     9965     17126616427     17126626392         7021381       8002       2000      10000          7
   0       14     1955     9965     17126626427     17126636392         7031381       8003       2000      10000          7
   0       14     1955     9965     17126636427     17126646392         7041381       8003       2000      10000          6
   0       14     1955     9965     17126646427     17126656392         7051381       8002       2000      10000          7
   0       14     1956     9965     17126656426     17126666392         7061380       8003       2000      10000          7
   0       14     1956     9966     17126666426     17126676392         7071380       8003       2000      10000          7
   0       14     1956     9969     17126676427     17126686395         7081381       8003       2000      10000         10
   0       14     1342     9965     17126686430     17126696395         7091384       8613       2000      10000          9
   0       14     1363     9970     17126696429     17126706398         7101383       8593       2000      10000         13
   0       14     1755     9940     17126706454     17126716393         7111408       8176       2000      10000          8
   0       14     1955     9954     17126716438     17126726392         7121392       7991       2000      10000          7
   0       14     1956     9964     17126726428     17126736392         7131382       8001       2000      10000          7
   0       14     1956     9965     17126736427     17126746392         7141381       8002       2000      10000          7
   0       14     1956     9963     17126746429     17126756392         7151383       8000       2000      10000          6
   0       14     1956     9965     17126756427     17126766392         7161381       8003       2000      10000          6
   0       14     1956     9965     17126766427     17126776392         7171381       8002       2000      10000          7
   0       14     1955     9965     17126776427     17126786392         7181381       8003       2000      10000          7
   0       14     1955     9965     17126786427     17126796392         7191381       8002       2000      10000          7
   0       14     1955     9965     17126796427     17126806392         7201381       8002       2000      10000          7
   0       14     1955     9965     17126806427     17126816392         7211381       8003       2000      10000          7
   0       14     1956     9966     17126816426     17126826392         7221380       8003       2000      10000          7
   0       14     1956     9965     17126826427     17126836392         7231381       8002       2000      10000          6
   0       14     1956     9965     17126836427     17126846392         7241381       8002       2000      10000          7
   0       14     1956     9965     17126846427     17126856392         7251381       8002       2000      10000          7
   0       14     1955     9965     17126856427     17126866392         7261381       8003       2000      10000          6
   0       14     1955     9965     17126866427     17126876392         7271381       8003       2000      10000          7
   0       14     1955     9965     17126876427     17126886392         7281381       8002       2000      10000          7
   0       14     1955     9964     17126886427     17126896392         7291381       8002       2000      10000          7
   0       14     1956     9943     17126896449     17126906392         7301403       7980       2000      10000          7
   0       14     1955     9965     17126906427     17126916392         7311381       8002       2000      10000          6
   0       14     1956     9965     17126916427     17126926392         7321381       8003       2000      10000          7
   0       14     1956     9965     17126926427     17126936392         7331381       8002       2000      10000          7
   0       14     1956     9965     17126936427     17126946392         7341381       8002       2000      10000          7
   0       14     1956     9965     17126946427     17126956392         7351381       8002       2000      10000          7
   0       14     1956     9968     17126956427     17126966395         7361381       8002       2000      10000          9
   0       14     1323     9967     17126966427     17126976395         7371381       8634       2000      10000          9
   0       14     1369     9970     17126976428     17126986398         7381382       8588       2000      10000         12
   0       14     1265     9955     17126986441     17126996395         7391395       8679       2000      10000         10
   0       14     1955     9953     17126996440     17127006392         7401394       7990       2000      10000          7
   0       14     1956     9962     17127006430     17127016392         7411384       7999       2000      10000          7
   0       14     1955     9964     17127016428     17127026392         7421382       8002       2000      10000          7
   0       14     1955     9965     17127026427     17127036392         7431381       8002       2000      10000          7
   0       14     1956     9964     17127036428     17127046392         7441382       8001       2000      10000          7
   0       14     1955     9963     17127046429     17127056392         7451383       8001       2000      10000          7
   0       14     1955     9965     17127056427     17127066392         7461381       8002       2000      10000          7
   0       14     1956     9965     17127066428     17127076392         7471382       8002       2000      10000          7
   0       14     1956     9966     17127076426     17127086392         7481380       8003       2000      10000          7
   0       14     1956     9965     17127086427     17127096392         7491381       8002       2000      10000          7
   0       14     1956     9965     17127096427     17127106392         7501381       8002       2000      10000          7
   0       14     1955     9965     17127106427     17127116392         7511381       8003       2000      10000          7
   0       14     1955     9966     17127116426     17127126392         7521380       8003       2000      10000          7
   0       14     1955     9964     17127126427     17127136392         7531381       8002       2000      10000          7
   0       14     1955     9966     17127136427     17127146393         7541381       8002       2000      10000          7
   0       14     1956     9962     17127146430     17127156392         7551384       7999       2000      10000          7
   0       14     1956     9964     17127156428     17127166392         7561382       8002       2000      10000          7
   0       14     1956     9964     17127166428     17127176392         7571382       8001       2000      10000          7
   0       14     1956     9965     17127176428     17127186393         7581382       8002       2000      10000          7
   0       14     1956     9963     17127186429     17127196392         7591383       8000       2000      10000          7
   0       14     1956     9964     17127196427     17127206392         7601381       8002       2000      10000          7
   0       14     1956     9964     17127206428     17127216392         7611382       8001       2000      10000          7
   0       14     1955     9965     17127216427     17127226392         7621381       8002       2000      10000          7
   0       14     1956     9940     17127226452     17127236392         7631406       7977       2000      10000          7
   0       14     1956     9964     17127236428     17127246392         7641382       8001       2000      10000          7
   0       14     1956     9968     17127246428     17127256396         7651382       8001       2000      10000         11
   0       14     1350     9962     17127256432     17127266395         7661386       8602       2000      10000          9
   0       14     1314     9971     17127266429     17127276400         7671383       8642       2000      10000         14
   0       14     1816     9937     17127276456     17127286394         7681410       8112       2000      10000          8
   0       14     1955     9954     17127286438     17127296392         7691392       7991       2000      10000          7
   0       14     1956     9963     17127296429     17127306392         7701383       8000       2000      10000          7
   0       14     1956     9964     17127306428     17127316392         7711382       8001       2000      10000          6
   0       14     1955     9966     17127316427     17127326393         7721381       8002       2000      10000          7
   0       14     1956     9963     17127326429     17127336392         7731383       8000       2000      10000          7
   0       14     1955     9963     17127336429     17127346392         7741383       8001       2000      10000          7
   0       14     1955     9964     17127346428     17127356392         7751382       8001       2000      10000          6
   0       14     1955     9966     17127356426     17127366392         7761380       8003       2000      10000          7
   0       14     1955     9964     17127366428     17127376392         7771382       8002       2000      10000          7
   0       14     1955     9965     17127376427     17127386392         7781381       8002       2000      10000          7
   0       14     1956     9966     17127386426     17127396392         7791380       8003       2000      10000          7
   0       14     1955     9964     17127396428     17127406392         7801382       8001       2000      10000          7
   0       14     1956     9965     17127406427     17127416392         7811381       8002       2000      10000          7
   0       14     1956     9965     17127416427     17127426392         7821381       8002       2000      10000          7
   0       14     1956     9966     17127426426     17127436392         7831380       8003       2000      10000          7
   0       14     1955     9964     17127436428     17127446392         7841382       8002       2000      10000          7
   0       14     1955     9964     17127446428     17127456392         7851382       8001       2000      10000          6
   0       14     1955     9967     17127456426     17127466393         7861380       8003       2000      10000          8
   0       14     1955     9964     17127466429     17127476392         7871383       8001       2000      10000          7
   0       14     1955     9965     17127476427     17127486392         7881381       8002       2000      10000          7
   0       14     1956     9965     17127486427     17127496392         7891381       8002       2000      10000          7
   0       14     1956     9966     17127496427     17127506392         7901381       8003       2000      10000          7
   0       14     1955     9965     17127506427     17127516392         7911381       8002       2000      10000          7
   0       14     1955     9965     17127516427     17127526392         7921381       8003       2000      10000          7
   0       14     1955     9967     17127526428     17127536395         7931382       8002       2000      10000         10
   0       14     1322     9966     17127536429     17127546395         7941383       8634       2000      10000          9
   0       14     1344     9971     17127546428     17127556398         7951382       8613       2000      10000         12
   0       14     1265     9929     17127556466     17127566395         7961420       8653       2000      10000         10
   0       14     1955     9952     17127566440     17127576392         7971394       7989       2000      10000          7
   0       14     1955     9962     17127576430     17127586392         7981384       7999       2000      10000          7
   0       14     1956     9964     17127586428     17127596392         7991382       8001       2000      10000          7
   0       14     1956     9964     17127596428     17127606392         8001382       8001       2000      10000          7
   0       14     1956     9965     17127606427     17127616392         8011381       8002       2000      10000          7
   0       14     1956     9964     17127616428     17127626392         8021382       8001       2000      10000          7
   0       14     1955     9966     17127626427     17127636393         8031381       8003       2000      10000          7
   0       14     1956     9962     17127636430     17127646392         8041384       7999       2000      10000          7
   0       14     1956     9965     17127646427     17127656392         8051381       8002       2000      10000          7
   0       14     1956     9965     17127656427     17127666392         8061381       8002       2000      10000          7
   0       14     1956     9966     17127666427     17127676392         8071381       8003       2000      10000          7
   0       14     1955     9965     17127676427     17127686392         8081381       8002       2000      10000          7
   0       14     1955     9965     17127686427     17127696392         8091381       8002       2000      10000          7
   0       14     1955     9965     17127696427     17127706392         8101381       8002       2000      10000          7
   0       14     1955     9964     17127706428     17127716392         8111382       8002       2000      10000          7
   0       14     1955     9965     17127716428     17127726392         8121382       8002       2000      10000          7
   0       14     1956     9965     17127726427     17127736392         8131381       8003       2000      10000          7
   0       14     1956     9966     17127736426     17127746392         8141380       8003       2000      10000          7
   0       14     1956     9966     17127746426     17127756392         8151380       8003       2000      10000          7
   0       14     1956     9965     17127756427     17127766392         8161381       8002       2000      10000          7
   0       14     1955     9965     17127766427     17127776392         8171381       8003       2000      10000          7
   0       14     1955     9965     17127776427     17127786392         8181381       8003       2000      10000          7
   0       14     1955     9966     17127786426     17127796392         8191380       8003       2000      10000          7
   0       14     1955     9966     17127796426     17127806392         8201380       8003       2000      10000          7
   0       14     1956     9966     17127806426     17127816392         8211380       8003       2000      10000          7
   0       14     1956     9968     17127816428     17127826396         8221382       8002       2000      10000         10
   0       14     1367     9963     17127826431     17127836395         8231385       8586       2000      10000          9
   0       14     1360     9967     17127836428     17127846396         8241382       8596       2000      10000         10
   0       14     1955     9953     17127846440     17127856392         8251394       7990       2000      10000          7
   0       14     1955     9962     17127856430     17127866392         8261384       7999       2000      10000          7
   0       14     1955     9964     17127866428     17127876392         8271382       8001       2000      10000          7
   0       14     1955     9965     17127876428     17127886392         8281382       8002       2000      10000          7
   0       14     1956     9940     17127886452     17127896392         8291406       7977       2000      10000          7
   0       14     1956     9964     17127896428     17127906392         8301382       8001       2000      10000          7
   0       14     1955     9966     17127906426     17127916392         8311380       8003       2000      10000          7
   0       14     1955     9964     17127916428     17127926392         8321382       8002       2000      10000          7
   0       14     1955     9965     17127926427     17127936392         8331381       8002       2000      10000          7
   0       14     1955     9965     17127936427     17127946392         8341381       8002       2000      10000          7
   0       14     1955     9965     17127946427     17127956392         8351381       8002       2000      10000          7
   0       14     1955     9965     17127956427     17127966392         8361381       8002       2000      10000          6
   0       14     1955     9965     17127966427     17127976392         8371381       8002       2000      10000          7
   0       14     1956     9966     17127976426     17127986392         8381380       8003       2000      10000          7
   0       14     1956     9965     17127986427     17127996392         8391381       8002       2000      10000          7
   0       14     1956     9966     17127996426     17128006393         8401380       8003       2000      10000          7
   0       14     1956     9966     17128006428     17128016394         8411382       8001       2000      10000          9
   0       14     1956     9963     17128016429     17128026392         8421383       8000       2000      10000          7
   0       14     1956     9964     17128026428     17128036392         8431382       8001       2000      10000          7
   0       14     1956     9963     17128036428     17128046392         8441382       8001       2000      10000          7
   0       14     1956     9966     17128046426     17128056392         8451380       8003       2000      10000          7
   0       14     1956     9964     17128056428     17128066392         8461382       8001       2000      10000          7
   0       14     1956     9964     17128066428     17128076392         8471382       8001       2000      10000          7
   0       14     1955     9966     17128076426     17128086392         8481380       8003       2000      10000          7
   0       14     1955     9965     17128086427     17128096392         8491381       8003       2000      10000          6
   0       14     1955     9968     17128096428     17128106396         8501382       8001       2000      10000         10
   0       14     1335     9964     17128106430     17128116394         8511384       8619       2000      10000          9
   0       14     1340     9973     17128116427     17128126399         8521381       8618       2000      10000         14
   0       14     1338     9951     17128126444     17128136395         8531398       8603       2000      10000          9
   0       14     1955     9951     17128136441     17128146393         8541395       7988       2000      10000          7
   0       14     1955     9961     17128146431     17128156392         8551385       7999       2000      10000          7
   0       14     1955     9964     17128156428     17128166392         8561382       8002       2000      10000          7
   0       14     1955     9962     17128166430     17128176392         8571384       8000       2000      10000          7
   0       14     1955     9965     17128176428     17128186392         8581382       8002       2000      10000          7
   0       14     1955     9964     17128186428     17128196392         8591382       8002       2000      10000          7
   0       14     1956     9965     17128196427     17128206392         8601381       8002       2000      10000          7
   0       14     1955     9964     17128206428     17128216392         8611382       8001       2000      10000          7
   0       14     1956     9941     17128216451     17128226392         8621405       7978       2000      10000          7
   0       14     1956     9961     17128226430     17128236392         8631384       7999       2000      10000          7
   0       14     1956     9963     17128236429     17128246392         8641383       8000       2000      10000          7
   0       14     1956     9964     17128246428     17128256392         8651382       8002       2000      10000          7
   0       14     1956     9964     17128256428     17128266392         8661382       8001       2000      10000          7
   0       14     1956     9964     17128266428     17128276392         8671382       8002       2000      10000          7
   0       14     1956     9964     17128276427     17128286392         8681381       8002       2000      10000          7
   0       14     1956     9964     17128286428     17128296392         8691382       8002       2000      10000          7
   0       14     1956     9966     17128296427     17128306392         8701381       8003       2000      10000          7
   0       14     1955     9965     17128306427     17128316392         8711381       8003       2000      10000          6
   0       14     1955     9965     17128316427     17128326392         8721381       8003       2000      10000          7
   0       14     1955     9965     17128326428     17128336392         8731382       8002       2000      10000          7
   0       14     1955     9965     17128336427     17128346392         8741381       8002       2000      10000          7
   0       14     1956     9965     17128346427     17128356392         8751381       8003       2000      10000          7
   0       14     1956     9966     17128356426     17128366392         8761380       8003       2000      10000          7
   0       14     1956     9966     17128366426     17128376392         8771380       8003       2000      10000          7
   0       14     1956     9965     17128376427     17128386392         8781381       8003       2000      10000          7
   0       14     1955     9969     17128386427     17128396396         8791381       8002       2000      10000         11
   0       14     1343     9964     17128396431     17128406395         8801385       8611       2000      10000         10
   0       14     1396     9966     17128406429     17128416395         8811383       8560       2000      10000         10
   0       14     1955     9952     17128416441     17128426393         8821395       7989       2000      10000          7
   0       14     1955     9962     17128426430     17128436392         8831384       8000       2000      10000          7
   0       14     1955     9963     17128436429     17128446392         8841383       8001       2000      10000          7
   0       14     1956     9964     17128446428     17128456392         8851382       8002       2000      10000          6
   0       14     1956     9965     17128456427     17128466392         8861381       8002       2000      10000          7
   0       14     1956     9965     17128466427     17128476392         8871381       8002       2000      10000          6
   0       14     1956     9964     17128476427     17128486392         8881382       8002       2000      10000          7
   0       14     1956     9965     17128486427     17128496392         8891381       8002       2000      10000          7
   0       14     1956     9965     17128496427     17128506392         8901381       8002       2000      10000          7
   0       14     1956     9965     17128506427     17128516392         8911381       8002       2000      10000          7
   0       14     1955     9965     17128516427     17128526392         8921381       8002       2000      10000          7
   0       14     1956     9964     17128526428     17128536392         8931382       8002       2000      10000          7
   0       14     1956     9965     17128536427     17128546392         8941381       8003       2000      10000          7
   0       14     1956     9941     17128546451     17128556392         8951405       7978       2000      10000          7
   0       14     1956     9964     17128556428     17128566392         8961382       8002       2000      10000          7
   0       14     1956     9964     17128566428     17128576392         8971382       8001       2000      10000          7
   0       14     1956     9963     17128576429     17128586392         8981383       8000       2000      10000          7
   0       14     1956     9965     17128586427     17128596392         8991381       8002       2000      10000          7
   0       14     1955     9965     17128596427     17128606392         9001381       8003       2000      10000          7
   0       14     1955     9965     17128606427     17128616392         9011381       8002       2000      10000          7
   0       14     1955     9965     17128616427     17128626392         9021381       8002       2000      10000          7
   0       14     1955     9966     17128626426     17128636392         9031380       8003       2000      10000          7
   0       14     1956     9965     17128636427     17128646392         9041381       8002       2000      10000          7
   0       14     1956     9965     17128646427     17128656392         9051381       8002       2000      10000          7
   0       14     1956     9965     17128656427     17128666392         9061381       8003       2000      10000          7
   0       14     1955     9969     17128666427     17128676396         9071381       8003       2000      10000         10
   0       14     1337     9964     17128676430     17128686395         9081384       8617       2000      10000          9
   0       14     1367     9970     17128686428     17128696398         9091382       8590       2000      10000         13
   0       14     1338     9955     17128696439     17128706395         9101393       8608       2000      10000          9
   0       14     1955     9953     17128706439     17128716392         9111393       7990       2000      10000          7
   0       14     1955     9963     17128716429     17128726392         9121383       8001       2000      10000          7
   0       14     1955     9965     17128726427     17128736392         9131381       8002       2000      10000          7
   0       14     1955     9964     17128736427     17128746392         9141381       8002       2000      10000          7
   0       14     1955     9965     17128746427     17128756392         9151381       8003       2000      10000          7
   0       14     1955     9965     17128756427     17128766392         9161381       8003       2000      10000          6
   0       14     1956     9965     17128766426     17128776392         9171380       8003       2000      10000          7
   0       14     1956     9965     17128776427     17128786392         9181381       8003       2000      10000          7
   0       14     1956     9965     17128786427     17128796392         9191381       8002       2000      10000          7
   0       14     1956     9964     17128796428     17128806392         9201382       8001       2000      10000          7
   0       14     1955     9965     17128806427     17128816392         9211381       8003       2000      10000          7
   0       14     1955     9965     17128816427     17128826392         9221381       8002       2000      10000          7
   0       14     1955     9964     17128826428     17128836392         9231382       8002       2000      10000          6
   0       14     1956     9966     17128836426     17128846392         9241380       8003       2000      10000          7
   0       14     1956     9965     17128846427     17128856392         9251381       8002       2000      10000          7
   0       14     1956     9966     17128856426     17128866392         9261380       8003       2000      10000          7
   0       14     1956     9965     17128866427     17128876392         9271381       8003       2000      10000          7
   0       14     1956     9943     17128876449     17128886392         9281403       7980       2000      10000          7
   0       14     1956     9963     17128886429     17128896392         9291383       8001       2000      10000          7
   0       14     1955     9966     17128896426     17128906392         9301380       8004       2000      10000          6
   0       14     1955     9964     17128906428     17128916392         9311382       8001       2000      10000          7
   0       14     1955     9965     17128916427     17128926392         9321381       8002       2000      10000          6
   0       14     1955     9966     17128926426     17128936392         9331380       8003       2000      10000          7
   0       14     1955     9965     17128936427     17128946392         9341381       8003       2000      10000          7
   0       14     1956     9964     17128946427     17128956392         9351381       8002       2000      10000          7
   0       14     1775     9968     17128956427     17128966395         9361381       8183       2000      10000         10
   0       14     1355     9967     17128966431     17128976397         9371385       8599       2000      10000         12
   0       14     1318     9945     17128976450     17128986395         9381405       8616       2000      10000         10
   0       14     1955     9952     17128986440     17128996392         9391394       7989       2000      10000          7
   0       14     1955     9963     17128996430     17129006393         9401384       8000       2000      10000          8
   0       14     1956     9962     17129006430     17129016392         9411384       7998       2000      10000          7
   0       14     1955     9963     17129016429     17129026392         9421383       8000       2000      10000          7
   0       14     1956     9963     17129026429     17129036392         9431383       8000       2000      10000          7
   0       14     1955     9963     17129036429     17129046392         9441383       8000       2000      10000          7
   0       14     1955     9964     17129046428     17129056392         9451382       8001       2000      10000          7
   0       14     1956     9963     17129056429     17129066392         9461383       8000       2000      10000          6
   0       14     1955     9965     17129066427     17129076392         9471381       8002       2000      10000          7
   0       14     1955     9964     17129076428     17129086392         9481382       8001       2000      10000          7
   0       14     1956     9964     17129086428     17129096392         9491382       8001       2000      10000          7
   0       14     1956     9965     17129096427     17129106392         9501381       8002       2000      10000          7
   0       14     1956     9963     17129106428     17129116392         9511382       8001       2000      10000          6
   0       14     1956     9964     17129116427     17129126392         9521381       8002       2000      10000          7
   0       14     1955     9966     17129126426     17129136392         9531380       8003       2000      10000          7
   0       14     1955     9966     17129136427     17129146393         9541381       8002       2000      10000          8
   0       14     1955     9961     17129146431     17129156392         9551385       7998       2000      10000          7
   0       14     1955     9963     17129156429     17129166392         9561383       8001       2000      10000          7
   0       14     1955     9964     17129166428     17129176392         9571382       8001       2000      10000          7
   0       14     1956     9963     17129176429     17129186392         9581383       8000       2000      10000          6
   0       14     1955     9965     17129186427     17129196392         9591381       8002       2000      10000          7
   0       14     1956     9965     17129196427     17129206392         9601381       8002       2000      10000          7
   0       14     1956     9936     17129206456     17129216392         9611410       7973       2000      10000          7
   0       14     1956     9963     17129216429     17129226392         9621383       8000       2000      10000          7
   0       14     1955     9964     17129226427     17129236392         9631381       8002       2000      10000          7
   0       14     1955     9968     17129236428     17129246396         9641382       8001       2000      10000         11
   0       14     1360     9964     17129246432     17129256395         9651386       8593       2000      10000         10
   0       14     1333     9969     17129256429     17129266398         9661383       8622       2000      10000         13
   0       14     1407     9955     17129266440     17129276395         9671394       8537       2000      10000         10
   0       14     1955     9953     17129276440     17129286393         9681394       7990       2000      10000          7
   0       14     1956     9962     17129286430     17129296392         9691384       7999       2000      10000          7
   0       14     1955     9964     17129296428     17129306392         9701382       8001       2000      10000          7
   0       14     1955     9965     17129306427     17129316392         9711381       8002       2000      10000          7
   0       14     1956     9963     17129316430     17129326392         9721384       8000       2000      10000          7
   0       14     1956     9964     17129326428     17129336392         9731382       8001       2000      10000          7
   0       14     1956     9965     17129336427     17129346392         9741381       8002       2000      10000          7
   0       14     1955     9965     17129346427     17129356392         9751381       8002       2000      10000          7
   0       14     1955     9964     17129356428     17129366392         9761382       8002       2000      10000          7
   0       14     1955     9967     17129366427     17129376394         9771381       8002       2000      10000          9
   0       14     1956     9958     17129376434     17129386392         9781388       7995       2000      10000          7
   0       14     1955     9963     17129386429     17129396392         9791383       8000       2000      10000          7
   0       14     1955     9961     17129396431     17129406392         9801385       7998       2000      10000          7
   0       14     1955     9963     17129406429     17129416392         9811383       8000       2000      10000          7
   0       14     1955     9964     17129416428     17129426392         9821382       8001       2000      10000          7
   0       14     1956     9963     17129426429     17129436392         9831383       8001       2000      10000          7
   0       14     1955     9962     17129436430     17129446392         9841384       8000       2000      10000          6
   0       14     1955     9964     17129446428     17129456392         9851382       8002       2000      10000          7
   0       14     1955     9963     17129456429     17129466392         9861383       8001       2000      10000          6
   0       14     1955     9964     17129466428     17129476392         9871382       8001       2000      10000          7
   0       14     1955     9965     17129476427     17129486392         9881381       8002       2000      10000          7
   0       14     1956     9965     17129486427     17129496392         9891381       8003       2000      10000          7
   0       14     1956     9965     17129496427     17129506392         9901381       8002       2000      10000          7
   0       14     1956     9964     17129506428     17129516392         9911382       8001       2000      10000          7
   0       14     1955     9964     17129516427     17129526392         9921381       8002       2000      10000          7
   0       14     1728     9969     17129526427     17129536396         9931381       8230       2000      10000         10
   0       14     1369     9936     17129536461     17129546396         9941415       8555       2000      10000         11
   0       14     1343     9965     17129546431     17129556396         9951385       8610       2000      10000         10
   0       14     1955     9951     17129556441     17129566392         9961395       7988       2000      10000          7
   0       14     1956     9962     17129566430     17129576392         9971384       7999       2000      10000          7
   0       14     1956     9964     17129576427     17129586392         9981381       8002       2000      10000          7
   0       14     1956     9965     17129586427     17129596392         9991381       8002       2000      10000          7
   0       14     1956     9964     17129596428     17129606392        10001382       8002       2000      10000          7
   0       14     1956     9966     17129606426     17129616392        10011380       8003       2000      10000          7
   0       14     1955     9965     17129616427     17129626392        10021381       8003       2000      10000          7
   0       14     1955     9964     17129626428     17129636392        10031382       8002       2000      10000          7
   0       14     1955     9964     17129636428     17129646392        10041382       8001       2000      10000          7
   0       14     1955     9964     17129646428     17129656392        10051382       8001       2000      10000          7
   0       14     1955     9964     17129656427     17129666392        10061381       8002       2000      10000          6
   0       14     1955     9965     17129666427     17129676392        10071381       8002       2000      10000          7
   0       14     1955     9965     17129676427     17129686392        10081381       8002       2000      10000          7
   0       14     1955     9964     17129686428     17129696392        10091382       8001       2000      10000          6
   0       14     1955     9965     17129696427     17129706392        10101381       8002       2000      10000          7
   0       14     1956     9965     17129706426     17129716392        10111380       8003       2000      10000          7
   0       14     1956     9964     17129716427     17129726392        10121381       8002       2000      10000          6
   0       14     1956     9965     17129726427     17129736392        10131381       8002       2000      10000          7
   0       14     1956     9966     17129736426     17129746392        10141380       8003       2000      10000          7
   0       14     1956     9964     17129746428     17129756392        10151382       8001       2000      10000          7
   0       14     1955     9966     17129756426     17129766392        10161380       8003       2000      10000          7
   0       14     1955     9965     17129766427     17129776392        10171381       8003       2000      10000          6
   0       14     1955     9965     17129776427     17129786392        10181381       8003       2000      10000          7
   0       14     1955     9965     17129786427     17129796392        10191381       8002       2000      10000          6
   0       14     1955     9964     17129796428     17129806392        10201382       8002       2000      10000          7
   0       14     1955     9967     17129806428     17129816395        10211382       8001       2000      10000         10
   0       14     1341     9964     17129816431     17129826395        10221385       8612       2000      10000          9
   0       14     1342     9970     17129826429     17129836399        10231383       8614       2000      10000         13
   0       14     1499     9954     17129836441     17129846395        10241395       8444       2000      10000          9
   0       14     1955     9953     17129846440     17129856392        10251394       7990       2000      10000          7
   0       14     1955     9962     17129856430     17129866392        10261384       7999       2000      10000          7
   0       14     1955     9964     17129866428     17129876392        10271382       8001       2000      10000          7
   0       14     1955     9942     17129876450     17129886392        10281404       7979       2000      10000          7
   0       14     1955     9964     17129886428     17129896392        10291382       8001       2000      10000          6
   0       14     1955     9965     17129896427     17129906392        10301381       8002       2000      10000          7
   0       14     1955     9964     17129906428     17129916392        10311382       8001       2000      10000          7
   0       14     1955     9964     17129916428     17129926392        10321382       8001       2000      10000          7
   0       14     1955     9965     17129926427     17129936392        10331381       8002       2000      10000          7
   0       14     1955     9965     17129936427     17129946392        10341381       8002       2000      10000          7
   0       14     1955     9965     17129946427     17129956392        10351381       8002       2000      10000          7
   0       14     1955     9965     17129956427     17129966392        10361381       8002       2000      10000          7
   0       14     1956     9965     17129966427     17129976392        10371381       8002       2000      10000          7
   0       14     1956     9965     17129976427     17129986392        10381381       8003       2000      10000          7
   0       14     1956     9964     17129986427     17129996392        10391381       8002       2000      10000          7
   0       14     1955     9965     17129996427     17130006392        10401381       8003       2000      10000          7
   0       14     1955     9965     17130006427     17130016392        10411381       8003       2000      10000          7
   0       14     1955     9964     17130016428     17130026392        10421382       8002       2000      10000          7
   0       14     1955     9966     17130026427     17130036392        10431381       8003       2000      10000          7
   0       14     1956     9965     17130036427     17130046392        10441381       8002       2000      10000          7
   0       14     1956     9965     17130046426     17130056392        10451380       8003       2000      10000          7
   0       14     1956     9965     17130056427     17130066392        10461381       8003       2000      10000          7
   0       14     1956     9965     17130066427     17130076392        10471381       8002       2000      10000          7
   0       14     1956     9964     17130076428     17130086392        10481382       8001       2000      10000          7
   0       14     1956     9966     17130086427     17130096393        10491381       8002       2000      10000          7
   0       14     1315     9954     17130096441     17130106395        10501395       8628       2000      10000         10
   0       14     1344     9970     17130106429     17130116398        10511383       8612       2000      10000         13
   0       14     1315     9952     17130116443     17130126395        10521397       8626       2000      10000         10
   0       14     1955     9952     17130126440     17130136392        10531394       7989       2000      10000          7
   0       14     1955     9963     17130136430     17130146393        10541384       8000       2000      10000          8
   0       14     1955     9962     17130146430     17130156392        10551384       7999       2000      10000          7
   0       14     1955     9962     17130156430     17130166392        10561384       7999       2000      10000          7
   0       14     1955     9964     17130166428     17130176392        10571382       8001       2000      10000          7
   0       14     1955     9963     17130176429     17130186392        10581383       8001       2000      10000          7
   0       14     1955     9964     17130186428     17130196392        10591382       8001       2000      10000          7
   0       14     1955     9964     17130196428     17130206392        10601382       8001       2000      10000          7
   0       14     1956     9932     17130206461     17130216393        10611415       7968       2000      10000          8
   0       14     1955     9961     17130216431     17130226392        10621385       7998       2000      10000          7
   0       14     1955     9964     17130226428     17130236392        10631382       8001       2000      10000          7
   0       14     1956     9965     17130236427     17130246392        10641381       8002       2000      10000          7
   0       14     1956     9965     17130246427     17130256392        10651381       8002       2000      10000          7
   0       14     1956     9965     17130256427     17130266392        10661381       8002       2000      10000          7
   0       14     1956     9964     17130266427     17130276392        10671381       8002       2000      10000          7
   0       14     1956     9964     17130276427     17130286392        10681381       8002       2000      10000          6
   0       14     1955     9964     17130286427     17130296392        10691381       8002       2000      10000          6
   0       14     1955     9965     17130296427     17130306392        10701381       8003       2000      10000          7
   0       14     1955     9964     17130306428     17130316392        10711382       8002       2000      10000          7
   0       14     1955     9965     17130316427     17130326392        10721381       8002       2000      10000          7
   0       14     1955     9966     17130326426     17130336392        10731380       8003       2000      10000          7
   0       14     1956     9965     17130336427     17130346392        10741381       8002       2000      10000          7
   0       14     1956     9965     17130346427     17130356392        10751381       8002       2000      10000          6
   0       14     1955     9966     17130356426     17130366392        10761380       8003       2000      10000          7
   0       14     1955     9965     17130366427     17130376392        10771381       8003       2000      10000          7
   0       14     1956     9968     17130376428     17130386396        10781382       8002       2000      10000         10
   0       14     1367     9963     17130386432     17130396395        10791386       8585       2000      10000          9
   0       14     1351     9969     17130396429     17130406398        10801383       8604       2000      10000         13
   0       14     1765     9953     17130406440     17130416394        10811394       8179       2000      10000          8
   0       14     1956     9953     17130416439     17130426392        10821393       7990       2000      10000          7
   0       14     1956     9961     17130426431     17130436392        10831385       7998       2000      10000          7
   0       14     1956     9964     17130436428     17130446392        10841382       8001       2000      10000          7
   0       14     1956     9964     17130446428     17130456392        10851382       8001       2000      10000          7
   0       14     1956     9965     17130456428     17130466393        10861382       8002       2000      10000          7
   0       14     1958     9965     17130466429     17130476394        10871383       7998       2000      10000          8
   0       14     1955     9959     17130476433     17130486392        10881387       7996       2000      10000          7
   0       14     1956     9963     17130486429     17130496392        10891383       8000       2000      10000          7
   0       14     1956     9963     17130496429     17130506392        10901383       8000       2000      10000          7
   0       14     1956     9964     17130506428     17130516392        10911382       8001       2000      10000          7
   0       14     1956     9964     17130516428     17130526392        10921382       8001       2000      10000          7
   0       14     1955     9964     17130526429     17130536393        10931383       8001       2000      10000          7
   0       14     1956     9936     17130536456     17130546393        10941410       7973       2000      10000          7
   0       14     1956     9962     17130546430     17130556392        10951384       7999       2000      10000          7
   0       14     1956     9964     17130556428     17130566392        10961382       8001       2000      10000          7
   0       14     1956     9963     17130566429     17130576392        10971383       8000       2000      10000          7
   0       14     1956     9963     17130576429     17130586392        10981383       8000       2000      10000          7
   0       14     1955     9963     17130586429     17130596392        10991383       8001       2000      10000          7
   0       14     1955     9964     17130596428     17130606392        11001382       8001       2000      10000          7
   0       14     1955     9963     17130606429     17130616392        11011383       8000       2000      10000          7
   0       14     1955     9964     17130616428     17130626392        11021382       8001       2000      10000          7
   0       14     1955     9964     17130626428     17130636392        11031382       8001       2000      10000          7
   0       14     1956     9965     17130636427     17130646392        11041381       8002       2000      10000          7
   0       14     1956     9965     17130646427     17130656392        11051381       8002       2000      10000          7
   0       14     1956     9965     17130656427     17130666392        11061381       8002       2000      10000          7
   0       14     1301     9956     17130666440     17130676396        11071394       8643       2000      10000         10
   0       14     1372     9970     17130676429     17130686399        11081383       8584       2000      10000         13
   0       14     1248     9949     17130686447     17130696396        11091401       8689       2000      10000         10
   0       14     1955     9952     17130696441     17130706393        11101395       7988       2000      10000          7
   0       14     1955     9960     17130706432     17130716392        11111386       7998       2000      10000          7
   0       14     1955     9965     17130716428     17130726392        11121382       8002       2000      10000          7
   0       14     1955     9965     17130726428     17130736392        11131382       8002       2000      10000          7
   0       14     1955     9964     17130736428     17130746392        11141382       8001       2000      10000          7
   0       14     1956     9963     17130746429     17130756392        11151383       8000       2000      10000          7
   0       14     1956     9965     17130756427     17130766392        11161381       8002       2000      10000          7
   0       14     1955     9964     17130766427     17130776392        11171381       8002       2000      10000          7
   0       14     1955     9963     17130776429     17130786392        11181383       8001       2000      10000          7
   0       14     1955     9965     17130786427     17130796392        11191381       8002       2000      10000          7
   0       14     1955     9964     17130796428     17130806392        11201382       8001       2000      10000          7
   0       14     1955     9965     17130806427     17130816392        11211381       8002       2000      10000          7
   0       14     1955     9964     17130816428     17130826392        11221382       8002       2000      10000          7
   0       14     1955     9967     17130826427     17130836393        11231381       8003       2000      10000          8
   0       14     1956     9964     17130836428     17130846392        11241382       8001       2000      10000          7
   0       14     1956     9964     17130846428     17130856392        11251382       8002       2000      10000          6
   0       14     1956     9965     17130856427     17130866392        11261381       8002       2000      10000          7
   0       14     1956     9942     17130866450     17130876392        11271404       7979       2000      10000          7
   0       14     1956     9963     17130876429     17130886392        11281383       8001       2000      10000          7
   0       14     1956     9964     17130886428     17130896392        11291382       8001       2000      10000          7
   0       14     1956     9963     17130896429     17130906392        11301383       8000       2000      10000          7
   0       14     1956     9965     17130906427     17130916392        11311381       8002       2000      10000          7
   0       14     1956     9965     17130916427     17130926392        11321381       8002       2000      10000          7
   0       14     1956     9964     17130926427     17130936392        11331382       8002       2000      10000          7
   0       14     1956     9965     17130936427     17130946392        11341381       8002       2000      10000          7
   0       14     1955     9969     17130946427     17130956396        11351381       8002       2000      10000         10
   0       14     1342     9963     17130956432     17130966394        11361386       8611       2000      10000          9
   0       14     1366     9969     17130966430     17130976398        11371384       8589       2000      10000         12
   0       14     1819     9938     17130976456     17130986394        11381410       8109       2000      10000          8
   0       14     1955     9954     17130986438     17130996392        11391392       7992       2000      10000          7
   0       14     1955     9963     17130996429     17131006392        11401383       8000       2000      10000          7
   0       14     1955     9963     17131006429     17131016392        11411383       8001       2000      10000          7
   0       14     1955     9964     17131016428     17131026392        11421382       8002       2000      10000          6
   0       14     1955     9965     17131026427     17131036392        11431381       8002       2000      10000          7
   0       14     1955     9964     17131036428     17131046392        11441382       8001       2000      10000          7
   0       14     1955     9965     17131046427     17131056392        11451381       8003       2000      10000          7
   0       14     1956     9964     17131056428     17131066392        11461382       8001       2000      10000          7
   0       14     1956     9965     17131066427     17131076392        11471381       8002       2000      10000          7
   0       14     1956     9965     17131076427     17131086392        11481381       8002       2000      10000          7
   0       14     1955     9965     17131086427     17131096392        11491381       8003       2000      10000          7
   0       14     1955     9965     17131096427     17131106392        11501381       8002       2000      10000          7
   0       14     1955     9965     17131106427     17131116392        11511381       8003       2000      10000          7
   0       14     1955     9965     17131116427     17131126392        11521381       8003       2000      10000          6
   0       14     1956     9966     17131126427     17131136392        11531381       8003       2000      10000          7
   0       14     1956     9965     17131136428     17131146393        11541382       8001       2000      10000          7
   0       14     1956     9962     17131146430     17131156392        11551384       7999       2000      10000          6
   0       14     1956     9964     17131156428     17131166392        11561382       8001       2000      10000          7
   0       14     1956     9963     17131166429     17131176392        11571383       8001       2000      10000          7
   0       14     1956     9964     17131176428     17131186392        11581382       8001       2000      10000          7
   0       14     1955     9965     17131186427     17131196392        11591381       8002       2000      10000          7
   0       14     1956     9940     17131196452     17131206392        11601406       7977       2000      10000          7
   0       14     1956     9964     17131206427     17131216392        11611381       8002       2000      10000          6
   0       14     1955     9964     17131216427     17131226392        11621381       8002       2000      10000          7
   0       14     1955     9965     17131226427     17131236392        11631381       8003       2000      10000          7
   0       14     1309     9968     17131236427     17131246395        11641381       8649       2000      10000         10
   0       14     1342     9970     17131246429     17131256398        11651383       8614       2000      10000         13
   0       14     1288     9953     17131256442     17131266395        11661396       8655       2000      10000         10
   0       14     1955     9952     17131266440     17131276392        11671394       7989       2000      10000          7
   0       14     1955     9962     17131276430     17131286392        11681384       7999       2000      10000          7
   0       14     1956     9963     17131286429     17131296392        11691383       8000       2000      10000          7
   0       14     1955     9964     17131296428     17131306392        11701382       8002       2000      10000          7
   0       14     1955     9965     17131306427     17131316392        11711381       8003       2000      10000          6
   0       14     1955     9965     17131316427     17131326392        11721381       8002       2000      10000          7
   0       14     1955     9965     17131326427     17131336392        11731381       8002       2000      10000          7
   0       14     1955     9964     17131336428     17131346392        11741382       8002       2000      10000          7
   0       14     1955     9965     17131346427     17131356392        11751381       8002       2000      10000          7
   0       14     1956     9965     17131356427     17131366392        11761381       8002       2000      10000          7
   0       14     1956     9965     17131366427     17131376392        11771381       8002       2000      10000          7
   0       14     1956     9964     17131376428     17131386392        11781382       8001       2000      10000          7
   0       14     1956     9965     17131386427     17131396392        11791381       8002       2000      10000          7
   0       14     1955     9964     17131396427     17131406392        11801381       8002       2000      10000          6
   0       14     1955     9965     17131406427     17131416392        11811381       8002       2000      10000          7
   0       14     1955     9965     17131416427     17131426392        11821381       8002       2000      10000          7
   0       14     1955     9965     17131426427     17131436392        11831381       8003       2000      10000          7
   0       14     1956     9965     17131436427     17131446392        11841381       8002       2000      10000          7
   0       14     1956     9965     17131446427     17131456392        11851381       8002       2000      10000          7
   0       14     1956     9964     17131456428     17131466392        11861382       8002       2000      10000          7
   0       14     1956     9964     17131466427     17131476392        11871381       8002       2000      10000          7
   0       14     1956     9965     17131476427     17131486392        11881381       8002       2000      10000          7
   0       14     1956     9964     17131486427     17131496392        11891381       8002       2000      10000          6
   0       14     1956     9965     17131496427     17131506392        11901381       8002       2000      10000          7
   0       14     1956     9965     17131506427     17131516392        11911381       8002       2000      10000          7
   0       14     1956     9968     17131516428     17131526395        11921382       8001       2000      10000         10
   0       14     1341     9938     17131526457     17131536395        11931411       8586       2000      10000         10
   0       14     1365     9969     17131536429     17131546398        11941383       8590       2000      10000         12
   0       14     1833     9946     17131546447     17131556393        11951401       8104       2000      10000          8
   0       14     1955     9954     17131556438     17131566392        11961392       7991       2000      10000          7
   0       14     1955     9962     17131566430     17131576392        11971384       7999       2000      10000          7
   0       14     1955     9964     17131576428     17131586392        11981382       8001       2000      10000          7
   0       14     1956     9962     17131586430     17131596392        11991384       8000       2000      10000          7
   0       14     1956     9964     17131596428     17131606392        12001382       8001       2000      10000          7
   0       14     1956     9964     17131606428     17131616392        12011382       8001       2000      10000          7
   0       14     1955     9965     17131616427     17131626392        12021381       8003       2000      10000          6
   0       14     1955     9965     17131626427     17131636392        12031381       8003       2000      10000          7
   0       14     1955     9965     17131636427     17131646392        12041381       8002       2000      10000          7
   0       14     1955     9964     17131646427     17131656392        12051381       8002       2000      10000          7
   0       14     1955     9965     17131656427     17131666392        12061381       8002       2000      10000          7
   0       14     1955     9965     17131666426     17131676392        12071381       8003       2000      10000          7
   0       14     1956     9964     17131676427     17131686392        12081381       8002       2000      10000          7
   0       14     1956     9965     17131686427     17131696392        12091381       8002       2000      10000          7
   0       14     1956     9965     17131696427     17131706392        12101381       8003       2000      10000          6
   0       14     1956     9963     17131706429     17131716392        12111383       8001       2000      10000          7
   0       14     1956     9964     17131716428     17131726392        12121382       8001       2000      10000          7
   0       14     1956     9965     17131726427     17131736392        12131381       8002       2000      10000          7
   0       14     1956     9963     17131736429     17131746392        12141383       8000       2000      10000          6
   0       14     1956     9964     17131746428     17131756392        12151382       8002       2000      10000          7
   0       14     1956     9965     17131756427     17131766392        12161381       8002       2000      10000          7
   0       14     1956     9965     17131766426     17131776392        12171380       8003       2000      10000          7
   0       14     1955     9966     17131776426     17131786392        12181380       8003       2000      10000          7
   0       14     1955     9965     17131786427     17131796392        12191381       8002       2000      10000          7
   0       14     1955     9969     17131796426     17131806395        12201380       8003       2000      10000         10
   0       14     1353     9965     17131806430     17131816395        12211384       8602       2000      10000          9
   0       14     1345     9971     17131816427     17131826398        12221381       8613       2000      10000         13
   0       14     1280     9952     17131826443     17131836395        12231397       8661       2000      10000          9
   0       14     1955     9952     17131836440     17131846392        12241394       7990       2000      10000          7
   0       14     1955     9962     17131846430     17131856392        12251384       7999       2000      10000          7
   0       14     1956     9942     17131856450     17131866392        12261404       7979       2000      10000          7
   0       14     1956     9962     17131866430     17131876392        12271384       7999       2000      10000          7
   0       14     1956     9963     17131876428     17131886392        12281382       8001       2000      10000          7
   0       14     1956     9964     17131886428     17131896392        12291382       8001       2000      10000          7
   0       14     1956     9966     17131896426     17131906392        12301380       8003       2000      10000          7
   0       14     1956     9964     17131906428     17131916392        12311382       8001       2000      10000          7
   0       14     1956     9965     17131916427     17131926392        12321381       8002       2000      10000          7
   0       14     1956     9965     17131926427     17131936392        12331381       8002       2000      10000          7
   0       14     1955     9965     17131936428     17131946392        12341382       8002       2000      10000          7
   0       14     1955     9965     17131946428     17131956392        12351382       8002       2000      10000          7
   0       14     1955     9964     17131956428     17131966392        12361382       8002       2000      10000          7
   0       14     1955     9965     17131966427     17131976392        12371381       8002       2000      10000          7
   0       14     1955     9965     17131976427     17131986392        12381381       8003       2000      10000          7
   0       14     1955     9966     17131986427     17131996392        12391381       8003       2000      10000          7
   0       14     1956     9965     17131996427     17132006392        12401381       8002       2000      10000          7
   0       14     1956     9966     17132006427     17132016392        12411381       8002       2000      10000          7
   0       14     1956     9965     17132016427     17132026392        12421381       8002       2000      10000          7
   0       14     1956     9965     17132026428     17132036392        12431382       8002       2000      10000          7
   0       14     1955     9965     17132036427     17132046392        12441381       8002       2000      10000          7
   0       14     1955     9964     17132046428     17132056392        12451382       8001       2000      10000          7
   0       14     1955     9965     17132056427     17132066392        12461381       8003       2000      10000          6
   0       14     1955     9965     17132066427     17132076392        12471381       8003       2000      10000          7
   0       14     1955     9965     17132076428     17132086392        12481382       8002       2000      10000          7
   0       14     1955     9968     17132086427     17132096396        12491381       8002       2000      10000         10
   0       14     1342     9965     17132096430     17132106395        12501384       8612       2000      10000         10
   0       14     1418     9966     17132106429     17132116395        12511383       8537       2000      10000         10
   0       14     1955     9952     17132116441     17132126393        12521395       7988       2000      10000          7
   0       14     1955     9961     17132126431     17132136392        12531385       7998       2000      10000          7
   0       14     1955     9963     17132136429     17132146392        12541383       8000       2000      10000          7
   0       14     1955     9962     17132146430     17132156392        12551384       7999       2000      10000          7
   0       14     1955     9963     17132156429     17132166392        12561383       8000       2000      10000          7
   0       14     1955     9964     17132166428     17132176392        12571382       8002       2000      10000          7
   0       14     1955     9963     17132176429     17132186392        12581383       8000       2000      10000          7
   0       14     1956     9929     17132186464     17132196392        12591418       7965       2000      10000          7
   0       14     1956     9963     17132196429     17132206392        12601383       8000       2000      10000          7
   0       14     1955     9964     17132206428     17132216392        12611382       8001       2000      10000          7
   0       14     1955     9963     17132216429     17132226392        12621383       8000       2000      10000          7
   0       14     1955     9964     17132226428     17132236392        12631382       8002       2000      10000          7
   0       14     1955     9964     17132236428     17132246392        12641382       8001       2000      10000          7
   0       14     1956     9964     17132246428     17132256392        12651382       8002       2000      10000          6
   0       14     1956     9964     17132256428     17132266392        12661382       8002       2000      10000          7
   0       14     1956     9964     17132266428     17132276392        12671382       8002       2000      10000          7
   0       14     1956     9964     17132276428     17132286392        12681382       8001       2000      10000          7
   0       14     1955     9965     17132286427     17132296392        12691381       8003       2000      10000          6
   0       14     1955     9964     17132296428     17132306392        12701382       8002       2000      10000          7
   0       14     1955     9964     17132306428     17132316392        12711382       8002       2000      10000          7
   0       14     1955     9965     17132316427     17132326392        12721381       8002       2000      10000          7
   0       14     1955     9965     17132326427     17132336392        12731381       8002       2000      10000          7
   0       14     1956     9965     17132336427     17132346392        12741381       8002       2000      10000          6
   0       14     1955     9964     17132346428     17132356392        12751382       8001       2000      10000          7
   0       14     1956     9965     17132356427     17132366392        12761381       8002       2000      10000          7
   0       14     1956     9969     17132366427     17132376396        12771381       8002       2000      10000         10
   0       14     1339     9964     17132376431     17132386394        12781385       8615       2000      10000          9
   0       14     1323     9971     17132386427     17132396398        12791381       8634       2000      10000         13
   0       14     1337     9955     17132396440     17132406395        12801394       8608       2000      10000          9
   0       14     1955     9953     17132406440     17132416392        12811394       7990       2000      10000          7
   0       14     1955     9961     17132416431     17132426392        12821385       7998       2000      10000          7
   0       14     1955     9964     17132426428     17132436392        12831382       8001       2000      10000          7
   0       14     1956     9964     17132436428     17132446392        12841382       8001       2000      10000          7
   0       14     1956     9966     17132446428     17132456393        12851382       8002       2000      10000          8
   0       14     1955     9963     17132456429     17132466392        12861383       8000       2000      10000          7
   0       14     1956     9964     17132466428     17132476392        12871382       8002       2000      10000          7
   0       14     1955     9964     17132476428     17132486392        12881382       8002       2000      10000          6
   0       14     1956     9965     17132486427     17132496392        12891381       8002       2000      10000          7
   0       14     1956     9965     17132496427     17132506392        12901381       8002       2000      10000          7
   0       14     1956     9965     17132506427     17132516392        12911381       8002       2000      10000          7
   0       14     1956     9942     17132516451     17132526392        12921405       7979       2000      10000          7
   0       14     1956     9964     17132526428     17132536392        12931382       8001       2000      10000          6
   0       14     1956     9964     17132536428     17132546392        12941382       8001       2000      10000          7
   0       14     1956     9965     17132546427     17132556392        12951381       8002       2000      10000          6
   0       14     1956     9965     17132556427     17132566392        12961381       8002       2000      10000          7
   0       14     1956     9965     17132566427     17132576392        12971381       8003       2000      10000          7
   0       14     1955     9965     17132576427     17132586392        12981381       8002       2000      10000          7
   0       14     1955     9966     17132586427     17132596393        12991381       8002       2000      10000          7
   0       14     1955     9964     17132596428     17132606392        13001382       8002       2000      10000          7
   0       14     1955     9963     17132606428     17132616392        13011382       8001       2000      10000          7
   0       14     1955     9965     17132616427     17132626392        13021381       8002       2000      10000          7
   0       14     1956     9965     17132626427     17132636392        13031381       8003       2000      10000          7
   0       14     1956     9965     17132636427     17132646392        13041381       8002       2000      10000          7
   0       14     1956     9965     17132646427     17132656392        13051381       8003       2000      10000          7
   0       14     1711     9968     17132656427     17132666395        13061381       8247       2000      10000         10
   0       14     1347     9968     17132666430     17132676398        13071384       8608       2000      10000         12
   0       14     1294     9957     17132676439     17132686395        13081393       8652       2000      10000         10
   0       14     1955     9951     17132686442     17132696392        13091396       7988       2000      10000          7
   0       14     1956     9962     17132696430     17132706392        13101384       7999       2000      10000          7
   0       14     1955     9964     17132706428     17132716392        13111382       8001       2000      10000          7
   0       14     1955     9963     17132716429     17132726392        13121383       8001       2000      10000          7
   0       14     1956     9965     17132726427     17132736392        13131381       8002       2000      10000          7
   0       14     1956     9965     17132736427     17132746392        13141381       8002       2000      10000          7
   0       14     1956     9964     17132746428     17132756392        13151382       8001       2000      10000          7
   0       14     1956     9965     17132756427     17132766392        13161381       8002       2000      10000          7
   0       14     1956     9965     17132766427     17132776392        13171381       8002       2000      10000          7
   0       14     1956     9964     17132776428     17132786392        13181382       8002       2000      10000          7
   0       14     1956     9965     17132786427     17132796392        13191381       8002       2000      10000          7
   0       14     1956     9965     17132796427     17132806392        13201381       8002       2000      10000          7
   0       14     1955     9965     17132806427     17132816392        13211381       8002       2000      10000          7
   0       14     1955     9965     17132816427     17132826392        13221381       8003       2000      10000          7
   0       14     1955     9964     17132826428     17132836392        13231382       8002       2000      10000          7
   0       14     1955     9965     17132836427     17132846392        13241381       8002       2000      10000          7
   0       14     1955     9942     17132846450     17132856392        13251404       7979       2000      10000          7
   0       14     1955     9963     17132856429     17132866392        13261383       8001       2000      10000          7
   0       14     1955     9965     17132866427     17132876392        13271381       8002       2000      10000          7
   0       14     1955     9964     17132876427     17132886392        13281381       8002       2000      10000          6
   0       14     1955     9965     17132886427     17132896392        13291381       8003       2000      10000          7
   0       14     1955     9963     17132896429     17132906392        13301383       8001       2000      10000          7
   0       14     1956     9966     17132906426     17132916392        13311380       8003       2000      10000          7
   0       14     1956     9965     17132916427     17132926392        13321381       8002       2000      10000          7
   0       14     1956     9965     17132926427     17132936392        13331381       8002       2000      10000          7
   0       14     1956     9969     17132936427     17132946396        13341381       8002       2000      10000         11
   0       14     1342     9963     17132946433     17132956395        13351387       8610       2000      10000         10
   0       14     1318     9969     17132956431     17132966400        13361385       8635       2000      10000         14
   0       14     1460     9949     17132966446     17132976395        13371400       8478       2000      10000          9
   0       14     1955     9952     17132976440     17132986392        13381394       7989       2000      10000          7
   0       14     1955     9961     17132986431     17132996392        13391385       7998       2000      10000          7
   0       14     1955     9963     17132996429     17133006392        13401383       8001       2000      10000          7
   0       14     1956     9962     17133006430     17133016392        13411384       7999       2000      10000          7
   0       14     1956     9964     17133016428     17133026392        13421382       8002       2000      10000          7
   0       14     1956     9963     17133026428     17133036392        13431382       8001       2000      10000          7
   0       14     1956     9963     17133036429     17133046392        13441383       8000       2000      10000          7
   0       14     1956     9964     17133046428     17133056392        13451382       8001       2000      10000          7
   0       14     1956     9965     17133056427     17133066392        13461381       8002       2000      10000          7
   0       14     1956     9964     17133066428     17133076392        13471382       8001       2000      10000          7
   0       14     1956     9965     17133076427     17133086392        13481381       8002       2000      10000          7
   0       14     1956     9964     17133086428     17133096392        13491382       8001       2000      10000          7
   0       14     1956     9965     17133096427     17133106392        13501381       8002       2000      10000          7
   0       14     1955     9965     17133106427     17133116392        13511381       8002       2000      10000          7
   0       14     1956     9964     17133116428     17133126392        13521382       8001       2000      10000          7
   0       14     1956     9964     17133126428     17133136392        13531382       8002       2000      10000          7
   0       14     1956     9966     17133136427     17133146393        13541381       8002       2000      10000          8
   0       14     1956     9960     17133146432     17133156392        13551386       7997       2000      10000          6
   0       14     1956     9963     17133156429     17133166392        13561383       8000       2000      10000          7
   0       14     1956     9963     17133166429     17133176392        13571383       8000       2000      10000          7
   0       14     1956     9937     17133176455     17133186392        13581409       7974       2000      10000          7
   0       14     1955     9962     17133186429     17133196392        13591383       8000       2000      10000          6
   0       14     1955     9965     17133196427     17133206392        13601381       8002       2000      10000          7
   0       14     1956     9964     17133206427     17133216392        13611381       8002       2000      10000          7
   0       14     1956     9964     17133216428     17133226392        13621382       8001       2000      10000          7
   0       14     1525     9968     17133226428     17133236395        13631382       8432       2000      10000         10
   0       14     1359     9967     17133236431     17133246398        13641385       8594       2000      10000         12
   0       14     1280     9956     17133246440     17133256396        13651394       8665       2000      10000         10
   0       14     1955     9951     17133256441     17133266392        13661395       7989       2000      10000          7
   0       14     1955     9961     17133266431     17133276392        13671385       7999       2000      10000          7
   0       14     1956     9964     17133276428     17133286392        13681382       8001       2000      10000          7
   0       14     1956     9964     17133286428     17133296392        13691382       8001       2000      10000          7
   0       14     1956     9965     17133296427     17133306392        13701381       8002       2000      10000          7
   0       14     1955     9964     17133306427     17133316392        13711381       8002       2000      10000          6
   0       14     1955     9965     17133316427     17133326392        13721381       8002       2000      10000          7
   0       14     1955     9965     17133326427     17133336392        13731381       8002       2000      10000          7
   0       14     1955     9964     17133336428     17133346392        13741382       8002       2000      10000          7
   0       14     1955     9964     17133346428     17133356392        13751382       8002       2000      10000          7
   0       14     1956     9965     17133356427     17133366392        13761381       8003       2000      10000          7
   0       14     1956     9964     17133366427     17133376392        13771381       8002       2000      10000          6
   0       14     1956     9964     17133376428     17133386392        13781382       8002       2000      10000          7
   0       14     1956     9964     17133386428     17133396392        13791382       8001       2000      10000          7
   0       14     1955     9965     17133396427     17133406392        13801381       8003       2000      10000          6
   0       14     1955     9965     17133406427     17133416392        13811381       8003       2000      10000          7
   0       14     1955     9964     17133416428     17133426392        13821382       8002       2000      10000          7
   0       14     1955     9965     17133426427     17133436392        13831381       8003       2000      10000          7
   0       14     1956     9966     17133436427     17133446392        13841381       8003       2000      10000          7
   0       14     1956     9964     17133446428     17133456392        13851382       8001       2000      10000          7
   0       14     1955     9964     17133456428     17133466392        13861382       8001       2000      10000          7
   0       14     1956     9965     17133466427     17133476392        13871381       8002       2000      10000          7
   0       14     1956     9965     17133476427     17133486392        13881381       8003       2000      10000          7
   0       14     1956     9964     17133486428     17133496392        13891382       8001       2000      10000          7
   0       14     1955     9966     17133496426     17133506392        13901380       8003       2000      10000          7
   0       14     1956     9945     17133506451     17133516396        13911405       7978       2000      10000         11
   0       14     1358     9963     17133516432     17133526395        13921386       8595       2000      10000          9
   0       14     1363     9971     17133526428     17133536399        13931382       8594       2000      10000         13
   0       14     1545     9941     17133536455     17133546397        13941409       8384       2000      10000         11
   0       14     1955     9950     17133546442     17133556392        13951396       7987       2000      10000          7
   0       14     1955     9961     17133556431     17133566392        13961385       7999       2000      10000          7
   0       14     1955     9963     17133566429     17133576392        13971383       8000       2000      10000          7
   0       14     1955     9963     17133576429     17133586392        13981383       8000       2000      10000          7
   0       14     1956     9964     17133586428     17133596392        13991382       8001       2000      10000          7
   0       14     1956     9963     17133596429     17133606392        14001383       8001       2000      10000          7
   0       14     1955     9965     17133606427     17133616392        14011381       8002       2000      10000          7
   0       14     1955     9964     17133616428     17133626392        14021382       8001       2000      10000          7
   0       14     1955     9964     17133626429     17133636392        14031383       8001       2000      10000          7
   0       14     1955     9965     17133636427     17133646392        14041381       8002       2000      10000          7
   0       14     1955     9966     17133646427     17133656394        14051381       8002       2000      10000          8
   0       14     1955     9962     17133656430     17133666392        14061384       8000       2000      10000          7
   0       14     1955     9964     17133666428     17133676392        14071382       8001       2000      10000          6
   0       14     1955     9965     17133676427     17133686392        14081381       8002       2000      10000          7
   0       14     1955     9964     17133686428     17133696392        14091382       8002       2000      10000          7
   0       14     1955     9965     17133696427     17133706392        14101381       8002       2000      10000          7
   0       14     1956     9965     17133706427     17133716392        14111381       8002       2000      10000          7
   0       14     1956     9965     17133716427     17133726392        14121381       8002       2000      10000          7
   0       14     1955     9966     17133726426     17133736392        14131380       8003       2000      10000          7
   0       14     1955     9964     17133736428     17133746392        14141382       8001       2000      10000          7
   0       14     1955     9965     17133746427     17133756392        14151381       8002       2000      10000          7
   0       14     1955     9965     17133756427     17133766392        14161381       8002       2000      10000          7
   0       14     1955     9965     17133766427     17133776392        14171381       8003       2000      10000          6
   0       14     1956     9965     17133776427     17133786392        14181381       8003       2000      10000          6
   0       14     1956     9965     17133786427     17133796392        14191381       8002       2000      10000          7
   0       14     1343     9958     17133796437     17133806395        14201391       8604       2000      10000         10
   0       14     1353     9969     17133806430     17133816398        14211384       8602       2000      10000         13
   0       14     1325     9953     17133816443     17133826395        14221397       8617       2000      10000         10
   0       14     1955     9951     17133826441     17133836392        14231395       7988       2000      10000          7
   0       14     1955     9940     17133836453     17133846392        14241407       7977       2000      10000          7
   0       14     1955     9963     17133846429     17133856392        14251383       8000       2000      10000          7
   0       14     1955     9963     17133856429     17133866392        14261383       8001       2000      10000          7
   0       14     1955     9964     17133866428     17133876392        14271382       8002       2000      10000          7
   0       14     1955     9965     17133876428     17133886392        14281382       8002       2000      10000          7
   0       14     1956     9964     17133886428     17133896392        14291382       8001       2000      10000          7
   0       14     1956     9965     17133896427     17133906392        14301381       8002       2000      10000          7
   0       14     1956     9965     17133906427     17133916392        14311381       8003       2000      10000          6
   0       14     1956     9966     17133916426     17133926392        14321380       8003       2000      10000          6
   0       14     1956     9965     17133926427     17133936392        14331381       8002       2000      10000          7
   0       14     1956     9965     17133936427     17133946392        14341381       8002       2000      10000          7
   0       14     1955     9964     17133946428     17133956392        14351382       8002       2000      10000          6
   0       14     1955     9965     17133956427     17133966392        14361381       8002       2000      10000          6
   0       14     1955     9964     17133966428     17133976392        14371382       8001       2000      10000          7
   0       14     1955     9964     17133976428     17133986392        14381382       8002       2000      10000          6
   0       14     1955     9966     17133986426     17133996392        14391380       8003       2000      10000          6
   0       14     1955     9965     17133996427     17134006392        14401381       8002       2000      10000          7
   0       14     1956     9965     17134006427     17134016392        14411381       8003       2000      10000          6
   0       14     1956     9964     17134016428     17134026392        14421382       8002       2000      10000          7
   0       14     1956     9965     17134026427     17134036392        14431381       8002       2000      10000          7
   0       14     1956     9965     17134036426     17134046392        14441380       8003       2000      10000          6
   0       14     1955     9966     17134046426     17134056392        14451380       8003       2000      10000          6
   0       14     1955     9966     17134056426     17134066392        14461380       8003       2000      10000          7
   0       14     1955     9964     17134066427     17134076392        14471381       8002       2000      10000          7
   0       14     1955     9968     17134076427     17134086396        14481381       8002       2000      10000         10
   0       14     1343     9965     17134086430     17134096395        14491384       8611       2000      10000          9
   0       14     1359     9965     17134096430     17134106395        14501384       8595       2000      10000         10
   0       14     1955     9951     17134106441     17134116392        14511395       7988       2000      10000          7
   0       14     1956     9962     17134116430     17134126392        14521384       7999       2000      10000          7
   0       14     1956     9963     17134126429     17134136392        14531383       8000       2000      10000          7
   0       14     1956     9965     17134136429     17134146393        14541383       8001       2000      10000          8
   0       14     1956     9961     17134146431     17134156392        14551385       7998       2000      10000          7
   0       14     1955     9963     17134156429     17134166392        14561383       8000       2000      10000          7
   0       14     1955     9933     17134166460     17134176392        14571414       7969       2000      10000          7
   0       14     1955     9963     17134176429     17134186392        14581383       8000       2000      10000          7
   0       14     1955     9962     17134186429     17134196392        14591384       8000       2000      10000          7
   0       14     1955     9963     17134196429     17134206392        14601383       8000       2000      10000          7
   0       14     1956     9962     17134206430     17134216392        14611384       7999       2000      10000          7
   0       14     1955     9964     17134216428     17134226392        14621382       8001       2000      10000          7
   0       14     1955     9964     17134226428     17134236392        14631382       8001       2000      10000          7
   0       14     1955     9964     17134236428     17134246392        14641382       8001       2000      10000          7
   0       14     1955     9964     17134246428     17134256392        14651382       8002       2000      10000          6
   0       14     1956     9965     17134256427     17134266392        14661381       8002       2000      10000          6
   0       14     1955     9964     17134266428     17134276392        14671382       8001       2000      10000          7
   0       14     1955     9965     17134276427     17134286392        14681381       8003       2000      10000          7
   0       14     1955     9965     17134286427     17134296392        14691381       8002       2000      10000          7
   0       14     1955     9964     17134296428     17134306392        14701382       8002       2000      10000          6
   0       14     1956     9965     17134306427     17134316392        14711381       8002       2000      10000          6
   0       14     1956     9965     17134316426     17134326392        14721380       8003       2000      10000          7
   0       14     1956     9965     17134326427     17134336392        14731381       8002       2000      10000          7
   0       14     1956     9965     17134336427     17134346392        14741381       8002       2000      10000          7
   0       14     1956     9964     17134346428     17134356392        14751382       8001       2000      10000          7
   0       14     1955     9969     17134356427     17134366396        14761381       8002       2000      10000         11
   0       14     1335     9962     17134366433     17134376395        14771387       8616       2000      10000          9
   0       14     1335     9972     17134376427     17134386399        14781381       8623       2000      10000         13
   0       14     1327     9951     17134386444     17134396395        14791398       8614       2000      10000         10
   0       14     1955     9950     17134396442     17134406392        14801396       7988       2000      10000          7
   0       14     1955     9961     17134406431     17134416392        14811385       7998       2000      10000          7
   0       14     1955     9964     17134416428     17134426392        14821382       8001       2000      10000          7
   0       14     1955     9965     17134426427     17134436392        14831381       8002       2000      10000          7
   0       14     1955     9964     17134436427     17134446392        14841381       8002       2000      10000          7
   0       14     1955     9965     17134446427     17134456392        14851381       8002       2000      10000          7
   0       14     1955     9964     17134456428     17134466392        14861382       8001       2000      10000          7
   0       14     1955     9964     17134466428     17134476392        14871382       8001       2000      10000          7
   0       14     1955     9965     17134476427     17134486392        14881381       8002       2000      10000          7
   0       14     1956     9965     17134486427     17134496392        14891381       8002       2000      10000          7
   0       14     1956     9941     17134496451     17134506392        14901405       7978       2000      10000          7
   0       14     1955     9963     17134506428     17134516392        14911382       8001       2000      10000          7
   0       14     1955     9964     17134516428     17134526392        14921382       8001       2000      10000          6
   0       14     1956     9965     17134526427     17134536392        14931381       8002       2000      10000          6
   0       14     1956     9965     17134536427     17134546392        14941381       8002       2000      10000          7
   0       14     1956     9964     17134546428     17134556392        14951382       8002       2000      10000          7
   0       14     1956     9964     17134556427     17134566392        14961381       8002       2000      10000          7
   0       14     1956     9964     17134566428     17134576392        14971382       8001       2000      10000          7
   0       14     1956     9965     17134576427     17134586392        14981381       8002       2000      10000          6
   0       14     1956     9964     17134586427     17134596391        14991381       8002       2000      10000          6
   0       14     1955     9966     17134596426     17134606392        15001380       8003       2000      10000          7
   0       14     1955     9965     17134606427     17134616392        15011381       8003       2000      10000          7
   0       14     1955     9965     17134616427     17134626392        15021381       8002       2000      10000          7
   0       14     1955     9965     17134626427     17134636392        15031381       8003       2000      10000          6
   0       14     1956     9965     17134636427     17134646392        15041381       8003       2000      10000          7
   0       14     1785     9967     17134646428     17134656395        15051382       8171       2000      10000         10
   0       14     1343     9967     17134656430     17134666397        15061384       8612       2000      10000         11
   0       14     1365     9959     17134666436     17134676395        15071390       8583       2000      10000         10
   0       14     1955     9952     17134676440     17134686392        15081394       7989       2000      10000          7
   0       14     1956     9963     17134686430     17134696393        15091384       7999       2000      10000          8
   0       14     1955     9961     17134696431     17134706392        15101385       7999       2000      10000          7
   0       14     1955     9964     17134706428     17134716392        15111382       8002       2000      10000          7
   0       14     1955     9964     17134716428     17134726392        15121382       8001       2000      10000          7
   0       14     1955     9964     17134726428     17134736392        15131382       8002       2000      10000          7
   0       14     1955     9965     17134736427     17134746392        15141381       8002       2000      10000          7
   0       14     1955     9966     17134746426     17134756392        15151380       8003       2000      10000          7
   0       14     1955     9963     17134756429     17134766392        15161383       8000       2000      10000          7
   0       14     1955     9965     17134766427     17134776392        15171381       8003       2000      10000          7
   0       14     1955     9964     17134776428     17134786392        15181382       8001       2000      10000          7
   0       14     1955     9965     17134786427     17134796392        15191381       8002       2000      10000          7
   0       14     1955     9965     17134796427     17134806392        15201381       8002       2000      10000          7
   0       14     1955     9964     17134806428     17134816392        15211382       8001       2000      10000          7
   0       14     1956     9965     17134816427     17134826392        15221381       8003       2000      10000          7
   0       14     1955     9943     17134826450     17134836392        15231404       7980       2000      10000          7
   0       14     1955     9964     17134836428     17134846392        15241382       8001       2000      10000          6
   0       14     1955     9965     17134846427     17134856392        15251381       8003       2000      10000          7
   0       14     1955     9965     17134856427     17134866392        15261381       8002       2000      10000          7
   0       14     1956     9965     17134866427     17134876392        15271381       8002       2000      10000          7
   0       14     1956     9964     17134876428     17134886392        15281382       8002       2000      10000          7
   0       14     1956     9966     17134886427     17134896392        15291381       8003       2000      10000          7
   0       14     1956     9965     17134896427     17134906392        15301381       8002       2000      10000          6
   0       14     1956     9965     17134906427     17134916392        15311381       8002       2000      10000          7
   0       14     1955     9965     17134916427     17134926392        15321381       8002       2000      10000          7
   0       14     1955     9969     17134926427     17134936395        15331381       8003       2000      10000         10
   0       14     1340     9964     17134936431     17134946395        15341385       8614       2000      10000         10
   0       14     1343     9970     17134946429     17134956398        15351383       8613       2000      10000         13
   0       14     1528     9954     17134956441     17134966395        15361395       8415       2000      10000          9
   0       14     1955     9952     17134966440     17134976392        15371394       7990       2000      10000          7
   0       14     1956     9962     17134976430     17134986392        15381384       7999       2000      10000          7
   0       14     1956     9964     17134986428     17134996392        15391382       8001       2000      10000          7
   0       14     1956     9964     17134996428     17135006393        15401382       8001       2000      10000          8
   0       14     1956     9963     17135006430     17135016393        15411384       7999       2000      10000          7
   0       14     1956     9961     17135016431     17135026392        15421385       7998       2000      10000          7
   0       14     1956     9964     17135026429     17135036392        15431383       8000       2000      10000          7
   0       14     1956     9964     17135036428     17135046392        15441382       8001       2000      10000          7
   0       14     1955     9964     17135046428     17135056392        15451382       8001       2000      10000          7
   0       14     1955     9964     17135056428     17135066392        15461382       8001       2000      10000          7
   0       14     1956     9966     17135066428     17135076394        15471382       8002       2000      10000          9
   0       14     1955     9962     17135076429     17135086392        15481383       8000       2000      10000          7
   0       14     1955     9965     17135086427     17135096392        15491381       8002       2000      10000          7
   0       14     1955     9965     17135096427     17135106392        15501381       8002       2000      10000          7
   0       14     1956     9965     17135106427     17135116392        15511381       8002       2000      10000          7
   0       14     1956     9964     17135116428     17135126392        15521382       8001       2000      10000          7
   0       14     1956     9964     17135126428     17135136392        15531382       8001       2000      10000          7
   0       14     1956     9966     17135136427     17135146393        15541381       8002       2000      10000          8
   0       14     1956     9961     17135146431     17135156392        15551385       7999       2000      10000          7
   0       14     1956     9935     17135156457     17135166392        15561411       7972       2000      10000          7
   0       14     1955     9962     17135166429     17135176392        15571383       8000       2000      10000          7
   0       14     1955     9963     17135176429     17135186392        15581383       8000       2000      10000          7
   0       14     1956     9964     17135186428     17135196392        15591382       8001       2000      10000          7
   0       14     1956     9964     17135196428     17135206392        15601382       8002       2000      10000          7
   0       14     1956     9964     17135206428     17135216392        15611382       8001       2000      10000          7
   0       14     1376     9969     17135216427     17135226395        15621381       8582       2000      10000         10
   0       14     1369     9968     17135226431     17135236399        15631385       8584       2000      10000         13
   0       14     1260     9952     17135236444     17135246395        15641398       8681       2000      10000         10
   0       14     1955     9951     17135246441     17135256392        15651395       7988       2000      10000          7
   0       14     1955     9961     17135256431     17135266392        15661385       7998       2000      10000          7
   0       14     1955     9963     17135266429     17135276392        15671383       8001       2000      10000          7
   0       14     1955     9963     17135276429     17135286392        15681383       8000       2000      10000          7
   0       14     1956     9962     17135286430     17135296392        15691384       7999       2000      10000          7
   0       14     1955     9964     17135296428     17135306392        15701382       8002       2000      10000          7
   0       14     1955     9965     17135306428     17135316392        15711382       8002       2000      10000          7
   0       14     1955     9963     17135316428     17135326392        15721382       8001       2000      10000          7
   0       14     1955     9964     17135326428     17135336392        15731382       8001       2000      10000          7
   0       14     1956     9963     17135336429     17135346392        15741383       8000       2000      10000          7
   0       14     1955     9965     17135346427     17135356392        15751381       8002       2000      10000          7
   0       14     1955     9964     17135356428     17135366392        15761382       8001       2000      10000          6
   0       14     1955     9965     17135366427     17135376392        15771381       8002       2000      10000          7
   0       14     1955     9965     17135376427     17135386392        15781381       8002       2000      10000          7
   0       14     1955     9966     17135386426     17135396392        15791380       8003       2000      10000          7
   0       14     1955     9965     17135396427     17135406392        15801381       8002       2000      10000          7
   0       14     1956     9966     17135406426     17135416392        15811380       8003       2000      10000          7
   0       14     1956     9964     17135416427     17135426392        15821381       8002       2000      10000          6
   0       14     1956     9965     17135426427     17135436392        15831381       8002       2000      10000          7
   0       14     1956     9965     17135436427     17135446392        15841381       8002       2000      10000          7
   0       14     1955     9964     17135446428     17135456392        15851382       8002       2000      10000          7
   0       14     1955     9965     17135456426     17135466392        15861380       8003       2000      10000          7
   0       14     1955     9965     17135466427     17135476392        15871381       8003       2000      10000          7
   0       14     1955     9965     17135476427     17135486392        15881381       8002       2000      10000          7
   0       14     1955     9943     17135486449     17135496392        15891403       7980       2000      10000          7
   0       14     1955     9967     17135496428     17135506395        15901382       8001       2000      10000         10
   0       14     1342     9964     17135506431     17135516395        15911385       8612       2000      10000          9
   0       14     1336     9970     17135516429     17135526399        15921383       8620       2000      10000         13
   0       14     1670     9953     17135526441     17135536393        15931395       8274       2000      10000          8
   0       14     1955     9955     17135536437     17135546392        15941391       7992       2000      10000          7
   0       14     1955     9962     17135546430     17135556392        15951384       8000       2000      10000          7
   0       14     1955     9963     17135556429     17135566392        15961383       8001       2000      10000          7
   0       14     1955     9964     17135566427     17135576391        15971381       8002       2000      10000          6
   0       14     1955     9966     17135576426     17135586392        15981380       8003       2000      10000          7
   0       14     1955     9965     17135586427     17135596392        15991381       8002       2000      10000          7
   0       14     1955     9964     17135596428     17135606392        16001382       8002       2000      10000          7
   0       14     1956     9965     17135606427     17135616392        16011381       8002       2000      10000          6
   0       14     1956     9966     17135616426     17135626392        16021380       8003       2000      10000          7
   0       14     1956     9964     17135626427     17135636392        16031381       8002       2000      10000          7
   0       14     1956     9965     17135636427     17135646392        16041381       8002       2000      10000          7
   0       14     1955     9967     17135646426     17135656393        16051380       8003       2000      10000          8
   0       14     1955     9964     17135656428     17135666392        16061382       8001       2000      10000          7
   0       14     1955     9964     17135666428     17135676392        16071382       8001       2000      10000          7
   0       14     1955     9965     17135676427     17135686392        16081381       8003       2000      10000          7
   0       14     1956     9965     17135686427     17135696392        16091381       8002       2000      10000          7
   0       14     1956     9965     17135696427     17135706392        16101381       8003       2000      10000          7
   0       14     1956     9964     17135706427     17135716392        16111381       8002       2000      10000          7
   0       14     1956     9964     17135716427     17135726392        16121381       8002       2000      10000          7
   0       14     1955     9965     17135726427     17135736392        16131381       8003       2000      10000          7
   0       14     1956     9964     17135736428     17135746392        16141382       8001       2000      10000          7
   0       14     1955     9965     17135746427     17135756392        16151381       8002       2000      10000          6
   0       14     1955     9966     17135756426     17135766392        16161380       8003       2000      10000          7
   0       14     1955     9965     17135766427     17135776392        16171381       8003       2000      10000          6
   0       14     1956     9965     17135776427     17135786392        16181381       8003       2000      10000          7
   0       14     1317     9956     17135786439     17135796395        16191393       8629       2000      10000         10
   0       14     1344     9968     17135796430     17135806398        16201384       8610       2000      10000         12
   0       14     1320     9953     17135806443     17135816396        16211397       8621       2000      10000         10
   0       14     1955     9932     17135816461     17135826392        16221415       7968       2000      10000          7
   0       14     1955     9961     17135826431     17135836392        16231385       7999       2000      10000          7
   0       14     1955     9963     17135836429     17135846392        16241383       8001       2000      10000          7
   0       14     1955     9963     17135846429     17135856392        16251383       8001       2000      10000          7
   0       14     1955     9964     17135856428     17135866392        16261382       8002       2000      10000          7
   0       14     1955     9964     17135866428     17135876392        16271382       8001       2000      10000          7
   0       14     1956     9964     17135876427     17135886392        16281381       8002       2000      10000          7
   0       14     1956     9965     17135886428     17135896392        16291382       8002       2000      10000          7
   0       14     1956     9964     17135896428     17135906392        16301382       8001       2000      10000          6
   0       14     1956     9964     17135906428     17135916392        16311382       8002       2000      10000          7
   0       14     1956     9965     17135916427     17135926392        16321381       8002       2000      10000          7
   0       14     1955     9965     17135926427     17135936392        16331381       8002       2000      10000          7
   0       14     1955     9965     17135936427     17135946392        16341381       8003       2000      10000          7
   0       14     1955     9965     17135946427     17135956392        16351381       8002       2000      10000          7
   0       14     1955     9966     17135956427     17135966392        16361381       8003       2000      10000          7
   0       14     1955     9964     17135966428     17135976392        16371382       8001       2000      10000          6
   0       14     1956     9965     17135976427     17135986392        16381381       8003       2000      10000          6
   0       14     1956     9965     17135986427     17135996392        16391381       8002       2000      10000          7
   0       14     1956     9965     17135996427     17136006392        16401381       8002       2000      10000          7
   0       14     1956     9965     17136006427     17136016392        16411381       8003       2000      10000          7
   0       14     1955     9965     17136016427     17136026392        16421381       8003       2000      10000          6
   0       14     1955     9965     17136026427     17136036392        16431381       8003       2000      10000          7
   0       14     1955     9965     17136036427     17136046392        16441381       8003       2000      10000          7
   0       14     1955     9965     17136046427     17136056392        16451381       8003       2000      10000          7
   0       14     1956     9965     17136056427     17136066392        16461381       8003       2000      10000          7
   0       14     1956     9968     17136066427     17136076396        16471381       8002       2000      10000         10
   0       14     1341     9964     17136076430     17136086395        16481384       8613       2000      10000          9
   0       14     1366     9971     17136086429     17136096400        16491383       8590       2000      10000         14
   0       14     1755     9936     17136096457     17136106394        16501411       8172       2000      10000          8
   0       14     1955     9954     17136106438     17136116392        16511392       7991       2000      10000          7
   0       14     1956     9962     17136116430     17136126392        16521384       8000       2000      10000          7
   0       14     1955     9964     17136126429     17136136392        16531383       8001       2000      10000          7
   0       14     1956     9963     17136136430     17136146393        16541384       7999       2000      10000          7
   0       14     1956     9931     17136146461     17136156392        16551415       7968       2000      10000          7
   0       14     1956     9962     17136156430     17136166392        16561384       8000       2000      10000          7
   0       14     1956     9964     17136166428     17136176392        16571382       8001       2000      10000          7
   0       14     1956     9964     17136176428     17136186392        16581382       8001       2000      10000          7
   0       14     1956     9963     17136186429     17136196392        16591383       8000       2000      10000          7
   0       14     1956     9963     17136196428     17136206392        16601382       8001       2000      10000          7
   0       14     1956     9964     17136206428     17136216392        16611382       8001       2000      10000          7
   0       14     1956     9965     17136216427     17136226392        16621381       8002       2000      10000          7
   0       14     1956     9964     17136226428     17136236392        16631382       8001       2000      10000          7
   0       14     1955     9964     17136236428     17136246392        16641382       8002       2000      10000          7
   0       14     1955     9965     17136246427     17136256392        16651381       8002       2000      10000          7
   0       14     1955     9965     17136256427     17136266392        16661381       8002       2000      10000          7
   0       14     1955     9964     17136266428     17136276392        16671382       8002       2000      10000          7
   0       14     1955     9964     17136276428     17136286392        16681382       8001       2000      10000          7
   0       14     1955     9965     17136286427     17136296392        16691381       8002       2000      10000          6
   0       14     1956     9964     17136296428     17136306392        16701382       8002       2000      10000          6
   0       14     1956     9965     17136306427     17136316392        16711381       8002       2000      10000          7
   0       14     1956     9965     17136316427     17136326392        16721381       8002       2000      10000          7
   0       14     1956     9965     17136326427     17136336392        16731381       8002       2000      10000          7
   0       14     1956     9965     17136336428     17136346393        16741382       8002       2000      10000          7
   0       14     1955     9965     17136346427     17136356392        16751381       8003       2000      10000          7
   0       14     1308     9956     17136356440     17136366396        16761394       8637       2000      10000         10
   0       14     1341     9968     17136366431     17136376398        16771385       8613       2000      10000         13
   0       14     1249     9955     17136376441     17136386396        16781395       8694       2000      10000         10
   0       14     1955     9951     17136386441     17136396392        16791395       7988       2000      10000          7
   0       14     1955     9961     17136396431     17136406392        16801385       7999       2000      10000          7
   0       14     1955     9963     17136406429     17136416392        16811383       8000       2000      10000          6
   0       14     1955     9964     17136416428     17136426392        16821382       8002       2000      10000          7
   0       14     1955     9964     17136426428     17136436392        16831382       8002       2000      10000          7
   0       14     1955     9963     17136436429     17136446392        16841383       8001       2000      10000          6
   0       14     1955     9964     17136446428     17136456392        16851382       8002       2000      10000          7
   0       14     1956     9963     17136456429     17136466392        16861383       8000       2000      10000          6
   0       14     1956     9965     17136466427     17136476392        16871381       8002       2000      10000          7
   0       14     1956     9943     17136476451     17136486394        16881405       7978       2000      10000          8
   0       14     1956     9962     17136486430     17136496392        16891384       8000       2000      10000          7
   0       14     1956     9965     17136496427     17136506392        16901381       8002       2000      10000          6
   0       14     1956     9965     17136506427     17136516392        16911381       8002       2000      10000          7
   0       14     1955     9964     17136516427     17136526392        16921381       8002       2000      10000          7
   0       14     1956     9965     17136526427     17136536392        16931381       8002       2000      10000          7
   0       14     1956     9965     17136536427     17136546392        16941381       8002       2000      10000          7
   0       14     1955     9965     17136546427     17136556392        16951381       8003       2000      10000          7
   0       14     1955     9965     17136556427     17136566392        16961381       8003       2000      10000          6
   0       14     1955     9965     17136566426     17136576392        16971380       8003       2000      10000          6
   0       14     1956     9965     17136576427     17136586392        16981381       8002       2000      10000          7
   0       14     1956     9965     17136586427     17136596392        16991381       8002       2000      10000          7
   0       14     1956     9965     17136596427     17136606392        17001381       8002       2000      10000          7
   0       14     1956     9966     17136606426     17136616392        17011380       8003       2000      10000          7
   0       14     1955     9965     17136616427     17136626392        17021381       8002       2000      10000          7
   0       14     1955     9966     17136626426     17136636392        17031380       8003       2000      10000          7
   0       14     1955     9968     17136636427     17136646396        17041381       8002       2000      10000         10
   0       14     1367     9964     17136646431     17136656395        17051385       8587       2000      10000          9
   0       14     1345     9970     17136656428     17136666398        17061382       8612       2000      10000         13
   0       14     1763     9953     17136666441     17136676394        17071395       8181       2000      10000          8
   0       14     1956     9954     17136676438     17136686392        17081392       7991       2000      10000          7
   0       14     1956     9963     17136686429     17136696392        17091383       8001       2000      10000          7
   0       14     1956     9964     17136696428     17136706392        17101382       8001       2000      10000          7
   0       14     1956     9964     17136706428     17136716392        17111382       8001       2000      10000          7
   0       14     1956     9965     17136716427     17136726392        17121381       8002       2000      10000          7
   0       14     1956     9964     17136726428     17136736392        17131382       8001       2000      10000          7
   0       14     1956     9964     17136736428     17136746392        17141382       8001       2000      10000          7
   0       14     1955     9965     17136746427     17136756392        17151381       8003       2000      10000          7
   0       14     1955     9965     17136756427     17136766392        17161381       8002       2000      10000          7
   0       14     1955     9965     17136766427     17136776392        17171381       8002       2000      10000          6
   0       14     1956     9965     17136776427     17136786392        17181381       8003       2000      10000          7
   0       14     1956     9965     17136786427     17136796392        17191381       8002       2000      10000          7
   0       14     1956     9966     17136796426     17136806392        17201380       8003       2000      10000          7
   0       14     1956     9942     17136806450     17136816392        17211404       7979       2000      10000          7
   0       14     1956     9964     17136816428     17136826392        17221382       8001       2000      10000          7
   0       14     1956     9963     17136826429     17136836392        17231383       8000       2000      10000          7
   0       14     1956     9965     17136836427     17136846392        17241381       8002       2000      10000          7
   0       14     1956     9964     17136846428     17136856392        17251382       8001       2000      10000          7
   0       14     1956     9965     17136856427     17136866392        17261381       8002       2000      10000          7
   0       14     1955     9964     17136866427     17136876392        17271381       8002       2000      10000          6
   0       14     1955     9964     17136876427     17136886392        17281381       8002       2000      10000          7
   0       14     1955     9965     17136886427     17136896392        17291381       8002       2000      10000          6
   0       14     1956     9965     17136896427     17136906392        17301381       8003       2000      10000          6
   0       14     1955     9965     17136906427     17136916392        17311381       8003       2000      10000          7
   0       14     1956     9964     17136916428     17136926392        17321382       8002       2000      10000          7
   0       14     1315     9957     17136926438     17136936395        17331392       8632       2000      10000         10
   0       14     1345     9968     17136936430     17136946398        17341384       8610       2000      10000         12
   0       14     1300     9953     17136946442     17136956395        17351396       8642       2000      10000         10
   0       14     1955     9952     17136956440     17136966392        17361394       7989       2000      10000          7
   0       14     1955     9962     17136966431     17136976392        17371385       7999       2000      10000          7
   0       14     1956     9962     17136976429     17136986392        17381383       8000       2000      10000          6
   0       14     1956     9965     17136986427     17136996392        17391381       8002       2000      10000          6
   0       14     1955     9965     17136996427     17137006392        17401381       8002       2000      10000          7
   0       14     1955     9964     17137006428     17137016392        17411382       8001       2000      10000          7
   0       14     1955     9965     17137016427     17137026392        17421381       8002       2000      10000          7
   0       14     1955     9965     17137026427     17137036392        17431381       8002       2000      10000          7
   0       14     1955     9965     17137036427     17137046392        17441381       8002       2000      10000          7
   0       14     1955     9965     17137046427     17137056392        17451381       8002       2000      10000          7
   0       14     1956     9965     17137056427     17137066392        17461381       8002       2000      10000          7
   0       14     1956     9965     17137066427     17137076392        17471381       8002       2000      10000          7
   0       14     1956     9966     17137076426     17137086392        17481380       8003       2000      10000          7
   0       14     1955     9964     17137086427     17137096392        17491381       8002       2000      10000          7
   0       14     1955     9965     17137096427     17137106392        17501381       8002       2000      10000          7
   0       14     1955     9965     17137106427     17137116392        17511381       8002       2000      10000          6
   0       14     1955     9966     17137116426     17137126392        17521380       8003       2000      10000          7
   0       14     1956     9966     17137126426     17137136392        17531380       8003       2000      10000          7
   0       14     1956     9943     17137136450     17137146393        17541404       7979       2000      10000          8
   0       14     1955     9961     17137146431     17137156392        17551385       7998       2000      10000          7
   0       14     1955     9962     17137156430     17137166392        17561384       8000       2000      10000          7
   0       14     1955     9964     17137166428     17137176392        17571382       8001       2000      10000          7
   0       14     1956     9964     17137176427     17137186392        17581381       8002       2000      10000          7
   0       14     1956     9963     17137186428     17137196392        17591382       8001       2000      10000          6
   0       14     1956     9965     17137196427     17137206392        17601381       8002       2000      10000          7
   0       14     1956     9969     17137206428     17137216396        17611382       8002       2000      10000         11
   0       14     1342     9963     17137216432     17137226394        17621386       8611       2000      10000          9
   0       14     1323     9967     17137226429     17137236396        17631383       8633       2000      10000         10
   0       14     1955     9950     17137236442     17137246392        17641396       7988       2000      10000          7
   0       14     1955     9962     17137246430     17137256392        17651384       8000       2000      10000          7
   0       14     1955     9964     17137256428     17137266392        17661382       8001       2000      10000          7
   0       14     1955     9965     17137266427     17137276392        17671381       8002       2000      10000          7
   0       14     1955     9963     17137276429     17137286392        17681383       8001       2000      10000          7
   0       14     1955     9965     17137286427     17137296392        17691381       8003       2000      10000          7
   0       14     1955     9964     17137296428     17137306392        17701382       8001       2000      10000          6
   0       14     1956     9965     17137306426     17137316392        17711381       8003       2000      10000          7
   0       14     1956     9963     17137316429     17137326392        17721383       8000       2000      10000          7
   0       14     1956     9965     17137326427     17137336392        17731381       8002       2000      10000          7
   0       14     1956     9965     17137336427     17137346392        17741381       8002       2000      10000          7
   0       14     1956     9965     17137346427     17137356392        17751381       8002       2000      10000          7
   0       14     1955     9964     17137356428     17137366392        17761382       8002       2000      10000          7
   0       14     1955     9965     17137366427     17137376392        17771381       8002       2000      10000          7
   0       14     1955     9964     17137376428     17137386392        17781382       8002       2000      10000          7
   0       14     1955     9965     17137386427     17137396392        17791381       8002       2000      10000          7
   0       14     1955     9965     17137396427     17137406392        17801381       8002       2000      10000          7
   0       14     1956     9964     17137406427     17137416392        17811381       8002       2000      10000          7
   0       14     1956     9965     17137416427     17137426392        17821381       8002       2000      10000          7
   0       14     1956     9965     17137426427     17137436392        17831381       8002       2000      10000          7
   0       14     1955     9965     17137436427     17137446392        17841381       8003       2000      10000          7
   0       14     1955     9965     17137446427     17137456392        17851381       8002       2000      10000          7
   0       14     1955     9965     17137456427     17137466392        17861381       8002       2000      10000          6
   0       14     1955     9941     17137466451     17137476392        17871405       7978       2000      10000          7
   0       14     1955     9964     17137476428     17137486392        17881382       8001       2000      10000          6
   0       14     1955     9969     17137486427     17137496395        17891381       8002       2000      10000         10
   0       14     1358     9963     17137496431     17137506394        17901385       8596       2000      10000          9
   0       14     1344     9972     17137506426     17137516398        17911380       8615       2000      10000         13
   0       14     1305     9950     17137516445     17137526395        17921399       8635       2000      10000         10
   0       14     1955     9952     17137526440     17137536392        17931394       7989       2000      10000          7
   0       14     1955     9961     17137536431     17137546392        17941385       7999       2000      10000          7
   0       14     1955     9964     17137546428     17137556392        17951382       8001       2000      10000          7
   0       14     1955     9964     17137556428     17137566392        17961382       8002       2000      10000          7
   0       14     1955     9964     17137566428     17137576392        17971382       8001       2000      10000          7
   0       14     1955     9964     17137576428     17137586392        17981382       8001       2000      10000          7
   0       14     1955     9965     17137586428     17137596392        17991382       8002       2000      10000          7
   0       14     1955     9965     17137596427     17137606392        18001381       8002       2000      10000          7
   0       14     1955     9964     17137606428     17137616392        18011382       8001       2000      10000          7
   0       14     1955     9965     17137616427     17137626392        18021381       8002       2000      10000          7
   0       14     1955     9965     17137626427     17137636392        18031381       8002       2000      10000          7
   0       14     1956     9964     17137636428     17137646392        18041382       8001       2000      10000          7
   0       14     1955     9963     17137646429     17137656392        18051383       8000       2000      10000          6
   0       14     1956     9964     17137656428     17137666392        18061382       8001       2000      10000          7
   0       14     1955     9965     17137666427     17137676392        18071381       8002       2000      10000          7
   0       14     1956     9965     17137676427     17137686392        18081381       8002       2000      10000          7
   0       14     1956     9964     17137686428     17137696392        18091382       8001       2000      10000          7
   0       14     1956     9965     17137696427     17137706393        18101381       8002       2000      10000          7
   0       14     1956     9964     17137706428     17137716392        18111382       8001       2000      10000          7
   0       14     1956     9964     17137716428     17137726392        18121382       8001       2000      10000          7
   0       14     1956     9965     17137726427     17137736392        18131381       8002       2000      10000          7
   0       14     1956     9964     17137736428     17137746392        18141382       8001       2000      10000          7
   0       14     1956     9964     17137746428     17137756392        18151382       8001       2000      10000          7
   0       14     1956     9964     17137756428     17137766392        18161382       8001       2000      10000          7
   0       14     1955     9966     17137766427     17137776392        18171381       8003       2000      10000          7
   0       14     1955     9968     17137776428     17137786396        18181382       8001       2000      10000         11
   0       14     1343     9963     17137786432     17137796395        18191386       8609       2000      10000         10
   0       14     1393     9939     17137796457     17137806396        18201411       8535       2000      10000         10
   0       14     1955     9951     17137806441     17137816392        18211395       7989       2000      10000          7
   0       14     1955     9961     17137816431     17137826392        18221385       7999       2000      10000          7
   0       14     1955     9963     17137826429     17137836392        18231383       8001       2000      10000          7
   0       14     1955     9964     17137836428     17137846392        18241382       8002       2000      10000          7
   0       14     1955     9964     17137846428     17137856392        18251382       8002       2000      10000          7
   0       14     1955     9963     17137856429     17137866392        18261383       8000       2000      10000          7
   0       14     1955     9964     17137866428     17137876392        18271382       8002       2000      10000          7
   0       14     1955     9965     17137876427     17137886392        18281381       8002       2000      10000          7
   0       14     1955     9965     17137886427     17137896392        18291381       8002       2000      10000          7
   0       14     1955     9965     17137896427     17137906392        18301381       8002       2000      10000          6
   0       14     1955     9965     17137906427     17137916392        18311381       8003       2000      10000          6
   0       14     1956     9966     17137916426     17137926392        18321380       8003       2000      10000          7
   0       14     1956     9965     17137926427     17137936392        18331381       8002       2000      10000          6
   0       14     1956     9963     17137936428     17137946391        18341382       8001       2000      10000          6
   0       14     1956     9965     17137946427     17137956392        18351381       8003       2000      10000          7
   0       14     1955     9965     17137956426     17137966392        18361380       8003       2000      10000          6
   0       14     1955     9964     17137966427     17137976392        18371381       8002       2000      10000          7
   0       14     1955     9965     17137976427     17137986392        18381381       8003       2000      10000          6
   0       14     1955     9965     17137986427     17137996392        18391381       8003       2000      10000          6
   0       14     1956     9966     17137996427     17138006392        18401381       8003       2000      10000          7
   0       14     1956     9964     17138006428     17138016392        18411382       8002       2000      10000          7
   0       14     1956     9964     17138016427     17138026392        18421381       8002       2000      10000          7
   0       14     1956     9965     17138026427     17138036392        18431381       8002       2000      10000          7
   0       14     1955     9965     17138036426     17138046392        18441381       8003       2000      10000          7
   0       14     1955     9964     17138046427     17138056392        18451381       8002       2000      10000          6
   0       14     1955     9968     17138056427     17138066395        18461381       8002       2000      10000          9
   0       14     1336     9965     17138066430     17138076395        18471384       8619       2000      10000          9
   0       14     1341     9970     17138076428     17138086399        18481382       8615       2000      10000         13
   0       14     1406     9953     17138086442     17138096395        18491396       8537       2000      10000          9
   0       14     1955     9952     17138096440     17138106392        18501394       7989       2000      10000          7
   0       14     1956     9962     17138106430     17138116392        18511384       7999       2000      10000          7
   0       14     1955     9963     17138116429     17138126392        18521383       8000       2000      10000          7
   0       14     1955     9941     17138126451     17138136392        18531405       7978       2000      10000          7
   0       14     1955     9964     17138136428     17138146393        18541382       8001       2000      10000          7
   0       14     1955     9961     17138146431     17138156392        18551385       7999       2000      10000          7
   0       14     1955     9963     17138156429     17138166392        18561383       8000       2000      10000          7
   0       14     1955     9963     17138166428     17138176392        18571382       8001       2000      10000          6
   0       14     1955     9964     17138176428     17138186392        18581382       8001       2000      10000          7
   0       14     1955     9963     17138186429     17138196392        18591383       8001       2000      10000          7
   0       14     1955     9964     17138196428     17138206392        18601382       8002       2000      10000          7
   0       14     1955     9964     17138206428     17138216392        18611382       8001       2000      10000          7
   0       14     1956     9964     17138216428     17138226392        18621382       8001       2000      10000          7
   0       14     1956     9964     17138226428     17138236392        18631382       8001       2000      10000          7
   0       14     1955     9964     17138236428     17138246392        18641382       8002       2000      10000          7
   0       14     1955     9965     17138246427     17138256392        18651381       8003       2000      10000          7
   0       14     1955     9965     17138256427     17138266392        18661381       8002       2000      10000          7
   0       14     1955     9964     17138266427     17138276392        18671381       8002       2000      10000          7
   0       14     1955     9965     17138276427     17138286392        18681381       8002       2000      10000          6
   0       14     1955     9965     17138286427     17138296392        18691381       8003       2000      10000          7
   0       14     1955     9965     17138296427     17138306392        18701381       8002       2000      10000          7
   0       14     1956     9964     17138306428     17138316392        18711382       8001       2000      10000          6
   0       14     1956     9966     17138316426     17138326392        18721380       8003       2000      10000          7
   0       14     1956     9965     17138326427     17138336392        18731381       8002       2000      10000          7
   0       14     1955     9966     17138336426     17138346392        18741380       8003       2000      10000          6
   0       14     1782     9969     17138346426     17138356395        18751380       8176       2000      10000         10
   0       14     1349     9965     17138356431     17138366396        18761385       8604       2000      10000         10
   0       14     1347     9965     17138366430     17138376395        18771384       8607       2000      10000         10
   0       14     1955     9951     17138376441     17138386392        18781395       7989       2000      10000          7
   0       14     1955     9962     17138386430     17138396392        18791384       8000       2000      10000          7
   0       14     1955     9963     17138396429     17138406392        18801383       8001       2000      10000          7
   0       14     1955     9964     17138406428     17138416392        18811382       8002       2000      10000          7
   0       14     1955     9964     17138416428     17138426392        18821382       8001       2000      10000          7
   0       14     1955     9965     17138426428     17138436392        18831382       8002       2000      10000          7
   0       14     1955     9964     17138436428     17138446392        18841382       8001       2000      10000          7
   0       14     1956     9964     17138446428     17138456392        18851382       8002       2000      10000          6
   0       14     1955     9941     17138456451     17138466392        18861405       7978       2000      10000          7
   0       14     1955     9964     17138466428     17138476392        18871382       8002       2000      10000          6
   0       14     1955     9964     17138476428     17138486392        18881382       8002       2000      10000          7
   0       14     1956     9965     17138486426     17138496392        18891380       8003       2000      10000          7
   0       14     1955     9964     17138496428     17138506392        18901382       8002       2000      10000          7
   0       14     1955     9964     17138506428     17138516392        18911382       8002       2000      10000          6
   0       14     1955     9964     17138516428     17138526392        18921382       8002       2000      10000          7
   0       14     1955     9964     17138526427     17138536392        18931381       8002       2000      10000          6
   0       14     1955     9965     17138536427     17138546392        18941381       8002       2000      10000          6
   0       14     1955     9965     17138546427     17138556392        18951381       8003       2000      10000          6
   0       14     1955     9965     17138556427     17138566392        18961381       8003       2000      10000          6
   0       14     1956     9965     17138566427     17138576392        18971381       8002       2000      10000          6
   0       14     1956     9965     17138576427     17138586392        18981381       8002       2000      10000          6
   0       14     1956     9966     17138586426     17138596392        18991380       8003       2000      10000          7
   0       14     1955     9965     17138596427     17138606392        19001381       8002       2000      10000          7
   0       14     1955     9965     17138606427     17138616392        19011381       8003       2000      10000          7
   0       14     1955     9965     17138616427     17138626392        19021381       8003       2000      10000          7
   0       14     1955     9969     17138626427     17138636396        19031381       8002       2000      10000         11
   0       14     1367     9964     17138636430     17138646395        19041384       8588       2000      10000          9
   0       14     1338     9971     17138646427     17138656398        19051381       8619       2000      10000         13
   0       14     1522     9954     17138656441     17138666395        19061395       8422       2000      10000          9
   0       14     1955     9953     17138666440     17138676392        19071394       7990       2000      10000          7
   0       14     1955     9962     17138676430     17138686392        19081384       8000       2000      10000          7
   0       14     1955     9963     17138686429     17138696392        19091383       8001       2000      10000          7
   0       14     1955     9964     17138696428     17138706392        19101382       8001       2000      10000          7
   0       14     1956     9964     17138706428     17138716392        19111382       8002       2000      10000          6
   0       14     1956     9964     17138716428     17138726392        19121382       8001       2000      10000          7
   0       14     1955     9965     17138726427     17138736392        19131381       8003       2000      10000          7
   0       14     1955     9964     17138736428     17138746392        19141382       8002       2000      10000          7
   0       14     1955     9964     17138746428     17138756392        19151382       8002       2000      10000          7
   0       14     1955     9965     17138756427     17138766392        19161381       8002       2000      10000          7
   0       14     1955     9964     17138766428     17138776392        19171382       8002       2000      10000          7
   0       14     1955     9965     17138776427     17138786392        19181381       8003       2000      10000          7
   0       14     1955     9942     17138786450     17138796392        19191404       7980       2000      10000          7
   0       14     1955     9963     17138796429     17138806392        19201383       8000       2000      10000          7
   0       14     1955     9965     17138806427     17138816392        19211381       8002       2000      10000          6
   0       14     1955     9965     17138816427     17138826392        19221381       8002       2000      10000          7
   0       14     1956     9965     17138826427     17138836392        19231381       8002       2000      10000          6
   0       14     1956     9966     17138836427     17138846392        19241381       8003       2000      10000          7
   0       14     1956     9963     17138846429     17138856392        19251383       8001       2000      10000          7
   0       14     1956     9965     17138856427     17138866392        19261381       8002       2000      10000          6
   0       14     1956     9964     17138866427     17138876392        19271381       8002       2000      10000          6
   0       14     1956     9964     17138876428     17138886392        19281382       8001       2000      10000          7
   0       14     1956     9964     17138886428     17138896392        19291382       8002       2000      10000          7
   0       14     1955     9966     17138896426     17138906392        19301380       8003       2000      10000          7
   0       14     1955     9966     17138906426     17138916392        19311380       8003       2000      10000          7
   0       14     1380     9968     17138916427     17138926395        19321381       8578       2000      10000         10
   0       14     1345     9969     17138926429     17138936398        19331383       8611       2000      10000         12
   0       14     1322     9953     17138936443     17138946395        19341397       8620       2000      10000         10
   0       14     1955     9952     17138946440     17138956392        19351394       7989       2000      10000          7
   0       14     1955     9961     17138956430     17138966392        19361384       7999       2000      10000          6
   0       14     1955     9964     17138966428     17138976392        19371382       8002       2000      10000          7
   0       14     1955     9965     17138976427     17138986392        19381381       8003       2000      10000          7
   0       14     1955     9966     17138986427     17138996393        19391381       8002       2000      10000          8
   0       14     1956     9964     17138996428     17139006392        19401382       8001       2000      10000          7
   0       14     1956     9963     17139006429     17139016392        19411383       8000       2000      10000          7
   0       14     1956     9963     17139016429     17139026392        19421383       8001       2000      10000          7
   0       14     1956     9964     17139026428     17139036392        19431382       8001       2000      10000          7
   0       14     1956     9964     17139036429     17139046392        19441383       8001       2000      10000          7
   0       14     1956     9964     17139046428     17139056392        19451382       8002       2000      10000          7
   0       14     1956     9965     17139056427     17139066392        19461381       8002       2000      10000          7
   0       14     1956     9965     17139066427     17139076392        19471381       8002       2000      10000          7
   0       14     1955     9965     17139076427     17139086392        19481381       8003       2000      10000          7
   0       14     1955     9965     17139086427     17139096392        19491381       8002       2000      10000          7
   0       14     1955     9965     17139096427     17139106392        19501381       8002       2000      10000          7
   0       14     1955     9965     17139106427     17139116392        19511381       8002       2000      10000          7
   0       14     1955     9938     17139116455     17139126392        19521409       7975       2000      10000          7
   0       14     1955     9964     17139126428     17139136392        19531382       8001       2000      10000          7
   0       14     1955     9965     17139136428     17139146393        19541382       8002       2000      10000          8
   0       14     1955     9962     17139146430     17139156392        19551384       8000       2000      10000          7
   0       14     1955     9964     17139156428     17139166392        19561382       8001       2000      10000          7
   0       14     1955     9963     17139166429     17139176392        19571383       8001       2000      10000          7
   0       14     1955     9963     17139176429     17139186392        19581383       8000       2000      10000          7
   0       14     1955     9964     17139186428     17139196392        19591382       8001       2000      10000          7
   0       14     1955     9968     17139196428     17139206396        19601382       8002       2000      10000         11
   0       14     1340     9962     17139206433     17139216395        19611387       8612       2000      10000         10
   0       14     1364     9971     17139216429     17139226401        19621383       8591       2000      10000         15
   0       14     1547     9937     17139226458     17139236395        19631412       8379       2000      10000          9
   0       14     1956     9952     17139236440     17139246392        19641394       7989       2000      10000          7
   0       14     1956     9962     17139246430     17139256392        19651384       7999       2000      10000          7
   0       14     1956     9963     17139256429     17139266392        19661383       8000       2000      10000          6
   0       14     1956     9965     17139266428     17139276392        19671382       8002       2000      10000          7
   0       14     1955     9963     17139276430     17139286393        19681384       7999       2000      10000          8
   0       14     1955     9964     17139286429     17139296392        19691383       8001       2000      10000          7
   0       14     1955     9966     17139296427     17139306394        19701381       8002       2000      10000          8
   0       14     1955     9963     17139306429     17139316392        19711383       8000       2000      10000          6
   0       14     1956     9965     17139316427     17139326392        19721381       8003       2000      10000          7
   0       14     1956     9965     17139326427     17139336392        19731381       8003       2000      10000          7
   0       14     1956     9965     17139336427     17139346392        19741381       8002       2000      10000          7
   0       14     1956     9965     17139346427     17139356392        19751381       8002       2000      10000          7
   0       14     1955     9965     17139356427     17139366392        19761381       8002       2000      10000          7
   0       14     1955     9965     17139366427     17139376392        19771381       8002       2000      10000          7
   0       14     1955     9965     17139376427     17139386392        19781381       8002       2000      10000          7
   0       14     1955     9965     17139386427     17139396392        19791381       8002       2000      10000          7
   0       14     1956     9965     17139396427     17139406392        19801381       8003       2000      10000          7
   0       14     1956     9965     17139406427     17139416392        19811381       8002       2000      10000          6
   0       14     1956     9965     17139416427     17139426392        19821381       8002       2000      10000          6
   0       14     1956     9966     17139426426     17139436392        19831380       8003       2000      10000          7
   0       14     1956     9964     17139436428     17139446392        19841382       8002       2000      10000          6
   0       14     1956     9942     17139446451     17139456392        19851405       7979       2000      10000          7
   0       14     1956     9964     17139456428     17139466392        19861382       8001       2000      10000          7
   0       14     1956     9964     17139466428     17139476392        19871382       8001       2000      10000          7
   0       14     1956     9965     17139476427     17139486392        19881381       8002       2000      10000          6
   0       14     1313     9956     17139486439     17139496395        19891393       8633       2000      10000         10
   0       14     1343     9968     17139496431     17139506398        19901385       8611       2000      10000         13
   0       14     1291     9953     17139506443     17139516396        19911397       8651       2000      10000         10
   0       14     1955     9951     17139516441     17139526392        19921395       7989       2000      10000          7
   0       14     1955     9962     17139526430     17139536392        19931384       8000       2000      10000          7
   0       14     1955     9963     17139536429     17139546392        19941383       8001       2000      10000          7
   0       14     1955     9964     17139546428     17139556392        19951382       8002       2000      10000          7
   0       14     1955     9964     17139556428     17139566392        19961382       8002       2000      10000          7
   0       14     1955     9964     17139566428     17139576392        19971382       8002       2000      10000          7
   0       14     1955     9965     17139576427     17139586392        19981381       8003       2000      10000          7
