#idx     perf      run   period           start             end          rel_st      slack c_duration   c_period     wu_lat
   0       14     1956     1958     17099049408     17099051365           49351     -40371       2000      10000          0
   0       14     1955     9961     17099051412     17099061373           51356       7997       2000      10000          8
   0       14     1955     9960     17099061412     17099071372           61356       7997       2000      10000          7
   0       14     1955     9963     17099071409     17099081372           71353       8001       2000      10000          7
   0       14     1955     9965     17099081408     17099091373           81352       8002       2000      10000          8
   0       14     1955     9964     17099091408     17099101372           91352       8001       2000      10000          7
   0       14     1955     9965     17099101407     17099111372          101351       8003       2000      10000          7
   0       14     1955     9964     17099111408     17099121372          111352       8002       2000      10000          7
   0       14     1955     9964     17099121408     17099131372          121352       8002       2000      10000          7
   0       14     1955     9967     17099131408     17099141375          131352       8002       2000      10000          9
   0       14     1955     9961     17099141411     17099151372          141355       7999       2000      10000          7
   0       14     1955     9965     17099151407     17099161372          151351       8003       2000      10000          7
   0       14     1955     9965     17099161407     17099171372          161351       8003       2000      10000          7
   0       14     1955     9964     17099171407     17099181372          171351       8002       2000      10000          7
   0       14     1955     9965     17099181407     17099191372          181351       8003       2000      10000          7
   0       14     1955     9964     17099191407     17099201372          191351       8002       2000      10000          7
   0       14     1955     9965     17099201407     17099211372          201351       8003       2000      10000          7
   0       14     1955     9966     17099211406     17099221372          211350       8003       2000      10000          7
   0       14     1955     9965     17099221407     17099231372          221351       8002       2000      10000          7
   0       14     1955     9965     17099231407     17099241372          231351       8003       2000      10000          7
   0       14     1955     9965     17099241407     17099251372          241351       8003       2000      10000          7
   0       14     1955     9964     17099251408     17099261372          251352       8002       2000      10000          7
   0       14     1955     9970     17099261407     17099271377          261351       8003       2000      10000         12
   0       14     1469     9956     17099271419     17099281375          271363       8476       2000      10000         10
   0       14     1466     9967     17099281413     17099291380          281357       8485       2000      10000         15
   0       14     1317     9948     17099291427     17099301375          291371       8620       2000      10000         10
   0       14     1955     9951     17099301421     17099311372          301365       7988       2000      10000          7
   0       14     1955     9963     17099311410     17099321372          311354       8000       2000      10000          7
   0       14     1955     9964     17099321408     17099331372          321352       8002       2000      10000          7
   0       14     1955     9965     17099331407     17099341372          331351       8002       2000      10000          7
   0       14     1955     9966     17099341406     17099351372          341350       8003       2000      10000          7
   0       14     1955     9965     17099351407     17099361372          351351       8002       2000      10000          7
   0       14     1955     9965     17099361407     17099371372          361351       8002       2000      10000          7
   0       14     1955     9932     17099371440     17099381372          371384       7969       2000      10000          7
   0       14     1955     9963     17099381409     17099391372          381353       8000       2000      10000          7
   0       14     1955     9964     17099391407     17099401372          391351       8002       2000      10000          7
   0       14     1955     9966     17099401406     17099411372          401350       8003       2000      10000          7
   0       14     1955     9965     17099411407     17099421372          411351       8002       2000      10000          7
   0       14     1955     9966     17099421406     17099431372          421350       8003       2000      10000          7
   0       14     1955     9965     17099431407     17099441372          431351       8003       2000      10000          7
   0       14     1955     9965     17099441407     17099451372          441351       8003       2000      10000          7
   0       14     1955     9966     17099451406     17099461372          451350       8003       2000      10000          7
   0       14     1955     9966     17099461406     17099471372          461350       8003       2000      10000          7
   0       14     1955     9964     17099471408     17099481372          471352       8002       2000      10000          7
   0       14     1955     9965     17099481407     17099491372          481351       8002       2000      10000          7
   0       14     1955     9965     17099491407     17099501372          491351       8003       2000      10000          7
   0       14     1955     9965     17099501407     17099511372          501351       8003       2000      10000          7
   0       14     1955     9965     17099511407     17099521372          511351       8002       2000      10000          7
   0       14     1955     9963     17099521409     17099531372          521353       8001       2000      10000          7
   0       14     1955     9964     17099531408     17099541372          531352       8002       2000      10000          7
   0       14     1955     9963     17099541409     17099551372          541353       8001       2000      10000          7
   0       14     1955     9969     17099551407     17099561376          551351       8002       2000      10000         11
   0       14     1344     9965     17099561411     17099571376          561355       8610       2000      10000         11
   0       14     1441     9949     17099571427     17099581375          571371       8496       2000      10000         10
   0       14     1955     9951     17099581421     17099591372          581365       7988       2000      10000          7
   0       14     1955     9962     17099591410     17099601372          591354       7999       2000      10000          7
   0       14     1955     9965     17099601407     17099611372          601351       8002       2000      10000          7
   0       14     1955     9964     17099611408     17099621372          611352       8002       2000      10000          7
   0       14     1955     9964     17099621408     17099631372          621352       8002       2000      10000          7
   0       14     1955     9965     17099631407     17099641372          631351       8003       2000      10000          7
   0       14     1955     9964     17099641407     17099651372          641351       8002       2000      10000          7
   0       14     1955     9965     17099651407     17099661372          651351       8003       2000      10000          7
   0       14     1955     9966     17099661406     17099671372          661350       8004       2000      10000          7
   0       14     1955     9966     17099671406     17099681372          671350       8004       2000      10000          7
   0       14     1955     9965     17099681407     17099691372          681351       8002       2000      10000          7
   0       14     1955     9966     17099691406     17099701372          691350       8003       2000      10000          7
   0       14     1955     9940     17099701433     17099711372          701377       7977       2000      10000          7
   0       14     1955     9964     17099711408     17099721372          711352       8001       2000      10000          7
   0       14     1955     9965     17099721406     17099731372          721350       8003       2000      10000          7
   0       14     1955     9965     17099731407     17099741372          731351       8003       2000      10000          7
   0       14     1955     9965     17099741406     17099751372          741350       8003       2000      10000          7
   0       14     1955     9965     17099751407     17099761372          751351       8002       2000      10000          7
   0       14     1955     9965     17099761407     17099771372          761351       8003       2000      10000          7
   0       14     1955     9964     17099771407     17099781372          771351       8002       2000      10000          7
   0       14     1955     9964     17099781407     17099791372          781351       8002       2000      10000          7
   0       14     1955     9965     17099791407     17099801372          791351       8003       2000      10000          7
   0       14     1955     9964     17099801407     17099811372          801351       8002       2000      10000          7
   0       14     1955     9966     17099811406     17099821372          811350       8003       2000      10000          7
   0       14     1955     9966     17099821406     17099831372          821350       8003       2000      10000          7
   0       14     1955     9968     17099831407     17099841375          831351       8003       2000      10000         10
   0       14     1341     9965     17099841410     17099851375          841354       8613       2000      10000          9
   0       14     1344     9971     17099851408     17099861379          851352       8613       2000      10000         13
   0       14     1545     9945     17099861430     17099871375          861374       8390       2000      10000         10
   0       14     1955     9952     17099871420     17099881372          871364       7989       2000      10000          7
   0       14     1955     9963     17099881409     17099891372          881353       8000       2000      10000          7
   0       14     1955     9964     17099891408     17099901372          891352       8001       2000      10000          7
   0       14     1955     9965     17099901407     17099911372          901351       8002       2000      10000          7
   0       14     1955     9966     17099911407     17099921372          911351       8003       2000      10000          7
   0       14     1955     9965     17099921407     17099931372          921351       8002       2000      10000          7
   0       14     1955     9965     17099931408     17099941372          931352       8002       2000      10000          7
   0       14     1955     9964     17099941408     17099951372          941352       8001       2000      10000          7
   0       14     1955     9965     17099951407     17099961372          951351       8003       2000      10000          7
   0       14     1955     9964     17099961408     17099971372          961352       8002       2000      10000          7
   0       14     1955     9965     17099971407     17099981372          971351       8003       2000      10000          7
   0       14     1955     9965     17099981407     17099991372          981351       8003       2000      10000          6
   0       14     1955     9965     17099991407     17100001372          991351       8002       2000      10000          7
   0       14     1955     9965     17100001406     17100011372         1001350       8003       2000      10000          7
   0       14     1955     9966     17100011406     17100021372         1011350       8004       2000      10000          7
   0       14     1955     9966     17100021406     17100031372         1021350       8003       2000      10000          7
   0       14     1955     9943     17100031429     17100041372         1031373       7980       2000      10000          7
   0       14     1955     9964     17100041408     17100051372         1041352       8001       2000      10000          7
   0       14     1955     9965     17100051407     17100061372         1051351       8002       2000      10000          6
   0       14     1955     9965     17100061407     17100071372         1061351       8003       2000      10000          7
   0       14     1955     9965     17100071407     17100081372         1071351       8002       2000      10000          7
   0       14     1955     9965     17100081407     17100091372         1081351       8002       2000      10000          7
   0       14     1955     9966     17100091406     17100101372         1091350       8003       2000      10000          7
   0       14     1955     9965     17100101406     17100111372         1101350       8003       2000      10000          6
   0       14     1955     9966     17100111406     17100121372         1111350       8003       2000      10000          7
   0       14     1435     9968     17100121406     17100131375         1121350       8523       2000      10000         10
   0       14     1343     9970     17100131410     17100141380         1131354       8612       2000      10000         14
   0       14     1246     9953     17100141422     17100151375         1141366       8696       2000      10000         10
   0       14     1955     9951     17100151421     17100161372         1151365       7988       2000      10000          7
   0       14     1955     9962     17100161410     17100171372         1161354       7999       2000      10000          7
   0       14     1955     9965     17100171407     17100181372         1171351       8002       2000      10000          7
   0       14     1955     9964     17100181407     17100191372         1181351       8002       2000      10000          7
   0       14     1955     9965     17100191407     17100201372         1191351       8002       2000      10000          7
   0       14     1955     9964     17100201408     17100211372         1201352       8002       2000      10000          7
   0       14     1955     9965     17100211407     17100221372         1211351       8003       2000      10000          7
   0       14     1955     9965     17100221407     17100231372         1221351       8003       2000      10000          7
   0       14     1955     9966     17100231406     17100241372         1231350       8004       2000      10000          7
   0       14     1955     9965     17100241407     17100251372         1241351       8002       2000      10000          7
   0       14     1955     9966     17100251406     17100261372         1251350       8003       2000      10000          7
   0       14     1955     9965     17100261406     17100271372         1261350       8003       2000      10000          6
   0       14     1955     9965     17100271407     17100281372         1271351       8003       2000      10000          7
   0       14     1955     9963     17100281409     17100291372         1281353       8001       2000      10000          7
   0       14     1955     9965     17100291407     17100301372         1291351       8003       2000      10000          7
   0       14     1955     9964     17100301408     17100311372         1301352       8002       2000      10000          7
   0       14     1955     9965     17100311407     17100321372         1311351       8003       2000      10000          7
   0       14     1955     9965     17100321407     17100331372         1321351       8003       2000      10000          7
   0       14     1955     9964     17100331408     17100341372         1331352       8001       2000      10000          7
   0       14     1955     9963     17100341409     17100351372         1341353       8001       2000      10000          7
   0       14     1955     9965     17100351407     17100361372         1351351       8003       2000      10000          7
   0       14     1955     9942     17100361430     17100371372         1361374       7979       2000      10000          7
   0       14     1955     9964     17100371407     17100381372         1371351       8002       2000      10000          6
   0       14     1955     9965     17100381407     17100391372         1381351       8003       2000      10000          7
   0       14     1955     9966     17100391406     17100401372         1391350       8003       2000      10000          7
   0       14     1955     9969     17100401407     17100411376         1401351       8003       2000      10000         10
   0       14     1342     9964     17100411410     17100421374         1411354       8612       2000      10000          9
   0       14     1336     9968     17100421407     17100431376         1421351       8621       2000      10000         10
   0       14     1955     9953     17100431419     17100441372         1431363       7990       2000      10000          7
   0       14     1955     9961     17100441411     17100451372         1441355       7998       2000      10000          7
   0       14     1955     9963     17100451409     17100461372         1451353       8000       2000      10000          7
   0       14     1955     9964     17100461407     17100471372         1461351       8002       2000      10000          7
   0       14     1955     9965     17100471407     17100481372         1471351       8002       2000      10000          7
   0       14     1955     9966     17100481406     17100491372         1481350       8004       2000      10000          7
   0       14     1955     9965     17100491407     17100501372         1491351       8003       2000      10000          7
   0       14     1955     9964     17100501408     17100511372         1501352       8002       2000      10000          6
   0       14     1955     9966     17100511406     17100521372         1511350       8003       2000      10000          7
   0       14     1955     9965     17100521407     17100531372         1521351       8002       2000      10000          7
   0       14     1955     9965     17100531407     17100541372         1531351       8002       2000      10000          7
   0       14     1955     9965     17100541407     17100551372         1541351       8003       2000      10000          7
   0       14     1955     9964     17100551407     17100561372         1551351       8002       2000      10000          7
   0       14     1955     9965     17100561407     17100571372         1561351       8002       2000      10000          7
   0       14     1955     9965     17100571406     17100581372         1571350       8003       2000      10000          7
   0       14     1955     9965     17100581406     17100591372         1581350       8003       2000      10000          7
   0       14     1955     9965     17100591407     17100601372         1591351       8003       2000      10000          7
   0       14     1955     9965     17100601407     17100611372         1601351       8003       2000      10000          7
   0       14     1955     9965     17100611407     17100621372         1611350       8003       2000      10000          7
   0       14     1955     9965     17100621407     17100631372         1621351       8003       2000      10000          7
   0       14     1955     9966     17100631406     17100641372         1631350       8003       2000      10000          7
   0       14     1955     9966     17100641406     17100651372         1641350       8003       2000      10000          7
   0       14     1955     9965     17100651407     17100661372         1651351       8003       2000      10000          7
   0       14     1955     9966     17100661406     17100671372         1661350       8003       2000      10000          7
   0       14     1955     9965     17100671407     17100681372         1671351       8003       2000      10000          7
   0       14     1955     9969     17100681406     17100691375         1681350       8003       2000      10000         10
   0       14     1343     9939     17100691436     17100701375         1691380       8586       2000      10000         10
   0       14     1342     9972     17100701407     17100711379         1701351       8616       2000      10000         14
   0       14     1356     9955     17100711420     17100721375         1711364       8588       2000      10000          9
   0       14     1955     9953     17100721419     17100731372         1721363       7990       2000      10000          7
   0       14     1955     9962     17100731410     17100741372         1731354       8000       2000      10000          7
   0       14     1955     9964     17100741408     17100751372         1741352       8001       2000      10000          7
   0       14     1955     9965     17100751407     17100761372         1751351       8002       2000      10000          7
   0       14     1955     9965     17100761407     17100771372         1761351       8003       2000      10000          7
   0       14     1955     9965     17100771407     17100781372         1771351       8002       2000      10000          7
   0       14     1955     9965     17100781407     17100791372         1781351       8003       2000      10000          7
   0       14     1955     9966     17100791406     17100801372         1791350       8003       2000      10000          7
   0       14     1955     9965     17100801407     17100811372         1801351       8003       2000      10000          7
   0       14     1955     9965     17100811406     17100821372         1811350       8003       2000      10000          6
   0       14     1955     9965     17100821407     17100831372         1821351       8002       2000      10000          7
   0       14     1955     9966     17100831406     17100841372         1831350       8003       2000      10000          7
   0       14     1955     9965     17100841407     17100851372         1841351       8003       2000      10000          7
   0       14     1955     9964     17100851407     17100861372         1851351       8002       2000      10000          7
   0       14     1955     9964     17100861408     17100871372         1861352       8002       2000      10000          6
   0       14     1955     9965     17100871407     17100881372         1871350       8003       2000      10000          7
   0       14     1955     9965     17100881406     17100891372         1881350       8003       2000      10000          7
   0       14     1955     9966     17100891406     17100901372         1891350       8003       2000      10000          7
   0       14     1955     9964     17100901408     17100911372         1901351       8002       2000      10000          7
   0       14     1955     9965     17100911407     17100921372         1911351       8003       2000      10000          7
   0       14     1955     9964     17100921407     17100931372         1921351       8002       2000      10000          7
   0       14     1955     9965     17100931407     17100941372         1931351       8003       2000      10000          7
   0       14     1955     9966     17100941406     17100951372         1941350       8003       2000      10000          7
   0       14     1955     9966     17100951406     17100961372         1951350       8003       2000      10000          7
   0       14     1955     9965     17100961407     17100971372         1961351       8003       2000      10000          7
   0       14     1518     9969     17100971406     17100981375         1971350       8440       2000      10000         10
   0       14     1369     9969     17100981410     17100991379         1981354       8586       2000      10000         13
   0       14     1332     9952     17100991423     17101001375         1991367       8609       2000      10000         10
   0       14     1955     9952     17101001420     17101011372         2001364       7990       2000      10000          7
   0       14     1955     9961     17101011411     17101021372         2011355       7999       2000      10000          7
   0       14     1955     9941     17101021431     17101031372         2021375       7978       2000      10000          7
   0       14     1955     9963     17101031409     17101041372         2031353       8000       2000      10000          7
   0       14     1955     9965     17101041407     17101051372         2041351       8002       2000      10000          7
   0       14     1955     9965     17101051408     17101061373         2051352       8002       2000      10000          8
   0       14     1955     9963     17101061409     17101071372         2061353       8001       2000      10000          7
   0       14     1955     9964     17101071408     17101081372         2071352       8001       2000      10000          7
   0       14     1955     9965     17101081407     17101091372         2081351       8002       2000      10000          7
   0       14     1955     9965     17101091407     17101101372         2091351       8002       2000      10000          7
   0       14     1955     9965     17101101407     17101111372         2101351       8003       2000      10000          7
   0       14     1955     9965     17101111407     17101121372         2111351       8003       2000      10000          7
   0       14     1955     9964     17101121408     17101131372         2121352       8001       2000      10000          7
   0       14     1955     9966     17101131407     17101141373         2131351       8002       2000      10000          8
   0       14     1955     9962     17101141410     17101151372         2141354       7999       2000      10000          7
   0       14     1955     9962     17101151409     17101161372         2151353       8000       2000      10000          7
   0       14     1955     9964     17101161408     17101171372         2161352       8002       2000      10000          7
   0       14     1955     9964     17101171408     17101181372         2171352       8002       2000      10000          7
   0       14     1955     9964     17101181408     17101191372         2181352       8002       2000      10000          7
   0       14     1955     9965     17101191407     17101201372         2191351       8002       2000      10000          7
   0       14     1955     9964     17101201407     17101211372         2201351       8002       2000      10000          7
   0       14     1955     9965     17101211407     17101221372         2211351       8003       2000      10000          7
   0       14     1955     9966     17101221406     17101231372         2221350       8003       2000      10000          7
   0       14     1955     9965     17101231407     17101241372         2231351       8003       2000      10000          7
   0       14     1955     9964     17101241408     17101251372         2241352       8002       2000      10000          7
   0       14     1955     9970     17101251407     17101261377         2251351       8002       2000      10000         11
   0       14     1367     9963     17101261412     17101271374         2261356       8586       2000      10000          9
   0       14     1314     9968     17101271408     17101281376         2271352       8643       2000      10000         10
   0       14     1955     9951     17101281422     17101291372         2281366       7988       2000      10000          7
   0       14     1955     9962     17101291410     17101301372         2291354       7999       2000      10000          7
   0       14     1955     9965     17101301407     17101311372         2301351       8002       2000      10000          7
   0       14     1955     9965     17101311408     17101321372         2311352       8002       2000      10000          7
   0       14     1955     9964     17101321408     17101331372         2321352       8002       2000      10000          7
   0       14     1955     9964     17101331408     17101341372         2331352       8002       2000      10000          7
   0       14     1955     9965     17101341407     17101351372         2341351       8002       2000      10000          7
   0       14     1955     9942     17101351430     17101361372         2351374       7979       2000      10000          7
   0       14     1955     9964     17101361408     17101371372         2361352       8001       2000      10000          7
   0       14     1955     9966     17101371406     17101381372         2371350       8003       2000      10000          7
   0       14     1955     9964     17101381408     17101391372         2381352       8002       2000      10000          7
   0       14     1955     9965     17101391407     17101401372         2391351       8003       2000      10000          7
   0       14     1955     9965     17101401406     17101411372         2401350       8003       2000      10000          7
   0       14     1955     9964     17101411408     17101421372         2411352       8002       2000      10000          7
   0       14     1955     9965     17101421407     17101431372         2421351       8003       2000      10000          7
   0       14     1955     9963     17101431409     17101441372         2431353       8001       2000      10000          7
   0       14     1955     9964     17101441408     17101451372         2441352       8002       2000      10000          7
   0       14     1955     9964     17101451407     17101461372         2451351       8002       2000      10000          7
   0       14     1955     9965     17101461407     17101471372         2461351       8002       2000      10000          7
   0       14     1955     9965     17101471407     17101481372         2471351       8002       2000      10000          7
   0       14     1955     9965     17101481407     17101491372         2481351       8003       2000      10000          7
   0       14     1955     9965     17101491407     17101501372         2491351       8003       2000      10000          7
   0       14     1955     9965     17101501407     17101511372         2501351       8003       2000      10000          7
   0       14     1955     9966     17101511406     17101521372         2511350       8003       2000      10000          7
   0       14     1955     9964     17101521407     17101531372         2521351       8002       2000      10000          7
   0       14     1955     9970     17101531406     17101541376         2531350       8003       2000      10000         11
   0       14     1340     9964     17101541411     17101551374         2541355       8613       2000      10000          9
   0       14     1335     9972     17101551407     17101561379         2551351       8623       2000      10000         13
   0       14     1414     9955     17101561420     17101571375         2561364       8530       2000      10000          9
   0       14     1955     9952     17101571420     17101581372         2571364       7989       2000      10000          7
   0       14     1955     9962     17101581409     17101591372         2581353       8000       2000      10000          7
   0       14     1955     9964     17101591407     17101601372         2591351       8002       2000      10000          7
   0       14     1955     9964     17101601408     17101611372         2601352       8002       2000      10000          7
   0       14     1955     9966     17101611406     17101621372         2611350       8003       2000      10000          6
   0       14     1955     9964     17101621407     17101631372         2621351       8002       2000      10000          7
   0       14     1955     9965     17101631407     17101641372         2631351       8002       2000      10000          7
   0       14     1955     9965     17101641406     17101651372         2641350       8003       2000      10000          6
   0       14     1955     9965     17101651406     17101661372         2651350       8003       2000      10000          7
   0       14     1955     9964     17101661408     17101671372         2661352       8001       2000      10000          6
   0       14     1955     9965     17101671406     17101681372         2671350       8003       2000      10000          7
   0       14     1955     9943     17101681429     17101691372         2681373       7980       2000      10000          7
   0       14     1955     9964     17101691407     17101701372         2691351       8002       2000      10000          7
   0       14     1955     9965     17101701406     17101711372         2701350       8003       2000      10000          6
   0       14     1955     9965     17101711407     17101721372         2711351       8002       2000      10000          7
   0       14     1955     9965     17101721407     17101731372         2721351       8003       2000      10000          7
   0       14     1955     9965     17101731407     17101741372         2731351       8003       2000      10000          7
   0       14     1955     9965     17101741406     17101751372         2741350       8003       2000      10000          6
   0       14     1955     9965     17101751406     17101761372         2751350       8003       2000      10000          7
   0       14     1955     9965     17101761407     17101771372         2761351       8002       2000      10000          7
   0       14     1955     9965     17101771406     17101781372         2771350       8003       2000      10000          7
   0       14     1955     9965     17101781406     17101791372         2781350       8003       2000      10000          7
   0       14     1955     9965     17101791406     17101801372         2791350       8003       2000      10000          7
   0       14     1955     9966     17101801406     17101811372         2801350       8003       2000      10000          6
   0       14     1955     9966     17101811406     17101821372         2811350       8003       2000      10000          7
   0       14     1335     9968     17101821406     17101831375         2821350       8623       2000      10000          9
   0       14     1346     9969     17101831409     17101841378         2831353       8609       2000      10000         13
   0       14     1297     9953     17101841423     17101851376         2841367       8644       2000      10000         10
   0       14     1955     9951     17101851421     17101861372         2851365       7988       2000      10000          7
   0       14     1955     9961     17101861411     17101871372         2861355       7999       2000      10000          7
   0       14     1955     9964     17101871408     17101881372         2871352       8001       2000      10000          7
   0       14     1955     9964     17101881408     17101891372         2881352       8001       2000      10000          7
   0       14     1955     9964     17101891408     17101901372         2891352       8002       2000      10000          7
   0       14     1955     9965     17101901407     17101911372         2901351       8002       2000      10000          7
   0       14     1955     9966     17101911406     17101921372         2911350       8003       2000      10000          7
   0       14     1955     9964     17101921408     17101931372         2921352       8002       2000      10000          7
   0       14     1955     9966     17101931406     17101941372         2931350       8003       2000      10000          7
   0       14     1955     9965     17101941407     17101951372         2941351       8002       2000      10000          6
   0       14     1955     9965     17101951407     17101961372         2951351       8003       2000      10000          7
   0       14     1955     9964     17101961407     17101971372         2961351       8002       2000      10000          7
   0       14     1955     9965     17101971407     17101981372         2971351       8003       2000      10000          7
   0       14     1955     9965     17101981407     17101991372         2981351       8002       2000      10000          7
   0       14     1955     9965     17101991407     17102001372         2991351       8003       2000      10000          7
   0       14     1955     9964     17102001408     17102011372         3001352       8001       2000      10000          7
   0       14     1955     9942     17102011430     17102021372         3011374       7979       2000      10000          7
   0       14     1955     9964     17102021408     17102031372         3021352       8001       2000      10000          7
   0       14     1955     9966     17102031406     17102041372         3031350       8003       2000      10000          7
   0       14     1955     9964     17102041407     17102051372         3041351       8002       2000      10000          7
   0       14     1955     9965     17102051406     17102061372         3051350       8003       2000      10000          7
   0       14     1955     9966     17102061406     17102071372         3061350       8003       2000      10000          7
   0       14     1955     9964     17102071407     17102081372         3071351       8002       2000      10000          7
   0       14     1955     9965     17102081407     17102091372         3081351       8002       2000      10000          7
   0       14     1955     9966     17102091406     17102101372         3091350       8003       2000      10000          7
   0       14     1955     9969     17102101406     17102111375         3101350       8003       2000      10000         10
   0       14     1343     9964     17102111411     17102121375         3111355       8611       2000      10000         10
   0       14     1333     9967     17102121409     17102131376         3121353       8623       2000      10000         11
   0       14     1955     9951     17102131422     17102141373         3131366       7987       2000      10000          8
   0       14     1955     9960     17102141412     17102151372         3141356       7997       2000      10000          7
   0       14     1955     9962     17102151410     17102161372         3151354       7999       2000      10000          7
   0       14     1955     9963     17102161409     17102171372         3161353       8000       2000      10000          7
   0       14     1955     9964     17102171408     17102181372         3171352       8002       2000      10000          7
   0       14     1955     9964     17102181408     17102191372         3181352       8001       2000      10000          7
   0       14     1955     9963     17102191409     17102201372         3191353       8001       2000      10000          7
   0       14     1955     9964     17102201408     17102211372         3201352       8002       2000      10000          7
   0       14     1955     9965     17102211407     17102221372         3211351       8002       2000      10000          7
   0       14     1955     9964     17102221407     17102231372         3221351       8002       2000      10000          7
   0       14     1955     9964     17102231408     17102241372         3231352       8002       2000      10000          7
   0       14     1955     9964     17102241407     17102251372         3241351       8002       2000      10000          7
   0       14     1955     9966     17102251406     17102261372         3251350       8003       2000      10000          7
   0       14     1955     9965     17102261407     17102271372         3261351       8002       2000      10000          7
   0       14     1955     9965     17102271407     17102281372         3271351       8002       2000      10000          7
   0       14     1955     9965     17102281407     17102291372         3281351       8002       2000      10000          7
   0       14     1955     9964     17102291407     17102301372         3291351       8002       2000      10000          7
   0       14     1955     9965     17102301407     17102311372         3301351       8002       2000      10000          7
   0       14     1955     9965     17102311407     17102321372         3311351       8003       2000      10000          7
   0       14     1955     9964     17102321407     17102331372         3321351       8002       2000      10000          7
   0       14     1955     9964     17102331407     17102341372         3331351       8002       2000      10000          7
   0       14     1955     9941     17102341431     17102351372         3341375       7979       2000      10000          7
   0       14     1955     9964     17102351408     17102361372         3351352       8001       2000      10000          7
   0       14     1955     9966     17102361406     17102371372         3361350       8003       2000      10000          7
   0       14     1955     9965     17102371407     17102381372         3371351       8003       2000      10000          7
   0       14     1955     9969     17102381407     17102391376         3381351       8003       2000      10000         11
   0       14     1351     9964     17102391411     17102401374         3391355       8602       2000      10000          9
   0       14     1338     9972     17102401406     17102411378         3401350       8620       2000      10000         13
   0       14     1340     9955     17102411420     17102421375         3411364       8605       2000      10000         10
   0       14     1955     9952     17102421420     17102431372         3421364       7989       2000      10000          7
   0       14     1955     9961     17102431410     17102441372         3431354       7999       2000      10000          7
   0       14     1955     9964     17102441408     17102451372         3441352       8001       2000      10000          7
   0       14     1955     9965     17102451407     17102461372         3451351       8002       2000      10000          7
   0       14     1955     9964     17102461407     17102471372         3461351       8002       2000      10000          7
   0       14     1955     9965     17102471407     17102481372         3471351       8002       2000      10000          7
   0       14     1955     9965     17102481407     17102491372         3481351       8002       2000      10000          7
   0       14     1955     9966     17102491406     17102501372         3491350       8004       2000      10000          6
   0       14     1955     9965     17102501406     17102511372         3501350       8003       2000      10000          7
   0       14     1955     9965     17102511407     17102521372         3511351       8003       2000      10000          7
   0       14     1955     9966     17102521406     17102531372         3521350       8003       2000      10000          7
   0       14     1955     9965     17102531407     17102541372         3531351       8003       2000      10000          7
   0       14     1955     9965     17102541407     17102551372         3541351       8002       2000      10000          7
   0       14     1955     9965     17102551407     17102561372         3551351       8003       2000      10000          7
   0       14     1955     9965     17102561407     17102571372         3561351       8002       2000      10000          7
   0       14     1955     9965     17102571406     17102581372         3571350       8003       2000      10000          7
   0       14     1955     9965     17102581407     17102591372         3581351       8003       2000      10000          7
   0       14     1955     9965     17102591407     17102601372         3591351       8003       2000      10000          7
   0       14     1955     9964     17102601407     17102611372         3601351       8002       2000      10000          7
   0       14     1955     9965     17102611406     17102621372         3611350       8003       2000      10000          7
   0       14     1955     9965     17102621406     17102631372         3621350       8003       2000      10000          7
   0       14     1955     9965     17102631407     17102641372         3631351       8003       2000      10000          7
   0       14     1955     9966     17102641406     17102651372         3641350       8003       2000      10000          7
   0       14     1955     9966     17102651406     17102661372         3651350       8003       2000      10000          6
   0       14     1955     9965     17102661407     17102671372         3661351       8002       2000      10000          7
   0       14     1639     9945     17102671430     17102681375         3671374       8295       2000      10000         10
   0       14     1345     9968     17102681410     17102691378         3681354       8610       2000      10000         13
   0       14     1319     9957     17102691418     17102701376         3691362       8626       2000      10000         10
   0       14     1955     9952     17102701421     17102711372         3701364       7989       2000      10000          7
   0       14     1955     9961     17102711411     17102721372         3711355       7999       2000      10000          7
   0       14     1955     9964     17102721408     17102731372         3721352       8001       2000      10000          7
   0       14     1955     9964     17102731407     17102741372         3731351       8002       2000      10000          7
   0       14     1955     9964     17102741408     17102751372         3741352       8001       2000      10000          7
   0       14     1955     9964     17102751407     17102761372         3751351       8002       2000      10000          7
   0       14     1955     9965     17102761407     17102771372         3761351       8003       2000      10000          7
   0       14     1955     9964     17102771408     17102781372         3771352       8001       2000      10000          7
   0       14     1955     9965     17102781407     17102791372         3781351       8003       2000      10000          7
   0       14     1955     9965     17102791407     17102801372         3791351       8003       2000      10000          7
   0       14     1955     9964     17102801407     17102811372         3801351       8002       2000      10000          7
   0       14     1955     9965     17102811406     17102821372         3811350       8003       2000      10000          6
   0       14     1955     9965     17102821406     17102831372         3821350       8003       2000      10000          7
   0       14     1955     9965     17102831407     17102841372         3831351       8002       2000      10000          7
   0       14     1955     9965     17102841406     17102851372         3841350       8003       2000      10000          7
   0       14     1955     9965     17102851407     17102861372         3851351       8002       2000      10000          7
   0       14     1955     9965     17102861407     17102871372         3861351       8003       2000      10000          7
   0       14     1955     9966     17102871406     17102881372         3871350       8003       2000      10000          7
   0       14     1955     9966     17102881406     17102891372         3881350       8004       2000      10000          7
   0       14     1955     9965     17102891407     17102901372         3891351       8003       2000      10000          7
   0       14     1955     9965     17102901407     17102911372         3901351       8003       2000      10000          7
   0       14     1955     9965     17102911407     17102921372         3911351       8002       2000      10000          7
   0       14     1955     9966     17102921406     17102931372         3921350       8003       2000      10000          7
   0       14     1955     9965     17102931406     17102941372         3931350       8003       2000      10000          7
   0       14     1956     9967     17102941406     17102951373         3941350       8003       2000      10000          8
   0       14     1957     9967     17102951411     17102961378         3951355       7997       2000      10000         13
   0       14     1331     9962     17102961414     17102971377         3961358       8619       2000      10000         12
   0       14     1308     9969     17102971411     17102981381         3971355       8645       2000      10000         15
   0       14     1791     9936     17102981438     17102991373         3981382       8136       2000      10000          8
   0       14     1955     9954     17102991418     17103001372         3991362       7991       2000      10000          7
   0       14     1955     9937     17103001435     17103011372         4001379       7974       2000      10000          7
   0       14     1955     9963     17103011409     17103021372         4011353       8000       2000      10000          7
   0       14     1955     9964     17103021408     17103031372         4021352       8002       2000      10000          7
   0       14     1955     9964     17103031408     17103041372         4031352       8001       2000      10000          7
   0       14     1955     9965     17103041407     17103051372         4041351       8003       2000      10000          7
   0       14     1955     9964     17103051408     17103061372         4051352       8002       2000      10000          7
   0       14     1955     9965     17103061407     17103071372         4061351       8003       2000      10000          7
   0       14     1955     9965     17103071407     17103081372         4071351       8003       2000      10000          6
   0       14     1955     9965     17103081407     17103091372         4081351       8003       2000      10000          7
   0       14     1955     9965     17103091407     17103101372         4091351       8003       2000      10000          7
   0       14     1955     9964     17103101408     17103111372         4101352       8002       2000      10000          7
   0       14     1955     9965     17103111407     17103121372         4111351       8003       2000      10000          7
   0       14     1955     9965     17103121407     17103131372         4121351       8003       2000      10000          7
   0       14     1955     9966     17103131407     17103141373         4131351       8002       2000      10000          8
   0       14     1955     9963     17103141409     17103151372         4141353       8000       2000      10000          7
   0       14     1955     9963     17103151409     17103161372         4151353       8001       2000      10000          7
   0       14     1955     9965     17103161407     17103171372         4161351       8003       2000      10000          7
   0       14     1955     9964     17103171408     17103181372         4171352       8001       2000      10000          7
   0       14     1955     9966     17103181406     17103191372         4181350       8003       2000      10000          7
   0       14     1955     9964     17103191407     17103201372         4191351       8002       2000      10000          7
   0       14     1955     9965     17103201407     17103211372         4201351       8002       2000      10000          7
   0       14     1955     9964     17103211407     17103221372         4211351       8002       2000      10000          7
   0       14     1955     9967     17103221407     17103231374         4221351       8003       2000      10000          8
   0       14     1955     9964     17103231410     17103241374         4231354       7999       2000      10000          9
   0       14     1321     9967     17103241407     17103251374         4241351       8636       2000      10000          9
   0       14     1343     9971     17103251408     17103261378         4251352       8613       2000      10000         13
   0       14     1310     9952     17103261423     17103271375         4261367       8631       2000      10000         10
   0       14     1955     9952     17103271420     17103281372         4271364       7989       2000      10000          7
   0       14     1955     9962     17103281410     17103291372         4281354       7999       2000      10000          7
   0       14     1955     9965     17103291407     17103301372         4291351       8002       2000      10000          7
   0       14     1955     9965     17103301407     17103311372         4301351       8002       2000      10000          7
   0       14     1955     9964     17103311408     17103321372         4311352       8002       2000      10000          7
   0       14     1955     9965     17103321407     17103331372         4321351       8002       2000      10000          7
   0       14     1955     9940     17103331432     17103341372         4331376       7978       2000      10000          7
   0       14     1955     9964     17103341408     17103351372         4341352       8002       2000      10000          7
   0       14     1955     9965     17103351406     17103361372         4351350       8003       2000      10000          7
   0       14     1955     9966     17103361406     17103371372         4361350       8003       2000      10000          7
   0       14     1955     9965     17103371406     17103381372         4371350       8003       2000      10000          7
   0       14     1955     9965     17103381407     17103391372         4381351       8003       2000      10000          7
   0       14     1955     9966     17103391406     17103401372         4391350       8003       2000      10000          7
   0       14     1955     9964     17103401407     17103411372         4401351       8002       2000      10000          7
   0       14     1955     9966     17103411406     17103421372         4411350       8003       2000      10000          7
   0       14     1955     9965     17103421407     17103431372         4421351       8003       2000      10000          7
   0       14     1955     9965     17103431406     17103441372         4431350       8003       2000      10000          7
   0       14     1955     9966     17103441406     17103451372         4441350       8003       2000      10000          7
   0       14     1955     9965     17103451406     17103461372         4451350       8003       2000      10000          6
   0       14     1955     9965     17103461407     17103471372         4461350       8003       2000      10000          7
   0       14     1955     9966     17103471406     17103481372         4471350       8004       2000      10000          7
   0       14     1955     9965     17103481407     17103491372         4481351       8003       2000      10000          7
   0       14     1955     9965     17103491407     17103501372         4491351       8003       2000      10000          7
   0       14     1955     9964     17103501407     17103511372         4501351       8002       2000      10000          7
   0       14     1955     9965     17103511406     17103521372         4511350       8003       2000      10000          7
   0       14     1955     9969     17103521407     17103531376         4521351       8002       2000      10000         11
   0       14     1342     9963     17103531411     17103541374         4531355       8611       2000      10000          9
   0       14     1363     9970     17103541409     17103551379         4541353       8592       2000      10000         13
   0       14     1755     9938     17103551435     17103561374         4551379       8174       2000      10000          8
   0       14     1955     9954     17103561418     17103571372         4561362       7991       2000      10000          7
   0       14     1955     9963     17103571408     17103581372         4571352       8001       2000      10000          7
   0       14     1955     9963     17103581408     17103591372         4581352       8001       2000      10000          7
   0       14     1955     9964     17103591408     17103601372         4591352       8002       2000      10000          7
   0       14     1955     9964     17103601407     17103611372         4601351       8002       2000      10000          7
   0       14     1955     9965     17103611407     17103621372         4611351       8002       2000      10000          7
   0       14     1955     9964     17103621407     17103631372         4621351       8002       2000      10000          7
   0       14     1955     9964     17103631408     17103641372         4631352       8001       2000      10000          7
   0       14     1955     9964     17103641407     17103651372         4641351       8002       2000      10000          7
   0       14     1955     9966     17103651406     17103661372         4651350       8003       2000      10000          7
   0       14     1955     9943     17103661429     17103671372         4661373       7980       2000      10000          7
   0       14     1955     9965     17103671407     17103681372         4671351       8002       2000      10000          7
   0       14     1955     9964     17103681408     17103691372         4681352       8002       2000      10000          7
   0       14     1955     9965     17103691407     17103701372         4691351       8003       2000      10000          7
   0       14     1955     9966     17103701406     17103711372         4701350       8003       2000      10000          7
   0       14     1955     9965     17103711407     17103721372         4711351       8002       2000      10000          7
   0       14     1955     9965     17103721407     17103731372         4721351       8002       2000      10000          7
   0       14     1955     9965     17103731406     17103741372         4731350       8003       2000      10000          7
   0       14     1955     9965     17103741407     17103751372         4741351       8003       2000      10000          7
   0       14     1955     9965     17103751406     17103761372         4751350       8003       2000      10000          7
   0       14     1955     9965     17103761407     17103771372         4761351       8002       2000      10000          7
   0       14     1955     9965     17103771407     17103781372         4771351       8002       2000      10000          7
   0       14     1955     9965     17103781406     17103791372         4781350       8003       2000      10000          7
   0       14     1955     9965     17103791406     17103801372         4791350       8003       2000      10000          7
   0       14     1955     9967     17103801407     17103811373         4801350       8003       2000      10000          8
   0       14     1323     9969     17103811405     17103821374         4811349       8637       2000      10000          9
   0       14     1347     9971     17103821408     17103831378         4821352       8609       2000      10000         13
   0       14     1316     9953     17103831422     17103841375         4831366       8626       2000      10000         10
   0       14     1955     9951     17103841421     17103851372         4841365       7989       2000      10000          7
   0       14     1955     9961     17103851411     17103861372         4851355       7998       2000      10000          7
   0       14     1955     9964     17103861408     17103871372         4861351       8002       2000      10000          7
   0       14     1955     9964     17103871408     17103881372         4871352       8002       2000      10000          7
   0       14     1955     9965     17103881407     17103891372         4881351       8002       2000      10000          7
   0       14     1955     9964     17103891408     17103901372         4891352       8002       2000      10000          7
   0       14     1955     9964     17103901408     17103911372         4901352       8002       2000      10000          7
   0       14     1955     9964     17103911408     17103921372         4911352       8001       2000      10000          7
   0       14     1955     9964     17103921407     17103931372         4921351       8002       2000      10000          7
   0       14     1955     9964     17103931408     17103941372         4931352       8001       2000      10000          7
   0       14     1955     9964     17103941408     17103951372         4941352       8002       2000      10000          7
   0       14     1955     9964     17103951407     17103961372         4951351       8002       2000      10000          7
   0       14     1955     9966     17103961406     17103971372         4961350       8003       2000      10000          7
   0       14     1955     9963     17103971409     17103981372         4971352       8001       2000      10000          7
   0       14     1955     9965     17103981407     17103991372         4981351       8003       2000      10000          7
   0       14     1955     9943     17103991429     17104001372         4991373       7980       2000      10000          6
   0       14     1955     9965     17104001407     17104011372         5001351       8002       2000      10000          7
   0       14     1955     9965     17104011407     17104021372         5011351       8002       2000      10000          7
   0       14     1955     9966     17104021406     17104031372         5021350       8003       2000      10000          7
   0       14     1955     9964     17104031407     17104041372         5031351       8002       2000      10000          7
   0       14     1955     9965     17104041407     17104051372         5041351       8003       2000      10000          7
   0       14     1955     9964     17104051407     17104061372         5051351       8002       2000      10000          7
   0       14     1955     9965     17104061407     17104071372         5061351       8003       2000      10000          7
   0       14     1955     9965     17104071407     17104081372         5071351       8003       2000      10000          7
   0       14     1955     9966     17104081406     17104091372         5081350       8003       2000      10000          7
   0       14     1955     9968     17104091407     17104101376         5091351       8002       2000      10000         10
   0       14     1344     9964     17104101411     17104111375         5101355       8610       2000      10000         10
   0       14     1356     9968     17104111408     17104121376         5111352       8601       2000      10000         11
   0       14     1955     9953     17104121420     17104131373         5121364       7990       2000      10000          7
   0       14     1955     9962     17104131410     17104141373         5131354       7999       2000      10000          8
   0       14     1955     9962     17104141410     17104151372         5141354       7999       2000      10000          7
   0       14     1955     9963     17104151409     17104161372         5151353       8001       2000      10000          7
   0       14     1955     9962     17104161410     17104171372         5161354       8000       2000      10000          7
   0       14     1955     9964     17104171408     17104181372         5171352       8002       2000      10000          7
   0       14     1955     9964     17104181408     17104191372         5181352       8001       2000      10000          7
   0       14     1955     9964     17104191407     17104201372         5191351       8002       2000      10000          7
   0       14     1955     9965     17104201407     17104211372         5201351       8002       2000      10000          7
   0       14     1955     9965     17104211407     17104221372         5211351       8002       2000      10000          7
   0       14     1955     9964     17104221408     17104231372         5221352       8001       2000      10000          7
   0       14     1955     9965     17104231407     17104241372         5231351       8002       2000      10000          7
   0       14     1955     9965     17104241406     17104251372         5241350       8003       2000      10000          7
   0       14     1955     9965     17104251407     17104261372         5251351       8002       2000      10000          7
   0       14     1955     9965     17104261407     17104271372         5261351       8003       2000      10000          6
   0       14     1955     9965     17104271407     17104281372         5271351       8002       2000      10000          7
   0       14     1955     9964     17104281408     17104291372         5281352       8002       2000      10000          7
   0       14     1955     9965     17104291407     17104301372         5291351       8003       2000      10000          7
   0       14     1955     9964     17104301407     17104311372         5301351       8002       2000      10000          7
   0       14     1955     9965     17104311407     17104321372         5311351       8003       2000      10000          7
   0       14     1955     9941     17104321431     17104331372         5321375       7978       2000      10000          7
   0       14     1955     9964     17104331408     17104341372         5331352       8001       2000      10000          7
   0       14     1956     9965     17104341407     17104351372         5341351       8002       2000      10000          7
   0       14     1955     9965     17104351407     17104361372         5351351       8002       2000      10000          7
   0       14     1955     9964     17104361407     17104371372         5361351       8002       2000      10000          7
   0       14     1955     9968     17104371408     17104381375         5371352       8002       2000      10000         10
   0       14     1335     9964     17104381411     17104391374         5381355       8619       2000      10000          9
   0       14     1340     9971     17104391407     17104401378         5391351       8617       2000      10000         13
   0       14     1261     9954     17104401421     17104411375         5401365       8683       2000      10000         10
   0       14     1955     9951     17104411422     17104421372         5411366       7988       2000      10000          7
   0       14     1955     9962     17104421410     17104431372         5421354       7999       2000      10000          7
   0       14     1955     9963     17104431409     17104441372         5431353       8001       2000      10000          7
   0       14     1955     9964     17104441408     17104451372         5441352       8001       2000      10000          7
   0       14     1955     9965     17104451407     17104461372         5451351       8002       2000      10000          7
   0       14     1955     9965     17104461407     17104471372         5461351       8003       2000      10000          7
   0       14     1955     9965     17104471407     17104481372         5471351       8002       2000      10000          7
   0       14     1955     9965     17104481407     17104491372         5481351       8002       2000      10000          7
   0       14     1955     9964     17104491408     17104501372         5491352       8002       2000      10000          7
   0       14     1955     9965     17104501407     17104511372         5501351       8002       2000      10000          7
   0       14     1955     9965     17104511407     17104521372         5511351       8002       2000      10000          7
   0       14     1955     9965     17104521407     17104531372         5521351       8002       2000      10000          7
   0       14     1955     9965     17104531407     17104541372         5531351       8002       2000      10000          7
   0       14     1955     9964     17104541408     17104551372         5541352       8002       2000      10000          7
   0       14     1955     9965     17104551407     17104561372         5551351       8003       2000      10000          7
   0       14     1955     9965     17104561407     17104571372         5561351       8003       2000      10000          7
   0       14     1955     9965     17104571407     17104581372         5571351       8003       2000      10000          7
   0       14     1955     9965     17104581407     17104591372         5581351       8003       2000      10000          7
   0       14     1955     9966     17104591406     17104601372         5591350       8003       2000      10000          7
   0       14     1955     9965     17104601406     17104611372         5601350       8003       2000      10000          7
   0       14     1955     9966     17104611406     17104621372         5611350       8003       2000      10000          7
   0       14     1955     9965     17104621407     17104631372         5621351       8003       2000      10000          7
   0       14     1955     9965     17104631407     17104641372         5631351       8003       2000      10000          7
   0       14     1955     9966     17104641406     17104651372         5641350       8004       2000      10000          7
   0       14     1955     9943     17104651429     17104661372         5651373       7980       2000      10000          7
   0       14     1892     9967     17104661407     17104671375         5661351       8065       2000      10000         10
   0       14     1344     9965     17104671409     17104681375         5671353       8612       2000      10000          9
   0       14     1382     9967     17104681408     17104691375         5681352       8574       2000      10000         10
   0       14     1955     9952     17104691420     17104701373         5691364       7989       2000      10000          8
   0       14     1955     9962     17104701410     17104711372         5701354       7999       2000      10000          7
   0       14     1955     9965     17104711407     17104721372         5711351       8002       2000      10000          7
   0       14     1955     9964     17104721407     17104731372         5721351       8002       2000      10000          7
   0       14     1955     9963     17104731408     17104741372         5731352       8001       2000      10000          7
   0       14     1955     9964     17104741408     17104751372         5741352       8002       2000      10000          7
   0       14     1955     9964     17104751408     17104761372         5751352       8002       2000      10000          7
   0       14     1955     9964     17104761408     17104771372         5761352       8002       2000      10000          7
   0       14     1955     9965     17104771407     17104781372         5771351       8003       2000      10000          7
   0       14     1955     9965     17104781407     17104791372         5781351       8002       2000      10000          7
   0       14     1955     9965     17104791407     17104801372         5791351       8003       2000      10000          7
   0       14     1955     9966     17104801406     17104811372         5801350       8003       2000      10000          7
   0       14     1955     9965     17104811406     17104821372         5811350       8003       2000      10000          7
   0       14     1955     9964     17104821407     17104831372         5821351       8002       2000      10000          7
   0       14     1955     9965     17104831407     17104841372         5831351       8002       2000      10000          7
   0       14     1955     9964     17104841407     17104851372         5841351       8002       2000      10000          7
   0       14     1955     9966     17104851406     17104861372         5851350       8004       2000      10000          7
   0       14     1955     9966     17104861406     17104871372         5861350       8003       2000      10000          7
   0       14     1955     9966     17104871406     17104881372         5871350       8003       2000      10000          7
   0       14     1955     9965     17104881406     17104891372         5881350       8003       2000      10000          7
   0       14     1955     9965     17104891407     17104901372         5891351       8003       2000      10000          7
   0       14     1955     9966     17104901406     17104911372         5901350       8003       2000      10000          7
   0       14     1955     9965     17104911407     17104921372         5911351       8002       2000      10000          7
   0       14     1955     9965     17104921407     17104931372         5921351       8003       2000      10000          7
   0       14     1955     9964     17104931407     17104941372         5931351       8002       2000      10000          7
   0       14     1955     9969     17104941407     17104951375         5941351       8003       2000      10000         10
   0       14     1341     9964     17104951411     17104961375         5951355       8612       2000      10000          9
   0       14     1340     9970     17104961408     17104971379         5961352       8616       2000      10000         13
   0       14     1476     9955     17104971420     17104981375         5971364       8468       2000      10000          9
   0       14     1955     9934     17104981439     17104991372         5981383       7971       2000      10000          7
   0       14     1955     9962     17104991410     17105001372         5991354       7999       2000      10000          7
   0       14     1955     9963     17105001409     17105011372         6001353       8000       2000      10000          7
   0       14     1955     9963     17105011409     17105021372         6011353       8001       2000      10000          7
   0       14     1955     9965     17105021407     17105031372         6021351       8003       2000      10000          7
   0       14     1955     9965     17105031407     17105041372         6031351       8002       2000      10000          7
   0       14     1955     9964     17105041407     17105051372         6041351       8002       2000      10000          7
   0       14     1955     9965     17105051407     17105061372         6051351       8003       2000      10000          7
   0       14     1955     9964     17105061407     17105071372         6061351       8002       2000      10000          7
   0       14     1955     9965     17105071407     17105081372         6071351       8003       2000      10000          7
   0       14     1955     9965     17105081407     17105091372         6081351       8003       2000      10000          7
   0       14     1955     9966     17105091406     17105101372         6091350       8003       2000      10000          7
   0       14     1955     9964     17105101407     17105111372         6101351       8002       2000      10000          6
   0       14     1955     9965     17105111407     17105121372         6111351       8003       2000      10000          7
   0       14     1955     9965     17105121407     17105131372         6121351       8003       2000      10000          7
   0       14     1955     9966     17105131408     17105141373         6131352       8002       2000      10000          8
   0       14     1955     9963     17105141408     17105151372         6141352       8001       2000      10000          7
   0       14     1955     9964     17105151408     17105161372         6151352       8002       2000      10000          7
   0       14     1955     9964     17105161408     17105171372         6161352       8001       2000      10000          7
   0       14     1955     9965     17105171407     17105181372         6171351       8003       2000      10000          6
   0       14     1955     9964     17105181408     17105191372         6181352       8001       2000      10000          7
   0       14     1955     9963     17105191408     17105201372         6191352       8001       2000      10000          7
   0       14     1955     9965     17105201407     17105211372         6201351       8003       2000      10000          7
   0       14     1955     9965     17105211407     17105221372         6211351       8002       2000      10000          7
   0       14     1955     9965     17105221407     17105231372         6221351       8003       2000      10000          7
   0       14     1333     9968     17105231406     17105241375         6231350       8625       2000      10000         10
   0       14     1343     9970     17105241409     17105251379         6241353       8612       2000      10000         14
   0       14     1293     9953     17105251422     17105261375         6251366       8648       2000      10000         10
   0       14     1955     9952     17105261420     17105271372         6261364       7989       2000      10000          7
   0       14     1955     9962     17105271410     17105281372         6271354       7999       2000      10000          7
   0       14     1955     9964     17105281408     17105291372         6281352       8002       2000      10000          7
   0       14     1955     9965     17105291407     17105301372         6291351       8002       2000      10000          7
   0       14     1955     9965     17105301407     17105311372         6301351       8003       2000      10000          7
   0       14     1955     9939     17105311433     17105321372         6311377       7976       2000      10000          7
   0       14     1955     9963     17105321409     17105331372         6321353       8001       2000      10000          7
   0       14     1955     9964     17105331407     17105341372         6331351       8002       2000      10000          7
   0       14     1955     9966     17105341406     17105351372         6341350       8003       2000      10000          7
   0       14     1955     9965     17105351407     17105361372         6351351       8002       2000      10000          7
   0       14     1955     9966     17105361406     17105371372         6361350       8003       2000      10000          7
   0       14     1955     9965     17105371407     17105381372         6371351       8003       2000      10000          7
   0       14     1955     9965     17105381406     17105391372         6381350       8003       2000      10000          6
   0       14     1955     9965     17105391407     17105401372         6391351       8002       2000      10000          7
   0       14     1955     9964     17105401408     17105411372         6401352       8001       2000      10000          7
   0       14     1955     9965     17105411407     17105421372         6411351       8002       2000      10000          7
   0       14     1955     9965     17105421407     17105431372         6421350       8003       2000      10000          7
   0       14     1955     9964     17105431407     17105441372         6431351       8002       2000      10000          6
   0       14     1955     9966     17105441406     17105451372         6441350       8004       2000      10000          7
   0       14     1955     9965     17105451407     17105461372         6451351       8002       2000      10000          7
   0       14     1955     9965     17105461406     17105471372         6461350       8003       2000      10000          7
   0       14     1955     9965     17105471406     17105481371         6471350       8003       2000      10000          6
   0       14     1955     9965     17105481406     17105491372         6481350       8003       2000      10000          7
   0       14     1955     9965     17105491406     17105501372         6491350       8003       2000      10000          7
   0       14     1955     9966     17105501406     17105511372         6501350       8003       2000      10000          7
   0       14     1955     9969     17105511407     17105521376         6511351       8003       2000      10000         11
   0       14     1342     9964     17105521411     17105531375         6521355       8611       2000      10000         10
   0       14     1358     9968     17105531408     17105541376         6531352       8599       2000      10000         11
   0       14     1955     9952     17105541420     17105551372         6541364       7989       2000      10000          7
   0       14     1955     9961     17105551411     17105561372         6551355       7999       2000      10000          7
   0       14     1955     9964     17105561408     17105571372         6561352       8001       2000      10000          7
   0       14     1955     9963     17105571408     17105581372         6571352       8001       2000      10000          7
   0       14     1955     9965     17105581407     17105591372         6581351       8002       2000      10000          7
   0       14     1955     9964     17105591408     17105601372         6591352       8002       2000      10000          7
   0       14     1955     9965     17105601407     17105611372         6601351       8003       2000      10000          7
   0       14     1955     9965     17105611407     17105621372         6611351       8003       2000      10000          7
   0       14     1955     9965     17105621407     17105631372         6621351       8002       2000      10000          7
   0       14     1955     9965     17105631407     17105641372         6631351       8002       2000      10000          7
   0       14     1955     9941     17105641431     17105651372         6641375       7978       2000      10000          7
   0       14     1955     9965     17105651407     17105661372         6651351       8002       2000      10000          7
   0       14     1955     9964     17105661407     17105671372         6661351       8002       2000      10000          7
   0       14     1955     9965     17105671407     17105681372         6671351       8002       2000      10000          7
   0       14     1955     9965     17105681407     17105691372         6681351       8002       2000      10000          7
   0       14     1955     9965     17105691407     17105701372         6691351       8003       2000      10000          7
   0       14     1955     9965     17105701406     17105711372         6701350       8003       2000      10000          7
   0       14     1955     9965     17105711407     17105721372         6711351       8003       2000      10000          7
   0       14     1955     9965     17105721407     17105731372         6721351       8002       2000      10000          7
   0       14     1955     9965     17105731406     17105741372         6731350       8003       2000      10000          7
   0       14     1955     9965     17105741407     17105751372         6741351       8003       2000      10000          7
   0       14     1955     9965     17105751407     17105761372         6751351       8002       2000      10000          7
   0       14     1955     9965     17105761407     17105771372         6761351       8003       2000      10000          7
   0       14     1955     9966     17105771406     17105781372         6771350       8004       2000      10000          7
   0       14     1955     9966     17105781406     17105791372         6781350       8003       2000      10000          7
   0       14     1955     9970     17105791406     17105801376         6791350       8003       2000      10000         11
   0       14     1339     9963     17105801412     17105811374         6801356       8614       2000      10000          9
   0       14     1344     9972     17105811406     17105821378         6811350       8614       2000      10000         13
   0       14     1357     9955     17105821420     17105831375         6821363       8588       2000      10000         10
   0       14     1955     9953     17105831420     17105841372         6831364       7990       2000      10000          7
   0       14     1955     9963     17105841409     17105851372         6841353       8000       2000      10000          7
   0       14     1955     9964     17105851407     17105861372         6851351       8002       2000      10000          7
   0       14     1955     9964     17105861408     17105871372         6861351       8002       2000      10000          7
   0       14     1955     9965     17105871407     17105881372         6871351       8003       2000      10000          7
   0       14     1955     9964     17105881408     17105891372         6881352       8002       2000      10000          7
   0       14     1955     9964     17105891407     17105901372         6891351       8002       2000      10000          7
   0       14     1955     9965     17105901407     17105911372         6901351       8003       2000      10000          6
   0       14     1955     9965     17105911407     17105921372         6911351       8003       2000      10000          7
   0       14     1955     9965     17105921407     17105931372         6921351       8002       2000      10000          7
   0       14     1955     9965     17105931407     17105941372         6931351       8003       2000      10000          7
   0       14     1955     9965     17105941406     17105951372         6941350       8003       2000      10000          7
   0       14     1955     9965     17105951407     17105961372         6951351       8003       2000      10000          7
   0       14     1955     9966     17105961406     17105971372         6961350       8004       2000      10000          7
   0       14     1955     9942     17105971430     17105981372         6971374       7980       2000      10000          7
   0       14     1955     9964     17105981408     17105991372         6981352       8001       2000      10000          7
   0       14     1955     9965     17105991406     17106001372         6991350       8003       2000      10000          7
   0       14     1955     9965     17106001406     17106011372         7001350       8003       2000      10000          7
   0       14     1955     9965     17106011406     17106021372         7011350       8003       2000      10000          7
   0       14     1955     9966     17106021406     17106031372         7021350       8003       2000      10000          7
   0       14     1955     9966     17106031406     17106041372         7031350       8003       2000      10000          7
   0       14     1955     9965     17106041407     17106051372         7041351       8003       2000      10000          7
   0       14     1955     9965     17106051407     17106061372         7051351       8002       2000      10000          7
   0       14     1955     9965     17106061407     17106071372         7061351       8003       2000      10000          7
   0       14     1955     9966     17106071406     17106081372         7071350       8003       2000      10000          7
   0       14     1518     9968     17106081407     17106091375         7081351       8439       2000      10000         10
   0       14     1345     9967     17106091411     17106101378         7091355       8608       2000      10000         13
   0       14     1299     9952     17106101423     17106111376         7101367       8642       2000      10000         10
   0       14     1955     9952     17106111421     17106121373         7111365       7988       2000      10000          7
   0       14     1955     9961     17106121411     17106131372         7121355       7998       2000      10000          7
   0       14     1955     9965     17106131408     17106141373         7131352       8001       2000      10000          8
   0       14     1955     9963     17106141410     17106151372         7141354       8000       2000      10000          7
   0       14     1955     9964     17106151409     17106161373         7151353       8001       2000      10000          8
   0       14     1955     9963     17106161408     17106171372         7161352       8001       2000      10000          7
   0       14     1955     9965     17106171407     17106181372         7171351       8002       2000      10000          7
   0       14     1955     9964     17106181408     17106191372         7181352       8001       2000      10000          7
   0       14     1955     9965     17106191407     17106201372         7191351       8003       2000      10000          7
   0       14     1955     9965     17106201407     17106211372         7201351       8002       2000      10000          7
   0       14     1955     9964     17106211408     17106221372         7211352       8002       2000      10000          7
   0       14     1955     9964     17106221408     17106231372         7221352       8002       2000      10000          7
   0       14     1955     9964     17106231407     17106241372         7231351       8002       2000      10000          7
   0       14     1955     9964     17106241408     17106251372         7241352       8002       2000      10000          7
   0       14     1955     9965     17106251407     17106261372         7251351       8002       2000      10000          7
   0       14     1955     9964     17106261408     17106271372         7261352       8002       2000      10000          7
   0       14     1955     9964     17106271408     17106281372         7271352       8002       2000      10000          7
   0       14     1955     9965     17106281407     17106291372         7281351       8003       2000      10000          7
   0       14     1955     9965     17106291407     17106301372         7291351       8002       2000      10000          6
   0       14     1955     9940     17106301432     17106311372         7301376       7978       2000      10000          7
   0       14     1955     9965     17106311407     17106321372         7311351       8002       2000      10000          7
   0       14     1955     9965     17106321407     17106331372         7321351       8002       2000      10000          7
   0       14     1955     9965     17106331407     17106341372         7331351       8002       2000      10000          7
   0       14     1955     9964     17106341408     17106351372         7341352       8001       2000      10000          7
   0       14     1955     9965     17106351407     17106361372         7351351       8002       2000      10000          7
   0       14     1955     9969     17106361407     17106371376         7361351       8002       2000      10000         11
   0       14     1341     9962     17106371412     17106381375         7371356       8611       2000      10000          9
   0       14     1321     9972     17106381409     17106391381         7381353       8635       2000      10000         15
   0       14     1779     9935     17106391439     17106401374         7391383       8147       2000      10000          8
   0       14     1955     9954     17106401418     17106411372         7401362       7991       2000      10000          7
   0       14     1955     9962     17106411410     17106421372         7411354       8000       2000      10000          7
   0       14     1955     9963     17106421408     17106431372         7421352       8001       2000      10000          7
   0       14     1955     9964     17106431408     17106441372         7431352       8002       2000      10000          7
   0       14     1955     9965     17106441407     17106451372         7441351       8002       2000      10000          7
   0       14     1955     9965     17106451407     17106461372         7451351       8003       2000      10000          7
   0       14     1955     9964     17106461408     17106471372         7461352       8002       2000      10000          7
   0       14     1955     9965     17106471407     17106481372         7471351       8003       2000      10000          7
   0       14     1955     9964     17106481407     17106491372         7481351       8002       2000      10000          6
   0       14     1955     9966     17106491406     17106501372         7491350       8003       2000      10000          7
   0       14     1955     9964     17106501408     17106511372         7501352       8002       2000      10000          7
   0       14     1955     9965     17106511406     17106521372         7511350       8003       2000      10000          7
   0       14     1955     9965     17106521406     17106531372         7521350       8003       2000      10000          7
   0       14     1955     9966     17106531406     17106541372         7531350       8003       2000      10000          7
   0       14     1955     9965     17106541407     17106551372         7541351       8003       2000      10000          7
   0       14     1955     9965     17106551408     17106561372         7551352       8002       2000      10000          7
   0       14     1955     9965     17106561407     17106571372         7561351       8002       2000      10000          7
   0       14     1955     9966     17106571406     17106581372         7571350       8003       2000      10000          7
   0       14     1955     9965     17106581407     17106591372         7581351       8002       2000      10000          7
   0       14     1955     9965     17106591406     17106601372         7591350       8003       2000      10000          7
   0       14     1955     9966     17106601406     17106611372         7601350       8003       2000      10000          7
   0       14     1955     9966     17106611406     17106621372         7611350       8003       2000      10000          7
   0       14     1955     9966     17106621406     17106631372         7621350       8003       2000      10000          7
   0       14     1955     9942     17106631429     17106641372         7631373       7980       2000      10000          7
   0       14     1955     9967     17106641407     17106651374         7641351       8002       2000      10000          9
   0       14     1322     9970     17106651404     17106661374         7651348       8638       2000      10000          9
   0       14     1372     9971     17106661407     17106671378         7661351       8585       2000      10000         13
   0       14     1320     9953     17106671422     17106681375         7671366       8622       2000      10000         10
   0       14     1955     9952     17106681420     17106691372         7681364       7989       2000      10000          7
   0       14     1955     9961     17106691411     17106701372         7691355       7999       2000      10000          7
   0       14     1955     9964     17106701407     17106711372         7701351       8002       2000      10000          7
   0       14     1955     9964     17106711408     17106721372         7711352       8002       2000      10000          7
   0       14     1955     9965     17106721407     17106731372         7721351       8002       2000      10000          7
   0       14     1955     9964     17106731407     17106741372         7731351       8002       2000      10000          7
   0       14     1955     9965     17106741406     17106751372         7741350       8003       2000      10000          7
   0       14     1955     9963     17106751408     17106761372         7751352       8001       2000      10000          7
   0       14     1955     9965     17106761407     17106771372         7761351       8003       2000      10000          7
   0       14     1955     9965     17106771407     17106781372         7771351       8002       2000      10000          7
   0       14     1955     9965     17106781406     17106791372         7781350       8003       2000      10000          7
   0       14     1955     9965     17106791407     17106801372         7791351       8002       2000      10000          7
   0       14     1955     9965     17106801407     17106811372         7801351       8003       2000      10000          7
   0       14     1955     9964     17106811408     17106821372         7811352       8001       2000      10000          7
   0       14     1955     9965     17106821407     17106831372         7821351       8003       2000      10000          7
   0       14     1955     9965     17106831407     17106841372         7831351       8003       2000      10000          7
   0       14     1955     9965     17106841407     17106851372         7841351       8003       2000      10000          7
   0       14     1955     9964     17106851407     17106861372         7851351       8002       2000      10000          6
   0       14     1955     9966     17106861406     17106871372         7861350       8003       2000      10000          7
   0       14     1955     9964     17106871408     17106881372         7871352       8002       2000      10000          7
   0       14     1955     9966     17106881406     17106891372         7881350       8003       2000      10000          7
   0       14     1955     9965     17106891407     17106901372         7891351       8003       2000      10000          7
   0       14     1955     9965     17106901407     17106911372         7901351       8002       2000      10000          7
   0       14     1955     9965     17106911406     17106921372         7911350       8003       2000      10000          7
   0       14     1955     9965     17106921407     17106931372         7921351       8002       2000      10000          7
   0       14     1955     9968     17106931407     17106941375         7931351       8002       2000      10000         10
   0       14     1342     9964     17106941411     17106951374         7941355       8612       2000      10000          9
   0       14     1332     9971     17106951408     17106961380         7951352       8624       2000      10000         14
   0       14     1825     9911     17106961462     17106971373         7961406       8077       2000      10000          8
   0       14     1955     9955     17106971417     17106981372         7971361       7992       2000      10000          7
   0       14     1955     9962     17106981410     17106991372         7981354       8000       2000      10000          7
   0       14     1955     9964     17106991408     17107001372         7991352       8001       2000      10000          7
   0       14     1955     9964     17107001408     17107011372         8001352       8002       2000      10000          7
   0       14     1955     9965     17107011407     17107021372         8011351       8003       2000      10000          7
   0       14     1955     9965     17107021407     17107031372         8021351       8003       2000      10000          7
   0       14     1955     9963     17107031408     17107041372         8031352       8001       2000      10000          7
   0       14     1955     9965     17107041407     17107051372         8041351       8003       2000      10000          7
   0       14     1955     9965     17107051407     17107061372         8051351       8002       2000      10000          7
   0       14     1955     9964     17107061408     17107071372         8061352       8001       2000      10000          7
   0       14     1955     9965     17107071407     17107081372         8071351       8002       2000      10000          7
   0       14     1955     9965     17107081407     17107091372         8081351       8003       2000      10000          7
   0       14     1955     9965     17107091407     17107101372         8091351       8003       2000      10000          7
   0       14     1955     9966     17107101406     17107111372         8101350       8003       2000      10000          7
   0       14     1955     9965     17107111407     17107121372         8111351       8002       2000      10000          7
   0       14     1955     9965     17107121407     17107131372         8121351       8003       2000      10000          7
   0       14     1955     9967     17107131407     17107141374         8131351       8002       2000      10000          9
   0       14     1955     9962     17107141409     17107151372         8141353       8000       2000      10000          7
   0       14     1955     9964     17107151408     17107161372         8151352       8001       2000      10000          7
   0       14     1955     9965     17107161407     17107171372         8161351       8002       2000      10000          7
   0       14     1955     9964     17107171408     17107181372         8171352       8002       2000      10000          7
   0       14     1955     9964     17107181408     17107191372         8181352       8002       2000      10000          7
   0       14     1955     9964     17107191408     17107201372         8191352       8001       2000      10000          7
   0       14     1955     9965     17107201407     17107211372         8201351       8003       2000      10000          7
   0       14     1955     9965     17107211407     17107221372         8211351       8002       2000      10000          7
   0       14     1307     9956     17107221420     17107231375         8221364       8637       2000      10000         10
   0       14     1344     9969     17107231409     17107241378         8231353       8611       2000      10000         13
   0       14     1283     9952     17107241423     17107251375         8241367       8658       2000      10000         10
   0       14     1955     9952     17107251420     17107261372         8251364       7990       2000      10000          7
   0       14     1955     9961     17107261411     17107271372         8261355       7999       2000      10000          7
   0       14     1955     9964     17107271408     17107281372         8271352       8002       2000      10000          7
   0       14     1955     9964     17107281408     17107291372         8281352       8002       2000      10000          7
   0       14     1955     9942     17107291430     17107301372         8291374       7979       2000      10000          7
   0       14     1955     9964     17107301408     17107311372         8301352       8002       2000      10000          7
   0       14     1955     9965     17107311407     17107321372         8311351       8003       2000      10000          7
   0       14     1955     9965     17107321407     17107331372         8321351       8003       2000      10000          7
   0       14     1955     9967     17107331405     17107341372         8331349       8005       2000      10000          7
   0       14     1955     9965     17107341407     17107351372         8341351       8002       2000      10000          7
   0       14     1955     9965     17107351407     17107361372         8351351       8003       2000      10000          7
   0       14     1955     9965     17107361406     17107371371         8361350       8003       2000      10000          6
   0       14     1955     9966     17107371406     17107381372         8371350       8004       2000      10000          7
   0       14     1955     9965     17107381407     17107391372         8381351       8002       2000      10000          7
   0       14     1955     9965     17107391407     17107401372         8391351       8003       2000      10000          7
   0       14     1955     9965     17107401407     17107411372         8401351       8002       2000      10000          7
   0       14     1955     9965     17107411406     17107421372         8411350       8003       2000      10000          7
   0       14     1955     9965     17107421406     17107431372         8421350       8003       2000      10000          7
   0       14     1955     9965     17107431407     17107441372         8431351       8003       2000      10000          7
   0       14     1955     9964     17107441407     17107451372         8441351       8002       2000      10000          7
   0       14     1955     9966     17107451406     17107461372         8451350       8003       2000      10000          7
   0       14     1955     9965     17107461407     17107471372         8461351       8002       2000      10000          7
   0       14     1955     9965     17107471407     17107481372         8471351       8002       2000      10000          6
   0       14     1955     9965     17107481407     17107491372         8481351       8002       2000      10000          7
   0       14     1955     9965     17107491407     17107501372         8491351       8002       2000      10000          7
   0       14     1955     9969     17107501407     17107511375         8501351       8003       2000      10000         10
   0       14     1342     9963     17107511411     17107521375         8511355       8611       2000      10000         10
   0       14     1363     9972     17107521409     17107531380         8521353       8593       2000      10000         15
   0       14     1759     9940     17107531434     17107541374         8531378       8171       2000      10000          8
   0       14     1955     9953     17107541419     17107551372         8541363       7991       2000      10000          7
   0       14     1955     9963     17107551409     17107561372         8551353       8001       2000      10000          7
   0       14     1955     9963     17107561408     17107571372         8561352       8001       2000      10000          7
   0       14     1955     9964     17107571408     17107581372         8571352       8001       2000      10000          7
   0       14     1955     9965     17107581407     17107591372         8581351       8003       2000      10000          7
   0       14     1955     9965     17107591407     17107601372         8591351       8002       2000      10000          7
   0       14     1955     9964     17107601408     17107611372         8601352       8002       2000      10000          7
   0       14     1955     9965     17107611406     17107621372         8611350       8003       2000      10000          7
   0       14     1955     9942     17107621430     17107631372         8621374       7980       2000      10000          7
   0       14     1955     9964     17107631408     17107641372         8631352       8001       2000      10000          7
   0       14     1955     9964     17107641408     17107651372         8641352       8002       2000      10000          7
   0       14     1955     9965     17107651406     17107661372         8651350       8003       2000      10000          7
   0       14     1955     9964     17107661408     17107671372         8661351       8002       2000      10000          6
   0       14     1955     9966     17107671406     17107681372         8671350       8003       2000      10000          7
   0       14     1955     9965     17107681407     17107691372         8681351       8003       2000      10000          7
   0       14     1955     9965     17107691406     17107701372         8691350       8003       2000      10000          7
   0       14     1955     9965     17107701407     17107711372         8701351       8003       2000      10000          7
   0       14     1955     9966     17107711406     17107721372         8711350       8003       2000      10000          7
   0       14     1955     9965     17107721407     17107731372         8721351       8003       2000      10000          7
   0       14     1955     9965     17107731407     17107741372         8731351       8003       2000      10000          7
   0       14     1955     9965     17107741406     17107751372         8741350       8003       2000      10000          7
   0       14     1955     9965     17107751407     17107761372         8751351       8003       2000      10000          7
   0       14     1955     9966     17107761406     17107771372         8761350       8003       2000      10000          7
   0       14     1955     9966     17107771406     17107781372         8771350       8003       2000      10000          7
   0       14     1955     9969     17107781406     17107791375         8781350       8003       2000      10000         10
   0       14     1325     9966     17107791408     17107801374         8791352       8631       2000      10000          9
   0       14     1345     9972     17107801406     17107811378         8801350       8613       2000      10000         13
   0       14     1279     9954     17107811421     17107821375         8811365       8664       2000      10000         10
   0       14     1955     9951     17107821421     17107831372         8821365       7988       2000      10000          7
   0       14     1955     9962     17107831409     17107841372         8831353       8000       2000      10000          7
   0       14     1955     9963     17107841409     17107851372         8841353       8001       2000      10000          7
   0       14     1955     9964     17107851408     17107861372         8851352       8001       2000      10000          7
   0       14     1955     9964     17107861408     17107871372         8861352       8001       2000      10000          7
   0       14     1955     9964     17107871407     17107881372         8871351       8002       2000      10000          6
   0       14     1955     9966     17107881406     17107891372         8881350       8003       2000      10000          7
   0       14     1955     9964     17107891408     17107901372         8891351       8002       2000      10000          7
   0       14     1955     9965     17107901407     17107911372         8901351       8003       2000      10000          7
   0       14     1955     9965     17107911407     17107921372         8911351       8002       2000      10000          7
   0       14     1955     9964     17107921408     17107931372         8921351       8002       2000      10000          7
   0       14     1955     9965     17107931407     17107941372         8931351       8002       2000      10000          7
   0       14     1955     9965     17107941406     17107951372         8941350       8003       2000      10000          7
   0       14     1955     9943     17107951429     17107961372         8951373       7980       2000      10000          7
   0       14     1955     9963     17107961409     17107971372         8961353       8000       2000      10000          7
   0       14     1955     9965     17107971407     17107981372         8971351       8003       2000      10000          7
   0       14     1955     9964     17107981407     17107991371         8981351       8003       2000      10000          6
   0       14     1955     9966     17107991405     17108001372         8991349       8004       2000      10000          7
   0       14     1955     9965     17108001407     17108011372         9001351       8003       2000      10000          7
   0       14     1955     9965     17108011407     17108021372         9011351       8002       2000      10000          7
   0       14     1955     9965     17108021407     17108031372         9021351       8002       2000      10000          7
   0       14     1955     9965     17108031406     17108041372         9031350       8003       2000      10000          7
   0       14     1955     9966     17108041406     17108051372         9041350       8003       2000      10000          7
   0       14     1955     9965     17108051406     17108061372         9051350       8003       2000      10000          7
   0       14     1955     9965     17108061407     17108071372         9061351       8003       2000      10000          7
   0       14     1955     9969     17108071407     17108081376         9071351       8002       2000      10000         10
   0       14     1366     9964     17108081412     17108091375         9081356       8587       2000      10000         10
   0       14     1339     9967     17108091409     17108101376         9091353       8617       2000      10000         10
   0       14     1955     9951     17108101422     17108111372         9101366       7988       2000      10000          7
   0       14     1955     9962     17108111410     17108121372         9111354       8000       2000      10000          7
   0       14     1955     9964     17108121408     17108131372         9121352       8001       2000      10000          7
   0       14     1955     9965     17108131408     17108141373         9131352       8002       2000      10000          8
   0       14     1955     9963     17108141409     17108151372         9141353       8000       2000      10000          7
   0       14     1955     9964     17108151408     17108161372         9151352       8002       2000      10000          7
   0       14     1955     9964     17108161408     17108171372         9161352       8002       2000      10000          7
   0       14     1955     9963     17108171409     17108181372         9171353       8001       2000      10000          7
   0       14     1955     9965     17108181407     17108191372         9181351       8002       2000      10000          7
   0       14     1955     9965     17108191407     17108201372         9191351       8002       2000      10000          7
   0       14     1955     9965     17108201408     17108211372         9201351       8002       2000      10000          7
   0       14     1955     9962     17108211409     17108221372         9211353       8000       2000      10000          7
   0       14     1955     9965     17108221407     17108231372         9221351       8002       2000      10000          7
   0       14     1955     9965     17108231406     17108241372         9231350       8003       2000      10000          7
   0       14     1955     9965     17108241407     17108251372         9241351       8002       2000      10000          7
   0       14     1955     9964     17108251408     17108261372         9251352       8001       2000      10000          7
   0       14     1955     9964     17108261407     17108271372         9261351       8002       2000      10000          7
   0       14     1955     9965     17108271407     17108281372         9271351       8003       2000      10000          7
   0       14     1955     9942     17108281430     17108291372         9281374       7979       2000      10000          7
   0       14     1955     9963     17108291409     17108301372         9291353       8001       2000      10000          6
   0       14     1955     9965     17108301406     17108311372         9301350       8003       2000      10000          7
   0       14     1955     9965     17108311407     17108321372         9311351       8003       2000      10000          7
   0       14     1955     9965     17108321407     17108331372         9321351       8002       2000      10000          7
   0       14     1955     9966     17108331406     17108341372         9331350       8003       2000      10000          7
   0       14     1955     9965     17108341407     17108351372         9341351       8003       2000      10000          7
   0       14     1955     9968     17108351407     17108361375         9351351       8002       2000      10000         10
   0       14     1336     9964     17108361410     17108371375         9361354       8618       2000      10000          9
   0       14     1334     9972     17108371407     17108381379         9371351       8623       2000      10000         13
   0       14     1344     9954     17108381421     17108391375         9381365       8599       2000      10000          9
   0       14     1955     9952     17108391420     17108401372         9391364       7989       2000      10000          7
   0       14     1955     9962     17108401410     17108411372         9401354       7999       2000      10000          7
   0       14     1955     9964     17108411408     17108421372         9411352       8002       2000      10000          7
   0       14     1955     9965     17108421407     17108431372         9421351       8002       2000      10000          7
   0       14     1955     9964     17108431408     17108441372         9431352       8002       2000      10000          7
   0       14     1955     9965     17108441407     17108451372         9441351       8002       2000      10000          7
   0       14     1955     9964     17108451407     17108461372         9451351       8002       2000      10000          7
   0       14     1955     9965     17108461406     17108471372         9461350       8003       2000      10000          7
   0       14     1955     9966     17108471406     17108481372         9471350       8003       2000      10000          7
   0       14     1955     9964     17108481408     17108491372         9481352       8001       2000      10000          7
   0       14     1955     9966     17108491406     17108501372         9491350       8003       2000      10000          7
   0       14     1955     9965     17108501407     17108511372         9501351       8002       2000      10000          7
   0       14     1955     9965     17108511407     17108521372         9511351       8002       2000      10000          7
   0       14     1955     9965     17108521407     17108531372         9521351       8002       2000      10000          7
   0       14     1955     9965     17108531407     17108541372         9531351       8003       2000      10000          7
   0       14     1955     9964     17108541408     17108551372         9541352       8002       2000      10000          7
   0       14     1955     9965     17108551407     17108561372         9551351       8002       2000      10000          7
   0       14     1955     9965     17108561407     17108571372         9561351       8003       2000      10000          7
   0       14     1955     9965     17108571407     17108581372         9571351       8002       2000      10000          7
   0       14     1955     9965     17108581407     17108591372         9581351       8003       2000      10000          7
   0       14     1955     9965     17108591407     17108601372         9591350       8003       2000      10000          7
   0       14     1955     9965     17108601407     17108611372         9601351       8003       2000      10000          7
   0       14     1955     9943     17108611429     17108621372         9611373       7980       2000      10000          7
   0       14     1955     9965     17108621407     17108631372         9621351       8002       2000      10000          7
   0       14     1955     9964     17108631407     17108641372         9631351       8002       2000      10000          7
   0       14     1724     9967     17108641408     17108651375         9641352       8233       2000      10000         10
   0       14     1345     9968     17108651410     17108661377         9651353       8610       2000      10000         12
   0       14     1297     9951     17108661424     17108671375         9661368       8643       2000      10000         10
   0       14     1955     9952     17108671420     17108681372         9671364       7989       2000      10000          7
   0       14     1955     9963     17108681409     17108691372         9681353       8000       2000      10000          7
   0       14     1955     9963     17108691408     17108701372         9691352       8001       2000      10000          7
   0       14     1955     9965     17108701407     17108711372         9701351       8002       2000      10000          7
   0       14     1955     9964     17108711408     17108721372         9711352       8001       2000      10000          7
   0       14     1955     9965     17108721407     17108731372         9721351       8003       2000      10000          7
   0       14     1955     9965     17108731407     17108741372         9731351       8003       2000      10000          7
   0       14     1955     9964     17108741407     17108751372         9741351       8002       2000      10000          7
   0       14     1955     9965     17108751407     17108761372         9751351       8003       2000      10000          7
   0       14     1955     9964     17108761407     17108771372         9761351       8002       2000      10000          7
   0       14     1955     9965     17108771407     17108781372         9771351       8002       2000      10000          7
   0       14     1955     9966     17108781406     17108791372         9781350       8003       2000      10000          7
   0       14     1955     9965     17108791407     17108801372         9791351       8003       2000      10000          7
   0       14     1955     9965     17108801407     17108811372         9801351       8003       2000      10000          7
   0       14     1955     9965     17108811407     17108821372         9811351       8003       2000      10000          7
   0       14     1955     9965     17108821407     17108831372         9821351       8003       2000      10000          7
   0       14     1955     9965     17108831406     17108841372         9831350       8003       2000      10000          7
   0       14     1955     9966     17108841406     17108851372         9841350       8003       2000      10000          7
   0       14     1955     9966     17108851406     17108861372         9851350       8003       2000      10000          7
   0       14     1955     9965     17108861406     17108871372         9861350       8003       2000      10000          7
   0       14     1955     9966     17108871406     17108881372         9871350       8003       2000      10000          7
   0       14     1955     9965     17108881407     17108891372         9881351       8003       2000      10000          7
   0       14     1955     9965     17108891407     17108901372         9891351       8003       2000      10000          7
   0       14     1955     9966     17108901406     17108911372         9901350       8003       2000      10000          7
   0       14     1955     9965     17108911406     17108921372         9911350       8003       2000      10000          7
   0       14     1955     9970     17108921406     17108931376         9921350       8003       2000      10000         10
   0       14     1341     9964     17108931411     17108941375         9931355       8612       2000      10000          9
   0       14     1341     9937     17108941442     17108951379         9941386       8582       2000      10000         13
   0       14     1825     9944     17108951429     17108961373         9951373       8110       2000      10000          8
   0       14     1955     9954     17108961418     17108971372         9961362       7991       2000      10000          7
   0       14     1955     9963     17108971409     17108981372         9971353       8000       2000      10000          7
   0       14     1955     9964     17108981408     17108991372         9981352       8001       2000      10000          7
   0       14     1955     9964     17108991408     17109001372         9991352       8001       2000      10000          7
   0       14     1955     9964     17109001408     17109011372        10001352       8001       2000      10000          7
   0       14     1955     9965     17109011407     17109021372        10011351       8003       2000      10000          7
   0       14     1955     9965     17109021408     17109031372        10021352       8002       2000      10000          7
   0       14     1955     9965     17109031407     17109041372        10031351       8002       2000      10000          7
   0       14     1955     9963     17109041409     17109051372        10041353       8001       2000      10000          7
   0       14     1955     9965     17109051407     17109061372        10051351       8002       2000      10000          7
   0       14     1955     9964     17109061408     17109071372        10061352       8001       2000      10000          7
   0       14     1955     9965     17109071407     17109081372        10071351       8002       2000      10000          7
   0       14     1955     9964     17109081408     17109091372        10081352       8002       2000      10000          7
   0       14     1955     9964     17109091408     17109101372        10091352       8002       2000      10000          7
   0       14     1955     9964     17109101407     17109111372        10101351       8002       2000      10000          7
   0       14     1955     9965     17109111407     17109121372        10111351       8002       2000      10000          7
   0       14     1955     9964     17109121408     17109131372        10121352       8002       2000      10000          7
   0       14     1955     9966     17109131407     17109141373        10131351       8002       2000      10000          8
   0       14     1955     9963     17109141409     17109151372        10141353       8000       2000      10000          7
   0       14     1955     9964     17109151408     17109161372        10151352       8001       2000      10000          7
   0       14     1955     9964     17109161408     17109171372        10161352       8001       2000      10000          7
   0       14     1955     9964     17109171408     17109181372        10171352       8002       2000      10000          7
   0       14     1955     9964     17109181408     17109191372        10181352       8002       2000      10000          7
   0       14     1955     9965     17109191407     17109201372        10191351       8002       2000      10000          7
   0       14     1955     9966     17109201409     17109211375        10201353       8001       2000      10000          9
   0       14     1340     9966     17109211409     17109221375        10211353       8615       2000      10000         10
   0       14     1368     9969     17109221409     17109231378        10221353       8588       2000      10000         13
   0       14     1276     9953     17109231423     17109241376        10231367       8665       2000      10000         10
   0       14     1955     9950     17109241422     17109251372        10241366       7988       2000      10000          7
   0       14     1955     9962     17109251410     17109261372        10251354       7999       2000      10000          7
   0       14     1955     9963     17109261408     17109271372        10261352       8001       2000      10000          7
   0       14     1955     9964     17109271408     17109281372        10271352       8002       2000      10000          7
   0       14     1955     9933     17109281439     17109291372        10281383       7970       2000      10000          7
   0       14     1955     9963     17109291409     17109301372        10291353       8001       2000      10000          7
   0       14     1955     9964     17109301408     17109311372        10301352       8001       2000      10000          7
   0       14     1955     9964     17109311407     17109321372        10311351       8002       2000      10000          7
   0       14     1955     9965     17109321407     17109331372        10321351       8002       2000      10000          7
   0       14     1955     9965     17109331407     17109341372        10331351       8002       2000      10000          7
   0       14     1955     9965     17109341407     17109351372        10341351       8002       2000      10000          7
   0       14     1955     9965     17109351407     17109361372        10351351       8002       2000      10000          7
   0       14     1955     9965     17109361407     17109371372        10361351       8003       2000      10000          7
   0       14     1955     9965     17109371407     17109381372        10371351       8003       2000      10000          7
   0       14     1955     9965     17109381407     17109391372        10381351       8002       2000      10000          7
   0       14     1955     9965     17109391407     17109401372        10391351       8002       2000      10000          7
   0       14     1955     9965     17109401407     17109411372        10401351       8003       2000      10000          7
   0       14     1955     9965     17109411406     17109421372        10411350       8003       2000      10000          7
   0       14     1955     9965     17109421407     17109431372        10421351       8003       2000      10000          7
   0       14     1955     9966     17109431406     17109441372        10431350       8003       2000      10000          7
   0       14     1955     9965     17109441406     17109451372        10441350       8003       2000      10000          7
   0       14     1955     9964     17109451407     17109461372        10451351       8002       2000      10000          7
   0       14     1955     9965     17109461407     17109471372        10461351       8003       2000      10000          7
   0       14     1955     9964     17109471408     17109481372        10471352       8002       2000      10000          7
   0       14     1955     9965     17109481407     17109491372        10481351       8003       2000      10000          7
   0       14     1955     9967     17109491408     17109501375        10491352       8001       2000      10000         10
   0       14     1342     9964     17109501410     17109511375        10501354       8611       2000      10000         10
   0       14     1332     9965     17109511410     17109521375        10511354       8622       2000      10000         10
   0       14     1955     9952     17109521420     17109531372        10521364       7989       2000      10000          7
   0       14     1955     9961     17109531411     17109541372        10531355       7999       2000      10000          7
   0       14     1955     9964     17109541408     17109551372        10541352       8001       2000      10000          7
   0       14     1955     9964     17109551408     17109561372        10551352       8002       2000      10000          7
   0       14     1955     9964     17109561407     17109571372        10561351       8002       2000      10000          7
   0       14     1955     9965     17109571407     17109581372        10571351       8003       2000      10000          7
   0       14     1955     9965     17109581407     17109591372        10581351       8003       2000      10000          7
   0       14     1955     9965     17109591407     17109601372        10591351       8003       2000      10000          7
   0       14     1955     9966     17109601406     17109611372        10601350       8003       2000      10000          7
   0       14     1955     9943     17109611429     17109621372        10611373       7980       2000      10000          7
   0       14     1955     9964     17109621408     17109631372        10621352       8001       2000      10000          7
   0       14     1955     9965     17109631407     17109641372        10631351       8003       2000      10000          7
   0       14     1955     9965     17109641407     17109651372        10641351       8003       2000      10000          7
   0       14     1955     9965     17109651408     17109661372        10651352       8002       2000      10000          7
   0       14     1955     9965     17109661407     17109671372        10661351       8002       2000      10000          7
   0       14     1955     9965     17109671407     17109681372        10671351       8002       2000      10000          7
   0       14     1955     9965     17109681407     17109691372        10681351       8002       2000      10000          7
   0       14     1955     9966     17109691406     17109701372        10691350       8003       2000      10000          7
   0       14     1955     9965     17109701407     17109711372        10701351       8003       2000      10000          7
   0       14     1955     9965     17109711407     17109721372        10711351       8002       2000      10000          7
   0       14     1955     9965     17109721407     17109731372        10721351       8002       2000      10000          7
   0       14     1955     9965     17109731407     17109741372        10731351       8002       2000      10000          7
   0       14     1955     9965     17109741407     17109751372        10741351       8002       2000      10000          7
   0       14     1955     9965     17109751407     17109761372        10751351       8002       2000      10000          7
   0       14     1955     9965     17109761407     17109771372        10761351       8003       2000      10000          7
   0       14     1955     9968     17109771407     17109781375        10771351       8002       2000      10000         10
   0       14     1358     9963     17109781411     17109791374        10781355       8595       2000      10000          9
   0       14     1341     9973     17109791407     17109801380        10791351       8617       2000      10000         15
   0       14     1336     9950     17109801425     17109811375        10801369       8603       2000      10000         10
   0       14     1955     9952     17109811420     17109821372        10811364       7989       2000      10000          7
   0       14     1955     9960     17109821412     17109831372        10821356       7998       2000      10000          7
   0       14     1955     9963     17109831409     17109841372        10831353       8001       2000      10000          7
   0       14     1955     9963     17109841409     17109851372        10841352       8001       2000      10000          7
   0       14     1955     9965     17109851407     17109861372        10851351       8002       2000      10000          7
   0       14     1955     9965     17109861407     17109871372        10861351       8002       2000      10000          7
   0       14     1955     9965     17109871407     17109881372        10871351       8002       2000      10000          7
   0       14     1955     9964     17109881407     17109891372        10881351       8002       2000      10000          7
   0       14     1955     9965     17109891407     17109901372        10891351       8002       2000      10000          7
   0       14     1955     9965     17109901407     17109911372        10901351       8002       2000      10000          7
   0       14     1955     9964     17109911408     17109921372        10911352       8002       2000      10000          7
   0       14     1955     9964     17109921408     17109931372        10921352       8001       2000      10000          6
   0       14     1955     9965     17109931407     17109941372        10931351       8003       2000      10000          7
   0       14     1955     9943     17109941430     17109951372        10941374       7980       2000      10000          7
   0       14     1955     9964     17109951408     17109961372        10951352       8001       2000      10000          7
   0       14     1955     9964     17109961408     17109971372        10961352       8001       2000      10000          7
   0       14     1955     9965     17109971407     17109981372        10971351       8003       2000      10000          7
   0       14     1955     9964     17109981408     17109991372        10981352       8002       2000      10000          7
   0       14     1955     9965     17109991407     17110001372        10991351       8002       2000      10000          6
   0       14     1955     9965     17110001407     17110011372        11001351       8003       2000      10000          7
   0       14     1955     9965     17110011406     17110021372        11011350       8003       2000      10000          6
   0       14     1955     9965     17110021407     17110031372        11021351       8002       2000      10000          7
   0       14     1955     9964     17110031408     17110041372        11031352       8001       2000      10000          7
   0       14     1955     9966     17110041406     17110051372        11041350       8004       2000      10000          7
   0       14     1955     9965     17110051407     17110061372        11051351       8003       2000      10000          7
   0       14     1695     9967     17110061408     17110071375        11061352       8262       2000      10000         10
   0       14     1370     9967     17110071410     17110081378        11071354       8584       2000      10000         12
   0       14     1329     9956     17110081419     17110091375        11081363       8617       2000      10000         10
   0       14     1955     9952     17110091420     17110101373        11091364       7989       2000      10000          7
   0       14     1955     9961     17110101411     17110111372        11101355       7998       2000      10000          7
   0       14     1955     9963     17110111409     17110121372        11111353       8000       2000      10000          7
   0       14     1955     9964     17110121408     17110131372        11121352       8001       2000      10000          7
   0       14     1955     9965     17110131408     17110141373        11131352       8001       2000      10000          8
   0       14     1955     9963     17110141409     17110151372        11141353       8001       2000      10000          7
   0       14     1955     9963     17110151409     17110161372        11151353       8000       2000      10000          7
   0       14     1955     9965     17110161407     17110171372        11161351       8002       2000      10000          7
   0       14     1955     9963     17110171408     17110181372        11171352       8001       2000      10000          7
   0       14     1955     9964     17110181407     17110191372        11181351       8002       2000      10000          7
   0       14     1955     9964     17110191408     17110201372        11191352       8001       2000      10000          7
   0       14     1955     9964     17110201408     17110211372        11201352       8001       2000      10000          7
   0       14     1955     9965     17110211407     17110221372        11211351       8003       2000      10000          7
   0       14     1955     9964     17110221407     17110231372        11221351       8002       2000      10000          7
   0       14     1955     9964     17110231408     17110241372        11231352       8002       2000      10000          7
   0       14     1955     9964     17110241408     17110251372        11241352       8001       2000      10000          7
   0       14     1955     9964     17110251408     17110261372        11251352       8002       2000      10000          7
   0       14     1955     9964     17110261408     17110271372        11261352       8002       2000      10000          7
   0       14     1955     9941     17110271431     17110281372        11271375       7979       2000      10000          7
   0       14     1955     9964     17110281408     17110291372        11281352       8001       2000      10000          7
   0       14     1955     9965     17110291407     17110301372        11291351       8002       2000      10000          7
   0       14     1955     9964     17110301408     17110311372        11301352       8002       2000      10000          7
   0       14     1955     9964     17110311407     17110321372        11311351       8002       2000      10000          7
   0       14     1955     9965     17110321407     17110331372        11321351       8002       2000      10000          7
   0       14     1955     9964     17110331408     17110341372        11331352       8002       2000      10000          7
   0       14     1955     9968     17110341408     17110351376        11341352       8001       2000      10000         11
   0       14     1340     9963     17110351411     17110361375        11351355       8613       2000      10000         10
   0       14     1332     9970     17110361408     17110371378        11361352       8624       2000      10000         13
   0       14     1509     9954     17110371421     17110381375        11371365       8433       2000      10000         10
   0       14     1955     9952     17110381420     17110391372        11381364       7989       2000      10000          7
   0       14     1955     9962     17110391410     17110401372        11391354       7999       2000      10000          7
   0       14     1955     9964     17110401408     17110411372        11401352       8002       2000      10000          7
   0       14     1955     9964     17110411408     17110421372        11411352       8002       2000      10000          7
   0       14     1955     9965     17110421407     17110431372        11421351       8002       2000      10000          7
   0       14     1955     9964     17110431408     17110441372        11431352       8002       2000      10000          7
   0       14     1955     9966     17110441406     17110451372        11441350       8003       2000      10000          7
   0       14     1955     9965     17110451407     17110461372        11451351       8002       2000      10000          7
   0       14     1955     9964     17110461407     17110471372        11461351       8002       2000      10000          7
   0       14     1955     9964     17110471407     17110481372        11471351       8002       2000      10000          7
   0       14     1955     9965     17110481407     17110491372        11481351       8003       2000      10000          7
   0       14     1955     9965     17110491407     17110501372        11491351       8002       2000      10000          7
   0       14     1955     9965     17110501407     17110511372        11501351       8003       2000      10000          7
   0       14     1955     9965     17110511406     17110521372        11511350       8003       2000      10000          7
   0       14     1955     9964     17110521408     17110531372        11521352       8001       2000      10000          7
   0       14     1955     9965     17110531407     17110541372        11531351       8002       2000      10000          7
   0       14     1955     9965     17110541407     17110551372        11541351       8002       2000      10000          7
   0       14     1955     9964     17110551407     17110561372        11551351       8002       2000      10000          7
   0       14     1955     9965     17110561407     17110571372        11561351       8003       2000      10000          7
   0       14     1955     9965     17110571407     17110581372        11571351       8003       2000      10000          7
   0       14     1955     9965     17110581407     17110591372        11581351       8003       2000      10000          7
   0       14     1955     9965     17110591406     17110601372        11591350       8003       2000      10000          7
   0       14     1955     9943     17110601429     17110611372        11601373       7980       2000      10000          7
   0       14     1955     9964     17110611408     17110621372        11611352       8002       2000      10000          7
   0       14     1955     9965     17110621407     17110631372        11621351       8002       2000      10000          7
   0       14     1386     9967     17110631408     17110641375        11631352       8570       2000      10000          9
   0       14     1370     9969     17110641409     17110651378        11641353       8585       2000      10000         13
   0       14     1324     9953     17110651423     17110661375        11651367       8617       2000      10000         10
   0       14     1955     9952     17110661420     17110671372        11661364       7989       2000      10000          7
   0       14     1955     9962     17110671410     17110681372        11671354       7999       2000      10000          7
   0       14     1955     9964     17110681408     17110691372        11681352       8001       2000      10000          7
   0       14     1955     9964     17110691408     17110701372        11691352       8002       2000      10000          7
   0       14     1955     9964     17110701407     17110711372        11701351       8002       2000      10000          7
   0       14     1955     9965     17110711407     17110721372        11711351       8003       2000      10000          7
   0       14     1955     9965     17110721407     17110731372        11721351       8002       2000      10000          7
   0       14     1955     9965     17110731407     17110741372        11731351       8003       2000      10000          7
   0       14     1955     9964     17110741408     17110751372        11741352       8002       2000      10000          7
   0       14     1955     9964     17110751407     17110761372        11751351       8002       2000      10000          7
   0       14     1955     9965     17110761406     17110771372        11761350       8003       2000      10000          6
   0       14     1955     9965     17110771407     17110781372        11771351       8003       2000      10000          6
   0       14     1955     9965     17110781407     17110791372        11781351       8002       2000      10000          7
   0       14     1955     9965     17110791407     17110801372        11791351       8002       2000      10000          7
   0       14     1955     9965     17110801407     17110811372        11801351       8003       2000      10000          7
   0       14     1955     9965     17110811407     17110821372        11811351       8002       2000      10000          7
   0       14     1955     9965     17110821407     17110831372        11821351       8003       2000      10000          7
   0       14     1955     9964     17110831407     17110841372        11831351       8002       2000      10000          7
   0       14     1955     9965     17110841406     17110851372        11841350       8003       2000      10000          7
   0       14     1955     9964     17110851407     17110861372        11851351       8002       2000      10000          7
   0       14     1955     9965     17110861407     17110871372        11861351       8002       2000      10000          7
   0       14     1955     9965     17110871407     17110881372        11871351       8003       2000      10000          7
   0       14     1955     9965     17110881407     17110891372        11881351       8003       2000      10000          7
   0       14     1955     9964     17110891407     17110901372        11891351       8002       2000      10000          7
   0       14     1955     9965     17110901407     17110911372        11901351       8003       2000      10000          7
   0       14     1955     9969     17110911407     17110921376        11911351       8003       2000      10000         11
   0       14     1342     9964     17110921411     17110931375        11921355       8611       2000      10000         10
   0       14     1364     9941     17110931436     17110941377        11931380       8564       2000      10000         12
   0       14     1955     9950     17110941422     17110951372        11941366       7987       2000      10000          7
   0       14     1955     9962     17110951410     17110961372        11951354       8000       2000      10000          7
   0       14     1955     9963     17110961409     17110971372        11961353       8000       2000      10000          7
   0       14     1955     9964     17110971408     17110981372        11971352       8001       2000      10000          7
   0       14     1955     9963     17110981409     17110991372        11981353       8001       2000      10000          7
   0       14     1955     9965     17110991407     17111001372        11991351       8002       2000      10000          7
   0       14     1955     9965     17111001407     17111011373        12001351       8002       2000      10000          8
   0       14     1955     9962     17111011410     17111021372        12011354       7999       2000      10000          7
   0       14     1955     9963     17111021409     17111031372        12021353       8000       2000      10000          7
   0       14     1955     9964     17111031408     17111041372        12031352       8001       2000      10000          7
   0       14     1955     9964     17111041408     17111051372        12041352       8001       2000      10000          7
   0       14     1955     9963     17111051408     17111061372        12051352       8001       2000      10000          7
   0       14     1955     9963     17111061409     17111071372        12061353       8001       2000      10000          7
   0       14     1955     9965     17111071407     17111081372        12071351       8002       2000      10000          7
   0       14     1955     9963     17111081409     17111091372        12081353       8001       2000      10000          7
   0       14     1955     9965     17111091407     17111101372        12091351       8002       2000      10000          7
   0       14     1955     9964     17111101409     17111111372        12101352       8001       2000      10000          7
   0       14     1955     9964     17111111408     17111121372        12111352       8002       2000      10000          7
   0       14     1955     9964     17111121408     17111131372        12121352       8002       2000      10000          7
   0       14     1955     9967     17111131407     17111141374        12131351       8002       2000      10000          9
   0       14     1955     9960     17111141412     17111151372        12141356       7998       2000      10000          7
   0       14     1955     9963     17111151409     17111161372        12151353       8000       2000      10000          7
   0       14     1955     9963     17111161409     17111171372        12161353       8000       2000      10000          7
   0       14     1955     9964     17111171407     17111181372        12171351       8002       2000      10000          7
   0       14     1955     9963     17111181409     17111191372        12181353       8000       2000      10000          7
   0       14     1955     9967     17111191408     17111201376        12191352       8001       2000      10000         10
   0       14     1317     9964     17111201411     17111211375        12201355       8636       2000      10000         10
   0       14     1369     9971     17111211407     17111221379        12211351       8588       2000      10000         13
   0       14     1262     9953     17111221422     17111231375        12221366       8680       2000      10000         10
   0       14     1955     9951     17111231422     17111241372        12231366       7988       2000      10000          7
   0       14     1955     9962     17111241410     17111251372        12241354       7999       2000      10000          7
   0       14     1955     9964     17111251407     17111261372        12251351       8002       2000      10000          7
   0       14     1955     9942     17111261430     17111271372        12261374       7979       2000      10000          7
   0       14     1955     9963     17111271409     17111281372        12271353       8001       2000      10000          7
   0       14     1955     9964     17111281408     17111291372        12281352       8002       2000      10000          7
   0       14     1955     9965     17111291407     17111301372        12291351       8002       2000      10000          7
   0       14     1955     9964     17111301408     17111311372        12301352       8001       2000      10000          7
   0       14     1955     9963     17111311408     17111321372        12311352       8001       2000      10000          7
   0       14     1955     9965     17111321407     17111331372        12321351       8003       2000      10000          7
   0       14     1955     9965     17111331406     17111341372        12331350       8003       2000      10000          7
   0       14     1955     9964     17111341408     17111351372        12341352       8001       2000      10000          7
   0       14     1955     9965     17111351407     17111361372        12351351       8002       2000      10000          7
   0       14     1955     9964     17111361408     17111371372        12361352       8002       2000      10000          7
   0       14     1955     9965     17111371406     17111381372        12371350       8003       2000      10000          7
   0       14     1955     9964     17111381408     17111391372        12381352       8002       2000      10000          7
   0       14     1955     9964     17111391408     17111401372        12391352       8001       2000      10000          7
   0       14     1955     9964     17111401407     17111411372        12401351       8002       2000      10000          7
   0       14     1955     9965     17111411407     17111421372        12411351       8003       2000      10000          7
   0       14     1955     9964     17111421408     17111431372        12421352       8002       2000      10000          7
   0       14     1955     9965     17111431407     17111441372        12431351       8002       2000      10000          7
   0       14     1955     9965     17111441407     17111451372        12441351       8003       2000      10000          7
   0       14     1955     9965     17111451407     17111461372        12451351       8002       2000      10000          7
   0       14     1955     9965     17111461407     17111471372        12461351       8002       2000      10000          7
   0       14     1955     9966     17111471406     17111481372        12471350       8003       2000      10000          7
   0       14     1955     9969     17111481407     17111491376        12481351       8002       2000      10000         11
   0       14     1345     9964     17111491411     17111501375        12491355       8609       2000      10000          9
   0       14     1359     9967     17111501409     17111511376        12501353       8596       2000      10000         10
   0       14     1955     9950     17111511422     17111521372        12511366       7987       2000      10000          7
   0       14     1955     9962     17111521410     17111531372        12521354       7999       2000      10000          7
   0       14     1955     9963     17111531408     17111541372        12531352       8001       2000      10000          7
   0       14     1955     9965     17111541408     17111551372        12541351       8002       2000      10000          7
   0       14     1955     9965     17111551407     17111561372        12551351       8002       2000      10000          7
   0       14     1955     9964     17111561407     17111571372        12561351       8002       2000      10000          7
   0       14     1955     9963     17111571409     17111581372        12571353       8000       2000      10000          7
   0       14     1955     9963     17111581408     17111591372        12581352       8001       2000      10000          6
   0       14     1955     9941     17111591431     17111601372        12591375       7978       2000      10000          7
   0       14     1955     9963     17111601409     17111611372        12601353       8001       2000      10000          6
   0       14     1955     9964     17111611408     17111621372        12611352       8001       2000      10000          7
   0       14     1955     9964     17111621407     17111631372        12621351       8002       2000      10000          7
   0       14     1955     9964     17111631408     17111641372        12631352       8002       2000      10000          7
   0       14     1955     9964     17111641407     17111651372        12641351       8002       2000      10000          6
   0       14     1955     9964     17111651407     17111661372        12651351       8002       2000      10000          7
   0       14     1955     9965     17111661407     17111671372        12661351       8002       2000      10000          7
   0       14     1955     9963     17111671408     17111681372        12671352       8001       2000      10000          7
   0       14     1955     9965     17111681407     17111691372        12681351       8002       2000      10000          7
   0       14     1955     9965     17111691407     17111701372        12691351       8002       2000      10000          7
   0       14     1955     9965     17111701407     17111711372        12701351       8003       2000      10000          7
   0       14     1955     9964     17111711407     17111721372        12711351       8002       2000      10000          7
   0       14     1955     9964     17111721408     17111731372        12721352       8002       2000      10000          7
   0       14     1955     9966     17111731406     17111741372        12731350       8003       2000      10000          7
   0       14     1955     9965     17111741406     17111751372        12741350       8003       2000      10000          7
   0       14     1955     9965     17111751406     17111761372        12751350       8003       2000      10000          7
   0       14     1955     9969     17111761408     17111771376        12761352       8002       2000      10000         11
   0       14     1338     9963     17111771412     17111781374        12771356       8615       2000      10000          9
   0       14     1333     9971     17111781408     17111791379        12781352       8623       2000      10000         14
   0       14     1339     9955     17111791420     17111801375        12791364       8605       2000      10000         10
   0       14     1955     9951     17111801421     17111811372        12801365       7989       2000      10000          7
   0       14     1955     9961     17111811411     17111821372        12811355       7999       2000      10000          7
   0       14     1955     9963     17111821409     17111831372        12821353       8001       2000      10000          7
   0       14     1955     9962     17111831410     17111841372        12831354       8000       2000      10000          7
   0       14     1955     9964     17111841408     17111851372        12841352       8002       2000      10000          7
   0       14     1955     9964     17111851408     17111861372        12851352       8002       2000      10000          7
   0       14     1955     9964     17111861408     17111871372        12861352       8002       2000      10000          7
   0       14     1955     9965     17111871407     17111881372        12871351       8003       2000      10000          7
   0       14     1955     9964     17111881408     17111891372        12881352       8002       2000      10000          7
   0       14     1955     9964     17111891407     17111901372        12891351       8002       2000      10000          7
   0       14     1955     9965     17111901406     17111911372        12901350       8003       2000      10000          7
   0       14     1955     9965     17111911406     17111921372        12911350       8003       2000      10000          7
   0       14     1955     9936     17111921436     17111931372        12921380       7973       2000      10000          7
   0       14     1955     9964     17111931408     17111941372        12931352       8001       2000      10000          7
   0       14     1955     9965     17111941407     17111951372        12941351       8002       2000      10000          7
   0       14     1955     9964     17111951408     17111961372        12951352       8002       2000      10000          7
   0       14     1955     9965     17111961407     17111971372        12961351       8002       2000      10000          7
   0       14     1955     9964     17111971408     17111981372        12971352       8002       2000      10000          7
   0       14     1955     9964     17111981407     17111991372        12981351       8002       2000      10000          7
   0       14     1955     9964     17111991407     17112001372        12991351       8002       2000      10000          7
   0       14     1955     9965     17112001407     17112011372        13001351       8003       2000      10000          7
   0       14     1955     9964     17112011408     17112021372        13011352       8001       2000      10000          7
   0       14     1955     9965     17112021407     17112031372        13021351       8002       2000      10000          7
   0       14     1955     9965     17112031407     17112041372        13031351       8002       2000      10000          7
   0       14     1955     9964     17112041408     17112051372        13041352       8002       2000      10000          7
   0       14     1582     9966     17112051409     17112061375        13051353       8374       2000      10000         10
   0       14     1345     9967     17112061411     17112071378        13061355       8609       2000      10000         12
   0       14     1285     9956     17112071419     17112081375        13071363       8660       2000      10000         10
   0       14     1955     9951     17112081421     17112091372        13081365       7988       2000      10000          7
   0       14     1955     9961     17112091411     17112101372        13091355       7998       2000      10000          7
   0       14     1955     9964     17112101408     17112111372        13101352       8001       2000      10000          7
   0       14     1955     9964     17112111408     17112121372        13111352       8002       2000      10000          7
   0       14     1955     9964     17112121408     17112131372        13121352       8001       2000      10000          7
   0       14     1955     9965     17112131408     17112141373        13131352       8002       2000      10000          8
   0       14     1955     9963     17112141409     17112151372        13141353       8000       2000      10000          7
   0       14     1983     9963     17112151409     17112161372        13151353       7972       2000      10000          7
   0       14     1955     9963     17112161409     17112171372        13161353       8000       2000      10000          7
   0       14     1955     9962     17112171410     17112181372        13171354       8000       2000      10000          7
   0       14     1955     9963     17112181409     17112191372        13181353       8001       2000      10000          7
   0       14     1955     9963     17112191409     17112201372        13191353       8001       2000      10000          7
   0       14     1955     9962     17112201409     17112211372        13201353       8000       2000      10000          7
   0       14     1955     9965     17112211407     17112221372        13211351       8002       2000      10000          7
   0       14     1955     9964     17112221408     17112231372        13221352       8002       2000      10000          6
   0       14     1955     9965     17112231407     17112241372        13231351       8002       2000      10000          7
   0       14     1955     9964     17112241408     17112251372        13241352       8001       2000      10000          7
   0       14     1955     9940     17112251432     17112261372        13251376       7977       2000      10000          7
   0       14     1955     9964     17112261408     17112271372        13261352       8002       2000      10000          7
   0       14     1955     9964     17112271408     17112281372        13271352       8002       2000      10000          7
   0       14     1955     9964     17112281407     17112291372        13281351       8002       2000      10000          7
   0       14     1955     9965     17112291407     17112301372        13291351       8002       2000      10000          7
   0       14     1955     9965     17112301406     17112311372        13301350       8003       2000      10000          7
   0       14     1955     9965     17112311407     17112321372        13311351       8002       2000      10000          7
   0       14     1955     9965     17112321407     17112331372        13321351       8002       2000      10000          7
   0       14     1955     9969     17112331407     17112341376        13331351       8002       2000      10000         11
   0       14     1339     9962     17112341412     17112351375        13341356       8613       2000      10000          9
   0       14     1340     9970     17112351409     17112361379        13351353       8616       2000      10000         13
   0       14     1471     9953     17112361421     17112371374        13361365       8472       2000      10000          9
   0       14     1955     9952     17112371420     17112381372        13371364       7989       2000      10000          7
   0       14     1955     9961     17112381410     17112391372        13381354       7999       2000      10000          7
   0       14     1955     9963     17112391408     17112401372        13391352       8001       2000      10000          7
   0       14     1955     9964     17112401408     17112411372        13401352       8001       2000      10000          7
   0       14     1955     9965     17112411407     17112421372        13411351       8002       2000      10000          7
   0       14     1955     9965     17112421407     17112431372        13421351       8002       2000      10000          7
   0       14     1955     9964     17112431407     17112441372        13431351       8002       2000      10000          7
   0       14     1955     9964     17112441407     17112451372        13441351       8002       2000      10000          7
   0       14     1955     9964     17112451408     17112461372        13451352       8001       2000      10000          7
   0       14     1955     9965     17112461407     17112471372        13461351       8002       2000      10000          7
   0       14     1955     9965     17112471407     17112481372        13471351       8003       2000      10000          7
   0       14     1955     9965     17112481407     17112491372        13481351       8002       2000      10000          7
   0       14     1955     9964     17112491407     17112501372        13491351       8002       2000      10000          6
   0       14     1955     9966     17112501406     17112511372        13501350       8004       2000      10000          6
   0       14     1955     9966     17112511406     17112521372        13511350       8003       2000      10000          7
   0       14     1955     9965     17112521407     17112531372        13521351       8002       2000      10000          7
   0       14     1955     9965     17112531407     17112541372        13531351       8003       2000      10000          6
   0       14     1955     9965     17112541407     17112551372        13541351       8003       2000      10000          7
   0       14     1955     9965     17112551407     17112561372        13551351       8002       2000      10000          7
   0       14     1955     9965     17112561407     17112571372        13561351       8002       2000      10000          7
   0       14     1955     9965     17112571406     17112581372        13571350       8003       2000      10000          7
   0       14     1955     9942     17112581430     17112591372        13581374       7980       2000      10000          7
   0       14     1955     9964     17112591408     17112601372        13591352       8001       2000      10000          7
   0       14     1955     9964     17112601407     17112611372        13601351       8002       2000      10000          7
   0       14     1955     9965     17112611407     17112621372        13611351       8003       2000      10000          7
   0       14     1395     9967     17112621407     17112631375        13621351       8562       2000      10000          9
   0       14     1344     9969     17112631409     17112641378        13631353       8611       2000      10000         13
   0       14     1292     9953     17112641422     17112651375        13641366       8650       2000      10000         10
   0       14     1955     9951     17112651421     17112661372        13651365       7988       2000      10000          7
   0       14     1955     9961     17112661411     17112671372        13661355       7998       2000      10000          7
   0       14     1955     9963     17112671408     17112681372        13671352       8001       2000      10000          7
   0       14     1955     9963     17112681409     17112691372        13681353       8001       2000      10000          7
   0       14     1955     9965     17112691406     17112701372        13691350       8003       2000      10000          7
   0       14     1955     9965     17112701407     17112711372        13701351       8002       2000      10000          7
   0       14     1955     9964     17112711408     17112721372        13711352       8002       2000      10000          7
   0       14     1955     9965     17112721407     17112731372        13721351       8002       2000      10000          7
   0       14     1955     9965     17112731407     17112741372        13731351       8003       2000      10000          7
   0       14     1955     9965     17112741407     17112751372        13741351       8003       2000      10000          7
   0       14     1955     9965     17112751408     17112761372        13751352       8002       2000      10000          7
   0       14     1955     9965     17112761408     17112771372        13761352       8001       2000      10000          7
   0       14     1955     9964     17112771408     17112781372        13771352       8002       2000      10000          7
   0       14     1955     9964     17112781408     17112791372        13781352       8002       2000      10000          7
   0       14     1955     9965     17112791407     17112801372        13791351       8003       2000      10000          7
   0       14     1955     9964     17112801407     17112811372        13801351       8002       2000      10000          7
   0       14     1955     9965     17112811407     17112821372        13811351       8002       2000      10000          7
   0       14     1955     9965     17112821407     17112831372        13821351       8002       2000      10000          7
   0       14     1955     9964     17112831408     17112841372        13831352       8002       2000      10000          7
   0       14     1955     9965     17112841407     17112851372        13841351       8002       2000      10000          7
   0       14     1955     9964     17112851408     17112861372        13851352       8001       2000      10000          7
   0       14     1955     9964     17112861408     17112871372        13861352       8002       2000      10000          7
   0       14     1955     9965     17112871407     17112881372        13871351       8003       2000      10000          6
   0       14     1955     9965     17112881407     17112891372        13881351       8002       2000      10000          7
   0       14     1955     9965     17112891407     17112901372        13891351       8003       2000      10000          7
   0       14     1955     9969     17112901407     17112911376        13901351       8002       2000      10000         10
   0       14     1368     9938     17112911437     17112921375        13911381       8559       2000      10000         10
   0       14     1381     9968     17112921408     17112931376        13921352       8576       2000      10000         11
   0       14     1955     9952     17112931421     17112941372        13931365       7989       2000      10000          7
   0       14     1955     9962     17112941410     17112951372        13941354       7999       2000      10000          7
   0       14     1955     9963     17112951408     17112961372        13951352       8001       2000      10000          7
   0       14     1955     9965     17112961407     17112971372        13961351       8002       2000      10000          7
   0       14     1955     9964     17112971408     17112981372        13971352       8001       2000      10000          7
   0       14     1955     9965     17112981407     17112991372        13981351       8002       2000      10000          7
   0       14     1955     9965     17112991407     17113001372        13991351       8002       2000      10000          7
   0       14     1955     9965     17113001407     17113011372        14001351       8002       2000      10000          7
   0       14     1955     9964     17113011408     17113021372        14011352       8002       2000      10000          7
   0       14     1955     9965     17113021407     17113031372        14021351       8002       2000      10000          7
   0       14     1955     9964     17113031408     17113041372        14031351       8002       2000      10000          7
   0       14     1955     9965     17113041407     17113051372        14041351       8002       2000      10000          7
   0       14     1955     9964     17113051407     17113061372        14051351       8002       2000      10000          7
   0       14     1955     9966     17113061406     17113071372        14061350       8003       2000      10000          7
   0       14     1955     9965     17113071407     17113081372        14071351       8002       2000      10000          7
   0       14     1955     9963     17113081409     17113091372        14081353       8001       2000      10000          7
   0       14     1955     9965     17113091407     17113101372        14091351       8002       2000      10000          7
   0       14     1955     9965     17113101406     17113111372        14101350       8003       2000      10000          7
   0       14     1955     9965     17113111407     17113121372        14111351       8002       2000      10000          7
   0       14     1955     9966     17113121406     17113131372        14121350       8004       2000      10000          7
   0       14     1955     9965     17113131408     17113141373        14131352       8002       2000      10000          8
   0       14     1955     9963     17113141409     17113151372        14141353       8000       2000      10000          7
   0       14     1983     9965     17113151407     17113161372        14151351       7974       2000      10000          7
   0       14     1955     9964     17113161408     17113171372        14161352       8002       2000      10000          7
   0       14     1955     9964     17113171408     17113181372        14171352       8002       2000      10000          7
   0       14     1955     9966     17113181409     17113191376        14181353       8000       2000      10000         10
   0       14     1333     9963     17113191411     17113201374        14191355       8621       2000      10000          9
   0       14     1345     9972     17113201407     17113211379        14201351       8613       2000      10000         14
   0       14     1251     9950     17113211425     17113221375        14211369       8688       2000      10000         10
   0       14     1955     9952     17113221420     17113231372        14221364       7989       2000      10000          7
   0       14     1955     9962     17113231410     17113241372        14231354       7999       2000      10000          7
   0       14     1955     9941     17113241431     17113251372        14241375       7978       2000      10000          7
   0       14     1955     9964     17113251408     17113261372        14251352       8002       2000      10000          7
   0       14     1955     9965     17113261407     17113271372        14261351       8002       2000      10000          7
   0       14     1955     9964     17113271408     17113281372        14271352       8002       2000      10000          7
   0       14     1955     9965     17113281407     17113291372        14281351       8002       2000      10000          7
   0       14     1955     9964     17113291408     17113301372        14291352       8002       2000      10000          7
   0       14     1955     9965     17113301407     17113311372        14301351       8003       2000      10000          7
   0       14     1955     9965     17113311407     17113321372        14311351       8002       2000      10000          6
   0       14     1955     9965     17113321407     17113331372        14321350       8003       2000      10000          7
   0       14     1955     9965     17113331408     17113341372        14331352       8002       2000      10000          7
   0       14     1955     9964     17113341408     17113351372        14341352       8001       2000      10000          7
   0       14     1955     9965     17113351406     17113361372        14351350       8003       2000      10000          7
   0       14     1955     9964     17113361408     17113371372        14361352       8002       2000      10000          7
   0       14     1955     9964     17113371407     17113381372        14371351       8002       2000      10000          7
   0       14     1955     9964     17113381408     17113391372        14381352       8002       2000      10000          7
   0       14     1955     9965     17113391407     17113401372        14391351       8003       2000      10000          7
   0       14     1955     9964     17113401408     17113411372        14401352       8002       2000      10000          7
   0       14     1955     9965     17113411407     17113421372        14411351       8002       2000      10000          7
   0       14     1955     9965     17113421407     17113431372        14421351       8003       2000      10000          7
   0       14     1955     9964     17113431408     17113441372        14431352       8002       2000      10000          7
   0       14     1955     9965     17113441407     17113451372        14441351       8003       2000      10000          7
   0       14     1955     9966     17113451406     17113461372        14451350       8004       2000      10000          7
   0       14     1955     9965     17113461407     17113471372        14461351       8002       2000      10000          7
   0       14     1808     9968     17113471407     17113481375        14471351       8150       2000      10000         10
   0       14     1343     9967     17113481410     17113491377        14481354       8611       2000      10000         12
   0       14     1340     9947     17113491428     17113501375        14491372       8596       2000      10000         10
   0       14     1955     9951     17113501421     17113511372        14501365       7988       2000      10000          7
   0       14     1955     9962     17113511410     17113521372        14511354       7999       2000      10000          7
   0       14     1955     9963     17113521409     17113531372        14521353       8001       2000      10000          7
   0       14     1955     9964     17113531408     17113541372        14531352       8001       2000      10000          7
   0       14     1955     9964     17113541408     17113551372        14541352       8001       2000      10000          7
   0       14     1955     9965     17113551407     17113561372        14551351       8002       2000      10000          7
   0       14     1955     9965     17113561407     17113571372        14561351       8002       2000      10000          6
   0       14     1955     9941     17113571431     17113581372        14571375       7979       2000      10000          7
   0       14     1955     9964     17113581408     17113591372        14581352       8001       2000      10000          7
   0       14     1955     9963     17113591408     17113601372        14591352       8001       2000      10000          7
   0       14     1955     9964     17113601408     17113611372        14601352       8002       2000      10000          7
   0       14     1955     9964     17113611408     17113621372        14611352       8001       2000      10000          7
   0       14     1955     9965     17113621407     17113631372        14621351       8002       2000      10000          7
   0       14     1955     9964     17113631408     17113641372        14631352       8002       2000      10000          7
   0       14     1955     9965     17113641407     17113651372        14641351       8003       2000      10000          7
   0       14     1955     9965     17113651406     17113661372        14651350       8003       2000      10000          7
   0       14     1955     9965     17113661407     17113671372        14661351       8003       2000      10000          7
   0       14     1955     9965     17113671407     17113681372        14671351       8003       2000      10000          7
   0       14     1955     9965     17113681406     17113691372        14681350       8003       2000      10000          7
   0       14     1955     9965     17113691406     17113701372        14691350       8003       2000      10000          7
   0       14     1955     9964     17113701408     17113711372        14701352       8001       2000      10000          7
   0       14     1955     9964     17113711408     17113721372        14711352       8001       2000      10000          7
   0       14     1955     9965     17113721407     17113731372        14721351       8003       2000      10000          7
   0       14     1955     9965     17113731406     17113741372        14731350       8003       2000      10000          7
   0       14     1955     9965     17113741406     17113751372        14741350       8003       2000      10000          7
   0       14     1955     9968     17113751407     17113761375        14751351       8002       2000      10000         10
   0       14     1366     9965     17113761410     17113771375        14761354       8588       2000      10000          9
   0       14     1344     9969     17113771408     17113781378        14771352       8612       2000      10000         12
   0       14     1775     9946     17113781427     17113791373        14781371       8163       2000      10000          8
   0       14     1955     9954     17113791418     17113801372        14791362       7991       2000      10000          7
   0       14     1955     9962     17113801410     17113811372        14801354       8000       2000      10000          7
   0       14     1955     9964     17113811407     17113821372        14811351       8002       2000      10000          7
   0       14     1955     9965     17113821407     17113831372        14821351       8002       2000      10000          7
   0       14     1955     9965     17113831407     17113841372        14831351       8002       2000      10000          7
   0       14     1955     9965     17113841407     17113851372        14841351       8002       2000      10000          7
   0       14     1955     9965     17113851407     17113861372        14851351       8002       2000      10000          7
   0       14     1955     9964     17113861408     17113871372        14861352       8001       2000      10000          7
   0       14     1955     9965     17113871407     17113881372        14871351       8003       2000      10000          7
   0       14     1955     9965     17113881407     17113891372        14881351       8002       2000      10000          7
   0       14     1955     9965     17113891407     17113901372        14891351       8003       2000      10000          7
   0       14     1955     9941     17113901431     17113911372        14901375       7978       2000      10000          7
   0       14     1955     9963     17113911409     17113921372        14911353       8001       2000      10000          7
   0       14     1955     9964     17113921408     17113931372        14921352       8002       2000      10000          7
   0       14     1955     9965     17113931407     17113941372        14931351       8003       2000      10000          7
   0       14     1955     9964     17113941408     17113951372        14941352       8002       2000      10000          7
   0       14     1955     9965     17113951407     17113961372        14951351       8003       2000      10000          7
   0       14     1955     9965     17113961407     17113971372        14961351       8002       2000      10000          7
   0       14     1955     9965     17113971407     17113981372        14971351       8003       2000      10000          7
   0       14     1955     9964     17113981408     17113991372        14981352       8001       2000      10000          7
   0       14     1955     9964     17113991408     17114001372        14991352       8002       2000      10000          7
   0       14     1955     9965     17114001407     17114011372        15001351       8003       2000      10000          7
   0       14     1955     9966     17114011406     17114021372        15011350       8003       2000      10000          7
   0       14     1955     9965     17114021407     17114031372        15021351       8003       2000      10000          7
   0       14     1955     9968     17114031407     17114041374        15031351       8003       2000      10000          9
   0       14     1323     9967     17114041408     17114051375        15041352       8634       2000      10000          9
   0       14     1345     9970     17114051409     17114061379        15051353       8610       2000      10000         13
   0       14     1311     9952     17114061423     17114071375        15061367       8630       2000      10000         10
   0       14     1955     9951     17114071421     17114081372        15071365       7988       2000      10000          7
   0       14     1955     9961     17114081411     17114091372        15081355       7998       2000      10000          7
   0       14     1955     9963     17114091408     17114101372        15091352       8001       2000      10000          7
   0       14     1955     9963     17114101408     17114111372        15101352       8001       2000      10000          7
   0       14     1955     9964     17114111407     17114121372        15111351       8002       2000      10000          7
   0       14     1955     9964     17114121408     17114131372        15121352       8002       2000      10000          7
   0       14     1955     9965     17114131408     17114141373        15131352       8001       2000      10000          8
   0       14     1955     9960     17114141412     17114151372        15141356       7997       2000      10000          7
   0       14     1983     9965     17114151407     17114161372        15151351       7974       2000      10000          7
   0       14     1955     9965     17114161407     17114171372        15161351       8002       2000      10000          7
   0       14     1955     9963     17114171409     17114181372        15171353       8001       2000      10000          7
   0       14     1955     9963     17114181409     17114191372        15181353       8001       2000      10000          7
   0       14     1955     9964     17114191408     17114201372        15191352       8001       2000      10000          7
   0       14     1955     9963     17114201409     17114211372        15201353       8000       2000      10000          7
   0       14     1956     9963     17114211408     17114221372        15211352       8001       2000      10000          7
   0       14     1955     9963     17114221408     17114231372        15221352       8001       2000      10000          7
   0       14     1955     9941     17114231431     17114241372        15231375       7979       2000      10000          7
   0       14     1955     9965     17114241407     17114251372        15241351       8002       2000      10000          7
   0       14     1955     9963     17114251409     17114261372        15251353       8001       2000      10000          7
   0       14     1955     9964     17114261408     17114271372        15261352       8001       2000      10000          7
   0       14     1955     9964     17114271408     17114281372        15271352       8001       2000      10000          7
   0       14     1955     9964     17114281408     17114291372        15281352       8001       2000      10000          7
   0       14     1955     9964     17114291407     17114301372        15291351       8002       2000      10000          7
   0       14     1955     9964     17114301408     17114311372        15301352       8002       2000      10000          7
   0       14     1955     9964     17114311408     17114321372        15311352       8002       2000      10000          7
   0       14     1955     9968     17114321408     17114331376        15321352       8001       2000      10000         11
   0       14     1368     9963     17114331412     17114341375        15331356       8585       2000      10000         10
   0       14     1326     9971     17114341410     17114351381        15341354       8628       2000      10000         15
   0       14     1781     9938     17114351436     17114361374        15351380       8147       2000      10000          8
   0       14     1955     9955     17114361417     17114371372        15361361       7992       2000      10000          7
   0       14     1955     9963     17114371409     17114381372        15371353       8000       2000      10000          7
   0       14     1955     9963     17114381409     17114391372        15381353       8001       2000      10000          7
   0       14     1955     9965     17114391407     17114401372        15391351       8002       2000      10000          7
   0       14     1955     9964     17114401408     17114411372        15401352       8002       2000      10000          7
   0       14     1955     9965     17114411407     17114421372        15411351       8002       2000      10000          7
   0       14     1955     9964     17114421407     17114431372        15421351       8002       2000      10000          7
   0       14     1955     9964     17114431408     17114441372        15431352       8002       2000      10000          7
   0       14     1955     9965     17114441407     17114451372        15441351       8003       2000      10000          7
   0       14     1955     9965     17114451407     17114461372        15451351       8003       2000      10000          7
   0       14     1955     9966     17114461406     17114471372        15461350       8003       2000      10000          7
   0       14     1955     9964     17114471407     17114481372        15471351       8002       2000      10000          7
   0       14     1955     9965     17114481407     17114491372        15481351       8003       2000      10000          7
   0       14     1955     9964     17114491407     17114501372        15491351       8002       2000      10000          7
   0       14     1955     9965     17114501407     17114511372        15501351       8003       2000      10000          7
   0       14     1955     9965     17114511407     17114521372        15511351       8002       2000      10000          7
   0       14     1955     9965     17114521407     17114531372        15521351       8003       2000      10000          6
   0       14     1955     9964     17114531407     17114541372        15531351       8002       2000      10000          7
   0       14     1955     9965     17114541406     17114551372        15541350       8003       2000      10000          7
   0       14     1955     9964     17114551408     17114561372        15551352       8002       2000      10000          7
   0       14     1955     9943     17114561429     17114571372        15561373       7980       2000      10000          7
   0       14     1955     9965     17114571407     17114581372        15571351       8002       2000      10000          7
   0       14     1955     9965     17114581407     17114591372        15581351       8002       2000      10000          7
   0       14     1955     9966     17114591406     17114601372        15591350       8003       2000      10000          7
   0       14     1955     9969     17114601407     17114611375        15601351       8003       2000      10000         10
   0       14     1331     9964     17114611410     17114621375        15611354       8623       2000      10000          9
   0       14     1370     9972     17114621407     17114631379        15621351       8587       2000      10000         13
   0       14     1263     9951     17114631423     17114641375        15631367       8678       2000      10000          9
   0       14     1955     9952     17114641421     17114651372        15641365       7989       2000      10000          7
   0       14     1955     9961     17114651411     17114661372        15651355       7999       2000      10000          7
   0       14     1955     9963     17114661409     17114671372        15661353       8001       2000      10000          7
   0       14     1955     9964     17114671408     17114681372        15671352       8002       2000      10000          7
   0       14     1955     9964     17114681408     17114691372        15681352       8002       2000      10000          7
   0       14     1955     9964     17114691408     17114701372        15691352       8002       2000      10000          7
   0       14     1955     9963     17114701408     17114711372        15701352       8001       2000      10000          7
   0       14     1955     9964     17114711407     17114721372        15711351       8002       2000      10000          7
   0       14     1955     9964     17114721408     17114731372        15721352       8001       2000      10000          7
   0       14     1955     9964     17114731407     17114741372        15731351       8002       2000      10000          7
   0       14     1955     9964     17114741408     17114751372        15741352       8002       2000      10000          7
   0       14     1955     9965     17114751407     17114761372        15751351       8002       2000      10000          7
   0       14     1955     9965     17114761407     17114771372        15761351       8003       2000      10000          7
   0       14     1955     9965     17114771407     17114781372        15771351       8002       2000      10000          7
   0       14     1955     9965     17114781406     17114791372        15781350       8003       2000      10000          7
   0       14     1955     9965     17114791407     17114801372        15791351       8003       2000      10000          7
   0       14     1955     9965     17114801406     17114811372        15801350       8003       2000      10000          7
   0       14     1955     9964     17114811407     17114821372        15811351       8002       2000      10000          7
   0       14     1955     9965     17114821407     17114831372        15821351       8003       2000      10000          7
   0       14     1955     9965     17114831407     17114841372        15831351       8002       2000      10000          7
   0       14     1955     9965     17114841406     17114851372        15841350       8003       2000      10000          7
   0       14     1955     9965     17114851407     17114861372        15851351       8002       2000      10000          7
   0       14     1955     9965     17114861407     17114871372        15861351       8003       2000      10000          7
   0       14     1955     9964     17114871407     17114881372        15871351       8002       2000      10000          7
   0       14     1955     9966     17114881406     17114891372        15881350       8003       2000      10000          7
   0       14     1955     9945     17114891430     17114901376        15891374       7979       2000      10000         10
   0       14     1343     9964     17114901411     17114911375        15901355       8611       2000      10000          9
   0       14     1392     9968     17114911408     17114921375        15911352       8564       2000      10000         10
   0       14     1955     9951     17114921421     17114931372        15921365       7988       2000      10000          7
   0       14     1955     9962     17114931410     17114941372        15931354       7999       2000      10000          7
   0       14     1955     9962     17114941410     17114951372        15941354       8000       2000      10000          7
   0       14     1955     9965     17114951408     17114961372        15951352       8002       2000      10000          7
   0       14     1955     9965     17114961407     17114971372        15961351       8002       2000      10000          7
   0       14     1955     9965     17114971407     17114981372        15971351       8002       2000      10000          7
   0       14     1955     9964     17114981408     17114991372        15981352       8001       2000      10000          7
   0       14     1955     9965     17114991407     17115001372        15991351       8002       2000      10000          7
   0       14     1955     9965     17115001407     17115011372        16001351       8002       2000      10000          7
   0       14     1955     9964     17115011407     17115021372        16011351       8002       2000      10000          7
   0       14     1955     9965     17115021407     17115031372        16021351       8003       2000      10000          7
   0       14     1955     9966     17115031406     17115041372        16031350       8004       2000      10000          7
   0       14     1955     9965     17115041407     17115051372        16041351       8002       2000      10000          7
   0       14     1955     9965     17115051407     17115061372        16051351       8003       2000      10000          7
   0       14     1955     9966     17115061406     17115071372        16061350       8004       2000      10000          7
   0       14     1955     9965     17115071407     17115081372        16071351       8003       2000      10000          7
   0       14     1955     9965     17115081407     17115091372        16081351       8002       2000      10000          7
   0       14     1955     9963     17115091408     17115101372        16091352       8001       2000      10000          7
   0       14     1955     9964     17115101407     17115111372        16101351       8002       2000      10000          7
   0       14     1955     9965     17115111407     17115121372        16111351       8003       2000      10000          7
   0       14     1955     9965     17115121407     17115131372        16121351       8003       2000      10000          7
   0       14     1955     9966     17115131407     17115141373        16131351       8003       2000      10000          7
   0       14     1955     9963     17115141408     17115151372        16141352       8001       2000      10000          6
   0       14     1984     9965     17115151407     17115161372        16151351       7973       2000      10000          7
   0       14     1955     9964     17115161408     17115171372        16161352       8001       2000      10000          7
   0       14     1955     9968     17115171408     17115181376        16171352       8001       2000      10000         11
   0       14     1356     9962     17115181412     17115191374        16181356       8596       2000      10000          9
   0       14     1340     9971     17115191408     17115201378        16191352       8617       2000      10000         13
   0       14     1403     9954     17115201421     17115211375        16201365       8541       2000      10000         10
   0       14     1955     9951     17115211421     17115221372        16211365       7988       2000      10000          7
   0       14     1955     9940     17115221432     17115231372        16221376       7977       2000      10000          7
   0       14     1955     9964     17115231408     17115241372        16231352       8001       2000      10000          7
   0       14     1955     9963     17115241409     17115251372        16241353       8000       2000      10000          7
   0       14     1955     9964     17115251408     17115261372        16251352       8001       2000      10000          7
   0       14     1955     9966     17115261406     17115271372        16261350       8003       2000      10000          7
   0       14     1955     9965     17115271407     17115281372        16271351       8002       2000      10000          7
   0       14     1955     9964     17115281407     17115291372        16281351       8002       2000      10000          7
   0       14     1955     9965     17115291407     17115301372        16291351       8003       2000      10000          7
   0       14     1955     9965     17115301407     17115311372        16301351       8003       2000      10000          7
   0       14     1955     9964     17115311407     17115321372        16311351       8002       2000      10000          7
   0       14     1955     9966     17115321406     17115331372        16321350       8003       2000      10000          7
   0       14     1955     9964     17115331407     17115341372        16331351       8002       2000      10000          7
   0       14     1955     9965     17115341407     17115351372        16341351       8002       2000      10000          7
   0       14     1955     9965     17115351407     17115361372        16351351       8003       2000      10000          7
   0       14     1955     9964     17115361408     17115371372        16361352       8001       2000      10000          7
   0       14     1955     9965     17115371407     17115381372        16371351       8003       2000      10000          7
   0       14     1955     9965     17115381407     17115391372        16381351       8002       2000      10000          7
   0       14     1955     9965     17115391406     17115401372        16391350       8003       2000      10000          7
   0       14     1955     9965     17115401407     17115411372        16401351       8003       2000      10000          7
   0       14     1955     9964     17115411407     17115421372        16411351       8002       2000      10000          7
   0       14     1955     9964     17115421408     17115431372        16421352       8002       2000      10000          7
   0       14     1955     9965     17115431407     17115441372        16431351       8003       2000      10000          7
   0       14     1955     9965     17115441407     17115451372        16441351       8003       2000      10000          7
   0       14     1955     9966     17115451406     17115461372        16451350       8003       2000      10000          7
   0       14     1718     9968     17115461407     17115471376        16461351       8239       2000      10000         10
   0       14     1369     9966     17115471412     17115481378        16471356       8583       2000      10000         12
   0       14     1297     9957     17115481418     17115491375        16481362       8649       2000      10000         10
   0       14     1955     9951     17115491421     17115501372        16491365       7988       2000      10000          7
   0       14     1955     9962     17115501410     17115511372        16501354       7999       2000      10000          7
   0       14     1955     9963     17115511409     17115521372        16511353       8000       2000      10000          7
   0       14     1955     9964     17115521408     17115531372        16521352       8002       2000      10000          7
   0       14     1955     9964     17115531408     17115541372        16531352       8002       2000      10000          7
   0       14     1955     9965     17115541407     17115551372        16541351       8002       2000      10000          7
   0       14     1955     9940     17115551433     17115561372        16551377       7977       2000      10000          7
   0       14     1955     9964     17115561408     17115571372        16561352       8001       2000      10000          7
   0       14     1955     9964     17115571408     17115581372        16571352       8002       2000      10000          7
   0       14     1955     9965     17115581407     17115591372        16581351       8002       2000      10000          7
   0       14     1955     9964     17115591408     17115601372        16591352       8002       2000      10000          7
   0       14     1955     9964     17115601408     17115611372        16601352       8002       2000      10000          7
   0       14     1955     9965     17115611407     17115621372        16611351       8002       2000      10000          7
   0       14     1955     9965     17115621407     17115631372        16621351       8002       2000      10000          7
   0       14     1955     9965     17115631407     17115641372        16631351       8002       2000      10000          7
   0       14     1955     9965     17115641407     17115651372        16641351       8002       2000      10000          7
   0       14     1955     9963     17115651408     17115661372        16651352       8001       2000      10000          7
   0       14     1955     9965     17115661407     17115671372        16661351       8003       2000      10000          7
   0       14     1955     9965     17115671407     17115681372        16671351       8003       2000      10000          7
   0       14     1955     9966     17115681407     17115691372        16681351       8003       2000      10000          7
   0       14     1955     9965     17115691406     17115701372        16691350       8003       2000      10000          7
   0       14     1955     9965     17115701407     17115711372        16701351       8003       2000      10000          7
   0       14     1955     9966     17115711406     17115721372        16711350       8003       2000      10000          7
   0       14     1955     9965     17115721407     17115731372        16721351       8002       2000      10000          7
   0       14     1955     9964     17115731407     17115741372        16731351       8002       2000      10000          7
   0       14     1955     9969     17115741407     17115751376        16741351       8002       2000      10000         10
   0       14     1350     9963     17115751411     17115761374        16751355       8604       2000      10000          9
   0       14     1368     9970     17115761408     17115771378        16761352       8588       2000      10000         13
   0       14     1731     9952     17115771421     17115781373        16771365       8212       2000      10000          8
   0       14     1955     9954     17115781418     17115791372        16781362       7992       2000      10000          7
   0       14     1955     9963     17115791409     17115801372        16791353       8000       2000      10000          7
   0       14     1955     9964     17115801408     17115811372        16801352       8001       2000      10000          7
   0       14     1955     9964     17115811408     17115821372        16811352       8001       2000      10000          7
   0       14     1955     9964     17115821407     17115831372        16821351       8002       2000      10000          7
   0       14     1955     9965     17115831407     17115841372        16831351       8002       2000      10000          7
   0       14     1955     9965     17115841407     17115851372        16841351       8002       2000      10000          7
   0       14     1955     9965     17115851407     17115861372        16851351       8002       2000      10000          7
   0       14     1955     9965     17115861407     17115871372        16861351       8002       2000      10000          7
   0       14     1955     9965     17115871407     17115881372        16871351       8002       2000      10000          7
   0       14     1955     9942     17115881430     17115891372        16881374       7979       2000      10000          7
   0       14     1955     9963     17115891409     17115901372        16891353       8001       2000      10000          7
   0       14     1955     9964     17115901407     17115911372        16901351       8002       2000      10000          7
   0       14     1955     9965     17115911407     17115921372        16911351       8002       2000      10000          7
   0       14     1955     9964     17115921407     17115931372        16921351       8002       2000      10000          7
   0       14     1955     9965     17115931407     17115941372        16931351       8002       2000      10000          7
   0       14     1955     9964     17115941407     17115951372        16941351       8002       2000      10000          6
   0       14     1955     9965     17115951407     17115961372        16951351       8002       2000      10000          7
   0       14     1955     9965     17115961407     17115971372        16961351       8003       2000      10000          7
   0       14     1955     9964     17115971408     17115981372        16971352       8002       2000      10000          7
   0       14     1955     9965     17115981406     17115991372        16981350       8003       2000      10000          7
   0       14     1955     9966     17115991406     17116001372        16991350       8003       2000      10000          7
   0       14     1955     9965     17116001407     17116011372        17001351       8002       2000      10000          7
   0       14     1955     9964     17116011407     17116021372        17011351       8002       2000      10000          7
   0       14     1955     9968     17116021407     17116031375        17021351       8002       2000      10000         10
   0       14     1321     9965     17116031409     17116041375        17031353       8634       2000      10000          9
   0       14     1369     9971     17116041408     17116051378        17041352       8587       2000      10000         13
   0       14     1277     9953     17116051422     17116061375        17051366       8665       2000      10000         10
   0       14     1955     9952     17116061420     17116071372        17061364       7989       2000      10000          7
   0       14     1955     9962     17116071410     17116081372        17071354       7999       2000      10000          7
   0       14     1955     9963     17116081408     17116091372        17081352       8001       2000      10000          7
   0       14     1955     9965     17116091407     17116101372        17091351       8002       2000      10000          7
   0       14     1955     9964     17116101407     17116111372        17101351       8002       2000      10000          7
   0       14     1955     9964     17116111407     17116121372        17111351       8002       2000      10000          7
   0       14     1955     9965     17116121407     17116131372        17121351       8003       2000      10000          7
   0       14     1955     9966     17116131407     17116141373        17131351       8002       2000      10000          8
   0       14     1956     9963     17116141409     17116151372        17141353       8000       2000      10000          6
   0       14     1983     9964     17116151407     17116161372        17151351       7974       2000      10000          7
   0       14     1955     9963     17116161409     17116171372        17161353       8000       2000      10000          7
   0       14     1955     9964     17116171408     17116181372        17171352       8001       2000      10000          7
   0       14     1955     9965     17116181407     17116191372        17181351       8002       2000      10000          7
   0       14     1955     9964     17116191408     17116201372        17191352       8001       2000      10000          7
   0       14     1955     9964     17116201408     17116211372        17201352       8001       2000      10000          7
   0       14     1955     9940     17116211431     17116221372        17211375       7978       2000      10000          7
   0       14     1955     9963     17116221409     17116231372        17221353       8001       2000      10000          7
   0       14     1955     9964     17116231408     17116241372        17231352       8002       2000      10000          7
   0       14     1955     9963     17116241408     17116251372        17241352       8001       2000      10000          6
   0       14     1955     9965     17116251407     17116261372        17251351       8002       2000      10000          7
   0       14     1955     9965     17116261407     17116271372        17261351       8003       2000      10000          6
   0       14     1955     9964     17116271408     17116281372        17271352       8002       2000      10000          7
   0       14     1955     9965     17116281407     17116291372        17281351       8003       2000      10000          7
   0       14     1955     9965     17116291407     17116301372        17291351       8002       2000      10000          7
   0       14     1955     9964     17116301407     17116311372        17301351       8002       2000      10000          7
   0       14     1955     9969     17116311407     17116321376        17311351       8003       2000      10000         11
   0       14     1347     9963     17116321412     17116331375        17321356       8605       2000      10000         10
   0       14     1343     9969     17116331408     17116341378        17331352       8612       2000      10000         12
   0       14     1955     9949     17116341423     17116351372        17341367       7986       2000      10000          7
   0       14     1955     9961     17116351411     17116361372        17351355       7998       2000      10000          7
   0       14     1955     9964     17116361408     17116371372        17361352       8001       2000      10000          7
   0       14     1955     9964     17116371408     17116381372        17371352       8002       2000      10000          7
   0       14     1955     9965     17116381407     17116391372        17381351       8002       2000      10000          7
   0       14     1955     9964     17116391408     17116401372        17391352       8001       2000      10000          7
   0       14     1955     9964     17116401408     17116411372        17401352       8002       2000      10000          7
   0       14     1955     9963     17116411409     17116421372        17411353       8001       2000      10000          7
   0       14     1955     9964     17116421407     17116431372        17421351       8002       2000      10000          7
   0       14     1955     9964     17116431408     17116441372        17431352       8002       2000      10000          7
   0       14     1955     9965     17116441407     17116451372        17441351       8002       2000      10000          7
   0       14     1955     9964     17116451408     17116461372        17451352       8002       2000      10000          7
   0       14     1955     9965     17116461407     17116471372        17461351       8002       2000      10000          7
   0       14     1955     9964     17116471408     17116481372        17471352       8001       2000      10000          7
   0       14     1955     9964     17116481408     17116491372        17481352       8002       2000      10000          7
   0       14     1955     9965     17116491407     17116501372        17491351       8003       2000      10000          7
   0       14     1955     9965     17116501407     17116511372        17501351       8002       2000      10000          7
   0       14     1955     9964     17116511408     17116521372        17511352       8002       2000      10000          7
   0       14     1955     9965     17116521406     17116531372        17521350       8003       2000      10000          7
   0       14     1955     9965     17116531407     17116541372        17531351       8002       2000      10000          7
   0       14     1955     9943     17116541429     17116551372        17541373       7980       2000      10000          7
   0       14     1955     9964     17116551408     17116561372        17551352       8001       2000      10000          7
   0       14     1955     9964     17116561407     17116571372        17561351       8002       2000      10000          7
   0       14     1955     9965     17116571407     17116581372        17571350       8003       2000      10000          7
   0       14     1955     9965     17116581407     17116591372        17581351       8003       2000      10000          7
   0       14     1955     9968     17116591408     17116601375        17591352       8002       2000      10000         10
   0       14     1335     9963     17116601411     17116611374        17601355       8618       2000      10000          9
   0       14     1361     9971     17116611407     17116621378        17611351       8596       2000      10000         13
   0       14     1322     9952     17116621423     17116631375        17621367       8619       2000      10000         10
   0       14     1955     9951     17116631421     17116641372        17631365       7988       2000      10000          7
   0       14     1955     9961     17116641411     17116651372        17641355       7999       2000      10000          7
   0       14     1955     9964     17116651408     17116661372        17651352       8002       2000      10000          7
   0       14     1955     9964     17116661407     17116671372        17661351       8002       2000      10000          7
   0       14     1955     9964     17116671408     17116681372        17671352       8001       2000      10000          7
   0       14     1955     9964     17116681407     17116691372        17681351       8002       2000      10000          7
   0       14     1955     9965     17116691407     17116701372        17691351       8002       2000      10000          7
   0       14     1955     9965     17116701407     17116711372        17701351       8003       2000      10000          7
   0       14     1955     9965     17116711407     17116721372        17711351       8003       2000      10000          7
   0       14     1955     9965     17116721407     17116731372        17721351       8003       2000      10000          7
   0       14     1955     9965     17116731407     17116741372        17731351       8002       2000      10000          7
   0       14     1955     9965     17116741407     17116751372        17741351       8002       2000      10000          7
   0       14     1955     9966     17116751406     17116761372        17751350       8003       2000      10000          7
   0       14     1955     9965     17116761407     17116771372        17761351       8002       2000      10000          7
   0       14     1955     9966     17116771406     17116781372        17771350       8003       2000      10000          7
   0       14     1955     9965     17116781407     17116791372        17781351       8003       2000      10000          7
   0       14     1955     9966     17116791406     17116801372        17791350       8003       2000      10000          7
   0       14     1955     9964     17116801407     17116811372        17801351       8002       2000      10000          7
   0       14     1955     9964     17116811407     17116821372        17811351       8002       2000      10000          7
   0       14     1955     9965     17116821407     17116831372        17821351       8003       2000      10000          7
   0       14     1955     9965     17116831407     17116841372        17831351       8002       2000      10000          7
   0       14     1955     9965     17116841406     17116851372        17841350       8003       2000      10000          7
   0       14     1955     9965     17116851407     17116861372        17851351       8002       2000      10000          7
   0       14     1955     9965     17116861407     17116871372        17861351       8002       2000      10000          7
   0       14     1955     9943     17116871429     17116881372        17871373       7980       2000      10000          7
   0       14     1891     9967     17116881408     17116891375        17881352       8066       2000      10000         10
   0       14     1370     9965     17116891410     17116901374        17891354       8585       2000      10000          9
   0       14     1376     9967     17116901408     17116911375        17901352       8580       2000      10000         10
   0       14     1955     9951     17116911421     17116921372        17911365       7988       2000      10000          7
   0       14     1955     9962     17116921410     17116931372        17921354       7999       2000      10000          7
   0       14     1955     9964     17116931408     17116941372        17931352       8001       2000      10000          7
   0       14     1955     9963     17116941409     17116951372        17941353       8001       2000      10000          7
   0       14     1955     9965     17116951407     17116961372        17951351       8002       2000      10000          7
   0       14     1955     9965     17116961407     17116971372        17961351       8002       2000      10000          7
   0       14     1955     9965     17116971407     17116981372        17971351       8002       2000      10000          7
   0       14     1955     9965     17116981408     17116991372        17981352       8002       2000      10000          7
   0       14     1955     9965     17116991408     17117001373        17991352       8001       2000      10000          8
   0       14     1955     9965     17117001407     17117011372        18001351       8002       2000      10000          7
   0       14     1955     9965     17117011407     17117021372        18011351       8002       2000      10000          7
   0       14     1955     9965     17117021407     17117031372        18021351       8002       2000      10000          7
   0       14     1955     9964     17117031408     17117041372        18031352       8001       2000      10000          7
   0       14     1955     9965     17117041407     17117051372        18041351       8003       2000      10000          7
   0       14     1955     9964     17117051407     17117061372        18051351       8002       2000      10000          7
   0       14     1955     9966     17117061407     17117071372        18061351       8003       2000      10000          7
   0       14     1955     9965     17117071407     17117081372        18071351       8003       2000      10000          7
   0       14     1955     9965     17117081407     17117091372        18081351       8002       2000      10000          7
   0       14     1955     9965     17117091407     17117101372        18091351       8003       2000      10000          7
   0       14     1955     9965     17117101407     17117111372        18101351       8003       2000      10000          7
   0       14     1955     9965     17117111407     17117121372        18111351       8003       2000      10000          7
   0       14     1955     9964     17117121408     17117131372        18121352       8002       2000      10000          7
   0       14     1955     9968     17117131407     17117141375        18131351       8002       2000      10000         10
   0       14     1955     9959     17117141413     17117151372        18141357       7997       2000      10000          7
   0       14     1983     9964     17117151408     17117161372        18151352       7973       2000      10000          7
   0       14     1955     9967     17117161409     17117171376        18161353       8001       2000      10000         11
   0       14     1359     9963     17117171412     17117181375        18171356       8594       2000      10000         10
   0       14     1336     9970     17117181409     17117191379        18181353       8619       2000      10000         13
   0       14     1461     9954     17117191421     17117201375        18191365       8482       2000      10000          9
   0       14     1955     9931     17117201441     17117211372        18201385       7968       2000      10000          7
   0       14     1955     9961     17117211411     17117221372        18211355       7998       2000      10000          7
   0       14     1955     9963     17117221409     17117231372        18221353       8000       2000      10000          7
   0       14     1955     9964     17117231408     17117241372        18231352       8002       2000      10000          7
   0       14     1955     9964     17117241408     17117251372        18241352       8001       2000      10000          7
   0       14     1955     9964     17117251408     17117261372        18251352       8002       2000      10000          7
   0       14     1955     9964     17117261408     17117271372        18261352       8002       2000      10000          7
   0       14     1955     9965     17117271407     17117281372        18271351       8003       2000      10000          7
   0       14     1955     9965     17117281407     17117291372        18281351       8003       2000      10000          7
   0       14     1955     9964     17117291408     17117301372        18291352       8002       2000      10000          7
   0       14     1955     9964     17117301407     17117311372        18301351       8002       2000      10000          6
   0       14     1955     9965     17117311407     17117321372        18311351       8003       2000      10000          7
   0       14     1955     9965     17117321407     17117331372        18321351       8003       2000      10000          7
   0       14     1955     9965     17117331406     17117341372        18331350       8003       2000      10000          7
   0       14     1955     9964     17117341408     17117351372        18341352       8002       2000      10000          7
   0       14     1955     9965     17117351407     17117361372        18351351       8003       2000      10000          7
   0       14     1955     9966     17117361406     17117371372        18361350       8003       2000      10000          7
   0       14     1955     9966     17117371406     17117381372        18371349       8004       2000      10000          7
   0       14     1955     9965     17117381407     17117391372        18381351       8003       2000      10000          7
   0       14     1955     9964     17117391407     17117401372        18391351       8002       2000      10000          6
   0       14     1955     9965     17117401406     17117411372        18401350       8003       2000      10000          7
   0       14     1955     9965     17117411406     17117421372        18411350       8003       2000      10000          6
   0       14     1955     9964     17117421407     17117431372        18421351       8002       2000      10000          7
   0       14     1955     9966     17117431406     17117441372        18431350       8003       2000      10000          7
   0       14     1955     9966     17117441406     17117451372        18441350       8003       2000      10000          7
   0       14     1519     9968     17117451407     17117461375        18451351       8438       2000      10000         10
   0       14     1345     9968     17117461410     17117471379        18461354       8609       2000      10000         13
   0       14     1294     9952     17117471424     17117481376        18471368       8646       2000      10000         10
   0       14     1955     9951     17117481421     17117491372        18481365       7989       2000      10000          7
   0       14     1955     9961     17117491411     17117501372        18491355       7998       2000      10000          7
   0       14     1955     9964     17117501408     17117511372        18501352       8001       2000      10000          7
   0       14     1955     9964     17117511408     17117521372        18511352       8002       2000      10000          7
   0       14     1955     9964     17117521407     17117531372        18521351       8002       2000      10000          7
   0       14     1955     9940     17117531432     17117541372        18531376       7978       2000      10000          7
   0       14     1955     9964     17117541408     17117551372        18541352       8001       2000      10000          7
   0       14     1955     9964     17117551407     17117561372        18551351       8002       2000      10000          7
   0       14     1955     9965     17117561407     17117571372        18561351       8003       2000      10000          7
   0       14     1955     9965     17117571407     17117581372        18571351       8002       2000      10000          7
   0       14     1955     9964     17117581407     17117591371        18581351       8002       2000      10000          6
   0       14     1955     9966     17117591406     17117601372        18591350       8003       2000      10000          7
   0       14     1955     9965     17117601407     17117611372        18601351       8002       2000      10000          7
   0       14     1955     9964     17117611408     17117621372        18611352       8002       2000      10000          6
   0       14     1955     9965     17117621406     17117631372        18621350       8003       2000      10000          7
   0       14     1955     9964     17117631407     17117641372        18631351       8002       2000      10000          7
   0       14     1955     9964     17117641408     17117651372        18641352       8002       2000      10000          6
   0       14     1955     9964     17117651407     17117661372        18651351       8002       2000      10000          7
   0       14     1955     9964     17117661407     17117671372        18661351       8002       2000      10000          7
   0       14     1955     9965     17117671407     17117681372        18671351       8002       2000      10000          7
   0       14     1955     9965     17117681407     17117691372        18681351       8003       2000      10000          7
   0       14     1955     9965     17117691407     17117701372        18691351       8003       2000      10000          7
   0       14     1955     9965     17117701407     17117711372        18701351       8003       2000      10000          7
   0       14     1955     9966     17117711406     17117721372        18711350       8003       2000      10000          7
   0       14     1955     9964     17117721408     17117731372        18721352       8002       2000      10000          7
   0       14     1955     9969     17117731407     17117741376        18731351       8003       2000      10000         10
   0       14     1341     9963     17117741411     17117751375        18741355       8613       2000      10000         10
   0       14     1344     9970     17117751408     17117761378        18751352       8613       2000      10000         13
   0       14     1751     9941     17117761432     17117771373        18761376       8181       2000      10000          8
   0       14     1955     9955     17117771417     17117781372        18771361       7992       2000      10000          7
   0       14     1955     9962     17117781409     17117791372        18781353       8000       2000      10000          7
   0       14     1955     9964     17117791407     17117801372        18791351       8002       2000      10000          7
   0       14     1955     9963     17117801408     17117811372        18801352       8001       2000      10000          6
   0       14     1955     9963     17117811409     17117821372        18811353       8001       2000      10000          7
   0       14     1955     9964     17117821408     17117831372        18821352       8001       2000      10000          7
   0       14     1955     9965     17117831406     17117841372        18831350       8003       2000      10000          7
   0       14     1955     9965     17117841407     17117851372        18841351       8003       2000      10000          7
   0       14     1955     9964     17117851407     17117861372        18851351       8002       2000      10000          6
   0       14     1955     9943     17117861429     17117871372        18861373       7980       2000      10000          7
   0       14     1955     9964     17117871408     17117881372        18871352       8001       2000      10000          7
   0       14     1955     9965     17117881407     17117891372        18881351       8002       2000      10000          7
   0       14     1955     9965     17117891406     17117901372        18891350       8003       2000      10000          7
   0       14     1955     9964     17117901408     17117911372        18901352       8002       2000      10000          7
   0       14     1955     9965     17117911407     17117921372        18911351       8002       2000      10000          7
   0       14     1955     9965     17117921407     17117931372        18921351       8002       2000      10000          7
   0       14     1955     9965     17117931407     17117941372        18931351       8003       2000      10000          7
   0       14     1955     9965     17117941407     17117951372        18941351       8002       2000      10000          7
   0       14     1955     9965     17117951407     17117961372        18951351       8002       2000      10000          7
   0       14     1955     9966     17117961406     17117971372        18961350       8003       2000      10000          7
   0       14     1955     9965     17117971407     17117981372        18971351       8002       2000      10000          7
   0       14     1955     9965     17117981407     17117991372        18981351       8002       2000      10000          7
   0       14     1955     9965     17117991406     17118001372        18991350       8003       2000      10000          7
   0       14     1955     9966     17118001406     17118011372        19001350       8003       2000      10000          7
   0       14     1955     9968     17118011407     17118021375        19011351       8003       2000      10000         10
   0       14     1331     9965     17118021409     17118031375        19021353       8624       2000      10000          9
   0       14     1371     9971     17118031407     17118041379        19031351       8586       2000      10000         13
   0       14     1261     9953     17118041422     17118051375        19041366       8681       2000      10000         10
   0       14     1955     9952     17118051420     17118061373        19051364       7989       2000      10000          7
   0       14     1955     9960     17118061412     17118071372        19061356       7998       2000      10000          7
   0       14     1955     9964     17118071408     17118081372        19071352       8001       2000      10000          7
   0       14     1955     9964     17118081408     17118091372        19081352       8001       2000      10000          7
   0       14     1955     9964     17118091407     17118101372        19091351       8002       2000      10000          7
   0       14     1955     9965     17118101407     17118111372        19101351       8003       2000      10000          7
   0       14     1955     9965     17118111406     17118121372        19111350       8003       2000      10000          7
   0       14     1955     9965     17118121407     17118131372        19121351       8003       2000      10000          7
   0       14     1955     9967     17118131407     17118141374        19131351       8003       2000      10000          9
   0       14     1984     9960     17118141412     17118151372        19141356       7969       2000      10000          7
   0       14     1984     9965     17118151407     17118161372        19151351       7974       2000      10000          7
   0       14     1955     9964     17118161408     17118171372        19161352       8002       2000      10000          6
   0       14     1955     9964     17118171408     17118181372        19171352       8001       2000      10000          7
   0       14     1955     9963     17118181409     17118191372        19181353       8001       2000      10000          7
   0       14     1955     9941     17118191431     17118201372        19191375       7978       2000      10000          7
   0       14     1955     9962     17118201410     17118211372        19201354       8000       2000      10000          7
   0       14     1955     9964     17118211408     17118221372        19211352       8001       2000      10000          7
   0       14     1955     9964     17118221408     17118231372        19221352       8001       2000      10000          7
   0       14     1955     9965     17118231407     17118241372        19231351       8002       2000      10000          7
   0       14     1955     9964     17118241408     17118251372        19241352       8002       2000      10000          7
   0       14     1955     9964     17118251407     17118261372        19251351       8002       2000      10000          7
   0       14     1955     9964     17118261408     17118271372        19261352       8002       2000      10000          7
   0       14     1955     9963     17118271408     17118281372        19271352       8001       2000      10000          7
   0       14     1955     9965     17118281407     17118291372        19281351       8003       2000      10000          6
   0       14     1955     9965     17118291407     17118301372        19291351       8003       2000      10000          6
   0       14     1955     9968     17118301408     17118311376        19301352       8002       2000      10000         10
   0       14     1368     9964     17118311411     17118321375        19311355       8585       2000      10000         10
   0       14     1320     9965     17118321410     17118331376        19321354       8634       2000      10000         10
   0       14     1955     9951     17118331422     17118341373        19331366       7988       2000      10000          8
   0       14     1955     9961     17118341411     17118351372        19341355       7998       2000      10000          7
   0       14     1955     9964     17118351408     17118361372        19351352       8001       2000      10000          7
   0       14     1955     9965     17118361407     17118371372        19361351       8002       2000      10000          7
   0       14     1955     9964     17118371408     17118381372        19371352       8001       2000      10000          7
   0       14     1955     9962     17118381409     17118391372        19381353       8000       2000      10000          7
   0       14     1955     9964     17118391408     17118401372        19391352       8002       2000      10000          7
   0       14     1955     9965     17118401407     17118411372        19401351       8003       2000      10000          7
   0       14     1955     9964     17118411408     17118421372        19411352       8002       2000      10000          7
   0       14     1955     9965     17118421407     17118431372        19421351       8002       2000      10000          7
   0       14     1955     9965     17118431408     17118441372        19431351       8002       2000      10000          7
   0       14     1955     9964     17118441408     17118451372        19441352       8002       2000      10000          7
   0       14     1955     9964     17118451408     17118461372        19451352       8002       2000      10000          7
   0       14     1955     9965     17118461407     17118471372        19461351       8003       2000      10000          7
   0       14     1955     9965     17118471407     17118481372        19471351       8002       2000      10000          7
   0       14     1955     9964     17118481407     17118491372        19481351       8002       2000      10000          7
   0       14     1955     9965     17118491406     17118501372        19491350       8003       2000      10000          7
   0       14     1955     9964     17118501408     17118511372        19501352       8002       2000      10000          7
   0       14     1955     9965     17118511407     17118521372        19511351       8003       2000      10000          7
   0       14     1955     9942     17118521430     17118531372        19521374       7979       2000      10000          7
   0       14     1955     9964     17118531408     17118541372        19531352       8001       2000      10000          7
   0       14     1955     9964     17118541407     17118551372        19541351       8002       2000      10000          7
   0       14     1955     9965     17118551407     17118561372        19551351       8003       2000      10000          7
   0       14     1955     9966     17118561406     17118571372        19561350       8003       2000      10000          7
   0       14     1955     9965     17118571407     17118581372        19571351       8003       2000      10000          7
   0       14     1955     9970     17118581406     17118591376        19581350       8004       2000      10000         11
   0       14     1362     9963     17118591411     17118601374        19591355       8592       2000      10000          9
   0       14     1342     9973     17118601407     17118611379        19601351       8616       2000      10000         14
   0       14     1329     9948     17118611427     17118621375        19611371       8608       2000      10000         10
   0       14     1955     9951     17118621421     17118631372        19621365       7989       2000      10000          7
   0       14     1955     9963     17118631410     17118641373        19631354       7999       2000      10000          8
   0       14     1955     9963     17118641409     17118651372        19641353       8001       2000      10000          7
   0       14     1955     9965     17118651407     17118661372        19651351       8002       2000      10000          7
   0       14     1955     9964     17118661407     17118671372        19661351       8002       2000      10000          6
   0       14     1955     9964     17118671407     17118681372        19671351       8002       2000      10000          7
   0       14     1955     9965     17118681407     17118691372        19681351       8002       2000      10000          7
   0       14     1955     9965     17118691407     17118701372        19691351       8003       2000      10000          6
   0       14     1955     9965     17118701407     17118711372        19701351       8003       2000      10000          7
   0       14     1955     9965     17118711407     17118721372        19711351       8002       2000      10000          7
   0       14     1955     9965     17118721407     17118731372        19721351       8003       2000      10000          7
   0       14     1955     9964     17118731408     17118741372        19731352       8001       2000      10000          7
   0       14     1955     9965     17118741406     17118751372        19741350       8003       2000      10000          7
   0       14     1955     9965     17118751407     17118761372        19751351       8003       2000      10000          7
   0       14     1955     9965     17118761407     17118771372        19761351       8002       2000      10000          7
   0       14     1955     9965     17118771406     17118781372        19771350       8003       2000      10000          7
   0       14     1955     9965     17118781407     17118791372        19781351       8002       2000      10000          7
   0       14     1955     9965     17118791407     17118801372        19791351       8002       2000      10000          7
   0       14     1955     9964     17118801407     17118811371        19801351       8002       2000      10000          6
   0       14     1955     9965     17118811406     17118821372        19811350       8003       2000      10000          7
   0       14     1955     9966     17118821406     17118831372        19821350       8003       2000      10000          7
   0       14     1955     9965     17118831407     17118841372        19831351       8003       2000      10000          7
   0       14     1955     9965     17118841407     17118851372        19841351       8003       2000      10000          7
   0       14     1955     9939     17118851433     17118861372        19851377       7976       2000      10000          7
   0       14     1955     9963     17118861409     17118871372        19861353       8001       2000      10000          6
   0       14     1722     9968     17118871407     17118881375        19871351       8235       2000      10000         10
   0       14     1345     9968     17118881409     17118891378        19881353       8610       2000      10000         12
   0       14     1297     9957     17118891418     17118901376        19891362       8649       2000      10000         10
   0       14     1955     9952     17118901421     17118911372        19901365       7989       2000      10000          7
   0       14     1955     9962     17118911410     17118921372        19911354       8000       2000      10000          7
   0       14     1955     9964     17118921408     17118931372        19921352       8001       2000      10000          7
   0       14     1955     9964     17118931408     17118941372        19931352       8002       2000      10000          7
   0       14     1955     9964     17118941408     17118951372        19941352       8001       2000      10000          7
   0       14     1955     9964     17118951407     17118961372        19951351       8002       2000      10000          7
   0       14     1955     9964     17118961408     17118971372        19961352       8001       2000      10000          7
   0       14     1955     9964     17118971408     17118981372        19971352       8002       2000      10000          7
   0       14     1955     9965     17118981406     17118991372        19981350       8003       2000      10000          7
