#idx     perf      run   period           start             end          rel_st      slack c_duration   c_period     wu_lat
   0       14     1971     1973     14659770562     14659772535            9444      -1271       2000      10000          0
   0       14     1972     9576     14659772996     14659782572           11878       7566       2000      10000         37
   0       14     1963     9568     14659783003     14659792571           21885       7568       2000      10000         36
   0       14     1963     9582     14659792986     14659802568           31867       7585       2000      10000         32
   0       14     1963     9561     14659802983     14659812545           41865       7587       2000      10000         10
   0       14     1991     9655     14659812917     14659822572           51799       7626       2000      10000         37
   0       14     1963     9591     14659822979     14659832570           61860       7592       2000      10000         34
   0       14     1963     9589     14659832980     14659842569           71862       7591       2000      10000         33
   0       14     1963     9586     14659842983     14659852569           81864       7588       2000      10000         33
   0       14     1963     9592     14659852977     14659862569           91859       7594       2000      10000         33
   0       14     1963     9585     14659862985     14659872569          101866       7586       2000      10000         33
   0       14     1963     9590     14659872979     14659882569          111860       7592       2000      10000         33
   0       14     1963     9591     14659882978     14659892569          121859       7593       2000      10000         33
   0       14     1987     9588     14659892981     14659902569          131862       7566       2000      10000         33
   0       14     1963     9590     14659902980     14659912569          141861       7591       2000      10000         33
   0       14     1963     9592     14659912977     14659922569          151859       7594       2000      10000         34
   0       14     1963     9590     14659922978     14659932569          161860       7593       2000      10000         33
   0       14     1963     9585     14659932984     14659942569          171866       7587       2000      10000         33
   0       14     1979     9591     14659942978     14659952569          181860       7577       2000      10000         33
   0       14     1979     9591     14659952978     14659962569          191860       7577       2000      10000         33
   0       14     1963     9580     14659962990     14659972570          201872       7581       2000      10000         34
   0       14     1963     9589     14659972980     14659982569          211861       7591       2000      10000         33
   0       14     1963     9592     14659982977     14659992569          221859       7594       2000      10000         34
   0       14     1963     9586     14659992983     14660002569          231865       7588       2000      10000         34
   0       14     1963     9586     14660002983     14660012569          241864       7588       2000      10000         33
   0       14     1963     9591     14660012978     14660022569          251860       7593       2000      10000         33
   0       14     1987     9590     14660022979     14660032569          261861       7568       2000      10000         33
   0       14     1963     9589     14660032981     14660042570          271862       7590       2000      10000         34
   0       14     1963     9587     14660042982     14660052569          281864       7589       2000      10000         34
   0       14     1963     9591     14660052979     14660062569          291860       7592       2000      10000         33
   0       14     1963     9592     14660062977     14660072569          301858       7594       2000      10000         33
   0       14     1963     9595     14660072974     14660082569          311856       7597       2000      10000         33
   0       14     1963     9588     14660082981     14660092569          321863       7590       2000      10000         33
   0       14     1963     9567     14660093002     14660102569          331883       7569       2000      10000         33
   0       14     1963     9590     14660102980     14660112570          341861       7591       2000      10000         35
   0       14     1963     9590     14660112979     14660122570          351861       7592       2000      10000         34
   0       14     1963     9592     14660122977     14660132569          361858       7595       2000      10000         33
   0       14     1963     9566     14660132978     14660142544          371860       7593       2000      10000          9
   0       14     1963     9666     14660142903     14660152569          381785       7668       2000      10000         33
   0       14     1963     9592     14660152978     14660162570          391860       7593       2000      10000         34
   0       14     1963     9592     14660162978     14660172570          401859       7593       2000      10000         34
   0       14     1963     9583     14660172986     14660182569          411868       7585       2000      10000         34
   0       14     1987     9592     14660182977     14660192569          421859       7570       2000      10000         33
   0       14     1963     9583     14660192985     14660202569          431867       7586       2000      10000         33
   0       14     1979     9592     14660202977     14660212569          441858       7578       2000      10000         33
   0       14     1963     9588     14660212981     14660222569          451863       7590       2000      10000         33
   0       14     1963     9592     14660222977     14660232569          461859       7594       2000      10000         33
   0       14     1963     9560     14660232984     14660242544          471865       7588       2000      10000          8
   0       14     1963     9669     14660242900     14660252569          481781       7672       2000      10000         33
   0       14     1963     9593     14660252976     14660262569          491857       7595       2000      10000         33
   0       14     1963     9595     14660262974     14660272569          501856       7597       2000      10000         33
   0       14     1963     9595     14660272975     14660282569          511856       7596       2000      10000         33
   0       14     1987     9595     14660282975     14660292570          521856       7572       2000      10000         34
   0       14     1963     9588     14660292982     14660302570          531863       7589       2000      10000         34
   0       14     1963     9594     14660302976     14660312569          541857       7595       2000      10000         34
   0       14     1987     9590     14660312979     14660322568          551860       7568       2000      10000         33
   0       14     1963     9591     14660322977     14660332569          561859       7594       2000      10000         33
   0       14     1963     9591     14660332978     14660342570          571860       7593       2000      10000         34
   0       14     1963     9597     14660342973     14660352571          581855       7598       2000      10000         35
   0       14     1963     9593     14660352975     14660362568          591857       7596       2000      10000         32
   0       14     1963     9581     14660362963     14660372544          601844       7609       2000      10000          9
   0       14     1987     9638     14660372905     14660382543          611787       7642       2000      10000          8
   0       14     1963     9664     14660382905     14660392569          621787       7666       2000      10000         34
   0       14     1963     9610     14660392959     14660402569          631841       7612       2000      10000         33
   0       14     1963     9592     14660402979     14660412570          641860       7593       2000      10000         35
   0       14     1963     9593     14660412977     14660422570          651859       7594       2000      10000         34
   0       14     1963     9575     14660422995     14660432570          661877       7576       2000      10000         34
   0       14     1963     9592     14660432978     14660442570          671860       7593       2000      10000         34
   0       14     1987     9594     14660442974     14660452568          681856       7573       2000      10000         32
   0       14     1963     9592     14660452977     14660462568          691858       7594       2000      10000         33
   0       14     1963     9586     14660462982     14660472568          701864       7589       2000      10000         33
   0       14     1963     9592     14660472977     14660482569          711858       7594       2000      10000         33
   0       14     1963     9592     14660482978     14660492569          721859       7593       2000      10000         34
   0       14     1979     9586     14660492982     14660502568          731864       7573       2000      10000         33
   0       14     1963     9596     14660502973     14660512569          741855       7598       2000      10000         33
   0       14     1963     9591     14660512977     14660522568          751859       7594       2000      10000         33
   0       14     1963     9593     14660522976     14660532569          761858       7595       2000      10000         33
   0       14     1963     9592     14660532977     14660542569          771858       7594       2000      10000         33
   0       14     1963     9593     14660542975     14660552568          781857       7596       2000      10000         33
   0       14     1963     9593     14660552976     14660562569          791857       7595       2000      10000         33
   0       14     1971     9593     14660562976     14660572568          801857       7587       2000      10000         33
   0       14     1963     9590     14660572978     14660582569          811860       7593       2000      10000         33
   0       14     1963     9594     14660582975     14660592568          821856       7597       2000      10000         33
   0       14     1963     9592     14660592977     14660602569          831859       7594       2000      10000         33
   0       14     1963     9583     14660602986     14660612569          841867       7585       2000      10000         33
   0       14     1963     9586     14660612982     14660622568          851864       7589       2000      10000         32
   0       14     1971     9589     14660622979     14660632568          861861       7584       2000      10000         32
   0       14     1963     9593     14660632976     14660642569          871858       7595       2000      10000         33
   0       14     1963     9589     14660642979     14660652568          881861       7592       2000      10000         32
   0       14     1963     9593     14660652977     14660662570          891859       7594       2000      10000         34
   0       14     1963     9591     14660662978     14660672569          901859       7593       2000      10000         34
   0       14     1963     9589     14660672980     14660682569          911861       7591       2000      10000         33
   0       14     1963     9589     14660682981     14660692569          921862       7590       2000      10000         33
   0       14     1987     9589     14660692980     14660702569          931862       7567       2000      10000         33
   0       14     1963     9593     14660702978     14660712570          941859       7593       2000      10000         34
   0       14     1963     9591     14660712977     14660722568          951859       7594       2000      10000         32
   0       14     1963     9592     14660722977     14660732569          961859       7594       2000      10000         33
   0       14     1963     9593     14660732976     14660742569          971858       7595       2000      10000         33
   0       14     1963     9589     14660742979     14660752568          981860       7592       2000      10000         32
   0       14     1971     9573     14660752996     14660762569          991878       7567       2000      10000         33
   0       14     1979     9589     14660762980     14660772569         1001861       7575       2000      10000         33
   0       14     1963     9590     14660772979     14660782569         1011860       7592       2000      10000         33
   0       14     1963     9591     14660782977     14660792569         1021859       7594       2000      10000         33
   0       14     1963     9590     14660792978     14660802569         1031860       7593       2000      10000         33
   0       14     1963     9567     14660802977     14660812544         1041858       7594       2000      10000          9
   0       14     1963     9647     14660812921     14660822568         1051803       7650       2000      10000         33
   0       14     1963     9588     14660822981     14660832569         1061863       7590       2000      10000         34
   0       14     1963     9587     14660832982     14660842569         1071864       7589       2000      10000         33
   0       14     1963     9593     14660842976     14660852569         1081857       7595       2000      10000         33
   0       14     1963     9589     14660852979     14660862568         1091860       7593       2000      10000         32
   0       14     1963     9589     14660862979     14660872568         1101860       7592       2000      10000         32
   0       14     1963     9593     14660872977     14660882569         1111858       7594       2000      10000         34
   0       14     1963     9592     14660882978     14660892570         1121860       7593       2000      10000         34
   0       14     1963     9592     14660892977     14660902569         1131858       7594       2000      10000         33
   0       14     1963     9593     14660902976     14660912569         1141858       7595       2000      10000         33
   0       14     1971     9590     14660912978     14660922569         1151860       7585       2000      10000         33
   0       14     1963     9587     14660922982     14660932569         1161864       7589       2000      10000         33
   0       14     1963     9589     14660932979     14660942568         1171860       7592       2000      10000         32
   0       14     1987     9591     14660942978     14660952568         1181859       7569       2000      10000         32
   0       14     1963     9594     14660952976     14660962569         1191857       7595       2000      10000         33
   0       14     1963     9591     14660962978     14660972569         1201859       7593       2000      10000         33
   0       14     1963     9593     14660972976     14660982569         1211857       7595       2000      10000         33
   0       14     1963     9590     14660982980     14660992569         1221861       7591       2000      10000         34
   0       14     1963     9588     14660992981     14661002569         1231863       7590       2000      10000         33
   0       14     1963     9587     14661002982     14661012569         1241864       7589       2000      10000         33
   0       14     1963     9586     14661012983     14661022569         1251865       7588       2000      10000         33
   0       14     1963     9596     14661022974     14661032570         1261856       7597       2000      10000         34
   0       14     1963     9581     14661032987     14661042568         1271869       7584       2000      10000         32
   0       14     1963     9590     14661042978     14661052568         1281860       7593       2000      10000         33
   0       14     1963     9591     14661052978     14661062570         1291860       7593       2000      10000         34
   0       14     1963     9590     14661062979     14661072569         1301861       7592       2000      10000         33
   0       14     1963     9593     14661072976     14661082568         1311857       7595       2000      10000         33
   0       14     1963     9577     14661082993     14661092570         1321874       7578       2000      10000         34
   0       14     1963     9589     14661092980     14661102569         1331861       7591       2000      10000         33
   0       14     1963     9587     14661102983     14661112570         1341864       7588       2000      10000         34
   0       14     1963     9593     14661112977     14661122569         1351858       7594       2000      10000         34
   0       14     1963     9587     14661122982     14661132569         1361864       7589       2000      10000         33
   0       14     1963     9569     14661132975     14661142544         1371857       7596       2000      10000          9
   0       14     1963     9664     14661142905     14661152569         1381787       7666       2000      10000         33
   0       14     1963     9588     14661152981     14661162570         1391863       7590       2000      10000         34
   0       14     1963     9590     14661162979     14661172569         1401861       7592       2000      10000         33
   0       14     1963     9590     14661172979     14661182569         1411861       7592       2000      10000         33
   0       14     1963     9590     14661182978     14661192568         1421860       7593       2000      10000         33
   0       14     1963     9594     14661192975     14661202569         1431856       7596       2000      10000         33
   0       14     1971     9588     14661202981     14661212569         1441862       7582       2000      10000         33
   0       14     1963     9591     14661212978     14661222569         1451859       7593       2000      10000         33
   0       14     1963     9591     14661222978     14661232569         1461860       7593       2000      10000         34
   0       14     1963     9594     14661232974     14661242568         1471856       7597       2000      10000         33
   0       14     1963     9584     14661242986     14661252569         1481867       7585       2000      10000         33
   0       14     1963     9596     14661252973     14661262569         1491854       7598       2000      10000         33
   0       14     1963     9593     14661262977     14661272569         1501858       7594       2000      10000         34
   0       14     1963     9594     14661272975     14661282569         1511857       7596       2000      10000         33
   0       14     1963     9591     14661282979     14661292570         1521861       7592       2000      10000         34
   0       14     1963     9594     14661292975     14661302569         1531857       7596       2000      10000         34
   0       14     1963     9590     14661302979     14661312570         1541861       7592       2000      10000         34
   0       14     1963     9591     14661312978     14661322569         1551860       7593       2000      10000         33
   0       14     1963     9595     14661322973     14661332568         1561855       7598       2000      10000         32
   0       14     1963     9593     14661332974     14661342567         1571856       7597       2000      10000         32
   0       14     1963     9591     14661342978     14661352569         1581860       7593       2000      10000         33
   0       14     1963     9594     14661352975     14661362569         1591856       7596       2000      10000         34
   0       14     1963     9589     14661362979     14661372568         1601860       7592       2000      10000         32
   0       14     1963     9594     14661372975     14661382569         1611857       7596       2000      10000         33
   0       14     1963     9569     14661382974     14661392543         1621856       7597       2000      10000          8
   0       14     1963     9642     14661392901     14661402543         1631783       7670       2000      10000          8
   0       14     1979     9660     14661402902     14661412562         1641783       7653       2000      10000         27
   0       14     1963     9632     14661412937     14661422569         1651819       7634       2000      10000         33
   0       14     1963     9592     14661422978     14661432570         1661860       7593       2000      10000         34
   0       14     1963     9591     14661432978     14661442569         1671859       7593       2000      10000         33
   0       14     1979     9594     14661442975     14661452569         1681856       7580       2000      10000         33
   0       14     1963     9618     14661452951     14661462569         1691832       7620       2000      10000         33
   0       14     1963     9580     14661462990     14661472570         1701871       7581       2000      10000         34
   0       14     1963     9593     14661472977     14661482570         1711859       7594       2000      10000         34
   0       14     1963     9593     14661482976     14661492569         1721857       7595       2000      10000         33
   0       14     1963     9594     14661492975     14661502569         1731856       7596       2000      10000         33
   0       14     1963     9593     14661502976     14661512569         1741858       7595       2000      10000         33
   0       14     1963     9596     14661512973     14661522569         1751855       7598       2000      10000         33
   0       14     1963     9594     14661522976     14661532570         1761857       7595       2000      10000         34
   0       14     1963     9594     14661532975     14661542569         1771857       7596       2000      10000         34
   0       14     1963     9593     14661542976     14661552569         1781858       7595       2000      10000         34
   0       14     1963     9594     14661552974     14661562568         1791856       7597       2000      10000         32
   0       14     1963     9595     14661562974     14661572569         1801856       7597       2000      10000         33
   0       14     1963     9593     14661572975     14661582568         1811856       7596       2000      10000         32
   0       14     1963     9591     14661582979     14661592570         1821860       7593       2000      10000         34
   0       14     1987     9590     14661592978     14661602568         1831860       7569       2000      10000         32
   0       14     1963     9592     14661602977     14661612569         1841858       7595       2000      10000         33
   0       14     1963     9591     14661612977     14661622568         1851859       7594       2000      10000         33
   0       14     1963     9590     14661622978     14661632568         1861860       7593       2000      10000         32
   0       14     1963     9592     14661632977     14661642568         1871858       7594       2000      10000         32
   0       14     1963     9594     14661642977     14661652571         1881858       7594       2000      10000         35
   0       14     1987     9591     14661652978     14661662569         1891859       7569       2000      10000         33
   0       14     1987     9592     14661662978     14661672570         1901859       7569       2000      10000         34
   0       14     1979     9583     14661672987     14661682569         1911868       7568       2000      10000         33
   0       14     1963     9591     14661682978     14661692570         1921860       7593       2000      10000         34
   0       14     1963     9589     14661692979     14661702568         1931860       7592       2000      10000         32
   0       14     1963     9592     14661702977     14661712569         1941858       7594       2000      10000         33
   0       14     1963     9592     14661712977     14661722569         1951858       7594       2000      10000         33
   0       14     1963     9593     14661722976     14661732569         1961858       7595       2000      10000         34
   0       14     1963     9590     14661732979     14661742569         1971860       7593       2000      10000         33
   0       14     1963     9574     14661742995     14661752569         1981877       7576       2000      10000         34
   0       14     1963     9594     14661752975     14661762569         1991857       7596       2000      10000         34
   0       14     1963     9591     14661762978     14661772569         2001859       7593       2000      10000         33
   0       14     1963     9592     14661772976     14661782569         2011858       7595       2000      10000         33
   0       14     1963     9590     14661782978     14661792568         2021860       7593       2000      10000         33
   0       14     1963     9593     14661792977     14661802570         2031858       7594       2000      10000         34
   0       14     1963     9568     14661802976     14661812544         2041858       7595       2000      10000          9
   0       14     1963     9653     14661812916     14661822570         2051798       7655       2000      10000         34
   0       14     1963     9569     14661822976     14661832545         2061858       7595       2000      10000         10
   0       14     1963     9663     14661832906     14661842569         2071788       7665       2000      10000         33
   0       14     1963     9592     14661842976     14661852568         2081858       7595       2000      10000         33
   0       14     1979     9589     14661852979     14661862568         2091861       7576       2000      10000         33
   0       14     1963     9593     14661862976     14661872569         2101858       7595       2000      10000         33
   0       14     1979     9593     14661872976     14661882569         2111858       7579       2000      10000         33
   0       14     1963     9593     14661882976     14661892569         2121857       7595       2000      10000         33
   0       14     1963     9583     14661892986     14661902570         2131868       7585       2000      10000         34
   0       14     1963     9587     14661902981     14661912569         2141863       7590       2000      10000         33
   0       14     1963     9592     14661912977     14661922569         2151858       7594       2000      10000         33
   0       14     1963     9591     14661922978     14661932570         2161860       7593       2000      10000         34
   0       14     1963     9592     14661932978     14661942570         2171859       7593       2000      10000         34
   0       14     1963     9588     14661942982     14661952570         2181864       7589       2000      10000         34
   0       14     1963     9591     14661952978     14661962569         2191860       7593       2000      10000         33
   0       14     1963     9592     14661962977     14661972568         2201858       7594       2000      10000         33
   0       14     1963     9594     14661972974     14661982569         2211856       7597       2000      10000         33
   0       14     1963     9593     14661982976     14661992570         2221858       7595       2000      10000         34
   0       14     1963     9592     14661992976     14662002569         2231858       7594       2000      10000         33
   0       14     1963     9592     14662002977     14662012569         2241859       7594       2000      10000         33
   0       14     1963     9594     14662012975     14662022569         2251856       7596       2000      10000         33
   0       14     1963     9592     14662022977     14662032569         2261859       7594       2000      10000         34
   0       14     1963     9593     14662032976     14662042569         2271858       7595       2000      10000         33
   0       14     1963     9596     14662042974     14662052570         2281856       7597       2000      10000         34
   0       14     1963     9590     14662052979     14662062569         2291860       7592       2000      10000         33
   0       14     1963     9588     14662062983     14662072570         2301864       7588       2000      10000         35
   0       14     1963     9575     14662072995     14662082570         2311877       7576       2000      10000         34
   0       14     1963     9587     14662082982     14662092569         2321864       7589       2000      10000         33
   0       14     1963     9591     14662092978     14662102569         2331859       7593       2000      10000         33
   0       14     1963     9584     14662102986     14662112569         2341867       7585       2000      10000         33
   0       14     1963     9591     14662112979     14662122570         2351860       7592       2000      10000         34
   0       14     1963     9588     14662122981     14662132569         2361862       7590       2000      10000         33
   0       14     1963     9592     14662132977     14662142570         2371859       7594       2000      10000         34
   0       14     1963     9593     14662142977     14662152570         2381858       7594       2000      10000         35
   0       14     1963     9592     14662152977     14662162569         2391859       7594       2000      10000         34
   0       14     1963     9593     14662162976     14662172569         2401858       7595       2000      10000         33
   0       14     1987     9591     14662172979     14662182570         2411861       7568       2000      10000         34
   0       14     1963     9591     14662182978     14662192569         2421860       7593       2000      10000         33
   0       14     1963     9589     14662192981     14662202570         2431863       7590       2000      10000         34
   0       14     1963     9590     14662202980     14662212569         2441861       7591       2000      10000         34
   0       14     1979     9591     14662212978     14662222569         2451860       7577       2000      10000         33
   0       14     1963     9593     14662222977     14662232570         2461859       7594       2000      10000         34
   0       14     1963     9592     14662232977     14662242569         2471858       7594       2000      10000         33
   0       14     1963     9594     14662242976     14662252569         2481857       7595       2000      10000         34
   0       14     1963     9593     14662252977     14662262570         2491858       7594       2000      10000         34
   0       14     1963     9592     14662262978     14662272569         2501859       7593       2000      10000         34
   0       14     1963     9588     14662272980     14662282568         2511862       7591       2000      10000         33
   0       14     1963     9591     14662282978     14662292569         2521860       7593       2000      10000         34
   0       14     1963     9592     14662292977     14662302569         2531858       7594       2000      10000         33
   0       14     1987     9592     14662302977     14662312569         2541858       7570       2000      10000         33
   0       14     1963     9593     14662312977     14662322570         2551859       7594       2000      10000         34
   0       14     1963     9584     14662322985     14662332569         2561866       7586       2000      10000         33
   0       14     1963     9591     14662332978     14662342569         2571859       7593       2000      10000         33
   0       14     1963     9591     14662342978     14662352568         2581859       7593       2000      10000         33
   0       14     1963     9589     14662352980     14662362569         2591861       7591       2000      10000         33
   0       14     1963     9591     14662362977     14662372568         2601859       7594       2000      10000         33
   0       14     1963     9595     14662372974     14662382568         2611855       7597       2000      10000         32
   0       14     1963     9592     14662382977     14662392569         2621859       7594       2000      10000         33
   0       14     1963     9595     14662392976     14662402571         2631858       7595       2000      10000         35
   0       14     1963     9578     14662402991     14662412569         2641873       7580       2000      10000         33
   0       14     1963     9581     14662412963     14662422543         2651844       7608       2000      10000          8
   0       14     1963     9639     14662422905     14662432543         2661786       7666       2000      10000          8
   0       14     1963     9668     14662432903     14662442570         2671784       7668       2000      10000         34
   0       14     1963     9616     14662442953     14662452569         2681835       7618       2000      10000         34
   0       14     1963     9591     14662452978     14662462569         2691859       7593       2000      10000         33
   0       14     1963     9593     14662462977     14662472570         2701858       7594       2000      10000         34
   0       14     1963     9591     14662472977     14662482569         2711859       7594       2000      10000         33
   0       14     1963     9594     14662482975     14662492570         2721857       7596       2000      10000         34
   0       14     1963     9590     14662492979     14662502569         2731860       7592       2000      10000         33
   0       14     1963     9589     14662502980     14662512569         2741861       7591       2000      10000         33
   0       14     1963     9591     14662512979     14662522569         2751860       7592       2000      10000         33
   0       14     1963     9585     14662522986     14662532571         2761868       7585       2000      10000         35
   0       14     1963     9583     14662532986     14662542569         2771867       7585       2000      10000         33
   0       14     1963     9587     14662542982     14662552569         2781863       7589       2000      10000         33
   0       14     1963     9592     14662552977     14662562569         2791859       7594       2000      10000         34
   0       14     1963     9593     14662562978     14662572570         2801859       7594       2000      10000         34
   0       14     1963     9592     14662572977     14662582569         2811858       7594       2000      10000         33
   0       14     1979     9593     14662582977     14662592570         2821859       7578       2000      10000         35
   0       14     1963     9592     14662592976     14662602568         2831857       7595       2000      10000         32
   0       14     1963     9593     14662602977     14662612570         2841858       7594       2000      10000         34
   0       14     1963     9592     14662612977     14662622569         2851859       7594       2000      10000         33
   0       14     1963     9593     14662622976     14662632569         2861857       7595       2000      10000         33
   0       14     1963     9592     14662632976     14662642568         2871858       7595       2000      10000         32
   0       14     1963     9592     14662642976     14662652569         2881858       7595       2000      10000         33
   0       14     1963     9586     14662652983     14662662569         2891864       7588       2000      10000         33
   0       14     1963     9591     14662662978     14662672569         2901860       7593       2000      10000         34
   0       14     1963     9591     14662672978     14662682569         2911860       7593       2000      10000         33
   0       14     1963     9593     14662682977     14662692570         2921858       7594       2000      10000         34
   0       14     1963     9592     14662692977     14662702570         2931859       7594       2000      10000         34
   0       14     1963     9591     14662702978     14662712570         2941860       7593       2000      10000         34
   0       14     1963     9592     14662712977     14662722570         2951859       7594       2000      10000         34
   0       14     1963     9595     14662722975     14662732571         2961857       7596       2000      10000         35
   0       14     1963     9575     14662732995     14662742570         2971877       7576       2000      10000         34
   0       14     1963     9583     14662742987     14662752569         2981868       7584       2000      10000         34
   0       14     1963     9588     14662752981     14662762569         2991863       7590       2000      10000         33
   0       14     1963     9569     14662762976     14662772545         3001857       7595       2000      10000         10
   0       14     1963     9666     14662772903     14662782569         3011784       7668       2000      10000         34
   0       14     1963     9596     14662782974     14662792569         3021855       7597       2000      10000         33
   0       14     1963     9594     14662792975     14662802569         3031856       7596       2000      10000         33
   0       14     1963     9570     14662802976     14662812546         3041858       7595       2000      10000         11
   0       14     1963     9659     14662812912     14662822571         3051793       7659       2000      10000         35
   0       14     1963     9595     14662822975     14662832569         3061856       7597       2000      10000         34
   0       14     1963     9592     14662832977     14662842569         3071859       7594       2000      10000         33
   0       14     1963     9595     14662842975     14662852570         3081857       7596       2000      10000         34
   0       14     1963     9592     14662852978     14662862570         3091860       7593       2000      10000         34
   0       14     1963     9567     14662862977     14662872545         3101859       7594       2000      10000         10
   0       14     1963     9665     14662872904     14662882570         3111786       7667       2000      10000         34
   0       14     1963     9593     14662882977     14662892570         3121858       7594       2000      10000         34
   0       14     1963     9588     14662892981     14662902569         3131863       7590       2000      10000         33
   0       14     1971     9594     14662902976     14662912570         3141858       7587       2000      10000         34
   0       14     1963     9592     14662912977     14662922569         3151859       7594       2000      10000         34
   0       14     1987     9594     14662922976     14662932569         3161857       7571       2000      10000         33
   0       14     1963     9592     14662932977     14662942569         3171859       7594       2000      10000         33
   0       14     1963     9591     14662942979     14662952570         3181860       7592       2000      10000         34
   0       14     1963     9590     14662952979     14662962569         3191860       7592       2000      10000         33
   0       14     1963     9588     14662962981     14662972569         3201863       7590       2000      10000         33
   0       14     1963     9588     14662972982     14662982569         3211863       7589       2000      10000         34
   0       14     1963     9591     14662982977     14662992569         3221859       7594       2000      10000         33
   0       14     1979     9591     14662992978     14663002569         3231859       7577       2000      10000         33
   0       14     1963     9592     14663002977     14663012569         3241858       7594       2000      10000         34
   0       14     1963     9591     14663012979     14663022570         3251860       7592       2000      10000         34
   0       14     1963     9594     14663022976     14663032569         3261857       7596       2000      10000         34
   0       14     1963     9593     14663032977     14663042570         3271859       7594       2000      10000         34
   0       14     1987     9591     14663042978     14663052569         3281860       7569       2000      10000         33
   0       14     1963     9582     14663052988     14663062570         3291869       7583       2000      10000         34
   0       14     1963     9581     14663063003     14663072583         3301884       7568       2000      10000         48
   0       14     1963     9607     14663072964     14663082570         3311845       7607       2000      10000         35
   0       14     1963     9591     14663082978     14663092569         3321859       7593       2000      10000         33
   0       14     1963     9592     14663092977     14663102569         3331859       7594       2000      10000         33
   0       14     1963     9590     14663102978     14663112568         3341859       7593       2000      10000         32
   0       14     1963     9590     14663112979     14663122569         3351861       7592       2000      10000         33
   0       14     1963     9593     14663122977     14663132569         3361858       7595       2000      10000         33
   0       14     1963     9586     14663132983     14663142569         3371864       7588       2000      10000         33
   0       14     1963     9593     14663142977     14663152570         3381858       7594       2000      10000         34
   0       14     1963     9591     14663152978     14663162569         3391859       7593       2000      10000         33
   0       14     1963     9594     14663162977     14663172571         3401858       7594       2000      10000         35
   0       14     1963     9578     14663172992     14663182570         3411874       7579       2000      10000         34
   0       14     1963     9591     14663182979     14663192570         3421861       7592       2000      10000         34
   0       14     1963     9588     14663192981     14663202569         3431863       7590       2000      10000         33
   0       14     1963     9587     14663202980     14663212567         3441862       7591       2000      10000         31
   0       14     1963     9589     14663212981     14663222569         3451862       7590       2000      10000         34
   0       14     1963     9593     14663222977     14663232570         3461858       7594       2000      10000         34
   0       14     1963     9595     14663232977     14663242572         3471859       7594       2000      10000         36
   0       14     1963     9592     14663242977     14663252570         3481859       7594       2000      10000         34
   0       14     1963     9592     14663252978     14663262570         3491859       7593       2000      10000         34
   0       14     1963     9564     14663262980     14663272544         3501862       7591       2000      10000          9
   0       14     1963     9664     14663272905     14663282568         3511786       7666       2000      10000         33
   0       14     1963     9589     14663282979     14663292568         3521861       7592       2000      10000         32
   0       14     1963     9594     14663292976     14663302569         3531857       7595       2000      10000         33
   0       14     1963     9589     14663302980     14663312569         3541861       7591       2000      10000         33
   0       14     1963     9592     14663312978     14663322570         3551860       7593       2000      10000         34
   0       14     1963     9592     14663322977     14663332569         3561859       7594       2000      10000         34
   0       14     1963     9595     14663332974     14663342570         3571856       7597       2000      10000         34
   0       14     1963     9589     14663342980     14663352568         3581861       7591       2000      10000         33
   0       14     1963     9595     14663352975     14663362570         3591857       7596       2000      10000         34
   0       14     1963     9592     14663362978     14663372570         3601860       7593       2000      10000         34
   0       14     1963     9590     14663372979     14663382569         3611860       7592       2000      10000         33
   0       14     1963     9594     14663382975     14663392569         3621857       7596       2000      10000         33
   0       14     1963     9568     14663393003     14663402571         3631885       7568       2000      10000         35
   0       14     1963     9591     14663402979     14663412570         3641861       7592       2000      10000         35
   0       14     1963     9593     14663412977     14663422570         3651859       7594       2000      10000         34
   0       14     1963     9563     14663422980     14663432543         3661862       7591       2000      10000          8
   0       14     1963     9579     14663432964     14663442543         3671846       7607       2000      10000          8
   0       14     1963     9648     14663442903     14663452552         3681785       7668       2000      10000         17
   0       14     1963     9658     14663452911     14663462569         3691793       7660       2000      10000         34
   0       14     1987     9594     14663462977     14663472570         3701858       7570       2000      10000         35
   0       14     1963     9596     14663472973     14663482570         3711855       7598       2000      10000         34
   0       14     1963     9593     14663482977     14663492569         3721858       7594       2000      10000         34
   0       14     1963     9591     14663492979     14663502570         3731860       7592       2000      10000         34
   0       14     1963     9593     14663502976     14663512569         3741857       7595       2000      10000         33
   0       14     1987     9593     14663512976     14663522570         3751858       7571       2000      10000         34
   0       14     1963     9594     14663522976     14663532570         3761857       7595       2000      10000         34
   0       14     1963     9593     14663532976     14663542569         3771858       7595       2000      10000         33
   0       14     1963     9594     14663542975     14663552569         3781857       7596       2000      10000         34
   0       14     1963     9597     14663552973     14663562570         3791854       7598       2000      10000         34
   0       14     1963     9594     14663562975     14663572570         3801857       7596       2000      10000         34
   0       14     1963     9592     14663572977     14663582570         3811859       7594       2000      10000         34
   0       14     1963     9592     14663582978     14663592570         3821860       7593       2000      10000         34
   0       14     1963     9592     14663592977     14663602570         3831859       7594       2000      10000         34
   0       14     1963     9586     14663602986     14663612571         3841867       7585       2000      10000         36
   0       14     1963     9589     14663612981     14663622570         3851863       7590       2000      10000         34
   0       14     1963     9592     14663622978     14663632570         3861860       7593       2000      10000         34
   0       14     1963     9594     14663632976     14663642570         3871857       7595       2000      10000         34
   0       14     1963     9588     14663642981     14663652569         3881863       7590       2000      10000         34
   0       14     1963     9593     14663652977     14663662570         3891859       7594       2000      10000         34
   0       14     1963     9594     14663662976     14663672570         3901857       7595       2000      10000         34
   0       14     1963     9590     14663672978     14663682568         3911860       7593       2000      10000         33
   0       14     1963     9592     14663682979     14663692571         3921860       7592       2000      10000         35
   0       14     1963     9595     14663692974     14663702569         3931856       7597       2000      10000         33
   0       14     1963     9594     14663702975     14663712569         3941857       7596       2000      10000         33
   0       14     1963     9595     14663712975     14663722570         3951856       7596       2000      10000         34
   0       14     1963     9573     14663722996     14663732570         3961878       7575       2000      10000         34
   0       14     1963     9591     14663732979     14663742570         3971861       7592       2000      10000         34
   0       14     1963     9591     14663742978     14663752570         3981860       7593       2000      10000         34
   0       14     1963     9595     14663752974     14663762569         3991856       7597       2000      10000         34
   0       14     1963     9591     14663762977     14663772568         4001859       7594       2000      10000         32
   0       14     1963     9593     14663772976     14663782569         4011857       7595       2000      10000         33
   0       14     1963     9592     14663782978     14663792569         4021859       7593       2000      10000         33
   0       14     1963     9592     14663792977     14663802569         4031858       7594       2000      10000         33
   0       14     1963     9566     14663802979     14663812545         4041861       7592       2000      10000         10
   0       14     1987     9660     14663812911     14663822570         4051792       7636       2000      10000         35
   0       14     1963     9578     14663822992     14663832570         4061874       7579       2000      10000         34
   0       14     1963     9567     14663832977     14663842544         4071858       7594       2000      10000          8
   0       14     1963     9669     14663842901     14663852570         4081783       7670       2000      10000         34
   0       14     1963     9590     14663852980     14663862570         4091862       7591       2000      10000         34
   0       14     1963     9591     14663862979     14663872570         4101860       7592       2000      10000         34
   0       14     1963     9590     14663872979     14663882569         4111861       7592       2000      10000         33
   0       14     1963     9588     14663882982     14663892569         4121863       7589       2000      10000         33
   0       14     1963     9592     14663892978     14663902569         4131859       7593       2000      10000         33
   0       14     1963     9590     14663902979     14663912569         4141861       7592       2000      10000         33
   0       14     1963     9592     14663912976     14663922569         4151858       7595       2000      10000         33
   0       14     1963     9591     14663922977     14663932568         4161859       7594       2000      10000         32
   0       14     1963     9588     14663932981     14663942569         4171862       7590       2000      10000         33
   0       14     1963     9593     14663942977     14663952570         4181859       7594       2000      10000         34
   0       14     1963     9591     14663952978     14663962569         4191860       7593       2000      10000         33
   0       14     1963     9591     14663962978     14663972569         4201860       7593       2000      10000         33
   0       14     1963     9592     14663972977     14663982569         4211858       7594       2000      10000         33
   0       14     1963     9590     14663982979     14663992569         4221861       7592       2000      10000         33
   0       14     1963     9591     14663992978     14664002569         4231859       7593       2000      10000         33
   0       14     1963     9591     14664002978     14664012569         4241860       7593       2000      10000         34
   0       14     1963     9591     14664012978     14664022569         4251860       7593       2000      10000         33
   0       14     1963     9589     14664022980     14664032569         4261861       7591       2000      10000         33
   0       14     1963     9558     14664032985     14664042543         4271867       7586       2000      10000          8
   0       14     1963     9667     14664042903     14664052570         4281784       7668       2000      10000         34
   0       14     1963     9573     14664052996     14664062569         4291878       7575       2000      10000         33
   0       14     1963     9591     14664062978     14664072569         4301860       7593       2000      10000         34
   0       14     1963     9592     14664072978     14664082569         4311859       7593       2000      10000         34
   0       14     1963     9592     14664082977     14664092569         4321859       7594       2000      10000         33
   0       14     1963     9590     14664092980     14664102570         4331862       7591       2000      10000         34
   0       14     1963     9592     14664102976     14664112568         4341858       7595       2000      10000         32
   0       14     1963     9587     14664112982     14664122570         4351864       7589       2000      10000         34
   0       14     1963     9595     14664122974     14664132569         4361855       7597       2000      10000         33
   0       14     1963     9596     14664132974     14664142570         4371856       7597       2000      10000         34
   0       14     1963     9590     14664142980     14664152570         4381861       7591       2000      10000         34
   0       14     1963     9591     14664152978     14664162569         4391860       7593       2000      10000         34
   0       14     1963     9593     14664162976     14664172569         4401858       7595       2000      10000         34
   0       14     1963     9593     14664172977     14664182570         4411859       7594       2000      10000         34
   0       14     1963     9589     14664182980     14664192569         4421862       7591       2000      10000         33
   0       14     1963     9593     14664192977     14664202570         4431859       7594       2000      10000         34
   0       14     1963     9592     14664202977     14664212569         4441859       7594       2000      10000         34
   0       14     1963     9591     14664212979     14664222570         4451860       7592       2000      10000         34
   0       14     1963     9596     14664222974     14664232571         4461856       7597       2000      10000         35
   0       14     1971     9591     14664232978     14664242569         4471860       7585       2000      10000         33
   0       14     1963     9595     14664242977     14664252572         4481858       7594       2000      10000         36
   0       14     1963     9576     14664252994     14664262570         4491876       7577       2000      10000         34
   0       14     1963     9591     14664262978     14664272569         4501859       7594       2000      10000         33
   0       14     1963     9594     14664272975     14664282569         4511856       7596       2000      10000         34
   0       14     1963     9593     14664282976     14664292569         4521858       7595       2000      10000         34
   0       14     1963     9594     14664292975     14664302569         4531856       7596       2000      10000         34
   0       14     1963     9590     14664302979     14664312569         4541861       7592       2000      10000         33
   0       14     1963     9592     14664312977     14664322569         4551859       7594       2000      10000         33
   0       14     1963     9593     14664322976     14664332569         4561858       7595       2000      10000         33
   0       14     1963     9590     14664332980     14664342570         4571862       7591       2000      10000         34
   0       14     1963     9594     14664342976     14664352569         4581857       7595       2000      10000         34
   0       14     1963     9591     14664352977     14664362569         4591859       7594       2000      10000         33
   0       14     1979     9590     14664362979     14664372568         4601860       7576       2000      10000         33
   0       14     1963     9594     14664372975     14664382570         4611857       7596       2000      10000         34
   0       14     1963     9579     14664382991     14664392569         4621872       7580       2000      10000         34
   0       14     1963     9592     14664392977     14664402570         4631859       7594       2000      10000         34
   0       14     1963     9593     14664402975     14664412568         4641857       7596       2000      10000         32
   0       14     1963     9564     14664412979     14664422543         4651860       7592       2000      10000          8
   0       14     1963     9666     14664422903     14664432569         4661784       7668       2000      10000         33
   0       14     1963     9588     14664432980     14664442569         4671862       7591       2000      10000         33
   0       14     1963     9601     14664442977     14664452578         4681859       7594       2000      10000         42
   0       14     1963     9580     14664452964     14664462543         4691845       7607       2000      10000          8
   0       14     1963     9627     14664462916     14664472543         4701798       7655       2000      10000          8
   0       14     1963     9663     14664472905     14664482569         4711787       7666       2000      10000         33
   0       14     1963     9590     14664482979     14664492570         4721861       7592       2000      10000         34
   0       14     1963     9593     14664492977     14664502569         4731858       7594       2000      10000         34
   0       14     1963     9593     14664502976     14664512569         4741858       7595       2000      10000         33
   0       14     1963     9592     14664512977     14664522569         4751859       7594       2000      10000         33
   0       14     1963     9592     14664522977     14664532569         4761859       7594       2000      10000         34
   0       14     1963     9585     14664532984     14664542569         4771866       7587       2000      10000         33
   0       14     1963     9596     14664542973     14664552569         4781855       7598       2000      10000         33
   0       14     1963     9590     14664552979     14664562569         4791861       7592       2000      10000         33
   0       14     1963     9594     14664562976     14664572570         4801858       7595       2000      10000         34
   0       14     1963     9586     14664572983     14664582569         4811865       7588       2000      10000         34
   0       14     1963     9588     14664582980     14664592568         4821862       7591       2000      10000         33
   0       14     1963     9593     14664592977     14664602570         4831858       7594       2000      10000         34
   0       14     1963     9593     14664602977     14664612569         4841858       7594       2000      10000         34
   0       14     1963     9595     14664612975     14664622570         4851856       7596       2000      10000         34
   0       14     1963     9593     14664622976     14664632569         4861858       7595       2000      10000         34
   0       14     1963     9591     14664632979     14664642569         4871860       7592       2000      10000         34
   0       14     1963     9591     14664642978     14664652569         4881860       7593       2000      10000         33
   0       14     1963     9586     14664652984     14664662570         4891865       7587       2000      10000         34
   0       14     1963     9591     14664662978     14664672569         4901860       7593       2000      10000         33
   0       14     1963     9583     14664672986     14664682569         4911867       7585       2000      10000         33
   0       14     1963     9588     14664682981     14664692569         4921863       7590       2000      10000         33
   0       14     1963     9590     14664692979     14664702569         4931860       7592       2000      10000         33
   0       14     1963     9591     14664702978     14664712569         4941860       7593       2000      10000         33
   0       14     1963     9572     14664712996     14664722568         4951878       7575       2000      10000         32
   0       14     1963     9587     14664722981     14664732568         4961863       7590       2000      10000         33
   0       14     1963     9593     14664732977     14664742569         4971858       7595       2000      10000         33
   0       14     1963     9592     14664742976     14664752568         4981857       7595       2000      10000         33
   0       14     1963     9591     14664752977     14664762568         4991859       7594       2000      10000         32
   0       14     1963     9592     14664762977     14664772569         5001858       7594       2000      10000         33
   0       14     1963     9591     14664772978     14664782569         5011860       7593       2000      10000         33
   0       14     1963     9593     14664782976     14664792570         5021858       7595       2000      10000         34
   0       14     1963     9590     14664792979     14664802569         5031861       7592       2000      10000         33
   0       14     1963     9569     14664802978     14664812547         5041859       7593       2000      10000         12
   0       14     1963     9660     14664812911     14664822571         5051792       7660       2000      10000         35
   0       14     1963     9588     14664822981     14664832570         5061863       7590       2000      10000         34
   0       14     1963     9590     14664832979     14664842570         5071861       7592       2000      10000         34
   0       14     1963     9590     14664842979     14664852569         5081861       7592       2000      10000         34
   0       14     1963     9593     14664852977     14664862570         5091859       7594       2000      10000         34
   0       14     1963     9592     14664862976     14664872568         5101857       7595       2000      10000         32
   0       14     1963     9593     14664872977     14664882570         5111859       7594       2000      10000         34
   0       14     1963     9593     14664882977     14664892570         5121858       7594       2000      10000         34
   0       14     1963     9584     14664892985     14664902568         5131866       7586       2000      10000         33
   0       14     1963     9592     14664902977     14664912569         5141859       7594       2000      10000         33
   0       14     1963     9592     14664912978     14664922569         5151859       7594       2000      10000         33
   0       14     1963     9588     14664922980     14664932568         5161862       7591       2000      10000         33
   0       14     1963     9593     14664932977     14664942570         5171858       7594       2000      10000         34
   0       14     1963     9590     14664942980     14664952569         5181861       7592       2000      10000         33
   0       14     1963     9591     14664952979     14664962570         5191861       7592       2000      10000         34
   0       14     1963     9592     14664962977     14664972570         5201859       7594       2000      10000         34
   0       14     1963     9591     14664972979     14664982570         5211860       7593       2000      10000         34
   0       14     1963     9594     14664982976     14664992570         5221858       7595       2000      10000         34
   0       14     1963     9588     14664992981     14665002570         5231863       7590       2000      10000         34
   0       14     1963     9593     14665002976     14665012569         5241857       7595       2000      10000         33
   0       14     1963     9597     14665012974     14665022571         5251856       7597       2000      10000         35
   0       14     1963     9593     14665022975     14665032569         5261857       7596       2000      10000         33
   0       14     1963     9592     14665032977     14665042569         5271858       7594       2000      10000         33
   0       14     1963     9578     14665042992     14665052570         5281874       7579       2000      10000         34
   0       14     1979     9593     14665052977     14665062570         5291858       7578       2000      10000         34
   0       14     1963     9591     14665062979     14665072570         5301860       7592       2000      10000         34
   0       14     1963     9593     14665072976     14665082570         5311858       7595       2000      10000         34
   0       14     1963     9590     14665082979     14665092569         5321861       7592       2000      10000         33
   0       14     1963     9594     14665092976     14665102569         5331857       7595       2000      10000         34
   0       14     1971     9585     14665102985     14665112570         5341867       7578       2000      10000         34
   0       14     1963     9589     14665112980     14665122569         5351862       7591       2000      10000         34
   0       14     1963     9592     14665122977     14665132569         5361859       7594       2000      10000         33
   0       14     1979     9593     14665132976     14665142569         5371858       7579       2000      10000         33
   0       14     1963     9589     14665142980     14665152569         5381862       7591       2000      10000         33
   0       14     1963     9591     14665152979     14665162570         5391861       7592       2000      10000         34
   0       14     1963     9589     14665162980     14665172570         5401862       7591       2000      10000         34
   0       14     1963     9588     14665172982     14665182570         5411863       7589       2000      10000         34
   0       14     1963     9591     14665182978     14665192569         5421860       7593       2000      10000         34
   0       14     1963     9593     14665192977     14665202570         5431859       7594       2000      10000         34
   0       14     1987     9592     14665202978     14665212570         5441859       7569       2000      10000         34
   0       14     1963     9591     14665212980     14665222570         5451861       7591       2000      10000         35
   0       14     1963     9591     14665222979     14665232570         5461861       7592       2000      10000         34
   0       14     1963     9591     14665232979     14665242570         5471860       7592       2000      10000         34
   0       14     1963     9590     14665242979     14665252570         5481861       7592       2000      10000         34
   0       14     1963     9587     14665252983     14665262570         5491864       7588       2000      10000         34
   0       14     1979     9591     14665262978     14665272569         5501860       7577       2000      10000         33
   0       14     1963     9592     14665272977     14665282569         5511859       7594       2000      10000         33
   0       14     1963     9593     14665282978     14665292570         5521859       7593       2000      10000         35
   0       14     1963     9589     14665292980     14665302570         5531862       7591       2000      10000         34
   0       14     1963     9593     14665302976     14665312569         5541858       7595       2000      10000         34
   0       14     1963     9595     14665312975     14665322569         5551856       7596       2000      10000         33
   0       14     1979     9580     14665322989     14665332569         5561871       7566       2000      10000         33
   0       14     1963     9591     14665332978     14665342569         5571860       7593       2000      10000         33
   0       14     1963     9588     14665342981     14665352569         5581862       7590       2000      10000         33
   0       14     1963     9591     14665352978     14665362569         5591860       7593       2000      10000         33
   0       14     1963     9592     14665362977     14665372569         5601858       7594       2000      10000         33
   0       14     1963     9575     14665372994     14665382569         5611876       7577       2000      10000         34
   0       14     1963     9586     14665382983     14665392569         5621864       7588       2000      10000         33
   0       14     1963     9591     14665392979     14665402570         5631860       7592       2000      10000         34
   0       14     1963     9591     14665402979     14665412569         5641860       7592       2000      10000         34
   0       14     1963     9593     14665412977     14665422570         5651859       7594       2000      10000         34
   0       14     1963     9592     14665422976     14665432568         5661857       7595       2000      10000         32
   0       14     1963     9590     14665432981     14665442571         5671862       7591       2000      10000         35
   0       14     1963     9593     14665442977     14665452570         5681859       7594       2000      10000         34
   0       14     1963     9594     14665452975     14665462570         5691857       7596       2000      10000         34
   0       14     1963     9566     14665462978     14665472543         5701859       7593       2000      10000          8
   0       14     1963     9641     14665472903     14665482544         5711784       7668       2000      10000          9
   0       14     1963     9662     14665482904     14665492566         5721786       7667       2000      10000         31
   0       14     1963     9644     14665492925     14665502569         5731807       7646       2000      10000         33
   0       14     1963     9594     14665502976     14665512569         5741857       7595       2000      10000         34
   0       14     1963     9593     14665512976     14665522569         5751857       7595       2000      10000         33
   0       14     1963     9594     14665522976     14665532570         5761857       7595       2000      10000         34
   0       14     1963     9586     14665532984     14665542570         5771865       7587       2000      10000         34
   0       14     1971     9589     14665542980     14665552569         5781862       7583       2000      10000         33
   0       14     1963     9593     14665552977     14665562570         5791858       7594       2000      10000         34
   0       14     1963     9595     14665562975     14665572570         5801856       7596       2000      10000         34
   0       14     1963     9591     14665572978     14665582570         5811860       7593       2000      10000         34
   0       14     1963     9592     14665582977     14665592569         5821859       7594       2000      10000         33
   0       14     1963     9593     14665592977     14665602570         5831858       7594       2000      10000         34
   0       14     1963     9592     14665602978     14665612570         5841859       7593       2000      10000         34
   0       14     1963     9592     14665612977     14665622570         5851859       7594       2000      10000         34
   0       14     1963     9588     14665622981     14665632569         5861863       7589       2000      10000         34
   0       14     1963     9592     14665632978     14665642569         5871859       7593       2000      10000         34
   0       14     1963     9587     14665642983     14665652570         5881865       7588       2000      10000         34
   0       14     1963     9591     14665652979     14665662570         5891860       7592       2000      10000         34
   0       14     1963     9591     14665662978     14665672570         5901860       7593       2000      10000         34
   0       14     1963     9591     14665672979     14665682569         5911860       7592       2000      10000         34
   0       14     1979     9593     14665682976     14665692569         5921858       7579       2000      10000         33
   0       14     1963     9595     14665692975     14665702570         5931856       7596       2000      10000         34
   0       14     1963     9574     14665702995     14665712569         5941876       7576       2000      10000         33
   0       14     1963     9588     14665712981     14665722569         5951862       7590       2000      10000         33
   0       14     1963     9590     14665722980     14665732569         5961861       7591       2000      10000         34
   0       14     1963     9592     14665732977     14665742569         5971859       7594       2000      10000         33
   0       14     1963     9593     14665742976     14665752569         5981857       7596       2000      10000         33
   0       14     1963     9587     14665752982     14665762569         5991864       7589       2000      10000         34
   0       14     1963     9593     14665762976     14665772569         6001858       7595       2000      10000         33
   0       14     1963     9592     14665772978     14665782569         6011859       7593       2000      10000         34
   0       14     1963     9589     14665782981     14665792570         6021863       7590       2000      10000         34
   0       14     1963     9593     14665792977     14665802570         6031859       7594       2000      10000         34
   0       14     1963     9566     14665802979     14665812545         6041861       7592       2000      10000         10
   0       14     1963     9669     14665812905     14665822575         6051787       7665       2000      10000         39
   0       14     1979     9581     14665822990     14665832571         6061872       7565       2000      10000         35
   0       14     1987     9592     14665832977     14665842570         6071859       7570       2000      10000         34
   0       14     1963     9591     14665842978     14665852569         6081860       7593       2000      10000         33
   0       14     1963     9594     14665852976     14665862570         6091857       7595       2000      10000         34
   0       14     1963     9594     14665862975     14665872569         6101857       7596       2000      10000         33
   0       14     1963     9594     14665872975     14665882569         6111856       7596       2000      10000         33
   0       14     1963     9593     14665882976     14665892570         6121858       7595       2000      10000         34
   0       14     1963     9592     14665892978     14665902569         6131859       7593       2000      10000         34
   0       14     1963     9590     14665902979     14665912570         6141861       7592       2000      10000         34
   0       14     1963     9564     14665912979     14665922543         6151861       7592       2000      10000          8
   0       14     1963     9666     14665922903     14665932569         6161784       7668       2000      10000         33
   0       14     1963     9591     14665932979     14665942570         6171861       7592       2000      10000         34
   0       14     1963     9591     14665942977     14665952569         6181859       7594       2000      10000         33
   0       14     1963     9594     14665952976     14665962570         6191857       7595       2000      10000         34
   0       14     1963     9581     14665962988     14665972568         6201869       7583       2000      10000         33
   0       14     1963     9595     14665972974     14665982569         6211856       7597       2000      10000         33
   0       14     1963     9591     14665982978     14665992568         6221859       7593       2000      10000         33
   0       14     1963     9592     14665992977     14666002569         6231858       7594       2000      10000         33
   0       14     1963     9594     14666002975     14666012569         6241857       7596       2000      10000         34
   0       14     1963     9591     14666012978     14666022569         6251859       7593       2000      10000         33
   0       14     1963     9587     14666022982     14666032570         6261864       7589       2000      10000         34
   0       14     1963     9572     14666032997     14666042569         6271879       7574       2000      10000         34
   0       14     1963     9590     14666042980     14666052570         6281862       7591       2000      10000         34
   0       14     1963     9591     14666052978     14666062569         6291860       7593       2000      10000         33
   0       14     1963     9595     14666062974     14666072569         6301856       7597       2000      10000         33
   0       14     1963     9593     14666072976     14666082569         6311858       7595       2000      10000         33
   0       14     1963     9594     14666082975     14666092569         6321857       7596       2000      10000         34
   0       14     1963     9593     14666092976     14666102569         6331858       7595       2000      10000         33
   0       14     1963     9593     14666102975     14666112568         6341856       7596       2000      10000         32
   0       14     1963     9571     14666112973     14666122545         6351855       7598       2000      10000          9
   0       14     1963     9667     14666122903     14666132570         6361785       7668       2000      10000         34
   0       14     1963     9594     14666132975     14666142570         6371857       7596       2000      10000         34
   0       14     1963     9596     14666142973     14666152569         6381855       7598       2000      10000         33
   0       14     1963     9594     14666152976     14666162570         6391858       7595       2000      10000         34
   0       14     1963     9595     14666162975     14666172570         6401856       7596       2000      10000         34
   0       14     1963     9589     14666172980     14666182569         6411861       7591       2000      10000         33
   0       14     1963     9586     14666182984     14666192569         6421865       7587       2000      10000         34
   0       14     1963     9591     14666192979     14666202570         6431860       7592       2000      10000         34
   0       14     1963     9590     14666202980     14666212569         6441861       7591       2000      10000         33
   0       14     1963     9592     14666212978     14666222570         6451859       7593       2000      10000         34
   0       14     1963     9593     14666222977     14666232570         6461858       7594       2000      10000         34
   0       14     1963     9588     14666232981     14666242569         6471862       7590       2000      10000         33
   0       14     1963     9606     14666242976     14666252582         6481857       7595       2000      10000         46
   0       14     1963     9599     14666252971     14666262570         6491853       7600       2000      10000         34
   0       14     1963     9595     14666262974     14666272569         6501856       7597       2000      10000         33
   0       14     1963     9593     14666272976     14666282569         6511858       7595       2000      10000         33
   0       14     1963     9593     14666282975     14666292569         6521857       7596       2000      10000         33
   0       14     1963     9593     14666292976     14666302569         6531858       7595       2000      10000         33
   0       14     1963     9591     14666302978     14666312569         6541860       7593       2000      10000         33
   0       14     1963     9590     14666312980     14666322570         6551861       7592       2000      10000         34
   0       14     1963     9592     14666322977     14666332569         6561859       7593       2000      10000         33
   0       14     1963     9592     14666332977     14666342569         6571859       7594       2000      10000         33
   0       14     1963     9590     14666342979     14666352569         6581860       7592       2000      10000         33
   0       14     1963     9593     14666352977     14666362569         6591858       7594       2000      10000         34
   0       14     1963     9576     14666362993     14666372569         6601875       7578       2000      10000         33
   0       14     1963     9590     14666372979     14666382569         6611860       7593       2000      10000         33
   0       14     1963     9592     14666382977     14666392569         6621858       7594       2000      10000         33
   0       14     1963     9580     14666392989     14666402569         6631871       7582       2000      10000         33
   0       14     1963     9590     14666402980     14666412569         6641861       7591       2000      10000         34
   0       14     1963     9593     14666412976     14666422569         6651858       7595       2000      10000         34
   0       14     1963     9593     14666422975     14666432568         6661857       7596       2000      10000         33
   0       14     1963     9593     14666432975     14666442568         6671857       7596       2000      10000         32
   0       14     1963     9567     14666442978     14666452545         6681860       7593       2000      10000         10
   0       14     1963     9665     14666452906     14666462571         6691787       7665       2000      10000         35
   0       14     1963     9593     14666462976     14666472569         6701858       7595       2000      10000         33
   0       14     1963     9565     14666472978     14666482543         6711860       7593       2000      10000          8
   0       14     1963     9641     14666482902     14666492543         6721784       7668       2000      10000          8
   0       14     1963     9671     14666492903     14666502575         6731785       7667       2000      10000         40
   0       14     1963     9635     14666502934     14666512570         6741816       7637       2000      10000         34
   0       14     1963     9591     14666512978     14666522570         6751860       7593       2000      10000         34
   0       14     1963     9594     14666522975     14666532569         6761857       7596       2000      10000         34
   0       14     1963     9590     14666532979     14666542569         6771861       7592       2000      10000         33
   0       14     1963     9594     14666542975     14666552570         6781857       7596       2000      10000         34
   0       14     1963     9589     14666552981     14666562570         6791862       7590       2000      10000         34
   0       14     1963     9595     14666562973     14666572569         6801855       7598       2000      10000         33
   0       14     1963     9590     14666572978     14666582568         6811860       7593       2000      10000         33
   0       14     1963     9591     14666582978     14666592569         6821859       7593       2000      10000         33
   0       14     1963     9592     14666592977     14666602569         6831858       7594       2000      10000         33
   0       14     1963     9583     14666602985     14666612568         6841866       7586       2000      10000         32
   0       14     1963     9589     14666612980     14666622569         6851861       7591       2000      10000         34
   0       14     1963     9593     14666622977     14666632569         6861858       7594       2000      10000         33
   0       14     1963     9592     14666632976     14666642568         6871857       7595       2000      10000         33
   0       14     1963     9595     14666642974     14666652569         6881856       7597       2000      10000         34
   0       14     1963     9591     14666652978     14666662569         6891859       7593       2000      10000         33
   0       14     1963     9592     14666662974     14666672566         6901856       7597       2000      10000         31
   0       14     1963     9595     14666672976     14666682570         6911857       7596       2000      10000         34
   0       14     1963     9594     14666682975     14666692569         6921856       7596       2000      10000         33
   0       14     1963     9574     14666692995     14666702568         6931876       7577       2000      10000         33
   0       14     1963     9593     14666702976     14666712569         6941857       7595       2000      10000         33
   0       14     1963     9592     14666712977     14666722569         6951859       7594       2000      10000         33
   0       14     1963     9592     14666722977     14666732569         6961858       7594       2000      10000         33
   0       14     1963     9590     14666732979     14666742568         6971860       7593       2000      10000         32
   0       14     1963     9589     14666742980     14666752569         6981862       7591       2000      10000         33
   0       14     1963     9592     14666752977     14666762569         6991858       7594       2000      10000         33
   0       14     1963     9593     14666762976     14666772569         7001858       7595       2000      10000         33
   0       14     1963     9591     14666772978     14666782569         7011860       7593       2000      10000         34
   0       14     1963     9593     14666782976     14666792569         7021858       7595       2000      10000         33
   0       14     1963     9594     14666792976     14666802569         7031857       7596       2000      10000         34
   0       14     1963     9567     14666802976     14666812543         7041857       7595       2000      10000          8
   0       14     1964     9669     14666812902     14666822571         7051783       7668       2000      10000         35
   0       14     1963     9571     14666822999     14666832570         7061881       7572       2000      10000         34
   0       14     1963     9591     14666832978     14666842569         7071860       7593       2000      10000         33
   0       14     1963     9592     14666842977     14666852569         7081859       7594       2000      10000         33
   0       14     1963     9589     14666852980     14666862570         7091862       7591       2000      10000         34
   0       14     1963     9591     14666862978     14666872569         7101860       7593       2000      10000         33
   0       14     1963     9586     14666872982     14666882568         7111864       7589       2000      10000         32
   0       14     1963     9588     14666882981     14666892569         7121863       7590       2000      10000         33
   0       14     1963     9588     14666892981     14666902569         7131862       7590       2000      10000         33
   0       14     1963     9590     14666902980     14666912569         7141861       7591       2000      10000         34
   0       14     1963     9590     14666912979     14666922568         7151860       7592       2000      10000         33
   0       14     1963     9593     14666922977     14666932570         7161859       7594       2000      10000         34
   0       14     1963     9592     14666932977     14666942570         7171859       7594       2000      10000         34
   0       14     1963     9593     14666942976     14666952569         7181858       7595       2000      10000         34
   0       14     1963     9594     14666952976     14666962570         7191858       7595       2000      10000         34
   0       14     1963     9594     14666962975     14666972568         7201856       7596       2000      10000         33
   0       14     1963     9591     14666972978     14666982569         7211859       7593       2000      10000         33
   0       14     1963     9592     14666982977     14666992570         7221859       7594       2000      10000         34
   0       14     1963     9590     14666992979     14667002569         7231860       7592       2000      10000         33
   0       14     1963     9594     14667002976     14667012570         7241858       7595       2000      10000         35
   0       14     1963     9590     14667012979     14667022569         7251860       7592       2000      10000         33
   0       14     1963     9577     14667022993     14667032570         7261875       7578       2000      10000         34
   0       14     1979     9582     14667032987     14667042569         7271868       7568       2000      10000         33
   0       14     1963     9595     14667042975     14667052570         7281856       7596       2000      10000         34
   0       14     1963     9595     14667052975     14667062570         7291856       7596       2000      10000         34
   0       14     1963     9590     14667062979     14667072569         7301860       7592       2000      10000         33
   0       14     1963     9591     14667072978     14667082569         7311859       7593       2000      10000         33
   0       14     1963     9592     14667082978     14667092570         7321859       7593       2000      10000         34
   0       14     1963     9585     14667092984     14667102569         7331866       7587       2000      10000         33
   0       14     1963     9591     14667102979     14667112570         7341860       7592       2000      10000         34
   0       14     1963     9591     14667112978     14667122569         7351860       7593       2000      10000         34
   0       14     1963     9593     14667122976     14667132569         7361858       7595       2000      10000         34
   0       14     1963     9590     14667132978     14667142568         7371859       7593       2000      10000         33
   0       14     1963     9593     14667142976     14667152569         7381857       7596       2000      10000         33
   0       14     1963     9593     14667152977     14667162570         7391858       7594       2000      10000         34
   0       14     1963     9593     14667162977     14667172570         7401859       7594       2000      10000         34
   0       14     1963     9593     14667172976     14667182569         7411858       7595       2000      10000         33
   0       14     1987     9585     14667182984     14667192569         7421866       7563       2000      10000         34
   0       14     1963     9591     14667192978     14667202569         7431860       7593       2000      10000         33
   0       14     1963     9587     14667202982     14667212569         7441864       7589       2000      10000         33
   0       14     1963     9591     14667212978     14667222569         7451859       7594       2000      10000         33
   0       14     1963     9589     14667222980     14667232569         7461862       7591       2000      10000         33
   0       14     1963     9594     14667232976     14667242570         7471857       7595       2000      10000         34
   0       14     1963     9590     14667242978     14667252568         7481860       7593       2000      10000         32
   0       14     1963     9585     14667252985     14667262570         7491866       7586       2000      10000         34
   0       14     1963     9592     14667262977     14667272569         7501859       7594       2000      10000         33
   0       14     1963     9589     14667272979     14667282569         7511861       7592       2000      10000         33
   0       14     1963     9592     14667282977     14667292569         7521859       7594       2000      10000         34
   0       14     1963     9595     14667292974     14667302569         7531856       7597       2000      10000         33
   0       14     1963     9590     14667302979     14667312569         7541861       7592       2000      10000         33
   0       14     1963     9591     14667312979     14667322570         7551860       7592       2000      10000         34
   0       14     1963     9594     14667322976     14667332570         7561858       7595       2000      10000         34
   0       14     1963     9592     14667332977     14667342569         7571859       7594       2000      10000         34
   0       14     1963     9591     14667342979     14667352569         7581860       7592       2000      10000         34
   0       14     1963     9574     14667352996     14667362570         7591877       7575       2000      10000         34
   0       14     1963     9590     14667362979     14667372569         7601860       7592       2000      10000         33
   0       14     1963     9590     14667372978     14667382569         7611860       7593       2000      10000         33
   0       14     1963     9588     14667382981     14667392569         7621863       7589       2000      10000         33
   0       14     1963     9585     14667392984     14667402569         7631866       7587       2000      10000         33
   0       14     1963     9592     14667402977     14667412569         7641859       7594       2000      10000         33
   0       14     1963     9590     14667412979     14667422569         7651861       7592       2000      10000         33
   0       14     1963     9593     14667422976     14667432569         7661858       7595       2000      10000         33
   0       14     1963     9588     14667432980     14667442568         7671862       7591       2000      10000         32
   0       14     1963     9592     14667442977     14667452569         7681858       7595       2000      10000         33
   0       14     1963     9588     14667452982     14667462570         7691864       7589       2000      10000         34
   0       14     1963     9584     14667462987     14667472571         7701869       7584       2000      10000         35
   0       14     1963     9599     14667472984     14667482583         7711866       7587       2000      10000         47
   0       14     1963     9572     14667482971     14667492543         7721853       7600       2000      10000          8
   0       14     1963     9639     14667492904     14667502543         7731786       7667       2000      10000          8
   0       14     1963     9668     14667502901     14667512570         7741783       7670       2000      10000         34
   0       14     1963     9588     14667512982     14667522569         7751863       7589       2000      10000         33
   0       14     1963     9591     14667522977     14667532568         7761859       7594       2000      10000         33
   0       14     1963     9593     14667532976     14667542569         7771857       7595       2000      10000         33
   0       14     1963     9593     14667542976     14667552569         7781857       7595       2000      10000         33
   0       14     1963     9593     14667552976     14667562569         7791858       7595       2000      10000         34
   0       14     1971     9595     14667562975     14667572570         7801857       7588       2000      10000         34
   0       14     1963     9589     14667572980     14667582569         7811861       7591       2000      10000         33
   0       14     1963     9595     14667582975     14667592570         7821857       7596       2000      10000         34
   0       14     1963     9596     14667592974     14667602570         7831855       7597       2000      10000         34
   0       14     1963     9592     14667602978     14667612570         7841860       7593       2000      10000         34
   0       14     1963     9592     14667612977     14667622569         7851859       7594       2000      10000         34
   0       14     1963     9595     14667622975     14667632570         7861857       7596       2000      10000         34
   0       14     1963     9595     14667632974     14667642569         7871855       7597       2000      10000         33
   0       14     1963     9596     14667642974     14667652569         7881855       7598       2000      10000         34
   0       14     1971     9597     14667652974     14667662571         7891855       7589       2000      10000         35
   0       14     1963     9595     14667662975     14667672570         7901856       7596       2000      10000         34
   0       14     1963     9595     14667672975     14667682570         7911857       7596       2000      10000         34
   0       14     1963     9564     14667683004     14667692569         7921886       7567       2000      10000         33
   0       14     1963     9591     14667692978     14667702569         7931860       7593       2000      10000         33
   0       14     1963     9589     14667702979     14667712568         7941861       7592       2000      10000         32
   0       14     1963     9592     14667712977     14667722569         7951858       7594       2000      10000         33
   0       14     1963     9594     14667722976     14667732569         7961857       7595       2000      10000         34
   0       14     1963     9593     14667732975     14667742568         7971857       7596       2000      10000         32
   0       14     1963     9594     14667742975     14667752569         7981857       7596       2000      10000         33
   0       14     1963     9593     14667752975     14667762569         7991857       7596       2000      10000         33
   0       14     1963     9590     14667762979     14667772569         8001860       7593       2000      10000         33
   0       14     1963     9593     14667772977     14667782570         8011858       7594       2000      10000         34
   0       14     1963     9597     14667782972     14667792569         8021854       7599       2000      10000         33
   0       14     1963     9597     14667792973     14667802570         8031855       7598       2000      10000         34
   0       14     1963     9595     14667802974     14667812569         8041855       7597       2000      10000         33
   0       14     1964     9596     14667812974     14667822571         8051856       7596       2000      10000         35
   0       14     1963     9579     14667822989     14667832568         8061870       7582       2000      10000         32
   0       14     1963     9598     14667832972     14667842570         8071853       7599       2000      10000         34
   0       14     1963     9593     14667842976     14667852570         8081858       7594       2000      10000         34
   0       14     1963     9598     14667852971     14667862569         8091853       7600       2000      10000         33
   0       14     1963     9591     14667862978     14667872569         8101859       7593       2000      10000         33
   0       14     1963     9600     14667872969     14667882569         8111851       7602       2000      10000         34
   0       14     1963     9596     14667882973     14667892569         8121854       7598       2000      10000         34
   0       14     1963     9579     14667892990     14667902570         8131872       7581       2000      10000         34
   0       14     1963     9596     14667902973     14667912569         8141854       7598       2000      10000         33
   0       14     1963     9600     14667912969     14667922569         8151851       7602       2000      10000         33
   0       14     1963     9594     14667922975     14667932569         8161857       7596       2000      10000         34
   0       14     1963     9594     14667932974     14667942569         8171856       7597       2000      10000         33
   0       14     1963     9595     14667942974     14667952569         8181856       7597       2000      10000         33
   0       14     1963     9596     14667952973     14667962569         8191855       7598       2000      10000         34
   0       14     1963     9595     14667962974     14667972569         8201856       7597       2000      10000         33
   0       14     1963     9595     14667972974     14667982569         8211856       7597       2000      10000         33
   0       14     1963     9594     14667982974     14667992568         8221855       7597       2000      10000         32
   0       14     1964     9598     14667992971     14668002568         8231852       7600       2000      10000         33
   0       14     1963     9591     14668002978     14668012568         8241859       7593       2000      10000         33
   0       14     1987     9580     14668012990     14668022570         8251872       7557       2000      10000         34
   0       14     1987     9599     14668022971     14668032570         8261853       7576       2000      10000         34
   0       14     1963     9598     14668032972     14668042569         8271853       7599       2000      10000         34
   0       14     1963     9596     14668042973     14668052569         8281855       7598       2000      10000         34
   0       14     1963     9607     14668052973     14668062580         8291854       7598       2000      10000         44
   0       14     1963     9600     14668062969     14668072569         8301851       7602       2000      10000         34
   0       14     1971     9593     14668072977     14668082570         8311858       7586       2000      10000         34
   0       14     1963     9592     14668082977     14668092569         8321859       7594       2000      10000         34
   0       14     1963     9591     14668092978     14668102569         8331859       7593       2000      10000         33
   0       14     1963     9588     14668102980     14668112568         8341861       7591       2000      10000         33
   0       14     1971     9585     14668112985     14668122569         8351866       7578       2000      10000         34
   0       14     1963     9591     14668122978     14668132569         8361860       7593       2000      10000         34
   0       14     1963     9589     14668132980     14668142569         8371861       7591       2000      10000         33
   0       14     1963     9591     14668142978     14668152569         8381860       7593       2000      10000         34
   0       14     1963     9595     14668152974     14668162569         8391856       7597       2000      10000         33
   0       14     1963     9588     14668162981     14668172569         8401862       7590       2000      10000         33
   0       14     1963     9594     14668172975     14668182569         8411856       7596       2000      10000         33
   0       14     1963     9585     14668182985     14668192569         8421866       7586       2000      10000         34
   0       14     1963     9567     14668192977     14668202543         8431858       7594       2000      10000          8
   0       14     1963     9667     14668202903     14668212570         8441785       7668       2000      10000         34
   0       14     1963     9591     14668212979     14668222570         8451860       7592       2000      10000         34
   0       14     1979     9591     14668222978     14668232568         8461859       7577       2000      10000         33
   0       14     1963     9593     14668232977     14668242570         8471858       7594       2000      10000         34
   0       14     1963     9590     14668242979     14668252569         8481861       7592       2000      10000         34
   0       14     1963     9597     14668252977     14668262574         8491859       7594       2000      10000         39
   0       14     1963     9616     14668262953     14668272569         8501835       7618       2000      10000         34
   0       14     1963     9588     14668272981     14668282569         8511863       7590       2000      10000         34
   0       14     1963     9595     14668282975     14668292569         8521856       7596       2000      10000         34
   0       14     1987     9589     14668292980     14668302569         8531862       7567       2000      10000         33
   0       14     1963     9592     14668302977     14668312569         8541859       7594       2000      10000         33
   0       14     1963     9595     14668312974     14668322569         8551855       7597       2000      10000         33
   0       14     1971     9584     14668322986     14668332569         8561867       7577       2000      10000         34
   0       14     1963     9592     14668332977     14668342569         8571858       7594       2000      10000         33
   0       14     1963     9575     14668342994     14668352569         8581875       7577       2000      10000         34
   0       14     1963     9592     14668352977     14668362570         8591859       7594       2000      10000         34
   0       14     1963     9592     14668362978     14668372570         8601859       7593       2000      10000         34
   0       14     1963     9590     14668372979     14668382569         8611860       7592       2000      10000         33
   0       14     1963     9594     14668382976     14668392569         8621857       7595       2000      10000         33
   0       14     1963     9593     14668392977     14668402570         8631858       7594       2000      10000         34
   0       14     1963     9593     14668402976     14668412569         8641857       7595       2000      10000         33
   0       14     1963     9595     14668412975     14668422570         8651856       7596       2000      10000         34
   0       14     1963     9594     14668422974     14668432568         8661856       7597       2000      10000         33
   0       14     1963     9594     14668432975     14668442570         8671857       7596       2000      10000         34
   0       14     1963     9590     14668442978     14668452568         8681860       7593       2000      10000         32
   0       14     1963     9575     14668452979     14668462553         8691860       7592       2000      10000         18
   0       14     1963     9658     14668462912     14668472570         8701794       7659       2000      10000         34
   0       14     1963     9592     14668472978     14668482570         8711860       7593       2000      10000         34
   0       14     1963     9605     14668482978     14668492583         8721860       7593       2000      10000         47
   0       14     1963     9575     14668492969     14668502544         8731851       7602       2000      10000          9
   0       14     1963     9640     14668502904     14668512543         8741785       7667       2000      10000          8
   0       14     1963     9667     14668512902     14668522569         8751783       7669       2000      10000         33
   0       14     1963     9594     14668522975     14668532569         8761856       7596       2000      10000         33
   0       14     1963     9582     14668532987     14668542569         8771869       7584       2000      10000         33
   0       14     1963     9589     14668542980     14668552569         8781861       7591       2000      10000         33
   0       14     1963     9590     14668552979     14668562569         8791860       7592       2000      10000         33
   0       14     1963     9593     14668562979     14668572571         8801860       7592       2000      10000         36
   0       14     1963     9589     14668572981     14668582569         8811862       7590       2000      10000         33
   0       14     1963     9595     14668582974     14668592570         8821856       7597       2000      10000         34
   0       14     1963     9589     14668592980     14668602569         8831861       7591       2000      10000         33
   0       14     1963     9593     14668602976     14668612569         8841858       7595       2000      10000         33
   0       14     1963     9593     14668612977     14668622570         8851858       7595       2000      10000         34
   0       14     1979     9592     14668622977     14668632569         8861858       7578       2000      10000         33
   0       14     1963     9590     14668632979     14668642569         8871860       7592       2000      10000         33
   0       14     1963     9587     14668642982     14668652569         8881864       7589       2000      10000         34
   0       14     1963     9589     14668652980     14668662569         8891861       7591       2000      10000         33
   0       14     1963     9593     14668662977     14668672569         8901858       7595       2000      10000         33
   0       14     1963     9573     14668672995     14668682569         8911877       7576       2000      10000         33
   0       14     1987     9594     14668682975     14668692569         8921856       7572       2000      10000         33
   0       14     1963     9594     14668692975     14668702569         8931856       7596       2000      10000         33
   0       14     1963     9596     14668702973     14668712569         8941855       7598       2000      10000         33
   0       14     1963     9593     14668712976     14668722569         8951858       7595       2000      10000         33
   0       14     1963     9593     14668722975     14668732569         8961857       7596       2000      10000         33
   0       14     1963     9593     14668732975     14668742568         8971856       7596       2000      10000         32
   0       14     1963     9595     14668742973     14668752568         8981855       7598       2000      10000         33
   0       14     1963     9583     14668752986     14668762569         8991867       7586       2000      10000         33
   0       14     1963     9595     14668762974     14668772569         9001856       7597       2000      10000         33
   0       14     1963     9591     14668772977     14668782569         9011859       7593       2000      10000         33
   0       14     1963     9591     14668782978     14668792569         9021860       7593       2000      10000         34
   0       14     1963     9594     14668792976     14668802569         9031857       7595       2000      10000         34
   0       14     1963     9591     14668802978     14668812569         9041860       7593       2000      10000         33
   0       14     1964     9588     14668812982     14668822570         9051864       7588       2000      10000         35
   0       14     1963     9576     14668822993     14668832569         9061874       7578       2000      10000         33
   0       14     1963     9590     14668832979     14668842570         9071861       7592       2000      10000         34
   0       14     1963     9594     14668842976     14668852570         9081857       7595       2000      10000         34
   0       14     1963     9589     14668852980     14668862569         9091861       7591       2000      10000         33
   0       14     1963     9592     14668862978     14668872570         9101859       7593       2000      10000         34
   0       14     1963     9592     14668872977     14668882569         9111859       7594       2000      10000         34
   0       14     1963     9592     14668882979     14668892570         9121860       7592       2000      10000         34
   0       14     1963     9589     14668892979     14668902568         9131861       7592       2000      10000         33
   0       14     1963     9593     14668902976     14668912569         9141858       7595       2000      10000         33
   0       14     1963     9589     14668912980     14668922569         9151862       7591       2000      10000         33
   0       14     1963     9592     14668922977     14668932569         9161859       7594       2000      10000         33
   0       14     1963     9589     14668932981     14668942570         9171862       7590       2000      10000         34
   0       14     1963     9594     14668942975     14668952569         9181857       7596       2000      10000         34
   0       14     1963     9590     14668952979     14668962569         9191860       7592       2000      10000         33
   0       14     1963     9584     14668962985     14668972569         9201867       7586       2000      10000         33
   0       14     1963     9592     14668972977     14668982569         9211859       7594       2000      10000         33
   0       14     1963     9591     14668982977     14668992569         9221859       7594       2000      10000         33
   0       14     1963     9588     14668992981     14669002569         9231862       7590       2000      10000         33
   0       14     1963     9553     14669002993     14669012545         9241874       7578       2000      10000         10
   0       14     1963     9640     14669012931     14669022571         9251813       7640       2000      10000         35
   0       14     1963     9569     14669022975     14669032544         9261856       7596       2000      10000          8
   0       14     1963     9667     14669032903     14669042570         9271784       7668       2000      10000         34
   0       14     1963     9591     14669042978     14669052569         9281860       7593       2000      10000         33
   0       14     1963     9594     14669052975     14669062569         9291857       7596       2000      10000         33
   0       14     1963     9592     14669062977     14669072568         9301858       7595       2000      10000         33
   0       14     1963     9590     14669072978     14669082569         9311860       7593       2000      10000         33
   0       14     1963     9595     14669082973     14669092568         9321855       7598       2000      10000         33
   0       14     1963     9591     14669092977     14669102569         9331859       7594       2000      10000         33
   0       14     1963     9594     14669102974     14669112568         9341856       7597       2000      10000         32
   0       14     1963     9595     14669112975     14669122570         9351856       7596       2000      10000         34
   0       14     1963     9589     14669122979     14669132569         9361861       7592       2000      10000         33
   0       14     1963     9593     14669132976     14669142569         9371858       7595       2000      10000         33
   0       14     1963     9591     14669142977     14669152568         9381859       7594       2000      10000         32
   0       14     1963     9588     14669152982     14669162570         9391863       7589       2000      10000         34
   0       14     1987     9594     14669162975     14669172569         9401856       7572       2000      10000         33
   0       14     1963     9592     14669172977     14669182569         9411859       7594       2000      10000         33
   0       14     1963     9583     14669182986     14669192569         9421867       7585       2000      10000         33
   0       14     1963     9569     14669192975     14669202544         9431857       7596       2000      10000          9
   0       14     1963     9670     14669202900     14669212570         9441782       7671       2000      10000         34
   0       14     1963     9592     14669212977     14669222569         9451859       7594       2000      10000         33
   0       14     1963     9592     14669222977     14669232569         9461858       7594       2000      10000         33
   0       14     1963     9595     14669232974     14669242569         9471856       7597       2000      10000         34
   0       14     1963     9593     14669242976     14669252569         9481858       7595       2000      10000         34
   0       14     1963     9591     14669252979     14669262570         9491860       7592       2000      10000         34
   0       14     1963     9586     14669262980     14669272566         9501862       7591       2000      10000         31
   0       14     1963     9592     14669272976     14669282568         9511857       7595       2000      10000         32
   0       14     1963     9587     14669282981     14669292568         9521862       7590       2000      10000         32
   0       14     1963     9595     14669292975     14669302569         9531856       7596       2000      10000         34
   0       14     1963     9592     14669302978     14669312569         9541859       7593       2000      10000         34
   0       14     1963     9591     14669312978     14669322569         9551859       7593       2000      10000         33
   0       14     1963     9593     14669322976     14669332568         9561857       7595       2000      10000         33
   0       14     1963     9574     14669332995     14669342569         9571876       7576       2000      10000         33
   0       14     1963     9593     14669342977     14669352570         9581858       7594       2000      10000         34
   0       14     1963     9592     14669352976     14669362569         9591858       7595       2000      10000         33
   0       14     1963     9595     14669362982     14669372577         9601864       7589       2000      10000         41
   0       14     1994     9457     14669373112     14669382569         9611994       7427       2000      10000         34
   0       14     1991     9576     14669382993     14669392569         9621875       7550       2000      10000         33
   0       14     1963     9582     14669392987     14669402568         9631868       7584       2000      10000         33
   0       14     1963     9591     14669402979     14669412570         9641860       7592       2000      10000         34
   0       14     1963     9594     14669412976     14669422570         9651857       7595       2000      10000         34
   0       14     1963     9589     14669422978     14669432567         9661860       7593       2000      10000         31
   0       14     1963     9592     14669432977     14669442569         9671858       7595       2000      10000         33
   0       14     1963     9590     14669442979     14669452569         9681860       7592       2000      10000         33
   0       14     1963     9594     14669452974     14669462569         9691856       7597       2000      10000         33
   0       14     1963     9593     14669462976     14669472569         9701858       7595       2000      10000         33
   0       14     1963     9593     14669472976     14669482569         9711858       7595       2000      10000         33
   0       14     1963     9593     14669482977     14669492569         9721858       7594       2000      10000         34
   0       14     1979     9595     14669492973     14669502568         9731854       7582       2000      10000         32
   0       14     1963     9573     14669502970     14669512543         9741852       7601       2000      10000          8
   0       14     1987     9640     14669512903     14669522543         9751785       7644       2000      10000          8
   0       14     1963     9641     14669522903     14669532544         9761784       7668       2000      10000          9
   0       14     1963     9669     14669532901     14669542570         9771783       7670       2000      10000         34
   0       14     1963     9594     14669542975     14669552569         9781857       7596       2000      10000         33
   0       14     1963     9593     14669552978     14669562570         9791859       7594       2000      10000         34
   0       14     1963     9568     14669562976     14669572544         9801858       7595       2000      10000          9
   0       14     1963     9667     14669572902     14669582569         9811783       7669       2000      10000         33
   0       14     1963     9592     14669582977     14669592569         9821858       7594       2000      10000         34
   0       14     1963     9594     14669592975     14669602569         9831856       7596       2000      10000         33
   0       14     1963     9592     14669602977     14669612568         9841858       7594       2000      10000         33
   0       14     1963     9585     14669612984     14669622569         9851866       7587       2000      10000         34
   0       14     1963     9589     14669622981     14669632570         9861862       7590       2000      10000         34
   0       14     1963     9591     14669632978     14669642569         9871859       7593       2000      10000         33
   0       14     1963     9588     14669642979     14669652568         9881861       7592       2000      10000         32
   0       14     1963     9593     14669652976     14669662569         9891857       7595       2000      10000         33
   0       14     1963     9573     14669662995     14669672568         9901877       7576       2000      10000         32
   0       14     1963     9592     14669672976     14669682568         9911858       7595       2000      10000         32
   0       14     1963     9592     14669682977     14669692569         9921859       7594       2000      10000         33
   0       14     1963     9593     14669692976     14669702569         9931857       7595       2000      10000         33
   0       14     1963     9591     14669702978     14669712569         9941859       7593       2000      10000         33
   0       14     1987     9593     14669712976     14669722569         9951857       7571       2000      10000         33
   0       14     1963     9591     14669722978     14669732569         9961859       7593       2000      10000         33
   0       14     1963     9595     14669732974     14669742569         9971856       7597       2000      10000         33
   0       14     1963     9592     14669742978     14669752570         9981859       7593       2000      10000         34
   0       14     1963     9593     14669752974     14669762568         9991856       7597       2000      10000         32
   0       14     1963     9593     14669762975     14669772568        10001857       7596       2000      10000         33
   0       14     1963     9590     14669772979     14669782569        10011861       7592       2000      10000         34
   0       14     1963     9592     14669782978     14669792570        10021859       7593       2000      10000         34
   0       14     1963     9591     14669792978     14669802570        10031860       7593       2000      10000         34
   0       14     1963     9592     14669802977     14669812570        10041859       7594       2000      10000         34
   0       14     1965     9596     14669812976     14669822573        10051858       7593       2000      10000         37
   0       14     1963     9564     14669823006     14669832570        10061887       7565       2000      10000         34
   0       14     1963     9594     14669832976     14669842570        10071857       7595       2000      10000         34
   0       14     1963     9588     14669842980     14669852568        10081862       7591       2000      10000         32
   0       14     1963     9586     14669852983     14669862569        10091864       7588       2000      10000         33
   0       14     1963     9591     14669862979     14669872570        10101861       7592       2000      10000         35
   0       14     1963     9585     14669872984     14669882569        10111866       7587       2000      10000         33
   0       14     1963     9591     14669882977     14669892569        10121859       7594       2000      10000         33
   0       14     1963     9590     14669892979     14669902569        10131860       7592       2000      10000         33
   0       14     1963     9586     14669902983     14669912569        10141864       7588       2000      10000         33
   0       14     1963     9589     14669912981     14669922569        10151862       7590       2000      10000         34
   0       14     1963     9583     14669922986     14669932569        10161868       7585       2000      10000         33
   0       14     1963     9590     14669932978     14669942569        10171860       7593       2000      10000         33
   0       14     1963     9590     14669942978     14669952569        10181860       7593       2000      10000         33
   0       14     1963     9590     14669952980     14669962570        10191861       7591       2000      10000         34
   0       14     1963     9590     14669962979     14669972570        10201861       7592       2000      10000         34
   0       14     1963     9590     14669972978     14669982568        10211859       7593       2000      10000         32
   0       14     1963     9587     14669982981     14669992569        10221863       7590       2000      10000         33
   0       14     1963     9593     14669992976     14670002569        10231858       7595       2000      10000         33
   0       14     1963     9575     14670002995     14670012570        10241877       7576       2000      10000         34
   0       14     1963     9589     14670012979     14670022569        10251861       7592       2000      10000         33
   0       14     1963     9590     14670022979     14670032569        10261860       7592       2000      10000         33
   0       14     1963     9589     14670032980     14670042569        10271861       7591       2000      10000         33
   0       14     1963     9584     14670042984     14670052569        10281866       7587       2000      10000         33
   0       14     1963     9589     14670052980     14670062569        10291861       7591       2000      10000         33
   0       14     1963     9560     14670062984     14670072544        10301866       7587       2000      10000          9
   0       14     1963     9666     14670072903     14670082569        10311785       7668       2000      10000         33
   0       14     1963     9588     14670082980     14670092568        10321862       7591       2000      10000         32
   0       14     1963     9590     14670092980     14670102569        10331861       7591       2000      10000         33
   0       14     1963     9592     14670102977     14670112569        10341859       7594       2000      10000         33
   0       14     1963     9588     14670112980     14670122569        10351862       7591       2000      10000         33
   0       14     1963     9593     14670122977     14670132570        10361859       7594       2000      10000         34
   0       14     1987     9589     14670132979     14670142568        10371861       7568       2000      10000         32
   0       14     1963     9592     14670142977     14670152569        10381858       7594       2000      10000         33
   0       14     1963     9589     14670152979     14670162568        10391860       7592       2000      10000         32
   0       14     1963     9566     14670162978     14670172544        10401860       7593       2000      10000          9
   0       14     1963     9667     14670172903     14670182569        10411784       7669       2000      10000         33
   0       14     1963     9591     14670182978     14670192569        10421860       7593       2000      10000         34
   0       14     1963     9590     14670192980     14670202569        10431861       7591       2000      10000         33
   0       14     1963     9590     14670202979     14670212569        10441861       7592       2000      10000         33
   0       14     1963     9590     14670212978     14670222568        10451860       7593       2000      10000         33
   0       14     1963     9584     14670222984     14670232568        10461866       7587       2000      10000         33
   0       14     1963     9591     14670232978     14670242569        10471860       7593       2000      10000         33
   0       14     1963     9594     14670242976     14670252570        10481858       7595       2000      10000         35
   0       14     1963     9583     14670252987     14670262570        10491868       7584       2000      10000         34
   0       14     1963     9593     14670262979     14670272572        10501861       7592       2000      10000         37
   0       14     1963     9635     14670272935     14670282570        10511817       7636       2000      10000         34
   0       14     1963     9593     14670282977     14670292569        10521858       7594       2000      10000         34
   0       14     1963     9591     14670292978     14670302569        10531860       7593       2000      10000         34
   0       14     1963     9586     14670302984     14670312570        10541866       7587       2000      10000         34
   0       14     1963     9592     14670312978     14670322570        10551859       7593       2000      10000         34
   0       14     1963     9592     14670322978     14670332570        10561859       7594       2000      10000         34
   0       14     1979     9573     14670332996     14670342569        10571878       7559       2000      10000         34
   0       14     1963     9590     14670342979     14670352569        10581860       7592       2000      10000         33
   0       14     1979     9590     14670352979     14670362570        10591861       7576       2000      10000         34
   0       14     1987     9582     14670362987     14670372569        10601868       7560       2000      10000         33
   0       14     1963     9589     14670372980     14670382569        10611862       7591       2000      10000         33
   0       14     1963     9592     14670382978     14670392570        10621859       7593       2000      10000         34
   0       14     1963     9591     14670392978     14670402569        10631860       7593       2000      10000         33
   0       14     1963     9594     14670402975     14670412569        10641857       7596       2000      10000         33
   0       14     1963     9589     14670412980     14670422569        10651862       7591       2000      10000         34
   0       14     1987     9591     14670422978     14670432568        10661859       7569       2000      10000         33
   0       14     1963     9587     14670432982     14670442569        10671864       7589       2000      10000         33
   0       14     1963     9591     14670442978     14670452569        10681860       7593       2000      10000         33
   0       14     1963     9589     14670452980     14670462569        10691862       7591       2000      10000         33
   0       14     1963     9582     14670462987     14670472569        10701869       7584       2000      10000         33
   0       14     1963     9589     14670472980     14670482569        10711862       7591       2000      10000         33
   0       14     1963     9596     14670482974     14670492570        10721855       7597       2000      10000         34
   0       14     1963     9592     14670492979     14670502571        10731861       7592       2000      10000         35
   0       14     1963     9594     14670502975     14670512569        10741857       7596       2000      10000         33
   0       14     1963     9564     14670512979     14670522544        10751861       7592       2000      10000          9
   0       14     1971     9638     14670522904     14670532543        10761786       7658       2000      10000          8
   0       14     1963     9639     14670532904     14670542543        10771786       7667       2000      10000          8
   0       14     1963     9667     14670542903     14670552570        10781784       7668       2000      10000         34
   0       14     1963     9591     14670552979     14670562569        10791860       7593       2000      10000         34
   0       14     1963     9568     14670562976     14670572544        10801857       7595       2000      10000          9
   0       14     1963     9666     14670572903     14670582569        10811785       7668       2000      10000         33
   0       14     1963     9594     14670582975     14670592569        10821857       7596       2000      10000         33
   0       14     1963     9594     14670592976     14670602570        10831857       7595       2000      10000         34
   0       14     1963     9596     14670602973     14670612569        10841855       7598       2000      10000         33
   0       14     1963     9593     14670612977     14670622570        10851859       7594       2000      10000         34
   0       14     1963     9595     14670622975     14670632570        10861857       7596       2000      10000         34
   0       14     1963     9591     14670632977     14670642568        10871859       7594       2000      10000         33
   0       14     1963     9596     14670642973     14670652569        10881854       7598       2000      10000         33
   0       14     1963     9591     14670652979     14670662569        10891860       7592       2000      10000         34
   0       14     1963     9574     14670662995     14670672569        10901877       7576       2000      10000         33
   0       14     1963     9591     14670672978     14670682569        10911860       7593       2000      10000         33
   0       14     1963     9586     14670682984     14670692569        10921865       7587       2000      10000         34
   0       14     1963     9586     14670692983     14670702569        10931865       7588       2000      10000         33
   0       14     1963     9588     14670702981     14670712569        10941862       7590       2000      10000         33
   0       14     1963     9591     14670712978     14670722569        10951860       7593       2000      10000         33
   0       14     1963     9590     14670722979     14670732569        10961860       7592       2000      10000         33
   0       14     1963     9591     14670732979     14670742570        10971861       7592       2000      10000         34
   0       14     1963     9595     14670742974     14670752569        10981856       7597       2000      10000         34
   0       14     1963     9591     14670752977     14670762569        10991859       7594       2000      10000         33
   0       14     1963     9594     14670762975     14670772569        11001857       7596       2000      10000         33
   0       14     1963     9592     14670772977     14670782570        11011859       7594       2000      10000         34
   0       14     1963     9593     14670782977     14670792570        11021859       7594       2000      10000         34
   0       14     1963     9593     14670792977     14670802570        11031858       7594       2000      10000         34
   0       14     1963     9589     14670802979     14670812568        11041861       7592       2000      10000         32
   0       14     1965     9592     14670812979     14670822571        11051861       7591       2000      10000         35
   0       14     1963     9570     14670823000     14670832570        11061881       7571       2000      10000         34
   0       14     1963     9592     14670832978     14670842570        11071859       7594       2000      10000         34
   0       14     1963     9592     14670842978     14670852570        11081860       7593       2000      10000         34
   0       14     1963     9590     14670852979     14670862570        11091861       7592       2000      10000         34
   0       14     1963     9593     14670862976     14670872570        11101858       7595       2000      10000         34
   0       14     1963     9591     14670872979     14670882570        11111860       7592       2000      10000         34
   0       14     1963     9593     14670882977     14670892570        11121858       7594       2000      10000         34
   0       14     1963     9579     14670892991     14670902570        11131872       7580       2000      10000         34
   0       14     1963     9591     14670902978     14670912569        11141860       7593       2000      10000         33
   0       14     1963     9592     14670912977     14670922569        11151859       7594       2000      10000         33
   0       14     1963     9590     14670922979     14670932569        11161861       7592       2000      10000         33
   0       14     1963     9592     14670932978     14670942569        11171859       7593       2000      10000         34
   0       14     1963     9592     14670942978     14670952570        11181859       7593       2000      10000         34
   0       14     1971     9596     14670952974     14670962570        11191856       7589       2000      10000         34
   0       14     1963     9591     14670962979     14670972570        11201860       7592       2000      10000         34
   0       14     1963     9589     14670972981     14670982569        11211862       7591       2000      10000         33
   0       14     1963     9593     14670982976     14670992570        11221858       7595       2000      10000         34
   0       14     1963     9571     14670992998     14671002569        11231880       7573       2000      10000         34
   0       14     1963     9589     14671002980     14671012569        11241862       7591       2000      10000         33
   0       14     1963     9595     14671012975     14671022570        11251856       7596       2000      10000         34
   0       14     1963     9589     14671022980     14671032569        11261862       7591       2000      10000         33
   0       14     1963     9591     14671032978     14671042569        11271859       7593       2000      10000         33
   0       14     1963     9583     14671042986     14671052569        11281868       7585       2000      10000         33
   0       14     1963     9588     14671052981     14671062569        11291862       7590       2000      10000         33
   0       14     1963     9593     14671062977     14671072570        11301859       7594       2000      10000         34
   0       14     1963     9590     14671072980     14671082570        11311862       7591       2000      10000         34
   0       14     1963     9591     14671082977     14671092568        11321859       7594       2000      10000         33
   0       14     1979     9594     14671092976     14671102570        11331857       7579       2000      10000         34
   0       14     1971     9588     14671102981     14671112569        11341862       7582       2000      10000         33
   0       14     1963     9584     14671112985     14671122569        11351866       7586       2000      10000         33
   0       14     1963     9593     14671122977     14671132570        11361858       7594       2000      10000         34
   0       14     1963     9594     14671132975     14671142569        11371857       7596       2000      10000         34
   0       14     1963     9591     14671142979     14671152570        11381860       7592       2000      10000         34
   0       14     1963     9592     14671152978     14671162569        11391859       7593       2000      10000         34
   0       14     1963     9589     14671162979     14671172568        11401861       7592       2000      10000         32
   0       14     1963     9592     14671172976     14671182568        11411858       7595       2000      10000         33
   0       14     1963     9585     14671182984     14671192569        11421866       7587       2000      10000         33
   0       14     1963     9592     14671192977     14671202569        11431859       7594       2000      10000         34
   0       14     1963     9589     14671202979     14671212569        11441861       7592       2000      10000         33
   0       14     1963     9590     14671212978     14671222569        11451860       7593       2000      10000         33
   0       14     1963     9590     14671222979     14671232570        11461861       7592       2000      10000         34
   0       14     1979     9585     14671232985     14671242570        11471866       7570       2000      10000         34
   0       14     1963     9590     14671242980     14671252569        11481861       7592       2000      10000         33
   0       14     1971     9592     14671252977     14671262569        11491859       7586       2000      10000         33
   0       14     1963     9589     14671262980     14671272569        11501861       7591       2000      10000         33
   0       14     1963     9592     14671272977     14671282569        11511859       7594       2000      10000         33
   0       14     1987     9589     14671282980     14671292570        11521862       7567       2000      10000         34
   0       14     1963     9590     14671292979     14671302569        11531861       7592       2000      10000         33
   0       14     1963     9588     14671302981     14671312569        11541863       7590       2000      10000         33
   0       14     1963     9594     14671312975     14671322569        11551856       7596       2000      10000         33
   0       14     1963     9564     14671323005     14671332569        11561887       7566       2000      10000         33
   0       14     1963     9591     14671332979     14671342570        11571860       7592       2000      10000         34
   0       14     1963     9587     14671342982     14671352569        11581864       7589       2000      10000         34
   0       14     1963     9592     14671352977     14671362569        11591859       7594       2000      10000         33
   0       14     1963     9589     14671362980     14671372568        11601861       7592       2000      10000         33
   0       14     1963     9590     14671372979     14671382569        11611860       7592       2000      10000         34
   0       14     1979     9592     14671382978     14671392570        11621860       7577       2000      10000         34
   0       14     1963     9589     14671392981     14671402570        11631862       7590       2000      10000         34
   0       14     1963     9586     14671402983     14671412569        11641865       7588       2000      10000         33
   0       14     1987     9592     14671412976     14671422569        11651858       7571       2000      10000         33
   0       14     1963     9589     14671422980     14671432569        11661861       7591       2000      10000         33
   0       14     1963     9591     14671432979     14671442569        11671860       7593       2000      10000         33
   0       14     1963     9586     14671442983     14671452569        11681864       7588       2000      10000         33
   0       14     1963     9589     14671452980     14671462569        11691861       7591       2000      10000         34
   0       14     1963     9592     14671462977     14671472569        11701859       7594       2000      10000         33
   0       14     1963     9593     14671472976     14671482570        11711858       7595       2000      10000         34
   0       14     1963     9589     14671482980     14671492569        11721861       7591       2000      10000         33
   0       14     1963     9594     14671492975     14671502569        11731856       7596       2000      10000         33
   0       14     1963     9592     14671502977     14671512569        11741859       7594       2000      10000         33
   0       14     1963     9596     14671512974     14671522570        11751856       7597       2000      10000         34
   0       14     1963     9589     14671522979     14671532568        11761861       7592       2000      10000         33
   0       14     1963     9569     14671532975     14671542544        11771857       7596       2000      10000          9
   0       14     1963     9631     14671542912     14671552543        11781794       7659       2000      10000          8
   0       14     1963     9673     14671552905     14671562577        11791786       7666       2000      10000         42
   0       14     1963     9645     14671562938     14671572583        11801820       7633       2000      10000         48
   0       14     1963     9623     14671572947     14671582569        11811828       7624       2000      10000         34
   0       14     1963     9584     14671582984     14671592569        11821866       7587       2000      10000         33
   0       14     1963     9591     14671592978     14671602569        11831860       7593       2000      10000         33
   0       14     1963     9589     14671602980     14671612569        11841861       7591       2000      10000         33
   0       14     1963     9591     14671612977     14671622569        11851859       7594       2000      10000         33
   0       14     1963     9590     14671622979     14671632569        11861860       7592       2000      10000         33
   0       14     1963     9594     14671632974     14671642569        11871856       7597       2000      10000         33
   0       14     1963     9591     14671642979     14671652569        11881860       7592       2000      10000         33
   0       14     1963     9574     14671652995     14671662569        11891877       7576       2000      10000         33
   0       14     1963     9592     14671662977     14671672569        11901859       7594       2000      10000         34
   0       14     1963     9592     14671672977     14671682569        11911859       7594       2000      10000         34
   0       14     1963     9589     14671682979     14671692569        11921861       7592       2000      10000         33
   0       14     1963     9592     14671692977     14671702569        11931859       7594       2000      10000         33
   0       14     1963     9592     14671702977     14671712569        11941859       7594       2000      10000         33
   0       14     1963     9586     14671712983     14671722570        11951865       7588       2000      10000         34
   0       14     1963     9592     14671722977     14671732569        11961859       7594       2000      10000         33
   0       14     1963     9594     14671732975     14671742569        11971856       7596       2000      10000         33
   0       14     1963     9592     14671742978     14671752569        11981859       7593       2000      10000         34
   0       14     1963     9584     14671752985     14671762569        11991867       7586       2000      10000         33
   0       14     1963     9587     14671762982     14671772569        12001864       7589       2000      10000         33
   0       14     1963     9591     14671772977     14671782569        12011859       7594       2000      10000         33
   0       14     1963     9592     14671782977     14671792569        12021859       7594       2000      10000         33
   0       14     1963     9593     14671792976     14671802569        12031857       7595       2000      10000         33
   0       14     1963     9589     14671802980     14671812569        12041861       7591       2000      10000         34
   0       14     1965     9597     14671812975     14671822572        12051857       7594       2000      10000         36
   0       14     1963     9570     14671822999     14671832568        12061880       7572       2000      10000         33
   0       14     1963     9590     14671832980     14671842570        12071861       7591       2000      10000         34
   0       14     1963     9590     14671842980     14671852569        12081861       7591       2000      10000         34
   0       14     1963     9592     14671852977     14671862569        12091859       7594       2000      10000         34
   0       14     1963     9593     14671862977     14671872570        12101859       7594       2000      10000         35
   0       14     1963     9587     14671872983     14671882570        12111865       7588       2000      10000         35
   0       14     1963     9587     14671882982     14671892569        12121863       7589       2000      10000         33
   0       14     1963     9589     14671892981     14671902570        12131863       7590       2000      10000         34
   0       14     1963     9589     14671902981     14671912570        12141862       7590       2000      10000         34
   0       14     1963     9590     14671912979     14671922569        12151861       7592       2000      10000         34
   0       14     1963     9590     14671922979     14671932569        12161861       7592       2000      10000         33
   0       14     1963     9588     14671932981     14671942569        12171862       7590       2000      10000         33
   0       14     1971     9588     14671942982     14671952570        12181863       7581       2000      10000         34
   0       14     1963     9592     14671952978     14671962570        12191859       7593       2000      10000         34
   0       14     1971     9589     14671962981     14671972570        12201862       7582       2000      10000         34
   0       14     1963     9570     14671973000     14671982570        12211882       7571       2000      10000         34
   0       14     1963     9569     14671983000     14671992569        12221882       7571       2000      10000         33
   0       14     1963     9592     14671992977     14672002569        12231858       7594       2000      10000         33
   0       14     1963     9590     14672002979     14672012569        12241861       7592       2000      10000         33
   0       14     1987     9587     14672012981     14672022568        12251863       7566       2000      10000         32
   0       14     1963     9591     14672022977     14672032569        12261859       7594       2000      10000         33
   0       14     1963     9592     14672032978     14672042569        12271859       7594       2000      10000         33
   0       14     1963     9587     14672042982     14672052569        12281863       7589       2000      10000         33
   0       14     1963     9590     14672052979     14672062569        12291860       7592       2000      10000         33
   0       14     1963     9588     14672062981     14672072569        12301862       7590       2000      10000         33
   0       14     1963     9592     14672072976     14672082568        12311858       7595       2000      10000         32
   0       14     1963     9590     14672082979     14672092569        12321861       7592       2000      10000         34
   0       14     1963     9591     14672092978     14672102570        12331860       7593       2000      10000         34
   0       14     1963     9588     14672102980     14672112568        12341861       7591       2000      10000         33
   0       14     1963     9591     14672112977     14672122568        12351859       7594       2000      10000         32
   0       14     1963     9586     14672122984     14672132569        12361865       7587       2000      10000         33
   0       14     1987     9591     14672132978     14672142569        12371860       7569       2000      10000         33
   0       14     1963     9588     14672142981     14672152569        12381863       7590       2000      10000         33
   0       14     1963     9589     14672152979     14672162568        12391861       7592       2000      10000         32
   0       14     1963     9590     14672162978     14672172569        12401860       7593       2000      10000         33
   0       14     1963     9592     14672172977     14672182569        12411859       7594       2000      10000         34
   0       14     1963     9584     14672182986     14672192569        12421867       7585       2000      10000         34
   0       14     1963     9591     14672192979     14672202569        12431860       7592       2000      10000         34
   0       14     1963     9593     14672202976     14672212569        12441857       7595       2000      10000         33
   0       14     1971     9592     14672212977     14672222569        12451859       7586       2000      10000         33
   0       14     1963     9591     14672222979     14672232570        12461861       7592       2000      10000         34
   0       14     1963     9591     14672232978     14672242569        12471859       7593       2000      10000         33
   0       14     1963     9590     14672242980     14672252569        12481861       7592       2000      10000         33
   0       14     1963     9590     14672252979     14672262569        12491861       7592       2000      10000         33
   0       14     1963     9592     14672262977     14672272569        12501859       7594       2000      10000         33
   0       14     1963     9565     14672272978     14672282543        12511860       7593       2000      10000          8
   0       14     1963     9667     14672282902     14672292569        12521783       7669       2000      10000         33
   0       14     1963     9591     14672292978     14672302570        12531860       7593       2000      10000         34
   0       14     1963     9596     14672302974     14672312570        12541855       7597       2000      10000         34
   0       14     1963     9573     14672312996     14672322569        12551878       7575       2000      10000         33
   0       14     1963     9591     14672322978     14672332570        12561860       7593       2000      10000         34
   0       14     1963     9587     14672332982     14672342569        12571863       7589       2000      10000         33
   0       14     1963     9592     14672342977     14672352570        12581859       7594       2000      10000         34
   0       14     1963     9592     14672352977     14672362569        12591859       7594       2000      10000         33
   0       14     1963     9588     14672362981     14672372569        12601863       7590       2000      10000         33
   0       14     1963     9594     14672372975     14672382569        12611857       7596       2000      10000         33
   0       14     1963     9583     14672382985     14672392568        12621867       7586       2000      10000         33
   0       14     1963     9583     14672392985     14672402569        12631867       7586       2000      10000         33
   0       14     1963     9588     14672402981     14672412569        12641863       7590       2000      10000         33
   0       14     1963     9590     14672412979     14672422569        12651860       7592       2000      10000         33
   0       14     1987     9589     14672422980     14672432569        12661861       7567       2000      10000         33
   0       14     1963     9593     14672432977     14672442569        12671858       7595       2000      10000         34
   0       14     1963     9593     14672442977     14672452570        12681858       7594       2000      10000         34
   0       14     1963     9585     14672452984     14672462569        12691866       7587       2000      10000         33
   0       14     1963     9595     14672462975     14672472570        12701856       7596       2000      10000         34
   0       14     1963     9591     14672472978     14672482569        12711860       7593       2000      10000         33
   0       14     1963     9619     14672482950     14672492569        12721832       7621       2000      10000         34
   0       14     1963     9589     14672492979     14672502568        12731861       7592       2000      10000         33
   0       14     1963     9592     14672502977     14672512569        12741859       7594       2000      10000         33
   0       14     1963     9596     14672512975     14672522571        12751857       7596       2000      10000         35
   0       14     1963     9593     14672522978     14672532571        12761859       7593       2000      10000         35
   0       14     1987     9592     14672532976     14672542568        12771858       7571       2000      10000         32
   0       14     1963     9593     14672542976     14672552569        12781858       7595       2000      10000         33
   0       14     1963     9584     14672552959     14672562543        12791840       7613       2000      10000          8
   0       14     1963     9639     14672562904     14672572543        12801785       7667       2000      10000          8
   0       14     1963     9672     14672572903     14672582575        12811785       7668       2000      10000         39
   0       14     1963     9611     14672582959     14672592570        12821840       7612       2000      10000         34
   0       14     1963     9589     14672592980     14672602570        12831862       7591       2000      10000         34
   0       14     1963     9589     14672602980     14672612569        12841861       7591       2000      10000         33
   0       14     1963     9582     14672612987     14672622569        12851869       7584       2000      10000         34
   0       14     1963     9592     14672622977     14672632569        12861859       7594       2000      10000         33
   0       14     1963     9590     14672632979     14672642569        12871861       7592       2000      10000         33
   0       14     1963     9572     14672642997     14672652569        12881879       7574       2000      10000         33
   0       14     1963     9585     14672652983     14672662568        12891865       7588       2000      10000         32
   0       14     1963     9590     14672662979     14672672569        12901860       7592       2000      10000         33
   0       14     1971     9591     14672672978     14672682569        12911860       7585       2000      10000         33
   0       14     1987     9589     14672682981     14672692569        12921862       7566       2000      10000         34
   0       14     1963     9594     14672692976     14672702570        12931857       7595       2000      10000         34
   0       14     1971     9591     14672702977     14672712568        12941859       7586       2000      10000         32
   0       14     1963     9591     14672712979     14672722569        12951860       7592       2000      10000         34
   0       14     1963     9590     14672722979     14672732569        12961861       7592       2000      10000         33
   0       14     1963     9591     14672732978     14672742569        12971859       7593       2000      10000         33
   0       14     1963     9593     14672742976     14672752569        12981858       7595       2000      10000         34
   0       14     1963     9591     14672752979     14672762569        12991860       7592       2000      10000         34
   0       14     1963     9588     14672762981     14672772569        13001863       7590       2000      10000         33
   0       14     1963     9592     14672772977     14672782569        13011859       7594       2000      10000         33
   0       14     1963     9591     14672782979     14672792570        13021860       7592       2000      10000         34
   0       14     1963     9590     14672792980     14672802570        13031861       7591       2000      10000         34
   0       14     1963     9588     14672802982     14672812570        13041863       7589       2000      10000         34
   0       14     1964     9594     14672812978     14672822572        13051859       7593       2000      10000         36
   0       14     1963     9567     14672823002     14672832569        13061884       7569       2000      10000         33
   0       14     1963     9591     14672832979     14672842570        13071861       7592       2000      10000         34
   0       14     1963     9586     14672842983     14672852569        13081865       7588       2000      10000         33
   0       14     1987     9589     14672852981     14672862570        13091862       7566       2000      10000         34
   0       14     1963     9591     14672862979     14672872570        13101860       7592       2000      10000         34
   0       14     1963     9591     14672872978     14672882570        13111860       7593       2000      10000         34
   0       14     1963     9593     14672882977     14672892570        13121859       7594       2000      10000         34
   0       14     1963     9591     14672892977     14672902569        13131859       7594       2000      10000         33
   0       14     1963     9594     14672902975     14672912569        13141857       7596       2000      10000         34
   0       14     1963     9596     14672912973     14672922570        13151855       7598       2000      10000         34
   0       14     1963     9595     14672922974     14672932569        13161856       7597       2000      10000         33
   0       14     1963     9597     14672932971     14672942569        13171853       7600       2000      10000         33
   0       14     1963     9596     14672942973     14672952569        13181855       7598       2000      10000         33
   0       14     1963     9594     14672952975     14672962569        13191857       7596       2000      10000         33
   0       14     1963     9593     14672962975     14672972569        13201857       7596       2000      10000         33
   0       14     1963     9576     14672972993     14672982569        13211875       7578       2000      10000         33
   0       14     1963     9594     14672982974     14672992568        13221855       7597       2000      10000         32
   0       14     1963     9595     14672992973     14673002569        13231855       7598       2000      10000         33
   0       14     1963     9595     14673002975     14673012570        13241857       7596       2000      10000         34
   0       14     1963     9599     14673012970     14673022570        13251852       7601       2000      10000         34
   0       14     1963     9596     14673022973     14673032569        13261855       7598       2000      10000         33
   0       14     1963     9594     14673032975     14673042569        13271856       7597       2000      10000         33
   0       14     1963     9588     14673042982     14673052570        13281863       7589       2000      10000         34
   0       14     1963     9593     14673052976     14673062569        13291857       7595       2000      10000         33
   0       14     1963     9596     14673062973     14673072570        13301855       7598       2000      10000         34
   0       14     1963     9591     14673072979     14673082570        13311861       7591       2000      10000         34
   0       14     1963     9586     14673082986     14673092571        13321867       7585       2000      10000         35
   0       14     1963     9588     14673092982     14673102569        13331863       7590       2000      10000         34
   0       14     1963     9589     14673102980     14673112569        13341862       7591       2000      10000         33
   0       14     1963     9592     14673112977     14673122569        13351859       7594       2000      10000         33
   0       14     1963     9590     14673122981     14673132571        13361863       7590       2000      10000         35
   0       14     1963     9588     14673132982     14673142570        13371863       7589       2000      10000         34
   0       14     1963     9588     14673142980     14673152568        13381862       7591       2000      10000         32
   0       14     1963     9591     14673152979     14673162570        13391861       7592       2000      10000         34
   0       14     1963     9591     14673162979     14673172570        13401861       7592       2000      10000         34
   0       14     1963     9591     14673172978     14673182569        13411860       7593       2000      10000         33
   0       14     1963     9591     14673182978     14673192570        13421860       7593       2000      10000         34
   0       14     1963     9593     14673192976     14673202569        13431858       7595       2000      10000         33
   0       14     1963     9590     14673202980     14673212570        13441862       7591       2000      10000         34
   0       14     1963     9593     14673212976     14673222569        13451858       7595       2000      10000         33
   0       14     1963     9588     14673222980     14673232568        13461862       7591       2000      10000         33
   0       14     1963     9592     14673232977     14673242569        13471858       7594       2000      10000         33
   0       14     1963     9589     14673242981     14673252570        13481863       7590       2000      10000         34
   0       14     1971     9577     14673252993     14673262569        13491874       7570       2000      10000         34
   0       14     1987     9589     14673262980     14673272569        13501861       7567       2000      10000         33
   0       14     1963     9591     14673272978     14673282570        13511860       7593       2000      10000         34
   0       14     1963     9590     14673282978     14673292569        13521860       7593       2000      10000         33
   0       14     1963     9567     14673292977     14673302544        13531858       7594       2000      10000          9
   0       14     1963     9644     14673302926     14673312569        13541807       7645       2000      10000         34
   0       14     1963     9587     14673312981     14673322569        13551863       7590       2000      10000         33
   0       14     1963     9586     14673322982     14673332568        13561864       7589       2000      10000         32
   0       14     1963     9595     14673332975     14673342569        13571856       7596       2000      10000         34
   0       14     1963     9591     14673342978     14673352569        13581859       7593       2000      10000         33
   0       14     1963     9585     14673352983     14673362569        13591865       7588       2000      10000         33
   0       14     1963     9588     14673362981     14673372569        13601863       7590       2000      10000         33
   0       14     1963     9590     14673372980     14673382569        13611861       7591       2000      10000         33
   0       14     1979     9590     14673382979     14673392569        13621861       7576       2000      10000         33
   0       14     1963     9591     14673392978     14673402569        13631860       7593       2000      10000         33
   0       14     1979     9589     14673402980     14673412569        13641861       7575       2000      10000         33
   0       14     1971     9592     14673412977     14673422569        13651858       7586       2000      10000         33
   0       14     1963     9590     14673422979     14673432569        13661861       7592       2000      10000         33
   0       14     1963     9590     14673432979     14673442569        13671861       7592       2000      10000         33
   0       14     1963     9591     14673442978     14673452569        13681860       7593       2000      10000         33
   0       14     1963     9588     14673452982     14673462570        13691863       7589       2000      10000         34
   0       14     1963     9590     14673462980     14673472570        13701861       7591       2000      10000         34
   0       14     1963     9578     14673472990     14673482569        13711872       7581       2000      10000         33
   0       14     1963     9587     14673482982     14673492569        13721864       7589       2000      10000         34
   0       14     1963     9591     14673492978     14673502569        13731860       7593       2000      10000         33
   0       14     1963     9591     14673502979     14673512569        13741860       7592       2000      10000         34
   0       14     1963     9587     14673512981     14673522568        13751863       7590       2000      10000         33
   0       14     1963     9592     14673522977     14673532568        13761858       7594       2000      10000         33
   0       14     1963     9595     14673532976     14673542570        13771857       7595       2000      10000         34
   0       14     1963     9590     14673542979     14673552569        13781861       7592       2000      10000         33
   0       14     1963     9592     14673552979     14673562571        13791860       7592       2000      10000         35
   0       14     1963     9584     14673562959     14673572543        13801841       7612       2000      10000          8
   0       14     1963     9640     14673572902     14673582543        13811784       7669       2000      10000          8
   0       14     1963     9664     14673582904     14673592568        13821786       7667       2000      10000         32
   0       14     1963     9592     14673592978     14673602569        13831859       7594       2000      10000         34
   0       14     1963     9591     14673602978     14673612569        13841860       7593       2000      10000         33
   0       14     1963     9587     14673612982     14673622569        13851864       7589       2000      10000         33
   0       14     1963     9591     14673622978     14673632569        13861860       7593       2000      10000         34
   0       14     1963     9575     14673632995     14673642570        13871877       7576       2000      10000         34
   0       14     1963     9591     14673642978     14673652569        13881859       7593       2000      10000         33
   0       14     1963     9591     14673652978     14673662569        13891860       7593       2000      10000         34
   0       14     1987     9592     14673662977     14673672569        13901859       7570       2000      10000         33
   0       14     1963     9591     14673672978     14673682569        13911860       7593       2000      10000         33
   0       14     1963     9557     14673682988     14673692545        13921869       7583       2000      10000         10
   0       14     1963     9665     14673692906     14673702571        13931787       7665       2000      10000         35
   0       14     1963     9589     14673702981     14673712570        13941863       7590       2000      10000         34
   0       14     1963     9589     14673712980     14673722569        13951862       7591       2000      10000         34
   0       14     1963     9591     14673722979     14673732569        13961860       7592       2000      10000         34
   0       14     1963     9589     14673732980     14673742569        13971862       7591       2000      10000         33
   0       14     1963     9590     14673742980     14673752571        13981862       7591       2000      10000         35
   0       14     1963     9589     14673752980     14673762569        13991861       7591       2000      10000         33
   0       14     1965     9595     14673762977     14673772573        14001859       7592       2000      10000         37
   0       14     1964     9550     14673773019     14673782569        14011900       7552       2000      10000         33
   0       14     1979     9591     14673782980     14673792571        14021861       7575       2000      10000         35
   0       14     1963     9591     14673792979     14673802569        14031860       7592       2000      10000         34
   0       14     1963     9586     14673802984     14673812570        14041866       7587       2000      10000         34
   0       14     1964     9592     14673812978     14673822570        14051860       7591       2000      10000         34
   0       14     1963     9574     14673822997     14673832571        14061879       7574       2000      10000         35
   0       14     1963     9592     14673832978     14673842570        14071859       7593       2000      10000         34
   0       14     1963     9591     14673842980     14673852570        14081861       7592       2000      10000         35
   0       14     1963     9590     14673852980     14673862570        14091861       7591       2000      10000         34
   0       14     1963     9588     14673862982     14673872570        14101864       7589       2000      10000         34
   0       14     1963     9591     14673872977     14673882569        14111859       7594       2000      10000         33
   0       14     1963     9596     14673882974     14673892570        14121855       7597       2000      10000         34
   0       14     1971     9590     14673892979     14673902569        14131861       7584       2000      10000         33
   0       14     1963     9579     14673902991     14673912570        14141872       7580       2000      10000         34
   0       14     1963     9585     14673912984     14673922570        14151866       7587       2000      10000         34
   0       14     1963     9589     14673922981     14673932570        14161862       7590       2000      10000         34
   0       14     1971     9590     14673932980     14673942569        14171861       7583       2000      10000         33
   0       14     1963     9589     14673942980     14673952569        14181862       7591       2000      10000         34
   0       14     1963     9591     14673952981     14673962571        14191862       7590       2000      10000         35
   0       14     1963     9572     14673962999     14673972571        14201880       7573       2000      10000         35
   0       14     1963     9590     14673972979     14673982569        14211860       7592       2000      10000         33
   0       14     1963     9592     14673982977     14673992569        14221858       7595       2000      10000         33
   0       14     1963     9588     14673992981     14674002569        14231863       7590       2000      10000         33
   0       14     1963     9591     14674002978     14674012569        14241860       7593       2000      10000         33
   0       14     1963     9593     14674012977     14674022570        14251859       7594       2000      10000         34
   0       14     1979     9555     14674023014     14674032570        14261896       7541       2000      10000         34
   0       14     1963     9586     14674032983     14674042569        14271864       7589       2000      10000         33
   0       14     1963     9588     14674042981     14674052569        14281863       7590       2000      10000         33
   0       14     1963     9591     14674052978     14674062569        14291860       7593       2000      10000         33
   0       14     1963     9587     14674062981     14674072569        14301863       7590       2000      10000         33
   0       14     1963     9592     14674072976     14674082569        14311858       7595       2000      10000         33
   0       14     1963     9590     14674082979     14674092569        14321860       7592       2000      10000         33
   0       14     1963     9593     14674092978     14674102571        14331859       7593       2000      10000         35
   0       14     1963     9587     14674102982     14674112569        14341863       7589       2000      10000         33
   0       14     1963     9581     14674112988     14674122570        14351870       7583       2000      10000         34
   0       14     1987     9590     14674122979     14674132569        14361861       7568       2000      10000         33
   0       14     1963     9589     14674132980     14674142569        14371862       7591       2000      10000         33
   0       14     1963     9591     14674142979     14674152569        14381860       7592       2000      10000         33
   0       14     1963     9588     14674152982     14674162570        14391863       7589       2000      10000         34
   0       14     1971     9590     14674162979     14674172569        14401860       7584       2000      10000         33
   0       14     1963     9587     14674172981     14674182569        14411863       7590       2000      10000         33
   0       14     1963     9589     14674182981     14674192569        14421862       7590       2000      10000         33
   0       14     1963     9590     14674192979     14674202569        14431860       7592       2000      10000         33
   0       14     1963     9591     14674202979     14674212570        14441861       7592       2000      10000         34
   0       14     1963     9589     14674212980     14674222569        14451862       7591       2000      10000         34
   0       14     1963     9591     14674222979     14674232570        14461861       7592       2000      10000         34
   0       14     1963     9589     14674232980     14674242569        14471862       7591       2000      10000         34
   0       14     1963     9590     14674242979     14674252569        14481860       7592       2000      10000         33
   0       14     1963     9592     14674252977     14674262569        14491858       7594       2000      10000         33
   0       14     1963     9596     14674262974     14674272570        14501856       7597       2000      10000         34
   0       14     1963     9592     14674272978     14674282569        14511859       7593       2000      10000         33
   0       14     1963     9589     14674282981     14674292570        14521863       7590       2000      10000         34
   0       14     1963     9572     14674292998     14674302569        14531879       7573       2000      10000         33
   0       14     1963     9591     14674302979     14674312570        14541861       7592       2000      10000         34
   0       14     1963     9589     14674312980     14674322569        14551861       7591       2000      10000         33
   0       14     1963     9579     14674322989     14674332569        14561871       7582       2000      10000         33
   0       14     1963     9587     14674332981     14674342569        14571863       7590       2000      10000         33
   0       14     1963     9587     14674342982     14674352569        14581864       7589       2000      10000         33
   0       14     1963     9590     14674352979     14674362569        14591861       7592       2000      10000         34
   0       14     1963     9590     14674362979     14674372569        14601861       7592       2000      10000         33
   0       14     1963     9587     14674372982     14674382568        14611863       7589       2000      10000         33
   0       14     1963     9588     14674382980     14674392568        14621861       7591       2000      10000         32
   0       14     1963     9589     14674392979     14674402568        14631861       7592       2000      10000         32
   0       14     1963     9589     14674402980     14674412569        14641861       7591       2000      10000         33
   0       14     1963     9592     14674412978     14674422569        14651859       7593       2000      10000         33
   0       14     1963     9589     14674422980     14674432568        14661861       7592       2000      10000         33
   0       14     1963     9588     14674432981     14674442568        14671862       7590       2000      10000         33
   0       14     1963     9595     14674442974     14674452569        14681855       7597       2000      10000         33
   0       14     1963     9591     14674452979     14674462569        14691861       7592       2000      10000         34
   0       14     1963     9589     14674462979     14674472568        14701861       7592       2000      10000         33
   0       14     1963     9588     14674472981     14674482569        14711862       7590       2000      10000         33
   0       14     1963     9592     14674482977     14674492569        14721859       7594       2000      10000         33
   0       14     1963     9588     14674492981     14674502569        14731863       7590       2000      10000         34
   0       14     1963     9587     14674502982     14674512569        14741864       7589       2000      10000         33
   0       14     1963     9587     14674512981     14674522569        14751863       7590       2000      10000         33
   0       14     1963     9595     14674522974     14674532569        14761856       7597       2000      10000         34
   0       14     1963     9588     14674532981     14674542570        14771863       7590       2000      10000         34
   0       14     1963     9581     14674542987     14674552568        14781869       7584       2000      10000         32
   0       14     1987     9606     14674552981     14674562587        14791862       7567       2000      10000         52
   0       14     1963     9594     14674562949     14674572543        14801831       7622       2000      10000          8
   0       14     1963     9639     14674572904     14674582543        14811786       7667       2000      10000          8
   0       14     1963     9668     14674582901     14674592569        14821782       7670       2000      10000         33
   0       14     1963     9591     14674592978     14674602569        14831860       7593       2000      10000         33
   0       14     1963     9596     14674602974     14674612570        14841856       7597       2000      10000         34
   0       14     1963     9586     14674612982     14674622569        14851864       7589       2000      10000         33
   0       14     1963     9577     14674622993     14674632570        14861875       7578       2000      10000         34
   0       14     1963     9588     14674632980     14674642568        14871862       7591       2000      10000         32
   0       14     1963     9589     14674642980     14674652569        14881861       7591       2000      10000         33
   0       14     1963     9589     14674652980     14674662569        14891862       7591       2000      10000         34
   0       14     1963     9592     14674662977     14674672569        14901858       7594       2000      10000         33
   0       14     1963     9590     14674672979     14674682569        14911861       7592       2000      10000         33
   0       14     1963     9592     14674682977     14674692569        14921859       7594       2000      10000         33
   0       14     1963     9586     14674692983     14674702568        14931864       7589       2000      10000         32
   0       14     1963     9591     14674702977     14674712568        14941859       7594       2000      10000         32
   0       14     1963     9592     14674712977     14674722569        14951859       7594       2000      10000         33
   0       14     1963     9590     14674722978     14674732568        14961860       7593       2000      10000         33
   0       14     1963     9592     14674732977     14674742569        14971859       7594       2000      10000         33
   0       14     1963     9593     14674742976     14674752569        14981858       7595       2000      10000         33
   0       14     1971     9582     14674752987     14674762569        14991869       7576       2000      10000         34
   0       14     1987     9590     14674762980     14674772569        15001861       7567       2000      10000         34
   0       14     1963     9587     14674772982     14674782569        15011863       7589       2000      10000         33
   0       14     1963     9591     14674782978     14674792569        15021860       7593       2000      10000         34
   0       14     1963     9589     14674792979     14674802569        15031861       7592       2000      10000         33
   0       14     1963     9594     14674802975     14674812569        15041856       7596       2000      10000         33
   0       14     1964     9592     14674812980     14674822572        15051861       7590       2000      10000         36
   0       14     1963     9574     14674822996     14674832570        15061878       7575       2000      10000         34
   0       14     1963     9590     14674832979     14674842569        15071861       7592       2000      10000         33
   0       14     1963     9593     14674842976     14674852569        15081858       7595       2000      10000         33
   0       14     1963     9588     14674852980     14674862569        15091862       7591       2000      10000         33
   0       14     1963     9590     14674862979     14674872569        15101860       7592       2000      10000         33
   0       14     1963     9591     14674872977     14674882569        15111859       7594       2000      10000         33
   0       14     1987     9591     14674882978     14674892569        15121860       7569       2000      10000         34
   0       14     1963     9588     14674892980     14674902569        15131862       7591       2000      10000         33
   0       14     1963     9590     14674902979     14674912569        15141860       7592       2000      10000         33
   0       14     1963     9591     14674912978     14674922569        15151859       7593       2000      10000         33
   0       14     1963     9592     14674922977     14674932569        15161858       7594       2000      10000         33
   0       14     1963     9589     14674932980     14674942569        15171861       7591       2000      10000         33
   0       14     1971     9591     14674942977     14674952568        15181859       7586       2000      10000         33
   0       14     1963     9567     14674953002     14674962569        15191883       7569       2000      10000         33
   0       14     1963     9594     14674962975     14674972569        15201857       7596       2000      10000         33
   0       14     1971     9579     14674972990     14674982569        15211871       7573       2000      10000         33
   0       14     1963     9586     14674982984     14674992569        15221866       7587       2000      10000         34
   0       14     1971     9592     14674992978     14675002570        15231860       7585       2000      10000         34
   0       14     1963     9591     14675002982     14675012573        15241864       7589       2000      10000         37
   0       14     1963     9577     14675012994     14675022571        15251875       7577       2000      10000         35
   0       14     1963     9591     14675022980     14675032571        15261861       7591       2000      10000         35
   0       14     1963     9589     14675032981     14675042570        15271863       7590       2000      10000         34
   0       14     1963     9592     14675042977     14675052569        15281859       7594       2000      10000         33
   0       14     1963     9588     14675052981     14675062569        15291862       7590       2000      10000         33
   0       14     1987     9589     14675062980     14675072569        15301862       7567       2000      10000         33
   0       14     1963     9591     14675072978     14675082569        15311859       7593       2000      10000         33
   0       14     1963     9593     14675082977     14675092570        15321859       7594       2000      10000         34
   0       14     1963     9588     14675092981     14675102569        15331863       7590       2000      10000         33
   0       14     1963     9594     14675102977     14675112571        15341859       7594       2000      10000         35
   0       14     1963     9590     14675112980     14675122570        15351862       7591       2000      10000         34
   0       14     1963     9591     14675122979     14675132570        15361861       7592       2000      10000         34
   0       14     1963     9591     14675132979     14675142570        15371860       7593       2000      10000         34
   0       14     1963     9592     14675142978     14675152570        15381860       7593       2000      10000         34
   0       14     1963     9589     14675152980     14675162569        15391861       7591       2000      10000         33
   0       14     1963     9591     14675162978     14675172569        15401860       7593       2000      10000         33
   0       14     1963     9591     14675172977     14675182569        15411859       7594       2000      10000         33
   0       14     1963     9582     14675182988     14675192570        15421870       7583       2000      10000         35
   0       14     1963     9589     14675192980     14675202569        15431861       7591       2000      10000         33
   0       14     1963     9592     14675202977     14675212569        15441859       7594       2000      10000         34
   0       14     1963     9590     14675212979     14675222569        15451861       7592       2000      10000         33
   0       14     1963     9589     14675222980     14675232568        15461861       7592       2000      10000         32
   0       14     1963     9591     14675232979     14675242570        15471861       7592       2000      10000         34
   0       14     1963     9592     14675242977     14675252569        15481858       7595       2000      10000         33
   0       14     1963     9592     14675252977     14675262569        15491859       7594       2000      10000         33
   0       14     1963     9592     14675262977     14675272569        15501858       7594       2000      10000         34
   0       14     1963     9589     14675272979     14675282569        15511861       7592       2000      10000         33
   0       14     1963     9574     14675282995     14675292569        15521877       7576       2000      10000         33
   0       14     1963     9591     14675292978     14675302568        15531859       7594       2000      10000         32
   0       14     1963     9589     14675302980     14675312569        15541862       7591       2000      10000         33
   0       14     1963     9593     14675312976     14675322569        15551858       7595       2000      10000         33
   0       14     1963     9594     14675322975     14675332569        15561857       7596       2000      10000         33
   0       14     1963     9588     14675332981     14675342569        15571862       7590       2000      10000         33
   0       14     1963     9589     14675342980     14675352569        15581861       7591       2000      10000         33
   0       14     1963     9593     14675352976     14675362569        15591858       7595       2000      10000         33
   0       14     1963     9589     14675362981     14675372570        15601863       7590       2000      10000         34
   0       14     1963     9591     14675372978     14675382569        15611860       7593       2000      10000         33
   0       14     1963     9588     14675382981     14675392569        15621863       7590       2000      10000         33
   0       14     1963     9590     14675392978     14675402569        15631860       7593       2000      10000         33
   0       14     1963     9583     14675402986     14675412569        15641868       7585       2000      10000         33
   0       14     1963     9591     14675412978     14675422569        15651859       7594       2000      10000         33
   0       14     1963     9594     14675422976     14675432570        15661858       7595       2000      10000         34
   0       14     1963     9593     14675432976     14675442569        15671857       7595       2000      10000         33
   0       14     1963     9592     14675442978     14675452570        15681860       7593       2000      10000         34
   0       14     1963     9591     14675452978     14675462569        15691860       7593       2000      10000         33
   0       14     1963     9588     14675462981     14675472569        15701862       7590       2000      10000         34
   0       14     1963     9589     14675472980     14675482569        15711861       7592       2000      10000         33
   0       14     1963     9593     14675482977     14675492570        15721858       7594       2000      10000         34
   0       14     1963     9590     14675492978     14675502568        15731859       7593       2000      10000         33
   0       14     1963     9591     14675502978     14675512569        15741860       7593       2000      10000         34
   0       14     1963     9586     14675512981     14675522568        15751863       7590       2000      10000         32
   0       14     1963     9589     14675522980     14675532569        15761862       7591       2000      10000         33
   0       14     1963     9593     14675532977     14675542570        15771859       7594       2000      10000         34
   0       14     1963     9588     14675542982     14675552570        15781863       7589       2000      10000         34
   0       14     1963     9590     14675552978     14675562568        15791860       7593       2000      10000         32
   0       14     1963     9569     14675562975     14675572544        15801856       7596       2000      10000          9
   0       14     1963     9638     14675572905     14675582543        15811786       7666       2000      10000          8
   0       14     1963     9660     14675582906     14675592566        15821787       7665       2000      10000         31
   0       14     1963     9641     14675592928     14675602569        15831810       7643       2000      10000         34
   0       14     1963     9588     14675602982     14675612570        15841864       7589       2000      10000         34
   0       14     1963     9566     14675613004     14675622571        15851886       7567       2000      10000         35
   0       14     1979     9586     14675622983     14675632569        15861865       7572       2000      10000         33
   0       14     1963     9589     14675632980     14675642569        15871862       7591       2000      10000         34
   0       14     1963     9593     14675642976     14675652569        15881857       7595       2000      10000         33
   0       14     1963     9591     14675652978     14675662569        15891859       7593       2000      10000         33
   0       14     1963     9590     14675662979     14675672569        15901861       7592       2000      10000         33
   0       14     1963     9592     14675672978     14675682570        15911860       7593       2000      10000         34
   0       14     1963     9588     14675682981     14675692569        15921862       7590       2000      10000         33
   0       14     1963     9593     14675692976     14675702570        15931858       7595       2000      10000         34
   0       14     1963     9588     14675702981     14675712569        15941863       7590       2000      10000         33
   0       14     1963     9594     14675712976     14675722570        15951857       7595       2000      10000         34
   0       14     1963     9589     14675722980     14675732569        15961861       7591       2000      10000         33
   0       14     1963     9593     14675732976     14675742569        15971858       7595       2000      10000         33
   0       14     1963     9593     14675742976     14675752569        15981858       7595       2000      10000         33
   0       14     1963     9593     14675752977     14675762570        15991859       7594       2000      10000         34
   0       14     1963     9590     14675762980     14675772569        16001861       7592       2000      10000         34
   0       14     1963     9591     14675772978     14675782569        16011860       7593       2000      10000         34
   0       14     1963     9592     14675782977     14675792569        16021859       7594       2000      10000         34
   0       14     1963     9590     14675792979     14675802569        16031861       7592       2000      10000         34
   0       14     1987     9592     14675802978     14675812570        16041860       7569       2000      10000         34
   0       14     1965     9592     14675812982     14675822573        16051863       7588       2000      10000         37
   0       14     1963     9577     14675822993     14675832570        16061875       7578       2000      10000         34
   0       14     1963     9580     14675832990     14675842569        16071871       7582       2000      10000         33
   0       14     1963     9583     14675842986     14675852569        16081868       7585       2000      10000         33
   0       14     1963     9591     14675852979     14675862570        16091860       7592       2000      10000         34
   0       14     1963     9594     14675862976     14675872570        16101858       7595       2000      10000         34
   0       14     1963     9590     14675872980     14675882569        16111861       7592       2000      10000         33
   0       14     1963     9591     14675882979     14675892570        16121861       7592       2000      10000         35
   0       14     1963     9591     14675892978     14675902569        16131860       7593       2000      10000         34
   0       14     1963     9594     14675902975     14675912569        16141857       7596       2000      10000         34
   0       14     1963     9593     14675912977     14675922570        16151858       7594       2000      10000         34
   0       14     1963     9589     14675922980     14675932569        16161861       7591       2000      10000         33
   0       14     1963     9594     14675932976     14675942570        16171857       7595       2000      10000         34
   0       14     1971     9561     14675943008     14675952569        16181889       7555       2000      10000         33
   0       14     1963     9588     14675952981     14675962568        16191862       7590       2000      10000         33
   0       14     1963     9591     14675962978     14675972569        16201860       7593       2000      10000         33
   0       14     1963     9590     14675972979     14675982569        16211861       7592       2000      10000         33
   0       14     1963     9590     14675982978     14675992569        16221860       7593       2000      10000         33
   0       14     1963     9588     14675992980     14676002569        16231862       7591       2000      10000         33
   0       14     1963     9587     14676002983     14676012569        16241864       7588       2000      10000         34
   0       14     1979     9589     14676012981     14676022569        16251862       7574       2000      10000         34
   0       14     1963     9589     14676022980     14676032569        16261861       7591       2000      10000         33
   0       14     1963     9590     14676032979     14676042569        16271860       7592       2000      10000         33
   0       14     1963     9582     14676042987     14676052569        16281869       7584       2000      10000         33
   0       14     1963     9584     14676052985     14676062569        16291866       7586       2000      10000         33
   0       14     1963     9593     14676062977     14676072570        16301859       7594       2000      10000         34
   0       14     1963     9591     14676072978     14676082569        16311860       7593       2000      10000         33
   0       14     1987     9589     14676082980     14676092569        16321862       7567       2000      10000         33
   0       14     1963     9590     14676092979     14676102569        16331860       7592       2000      10000         33
   0       14     1963     9587     14676102982     14676112569        16341863       7589       2000      10000         33
   0       14     1963     9590     14676112979     14676122569        16351861       7592       2000      10000         34
   0       14     1963     9589     14676122980     14676132569        16361862       7591       2000      10000         33
   0       14     1963     9586     14676132982     14676142568        16371864       7589       2000      10000         33
   0       14     1963     9591     14676142978     14676152569        16381859       7593       2000      10000         33
   0       14     1963     9590     14676152978     14676162569        16391860       7593       2000      10000         33
   0       14     1963     9591     14676162978     14676172569        16401860       7593       2000      10000         34
   0       14     1963     9593     14676172977     14676182570        16411858       7594       2000      10000         34
   0       14     1963     9591     14676182979     14676192569        16421860       7592       2000      10000         34
   0       14     1963     9591     14676192978     14676202569        16431860       7593       2000      10000         33
   0       14     1963     9590     14676202980     14676212569        16441861       7591       2000      10000         34
   0       14     1963     9590     14676212980     14676222569        16451861       7591       2000      10000         34
   0       14     1963     9591     14676222978     14676232569        16461859       7593       2000      10000         33
   0       14     1963     9592     14676232978     14676242570        16471860       7593       2000      10000         34
   0       14     1963     9587     14676242982     14676252570        16481864       7589       2000      10000         34
   0       14     1963     9584     14676252986     14676262570        16491867       7585       2000      10000         34
   0       14     1963     9594     14676262976     14676272570        16501858       7595       2000      10000         34
   0       14     1963     9575     14676272994     14676282570        16511876       7577       2000      10000         34
   0       14     1963     9591     14676282978     14676292570        16521860       7593       2000      10000         34
   0       14     1963     9590     14676292979     14676302570        16531861       7592       2000      10000         34
   0       14     1963     9591     14676302979     14676312570        16541860       7592       2000      10000         34
   0       14     1963     9590     14676312981     14676322571        16551862       7590       2000      10000         35
   0       14     1963     9589     14676322980     14676332569        16561862       7591       2000      10000         34
   0       14     1963     9589     14676332981     14676342569        16571862       7590       2000      10000         34
   0       14     1963     9595     14676342974     14676352569        16581856       7597       2000      10000         34
   0       14     1963     9591     14676352978     14676362569        16591860       7593       2000      10000         33
   0       14     1971     9592     14676362978     14676372570        16601859       7585       2000      10000         34
   0       14     1963     9588     14676372980     14676382569        16611862       7591       2000      10000         33
   0       14     1963     9593     14676382976     14676392569        16621857       7595       2000      10000         33
   0       14     1963     9593     14676392977     14676402570        16631859       7594       2000      10000         34
   0       14     1963     9590     14676402980     14676412570        16641861       7591       2000      10000         34
   0       14     1963     9591     14676412979     14676422570        16651861       7592       2000      10000         34
   0       14     1963     9595     14676422975     14676432570        16661857       7596       2000      10000         34
   0       14     1963     9592     14676432977     14676442570        16671859       7594       2000      10000         34
   0       14     1963     9589     14676442979     14676452568        16681860       7592       2000      10000         32
   0       14     1963     9587     14676452983     14676462570        16691864       7588       2000      10000         34
   0       14     1963     9590     14676462980     14676472569        16701861       7592       2000      10000         34
   0       14     1963     9580     14676472990     14676482570        16711872       7581       2000      10000         35
   0       14     1963     9588     14676482982     14676492570        16721864       7589       2000      10000         34
   0       14     1963     9586     14676492984     14676502570        16731866       7587       2000      10000         34
   0       14     1963     9593     14676502976     14676512570        16741858       7595       2000      10000         34
   0       14     1963     9591     14676512979     14676522570        16751860       7592       2000      10000         34
   0       14     1963     9591     14676522977     14676532569        16761859       7594       2000      10000         33
   0       14     1963     9589     14676532982     14676542570        16771863       7589       2000      10000         34
   0       14     1963     9592     14676542977     14676552569        16781859       7594       2000      10000         33
   0       14     1963     9593     14676552978     14676562571        16791860       7593       2000      10000         35
   0       14     1963     9589     14676562980     14676572569        16801862       7591       2000      10000         34
   0       14     1963     9565     14676572978     14676582543        16811860       7593       2000      10000          8
   0       14     1963     9638     14676582905     14676592543        16821787       7666       2000      10000          8
   0       14     1963     9642     14676592902     14676602543        16831783       7669       2000      10000          8
   0       14     1963     9651     14676602919     14676612569        16841800       7652       2000      10000         34
   0       14     1971     9591     14676612978     14676622570        16851860       7585       2000      10000         34
   0       14     1963     9592     14676622977     14676632569        16861858       7594       2000      10000         33
   0       14     1963     9592     14676632978     14676642570        16871859       7594       2000      10000         34
   0       14     1963     9594     14676642976     14676652570        16881857       7595       2000      10000         34
   0       14     1963     9591     14676652979     14676662570        16891861       7592       2000      10000         35
   0       14     1963     9592     14676662977     14676672569        16901859       7594       2000      10000         33
   0       14     1963     9589     14676672980     14676682569        16911862       7591       2000      10000         34
   0       14     1963     9575     14676682996     14676692570        16921877       7575       2000      10000         35
   0       14     1963     9560     14676692983     14676702544        16931865       7588       2000      10000          9
   0       14     1963     9665     14676702904     14676712569        16941786       7667       2000      10000         33
   0       14     1963     9592     14676712977     14676722569        16951859       7594       2000      10000         33
   0       14     1963     9594     14676722976     14676732569        16961857       7595       2000      10000         33
   0       14     1963     9592     14676732978     14676742570        16971859       7593       2000      10000         34
   0       14     1963     9591     14676742979     14676752569        16981860       7592       2000      10000         34
   0       14     1963     9589     14676752980     14676762569        16991862       7591       2000      10000         34
   0       14     1963     9587     14676762982     14676772569        17001863       7589       2000      10000         33
   0       14     1963     9591     14676772979     14676782570        17011861       7592       2000      10000         35
   0       14     1963     9589     14676782980     14676792569        17021861       7591       2000      10000         34
   0       14     1963     9588     14676792981     14676802569        17031863       7590       2000      10000         33
   0       14     1963     9590     14676802980     14676812569        17041861       7592       2000      10000         34
   0       14     1964     9592     14676812979     14676822571        17051860       7592       2000      10000         35
   0       14     1963     9578     14676822992     14676832570        17061873       7580       2000      10000         34
   0       14     1963     9587     14676832982     14676842569        17071864       7589       2000      10000         33
   0       14     1963     9593     14676842977     14676852570        17081858       7594       2000      10000         34
   0       14     1963     9591     14676852979     14676862570        17091861       7592       2000      10000         35
   0       14     1963     9590     14676862979     14676872569        17101861       7592       2000      10000         34
   0       14     1971     9591     14676872977     14676882568        17111859       7586       2000      10000         33
   0       14     1963     9586     14676882983     14676892569        17121865       7588       2000      10000         33
   0       14     1963     9591     14676892977     14676902568        17131859       7594       2000      10000         32
   0       14     1963     9576     14676902990     14676912566        17141872       7581       2000      10000         31
   0       14     1963     9589     14676912982     14676922571        17151864       7589       2000      10000         35
   0       14     1963     9589     14676922980     14676932569        17161862       7591       2000      10000         33
   0       14     1963     9570     14676932998     14676942569        17171880       7573       2000      10000         33
   0       14     1963     9588     14676942981     14676952569        17181863       7590       2000      10000         34
   0       14     1963     9590     14676952980     14676962570        17191862       7591       2000      10000         34
   0       14     1963     9587     14676962983     14676972570        17201865       7588       2000      10000         35
   0       14     1963     9589     14676972980     14676982569        17211862       7591       2000      10000         34
   0       14     1963     9591     14676982978     14676992569        17221860       7593       2000      10000         33
   0       14     1963     9587     14676992982     14677002569        17231863       7589       2000      10000         33
   0       14     1963     9589     14677002980     14677012569        17241861       7591       2000      10000         33
   0       14     1963     9590     14677012980     14677022570        17251862       7591       2000      10000         34
   0       14     1963     9592     14677022979     14677032571        17261860       7592       2000      10000         35
   0       14     1963     9587     14677032982     14677042569        17271863       7589       2000      10000         33
   0       14     1963     9588     14677042981     14677052569        17281863       7590       2000      10000         33
   0       14     1979     9593     14677052976     14677062569        17291858       7579       2000      10000         34
   0       14     1963     9592     14677062977     14677072569        17301859       7594       2000      10000         33
   0       14     1963     9589     14677072980     14677082569        17311862       7591       2000      10000         33
   0       14     1963     9583     14677082986     14677092569        17321868       7585       2000      10000         33
   0       14     1963     9590     14677092979     14677102570        17331861       7592       2000      10000         34
   0       14     1963     9591     14677102979     14677112570        17341861       7592       2000      10000         34
   0       14     1963     9579     14677112990     14677122569        17351872       7581       2000      10000         33
   0       14     1963     9584     14677122985     14677132569        17361867       7586       2000      10000         33
   0       14     1963     9591     14677132979     14677142570        17371860       7592       2000      10000         34
   0       14     1963     9566     14677142978     14677152544        17381860       7593       2000      10000          9
   0       14     1963     9666     14677152905     14677162570        17391786       7666       2000      10000         35
   0       14     1963     9594     14677162976     14677172569        17401857       7595       2000      10000         33
   0       14     1963     9594     14677172975     14677182569        17411856       7596       2000      10000         33
   0       14     1963     9589     14677182979     14677192568        17421861       7592       2000      10000         33
   0       14     1963     9589     14677192980     14677202569        17431862       7591       2000      10000         33
   0       14     1963     9590     14677202979     14677212569        17441861       7592       2000      10000         33
   0       14     1963     9593     14677212977     14677222570        17451858       7594       2000      10000         34
   0       14     1963     9591     14677222978     14677232569        17461859       7593       2000      10000         33
   0       14     1963     9586     14677232984     14677242569        17471865       7588       2000      10000         33
   0       14     1963     9589     14677242980     14677252569        17481862       7591       2000      10000         34
   0       14     1963     9587     14677252982     14677262569        17491863       7589       2000      10000         33
   0       14     1963     9568     14677263001     14677272570        17501883       7570       2000      10000         34
   0       14     1971     9590     14677272980     14677282569        17511861       7583       2000      10000         33
   0       14     1963     9589     14677282981     14677292570        17521862       7590       2000      10000         34
   0       14     1963     9594     14677292976     14677302569        17531857       7595       2000      10000         34
   0       14     1963     9590     14677302981     14677312570        17541862       7590       2000      10000         34
   0       14     1963     9592     14677312978     14677322570        17551860       7593       2000      10000         34
   0       14     1963     9590     14677322979     14677332569        17561861       7592       2000      10000         33
   0       14     1963     9585     14677332984     14677342569        17571866       7587       2000      10000         34
   0       14     1963     9590     14677342980     14677352570        17581862       7591       2000      10000         34
   0       14     1963     9591     14677352977     14677362569        17591859       7594       2000      10000         33
   0       14     1987     9581     14677362988     14677372569        17601870       7559       2000      10000         33
   0       14     1963     9593     14677372976     14677382569        17611857       7595       2000      10000         34
   0       14     1963     9591     14677382977     14677392569        17621859       7594       2000      10000         33
   0       14     1963     9585     14677392984     14677402569        17631866       7587       2000      10000         33
   0       14     1963     9592     14677402978     14677412569        17641859       7593       2000      10000         34
   0       14     1987     9597     14677412972     14677422569        17651854       7575       2000      10000         34
   0       14     1987     9589     14677422980     14677432568        17661861       7567       2000      10000         33
   0       14     1963     9593     14677432976     14677442569        17671857       7595       2000      10000         33
   0       14     1963     9585     14677442983     14677452568        17681865       7588       2000      10000         33
   0       14     1963     9592     14677452978     14677462570        17691859       7593       2000      10000         34
   0       14     1963     9591     14677462979     14677472570        17701860       7592       2000      10000         34
   0       14     1963     9587     14677472983     14677482570        17711865       7588       2000      10000         34
   0       14     1963     9590     14677482979     14677492568        17721860       7592       2000      10000         32
   0       14     1963     9596     14677492973     14677502570        17731855       7598       2000      10000         34
   0       14     1963     9592     14677502978     14677512570        17741859       7593       2000      10000         34
   0       14     1963     9590     14677512979     14677522569        17751860       7592       2000      10000         33
   0       14     1963     9592     14677522976     14677532569        17761858       7595       2000      10000         33
   0       14     1963     9586     14677532983     14677542569        17771865       7588       2000      10000         33
   0       14     1963     9581     14677542987     14677552568        17781869       7584       2000      10000         33
   0       14     1963     9582     14677552986     14677562568        17791867       7585       2000      10000         32
   0       14     1963     9591     14677562978     14677572569        17801859       7593       2000      10000         33
   0       14     1987     9595     14677572974     14677582570        17811856       7572       2000      10000         34
   0       14     1987     9590     14677582978     14677592569        17821860       7569       2000      10000         33
   0       14     1963     9565     14677592978     14677602543        17831860       7593       2000      10000          8
   0       14     1963     9640     14677602903     14677612543        17841784       7668       2000      10000          8
   0       14     1963     9676     14677612903     14677622579        17851785       7668       2000      10000         44
   0       14     1963     9629     14677622940     14677632569        17861821       7631       2000      10000         33
   0       14     1963     9590     14677632979     14677642569        17871861       7592       2000      10000         33
   0       14     1963     9591     14677642978     14677652569        17881860       7593       2000      10000         33
   0       14     1963     9594     14677652976     14677662569        17891857       7595       2000      10000         34
   0       14     1963     9590     14677662979     14677672569        17901861       7591       2000      10000         33
   0       14     1979     9592     14677672977     14677682570        17911859       7578       2000      10000         34
   0       14     1963     9593     14677682976     14677692569        17921858       7595       2000      10000         33
   0       14     1963     9591     14677692979     14677702570        17931860       7592       2000      10000         34
   0       14     1963     9592     14677702977     14677712570        17941859       7593       2000      10000         34
   0       14     1963     9594     14677712976     14677722570        17951857       7596       2000      10000         34
   0       14     1963     9591     14677722978     14677732569        17961860       7593       2000      10000         34
   0       14     1987     9594     14677732975     14677742568        17971856       7572       2000      10000         33
   0       14     1963     9591     14677742978     14677752569        17981860       7593       2000      10000         33
   0       14     1963     9590     14677752979     14677762569        17991860       7592       2000      10000         33
   0       14     1963     9583     14677762986     14677772569        18001868       7585       2000      10000         34
   0       14     1963     9591     14677772978     14677782569        18011860       7593       2000      10000         33
   0       14     1963     9591     14677782978     14677792569        18021860       7593       2000      10000         33
   0       14     1963     9593     14677792977     14677802570        18031859       7594       2000      10000         34
   0       14     1963     9590     14677802980     14677812570        18041861       7591       2000      10000         34
   0       14     1964     9594     14677812978     14677822571        18051859       7593       2000      10000         36
   0       14     1987     9570     14677823000     14677832570        18061881       7547       2000      10000         34
   0       14     1963     9591     14677832978     14677842569        18071860       7593       2000      10000         34
   0       14     1987     9590     14677842979     14677852569        18081861       7568       2000      10000         33
   0       14     1963     9588     14677852981     14677862569        18091862       7590       2000      10000         33
   0       14     1963     9593     14677862978     14677872570        18101859       7593       2000      10000         35
   0       14     1963     9585     14677872984     14677882569        18111865       7587       2000      10000         33
   0       14     1987     9591     14677882978     14677892569        18121859       7569       2000      10000         33
   0       14     1963     9590     14677892979     14677902569        18131861       7592       2000      10000         34
   0       14     1963     9583     14677902986     14677912569        18141867       7585       2000      10000         33
   0       14     1963     9590     14677912980     14677922570        18151861       7591       2000      10000         34
   0       14     1963     9569     14677923001     14677932569        18161882       7570       2000      10000         33
   0       14     1963     9589     14677932981     14677942570        18171862       7591       2000      10000         34
   0       14     1963     9587     14677942982     14677952569        18181863       7589       2000      10000         33
   0       14     1971     9588     14677952981     14677962569        18191863       7582       2000      10000         33
   0       14     1963     9586     14677962984     14677972569        18201865       7587       2000      10000         34
   0       14     1963     9580     14677972990     14677982570        18211872       7581       2000      10000         34
   0       14     1963     9585     14677982984     14677992570        18221866       7587       2000      10000         34
   0       14     1963     9583     14677992987     14678002570        18231869       7584       2000      10000         34
   0       14     1963     9591     14678002978     14678012569        18241860       7593       2000      10000         33
   0       14     1963     9590     14678012979     14678022569        18251861       7592       2000      10000         33
   0       14     1963     9591     14678022977     14678032569        18261859       7594       2000      10000         33
   0       14     1963     9593     14678032977     14678042570        18271858       7594       2000      10000         34
   0       14     1963     9594     14678042975     14678052569        18281857       7596       2000      10000         33
   0       14     1963     9597     14678052972     14678062570        18291854       7599       2000      10000         34
   0       14     1963     9589     14678062979     14678072569        18301861       7592       2000      10000         33
   0       14     1971     9595     14678072974     14678082569        18311856       7589       2000      10000         33
   0       14     1963     9590     14678082980     14678092570        18321862       7591       2000      10000         34
   0       14     1963     9582     14678092987     14678102569        18331869       7584       2000      10000         34
   0       14     1963     9590     14678102978     14678112569        18341860       7593       2000      10000         33
   0       14     1987     9588     14678112981     14678122569        18351862       7566       2000      10000         33
   0       14     1963     9597     14678122972     14678132569        18361854       7599       2000      10000         33
   0       14     1963     9591     14678132978     14678142569        18371860       7593       2000      10000         33
   0       14     1963     9591     14678142979     14678152570        18381861       7592       2000      10000         34
   0       14     1963     9589     14678152981     14678162570        18391863       7590       2000      10000         34
   0       14     1963     9589     14678162980     14678172569        18401861       7591       2000      10000         33
   0       14     1963     9590     14678172980     14678182570        18411861       7591       2000      10000         34
   0       14     1963     9581     14678182989     14678192570        18421871       7582       2000      10000         34
   0       14     1963     9587     14678192982     14678202570        18431864       7589       2000      10000         34
   0       14     1963     9588     14678202981     14678212569        18441863       7590       2000      10000         33
   0       14     1963     9590     14678212980     14678222570        18451861       7591       2000      10000         34
   0       14     1963     9594     14678222975     14678232569        18461857       7596       2000      10000         33
   0       14     1987     9585     14678232984     14678242569        18471866       7563       2000      10000         33
   0       14     1963     9590     14678242979     14678252569        18481861       7592       2000      10000         34
   0       14     1963     9574     14678252996     14678262569        18491877       7575       2000      10000         33
   0       14     1963     9589     14678262981     14678272570        18501863       7590       2000      10000         34
   0       14     1963     9589     14678272981     14678282570        18511862       7591       2000      10000         34
   0       14     1963     9589     14678282979     14678292569        18521861       7592       2000      10000         33
   0       14     1963     9590     14678292979     14678302569        18531861       7592       2000      10000         33
   0       14     1963     9592     14678302977     14678312569        18541859       7594       2000      10000         33
   0       14     1963     9592     14678312977     14678322569        18551859       7594       2000      10000         33
   0       14     1963     9592     14678322978     14678332570        18561859       7593       2000      10000         34
   0       14     1963     9589     14678332980     14678342569        18571862       7591       2000      10000         34
   0       14     1963     9590     14678342979     14678352569        18581861       7592       2000      10000         34
   0       14     1979     9585     14678352985     14678362570        18591867       7570       2000      10000         34
   0       14     1963     9588     14678362981     14678372570        18601863       7590       2000      10000         34
   0       14     1963     9588     14678372982     14678382569        18611863       7589       2000      10000         34
   0       14     1963     9586     14678382983     14678392569        18621865       7588       2000      10000         33
   0       14     1963     9589     14678392980     14678402569        18631861       7591       2000      10000         33
   0       14     1963     9579     14678402990     14678412569        18641872       7581       2000      10000         34
   0       14     1963     9591     14678412979     14678422569        18651860       7592       2000      10000         34
   0       14     1963     9590     14678422980     14678432569        18661861       7591       2000      10000         33
   0       14     1963     9587     14678432981     14678442569        18671863       7590       2000      10000         33
   0       14     1963     9588     14678442981     14678452569        18681863       7590       2000      10000         33
   0       14     1963     9590     14678452979     14678462570        18691861       7592       2000      10000         34
   0       14     1963     9591     14678462978     14678472569        18701860       7593       2000      10000         34
   0       14     1963     9590     14678472979     14678482569        18711860       7592       2000      10000         33
   0       14     1963     9594     14678482975     14678492570        18721857       7596       2000      10000         34
   0       14     1963     9591     14678492978     14678502569        18731860       7593       2000      10000         33
   0       14     1963     9591     14678502978     14678512569        18741859       7593       2000      10000         33
   0       14     1963     9585     14678512984     14678522569        18751865       7587       2000      10000         33
   0       14     1963     9590     14678522980     14678532569        18761861       7591       2000      10000         34
   0       14     1963     9593     14678532975     14678542568        18771857       7596       2000      10000         32
   0       14     1963     9590     14678542978     14678552569        18781860       7593       2000      10000         33
   0       14     1963     9592     14678552977     14678562569        18791859       7594       2000      10000         33
   0       14     1963     9588     14678562980     14678572568        18801862       7591       2000      10000         33
   0       14     1963     9592     14678572979     14678582571        18811861       7592       2000      10000         35
   0       14     1963     9570     14678582998     14678592569        18821880       7573       2000      10000         33
   0       14     1963     9589     14678592981     14678602570        18831863       7590       2000      10000         34
   0       14     1963     9570     14678602972     14678612543        18841854       7599       2000      10000          8
   0       14     1963     9631     14678612912     14678622543        18851794       7659       2000      10000          8
   0       14     1963     9660     14678622906     14678632566        18861787       7665       2000      10000         30
   0       14     1987     9617     14678632952     14678642569        18871834       7595       2000      10000         33
   0       14     1963     9587     14678642982     14678652569        18881864       7589       2000      10000         33
   0       14     1963     9591     14678652979     14678662570        18891860       7592       2000      10000         34
   0       14     1987     9587     14678662981     14678672569        18901863       7566       2000      10000         33
   0       14     1963     9587     14678672982     14678682569        18911864       7589       2000      10000         33
   0       14     1963     9588     14678682981     14678692569        18921862       7590       2000      10000         33
   0       14     1963     9590     14678692980     14678702569        18931861       7591       2000      10000         34
   0       14     1963     9588     14678702982     14678712570        18941863       7589       2000      10000         34
   0       14     1963     9588     14678712981     14678722569        18951863       7590       2000      10000         33
   0       14     1963     9584     14678722986     14678732570        18961867       7585       2000      10000         34
   0       14     1963     9588     14678732981     14678742569        18971863       7590       2000      10000         33
   0       14     1963     9591     14678742978     14678752569        18981859       7593       2000      10000         33
   0       14     1963     9591     14678752978     14678762569        18991860       7593       2000      10000         33
   0       14     1963     9589     14678762979     14678772569        19001861       7592       2000      10000         33
   0       14     1963     9591     14678772978     14678782569        19011859       7593       2000      10000         33
   0       14     1963     9593     14678782976     14678792569        19021858       7595       2000      10000         34
   0       14     1963     9590     14678792979     14678802569        19031861       7592       2000      10000         34
   0       14     1963     9591     14678802978     14678812569        19041860       7593       2000      10000         33
   0       14     1964     9591     14678812980     14678822571        19051862       7590       2000      10000         36
   0       14     1963     9574     14678822996     14678832569        19061877       7576       2000      10000         33
   0       14     1963     9581     14678832989     14678842569        19071870       7582       2000      10000         34
   0       14     1963     9586     14678842983     14678852569        19081865       7588       2000      10000         33
   0       14     1963     9589     14678852981     14678862569        19091862       7590       2000      10000         34
   0       14     1963     9589     14678862980     14678872569        19101861       7591       2000      10000         33
   0       14     1963     9590     14678872979     14678882569        19111861       7592       2000      10000         33
   0       14     1963     9591     14678882979     14678892569        19121860       7592       2000      10000         34
   0       14     1987     9588     14678892982     14678902570        19131864       7565       2000      10000         35
   0       14     1963     9590     14678902979     14678912569        19141860       7592       2000      10000         34
   0       14     1963     9576     14678912993     14678922569        19151874       7578       2000      10000         33
   0       14     1963     9591     14678922978     14678932569        19161859       7593       2000      10000         33
   0       14     1963     9593     14678932976     14678942568        19171857       7595       2000      10000         33
   0       14     1963     9569     14678942976     14678952546        19181858       7595       2000      10000         10
   0       14     1963     9623     14678952922     14678962545        19191804       7649       2000      10000         10
   0       14     1963     9661     14678962912     14678972573        19201794       7659       2000      10000         37
   0       14     1979     9579     14678972990     14678982569        19211872       7565       2000      10000         34
   0       14     1963     9592     14678982977     14678992569        19221859       7594       2000      10000         34
   0       14     1963     9592     14678992977     14679002569        19231859       7594       2000      10000         33
   0       14     1963     9590     14679002980     14679012570        19241861       7591       2000      10000         34
   0       14     1963     9592     14679012978     14679022570        19251860       7593       2000      10000         34
   0       14     1963     9590     14679022979     14679032569        19261860       7592       2000      10000         33
   0       14     1963     9594     14679032975     14679042569        19271857       7596       2000      10000         33
   0       14     1963     9581     14679042988     14679052569        19281870       7583       2000      10000         34
   0       14     1963     9589     14679052980     14679062569        19291862       7591       2000      10000         33
   0       14     1963     9591     14679062978     14679072570        19301860       7593       2000      10000         34
   0       14     1963     9592     14679072980     14679082572        19311862       7591       2000      10000         36
   0       14     1963     9590     14679082979     14679092570        19321861       7592       2000      10000         34
   0       14     1963     9592     14679092978     14679102569        19331859       7593       2000      10000         33
   0       14     1963     9592     14679102978     14679112570        19341860       7593       2000      10000         34
   0       14     1963     9590     14679112979     14679122569        19351860       7592       2000      10000         33
   0       14     1979     9591     14679122978     14679132569        19361859       7577       2000      10000         33
   0       14     1963     9588     14679132982     14679142570        19371863       7589       2000      10000         34
   0       14     1963     9590     14679142980     14679152570        19381862       7591       2000      10000         34
   0       14     1963     9588     14679152982     14679162570        19391863       7589       2000      10000         34
   0       14     1963     9592     14679162978     14679172570        19401860       7593       2000      10000         34
   0       14     1963     9589     14679172980     14679182569        19411861       7591       2000      10000         33
   0       14     1963     9590     14679182979     14679192569        19421861       7592       2000      10000         33
   0       14     1963     9588     14679192981     14679202569        19431863       7590       2000      10000         33
   0       14     1963     9590     14679202980     14679212569        19441861       7591       2000      10000         34
   0       14     1963     9587     14679212982     14679222569        19451864       7589       2000      10000         33
   0       14     1963     9593     14679222977     14679232570        19461858       7595       2000      10000         34
   0       14     1963     9591     14679232978     14679242569        19471859       7593       2000      10000         33
   0       14     1963     9575     14679242996     14679252571        19481878       7575       2000      10000         35
   0       14     1963     9589     14679252981     14679262570        19491862       7590       2000      10000         34
   0       14     1963     9583     14679262987     14679272570        19501869       7584       2000      10000         34
   0       14     1963     9589     14679272981     14679282570        19511862       7590       2000      10000         34
   0       14     1963     9592     14679282978     14679292570        19521860       7593       2000      10000         34
   0       14     1963     9589     14679292981     14679302569        19531862       7590       2000      10000         33
   0       14     1963     9590     14679302980     14679312570        19541862       7591       2000      10000         34
   0       14     1963     9588     14679312983     14679322570        19551864       7588       2000      10000         34
   0       14     1963     9588     14679322981     14679332569        19561862       7590       2000      10000         33
   0       14     1963     9592     14679332977     14679342570        19571859       7594       2000      10000         34
   0       14     1979     9589     14679342980     14679352569        19581861       7575       2000      10000         33
   0       14     1963     9588     14679352981     14679362569        19591862       7590       2000      10000         33
   0       14     1963     9588     14679362981     14679372569        19601863       7590       2000      10000         33
   0       14     1963     9589     14679372981     14679382570        19611863       7590       2000      10000         34
   0       14     1963     9591     14679382979     14679392570        19621860       7592       2000      10000         35
   0       14     1971     9590     14679392979     14679402570        19631861       7584       2000      10000         34
   0       14     1979     9589     14679402979     14679412569        19641861       7576       2000      10000         33
   0       14     1963     9590     14679412980     14679422570        19651861       7591       2000      10000         34
   0       14     1963     9588     14679422981     14679432569        19661863       7590       2000      10000         34
   0       14     1963     9586     14679432983     14679442569        19671864       7588       2000      10000         33
   0       14     1963     9588     14679442982     14679452570        19681863       7589       2000      10000         34
   0       14     1963     9588     14679452981     14679462569        19691863       7590       2000      10000         34
   0       14     1963     9589     14679462980     14679472569        19701861       7591       2000      10000         33
   0       14     1963     9578     14679472992     14679482570        19711873       7579       2000      10000         34
   0       14     1963     9587     14679482983     14679492569        19721864       7588       2000      10000         34
   0       14     1963     9589     14679492981     14679502570        19731862       7590       2000      10000         34
   0       14     1963     9588     14679502982     14679512570        19741864       7589       2000      10000         34
   0       14     1963     9589     14679512981     14679522570        19751863       7590       2000      10000         34
   0       14     1963     9589     14679522980     14679532569        19761862       7591       2000      10000         33
   0       14     1963     9587     14679532981     14679542568        19771863       7590       2000      10000         33
   0       14     1963     9590     14679542978     14679552569        19781860       7593       2000      10000         33
   0       14     1963     9582     14679552986     14679562569        19791868       7585       2000      10000         33
   0       14     1963     9589     14679562980     14679572568        19801861       7591       2000      10000         32
   0       14     1963     9591     14679572998     14679582589        19811880       7573       2000      10000         53
   0       14     1963     9572     14679582996     14679592569        19821878       7575       2000      10000         33
   0       14     1963     9593     14679592977     14679602570        19831859       7594       2000      10000         34
   0       14     1963     9610     14679602977     14679612587        19841859       7594       2000      10000         52
   0       14     1963     9596     14679612948     14679622543        19851829       7623       2000      10000          8
   0       14     1963     9639     14679622904     14679632543        19861785       7667       2000      10000          8
   0       14     1963     9666     14679632904     14679642570        19871786       7667       2000      10000         34
   0       14     1963     9591     14679642979     14679652570        19881860       7592       2000      10000         34
   0       14     1963     9591     14679652978     14679662569        19891860       7593       2000      10000         33
   0       14     1963     9588     14679662981     14679672569        19901863       7590       2000      10000         33
   0       14     1963     9592     14679672976     14679682569        19911858       7595       2000      10000         33
   0       14     1963     9594     14679682975     14679692569        19921857       7596       2000      10000         33
   0       14     1963     9581     14679692987     14679702569        19931869       7584       2000      10000         33
   0       14     1963     9592     14679702977     14679712569        19941859       7594       2000      10000         34
   0       14     1963     9593     14679712977     14679722569        19951858       7594       2000      10000         34
   0       14     1963     9590     14679722979     14679732569        19961860       7593       2000      10000         33
   0       14     1963     9590     14679732979     14679742569        19971860       7592       2000      10000         33
   0       14     1979     9589     14679742982     14679752571        19981863       7573       2000      10000         35
   0       14     1963     9586     14679752983     14679762569        19991864       7588       2000      10000         33
   0       14     1963     9592     14679762977     14679772569        20001859       7594       2000      10000         33
